DATE,CO (mg/m3),O3 (μg/m3),NO (μg/m3),NO2 (μg/m3),NOx (μg/m3),NH3 (μg/m3),SO2 (μg/m3),PM2.5 (μg/m3),PM10 (μg/m3),BEN (μg/m3),TOL (μg/m3),XYL (μg/m3),AT (°C),RH (%),WS (m/s),WD (deg.),SR (W/m2),BP (mmHg),VWS (m/s),RF (mm),T2M,CITY
01-01-2018,0.95,97.3,1.8,24.7,26.4,24.1,15.2,59,109,0.6,2.2,0.8,26,58,2.8,120,175,753,0,0,22.74,Rajamahendravaram
02-01-2018,0.7,91.2,2.3,30.5,32.8,21.3,29.6,57,108,0.6,2.2,0.8,25.7,63,2.3,117,177,753,0.1,0,23.23,Rajamahendravaram
03-01-2018,0.58,86.2,2.1,31.2,33.3,23.2,12.1,64,121,0.6,2.7,1.2,25.5,63,2,165,179,753,0,0,23.45,Rajamahendravaram
04-01-2018,0.75,78.2,3.7,39,42.7,24.6,10.9,76,146,0.7,3.2,1.7,25.2,63,2,193,181,756,0,0,22.83,Rajamahendravaram
05-01-2018,0.63,90.7,2.2,33.4,35.6,24.4,10.9,77,136,0.8,3.2,1.6,25.3,60,1.9,177,181,755,0,0,22.59,Rajamahendravaram
06-01-2018,0.84,88.4,2.2,31,33.1,30.2,7.7,80,133,0.7,2.5,1.1,25.4,66,2,203,182,755,0,0,22.24,Rajamahendravaram
07-01-2018,1.22,96.5,2.1,30.4,32.5,34,9,95,154,1.1,2.7,1.1,25.9,68,1.7,168,180,756,0,0,22.23,Rajamahendravaram
08-01-2018,1.12,108.8,1.8,28.5,30.3,28.1,14.6,86,143,0.7,2.2,0.8,26.2,69,2.2,74,179,757,0,0,21.99,Rajamahendravaram
09-01-2018,1.08,115.4,1.6,28.1,29.7,21.8,14.6,71,130,0.7,2.1,0.8,26.8,63,2.4,68,180,759,0,0,21.9,Rajamahendravaram
10-01-2018,1.29,112.6,2.3,30,32.3,26.9,9.3,84,149,0.8,2.4,1,27.6,67,2.1,81,178,759,0,0,23.62,Rajamahendravaram
11-01-2018,1.45,107.2,2.2,32.9,35.2,36.9,8.1,97,168,0.9,2.9,1.3,28.7,71,1.7,179,177,758,0,0,24.59,Rajamahendravaram
12-01-2018,1.65,80.3,2.6,33.2,35.9,49.1,1.6,111,172,1,3.2,1.4,29.5,81,1.7,169,178,757,0,0,24.92,Rajamahendravaram
13-01-2018,1.68,56.9,2.9,38.4,41.3,57.3,6.4,109,172,1.2,3.3,1.6,30.7,81,1.8,201,171,757,0,0,25.19,Rajamahendravaram
14-01-2018,2.13,58.2,3.2,40.7,44,56.2,16.5,159,217,1.2,3.4,1.4,32.1,78,1.7,150,173,757,0,0,25,Rajamahendravaram
15-01-2018,1.43,46.6,2.3,29.9,32.2,56,15.2,115,165,0.8,2.7,1.1,32.6,76,1.8,149,181,757,0,0,25.06,Rajamahendravaram
16-01-2018,1.1,69.9,2.1,24.7,26.8,37.3,12.2,81,122,0.5,1.6,0.6,33.9,75,1.9,195,182,756,0,0,24.97,Rajamahendravaram
17-01-2018,1.03,77.1,1.9,27.3,29.2,28.1,14.2,69,113,0.5,1.8,0.8,31.7,70,1.9,211,187,756,0,0,23.93,Rajamahendravaram
18-01-2018,1.07,74,2.2,30.6,32.8,26.7,13.6,68,117,0.5,2.1,1,28.8,70,1.9,200,189,757,0,0,23.89,Rajamahendravaram
19-01-2018,1.08,71.4,2.2,33.2,35.4,30.7,15.2,78,128,0.6,2.5,1.1,27.8,72,1.8,189,189,757,0,0.1,23.39,Rajamahendravaram
20-01-2018,1.06,79.2,2,30.3,32.3,32.2,18.7,81,133,0.5,2.1,1,26.2,73,1.9,204,188,757,0,0,23.46,Rajamahendravaram
21-01-2018,0.97,94.9,1.9,27.7,29.6,29.6,19.4,84,137,0.5,1.7,0.6,26.1,71,2.2,193,189,756,0,0,23.41,Rajamahendravaram
22-01-2018,1.1,90.5,2,30.5,32.5,32,17.9,86,143,0.5,2,0.8,26,73,2.1,242,190,757,0,0,22.85,Rajamahendravaram
23-01-2018,1.04,82.5,2.2,27.9,30.1,28.3,12.8,74,125,0.5,1.9,0.8,26.5,71,1.8,206,187,755,0,0,23.42,Rajamahendravaram
24-01-2018,1.04,78.7,2.1,29.2,31.3,36,12.6,79,131,0.6,2,0.9,26.7,74,1.8,189,188,754,0,0,24.6,Rajamahendravaram
25-01-2018,1.29,64.1,2.9,34.8,37.7,51.3,12.2,93,155,0.7,2.3,1.1,27.3,73,1.6,255,188,753,0,0,24.95,Rajamahendravaram
26-01-2018,1.13,63.8,2.4,29.5,32,42,11.2,81,136,0.6,2,0.8,27.2,77,2.1,201,186,754,0,0,24.38,Rajamahendravaram
27-01-2018,0.99,69.3,2.2,26.6,28.8,30,10.1,77,128,0.5,1.7,0.7,27.4,75,2.2,204,187,755,0,0,24.68,Rajamahendravaram
28-01-2018,0.96,80.3,2,26.6,28.6,25.7,11.9,76,143,0.5,1.7,0.6,27.5,71,2,89,186,756,0,0,24.04,Rajamahendravaram
29-01-2018,1,80.1,2,27.5,29.5,24.4,11.2,75,131,0.5,1.7,0.7,27.2,71,2,126,185,757,0,0,24.3,Rajamahendravaram
30-01-2018,1.08,81,1.9,28,29.9,25.3,13.7,75,128,0.6,1.7,0.7,25.7,71,2,186,190,757,0,0,24.3,Rajamahendravaram
31-01-2018,1.1,70.6,2.3,31.2,33.6,30.8,13.4,72,118,0.6,2,0.8,26.4,71,1.9,199,191,757,0,0,25.02,Rajamahendravaram
01-02-2018,1.12,59,2.6,39.2,41.8,34,15.9,58,122,0.7,2.5,1.1,26.7,58,2.2,234,191,756,0,,25.17,Rajamahendravaram
02-02-2018,0.97,64.7,3.1,37.5,40.5,28.8,15.1,52,119,0.6,2.1,0.9,26.3,52,2.2,240,192,756,0,,25.09,Rajamahendravaram
03-02-2018,1,68,2.8,38.1,40.9,25.5,17.3,56,127,0.6,2.2,1.1,25.6,53,2.1,187,193,757,0,,24.32,Rajamahendravaram
04-02-2018,0.87,64.4,2.8,32.5,35.4,24.4,12.4,53,114,0.5,1.9,0.8,24.1,58,2.3,188,194,757,0,,24.55,Rajamahendravaram
05-02-2018,0.96,56.5,3.2,34.5,37.7,26.5,9.8,50,105,0.5,2,0.7,23.9,63,2.5,198,193,759,0,,24.63,Rajamahendravaram
06-02-2018,1.01,51.4,2.9,29.5,32.4,30.2,8.8,41,89,0.4,1.7,0.7,23.6,69,2.2,186,191,758,0,,24.8,Rajamahendravaram
07-02-2018,1.12,44.9,5.6,35,40.7,32.8,10.3,48,100,0.4,1.8,0.7,24.1,76,1.5,231,190,757,0,,25.72,Rajamahendravaram
08-02-2018,1.31,45.9,5.3,34,39.3,40.8,14.8,65,131,0.7,2.2,0.9,25.5,74,1.7,186,182,755,0,,26.62,Rajamahendravaram
09-02-2018,0.94,37,4.3,25.3,29.6,31.3,9.5,36,68,0.4,1.7,0.6,26,74,1.8,162,189,755,0,,26.82,Rajamahendravaram
10-02-2018,0.93,36.8,3.4,25.5,28.9,27.7,10.2,43,88,0.4,1.8,0.6,25.9,75,1.9,150,184,757,0,,26.6,Rajamahendravaram
11-02-2018,0.99,43.1,2.6,24,26.6,31.9,8.5,73,123,0.3,1.3,0.5,25.2,79,2.7,117,184,758,0,,25.41,Rajamahendravaram
12-02-2018,0.98,54,2.6,22.5,25.1,24,10.1,62,110,0.3,1.7,0.6,25.4,76,3.1,82,191,760,0,,25.64,Rajamahendravaram
13-02-2018,1.01,84,2.1,25.8,27.9,20.2,16.6,57,106,0.4,1.5,0.6,25.3,68,3.1,72,192,761,0,,24.67,Rajamahendravaram
14-02-2018,1.19,85.8,2.2,30.6,32.8,21.1,15.6,61,124,0.5,1.8,0.8,24.7,61,2.5,96,193,761,0,,24.95,Rajamahendravaram
15-02-2018,1.18,81.2,2.5,29.9,32.4,24.2,17.8,53,107,0.5,1.6,0.6,24.9,63,2.2,192,191,761,0,,26.28,Rajamahendravaram
16-02-2018,1.14,68.4,2.4,27.4,29.8,27.1,12.5,53,99,0.4,1.4,0.5,25.2,69,2.1,210,195,759,0,,26.41,Rajamahendravaram
17-02-2018,1,61.2,2.6,24.1,26.7,28,10.7,44,88,0.4,1.4,0.5,25.8,75,2.2,216,192,756,0,,26.53,Rajamahendravaram
18-02-2018,1.09,66.2,1.9,23.3,25.2,25.6,13.1,54,95,0.4,1.3,0.5,25.6,74,2.1,143,193,755,0,,26.55,Rajamahendravaram
19-02-2018,1.06,68.1,1.9,24,25.9,23.1,14.6,55,95,0.4,1.6,0.6,25.9,70,2.2,107,193,756,0,,26.17,Rajamahendravaram
20-02-2018,1.05,55.5,2.4,28.4,30.8,23.2,14.8,56,115,0.5,1.5,0.6,25.5,69,2.1,135,193,756,0,,26.75,Rajamahendravaram
21-02-2018,1.07,57.1,3.7,30.2,33.9,24,15.1,54,124,0.5,1.7,0.8,25.6,64,2.1,195,193,754,0,,26.75,Rajamahendravaram
22-02-2018,0.99,59.2,4.5,31.2,35.7,25.4,16,56,118,0.5,1.7,0.7,25.7,62,2.1,197,194,754,0,,27.25,Rajamahendravaram
23-02-2018,1.13,69.1,2.3,30.9,33.2,25,16.4,50,132,0.5,1.8,0.8,25.9,60,2.4,160,193,755,0,,27.07,Rajamahendravaram
24-02-2018,1.05,52.9,4.5,34.5,39,24,11.6,53,116,0.5,1.9,0.8,25.5,63,2.3,150,196,757,0,,26.21,Rajamahendravaram
25-02-2018,1.36,56.7,8.1,42,50.1,25.4,15,73,137,0.7,2.1,1,25.2,51,2,215,196,757,0,,26.72,Rajamahendravaram
26-02-2018,1.7,47.3,13.4,46.7,60.2,35.7,11,76,148,0.8,3.1,1.7,25.9,51,1.8,255,196,755,0,,27.67,Rajamahendravaram
27-02-2018,1.46,48.6,6.5,42.3,48.7,39.5,12.2,74,143,0.7,2.3,1,26,52,1.9,240,197,755,0,,28.42,Rajamahendravaram
28-02-2018,1.19,55.8,4.1,32.9,37,36.3,11.4,62,130,0.5,1.7,0.7,25.6,63,2.1,237,194,754,0,,28.57,Rajamahendravaram
01-03-2018,1.07,46.8,3.3,32,35.3,28,9.3,44,97,0.5,1.9,0.9,25.7,64,2.2,188,195,754,0,0,28.96,Rajamahendravaram
02-03-2018,1.17,54.3,5.6,30.9,36.5,31,10.8,57,110,0.5,1.6,0.7,25.7,62,2.2,224,195,753,0,0,29.13,Rajamahendravaram
03-03-2018,1.2,38.2,5.1,32.7,37.8,27.7,11,49,105,0.5,1.6,0.7,24.7,63,1.9,268,151,753,0,0,28.86,Rajamahendravaram
04-03-2018,1.12,48.4,7,31.1,38.2,33.3,12.8,48,95,0.4,1.4,0.4,25.9,56,2.1,228,252,753,0,0,28.57,Rajamahendravaram
05-03-2018,,45.5,8.8,31.6,40.5,21.9,9.4,28,73,0.1,0.6,0.2,28.5,53,2.3,243,181,754,0,0,28.79,Rajamahendravaram
06-03-2018,,49.8,7.9,28,35.9,33.3,12.8,60,110,0.1,0.3,0.1,25.3,66,2.2,257,196,754,0,0,28.7,Rajamahendravaram
07-03-2018,,56.2,2.5,20.3,22.8,28.2,5,48,93,0.1,0.2,0.1,25.6,72,2.2,251,195,754,0,0,29.02,Rajamahendravaram
08-03-2018,,73.4,4.5,25.7,30.2,27.1,12.8,61,124,0.1,0.4,0.1,26.8,70,2.4,135,193,755,0.1,0,28.49,Rajamahendravaram
09-03-2018,,64.3,2.3,20.9,23.2,26.7,12.3,50,101,0.1,0.3,0.1,27.4,73,2.2,119,194,755,0,0,28.91,Rajamahendravaram
10-03-2018,,79.6,2.8,25,27.8,21.6,10.9,48,98,0.1,0.3,0.1,27.7,65,2.1,182,194,755,0,0,29.51,Rajamahendravaram
11-03-2018,,79.3,2.2,21.5,23.7,22.7,12.1,42,90,0.1,0.2,0.1,27.8,66,2.4,113,190,755,0.1,0,28.77,Rajamahendravaram
12-03-2018,,55.8,5.1,23.8,28.8,24.4,12.1,40,85,0.1,0.2,0.1,27.1,73,2,229,194,756,0,0,28.95,Rajamahendravaram
13-03-2018,,55.6,2.9,21.7,24.6,23.7,11.8,33,72,0.1,0.2,0.1,27.2,67,2.2,249,197,756,0,0,29.84,Rajamahendravaram
14-03-2018,0.37,46.3,3.1,23.7,26.8,25.2,11.6,36,71,0.1,0.3,0.1,27.6,69,1.9,230,197,754,0,0,29.7,Rajamahendravaram
15-03-2018,0.49,38.9,3.2,16,19.2,24.6,9.4,23,48,0.2,1.2,0.4,27.9,75,2.2,229,197,754,0,0,29.75,Rajamahendravaram
16-03-2018,0.56,39.2,2.4,17.3,19.7,19.6,8.6,26,59,0.6,1.3,0.5,27.6,75,1.6,176,186,753,0,0,29.29,Rajamahendravaram
17-03-2018,1.23,40.8,3.2,31.3,34.5,25,15.1,56,108,0.5,2.4,1.3,26.2,79,1.6,98,174,754,0,0.3,28.71,Rajamahendravaram
18-03-2018,0.79,69.5,2.2,22.3,24.5,27.5,11.3,48,81,0.3,1.3,0.5,27.5,63,1.9,210,199,755,0,0,29.49,Rajamahendravaram
19-03-2018,,61.8,4,22.9,26.9,25.8,11.8,47,87,0.4,1.5,0.6,27.8,66,2,222,197,755,0,0,30.12,Rajamahendravaram
20-03-2018,0.83,52.6,2.6,21,23.6,24.3,10.2,42,76,0.3,1.2,0.5,27.7,72,1.9,166,193,754,0,0,30.46,Rajamahendravaram
21-03-2018,0.6,41.6,3.9,18,21.9,23.4,9.1,36,70,0.2,0.9,0.3,28.1,76,2.2,237,195,753,0,0,30.89,Rajamahendravaram
22-03-2018,0.47,52.7,2.5,15.7,18.2,20.8,11,33,64,0.2,0.9,0.2,28.3,77,2.4,244,195,750,0,0,31.07,Rajamahendravaram
23-03-2018,0.67,73.6,2.1,16.7,18.9,20.1,17.3,43,80,0.2,0.9,0.2,29.1,75,2.4,231,192,751,0,0,31.74,Rajamahendravaram
24-03-2018,0.71,60.8,2.2,15.4,17.7,18.7,9.6,39,73,0.1,0.8,0.3,28.7,77,2.1,187,189,753,0,0,30.52,Rajamahendravaram
25-03-2018,0.62,61.8,1.8,12.1,13.9,17.7,9.4,33,74,0.2,0.8,0.3,28.7,73,2.3,177,193,756,0,0,30.29,Rajamahendravaram
26-03-2018,0.66,44.4,2.2,15.2,17.3,17.7,8.8,37,76,0.2,0.8,0.3,27.9,76,2.5,234,195,755,0,0,30.61,Rajamahendravaram
27-03-2018,0.55,58.4,2.5,15.7,18.2,17.6,8,26,55,0.2,0.7,0.3,27.5,75,2.3,233,193,754,0,0,31.11,Rajamahendravaram
28-03-2018,0.53,33.6,3.6,16.9,20.5,17.3,7.2,19,49,0.2,1.1,0.4,27.7,77,2.3,219,194,753,0,0,30.68,Rajamahendravaram
29-03-2018,0.55,45.4,2.2,15.2,17.4,17,9.7,21,47,0.2,1.1,0.4,28.3,76,2.3,198,193,752,0,0,30.67,Rajamahendravaram
30-03-2018,0.56,49.7,2.2,13.6,15.9,14.8,7.3,15,41,0.1,0.8,0.3,29.4,75,2.4,198,196,752,0,0,30.68,Rajamahendravaram
31-03-2018,0.61,53.2,2.3,16.5,18.7,14.8,9.1,23,55,0.2,1,0.4,31.3,75,2.5,157,200,752,0,0,28.91,Rajamahendravaram
02-04-2018,0.76,60.2,2,16,18,41.9,8.2,17,49,0.2,1.3,0.5,32.5,63,3.2,204,,752,0,,29.51,Rajamahendravaram
03-04-2018,0.74,40.7,2.2,15.3,17.6,22.2,7.8,19,50,0.2,1.2,0.5,31.9,70,2.8,156,,751,0,,30.1,Rajamahendravaram
04-04-2018,0.65,47.8,2.3,16.1,18.4,18.1,11.9,20,49,0.2,0.9,0.2,31.2,73,2.4,198,,751,0.8,,30.26,Rajamahendravaram
05-04-2018,0.55,55.7,2.2,17.1,19.3,17.2,9,19,48,0.1,0.7,0.1,30.8,73,2.3,203,,750,2,,30.04,Rajamahendravaram
06-04-2018,0.76,39.3,2.4,16.9,19.3,21.5,9.2,28,71,0.1,0.9,0.1,32.3,71,2.1,198,,751,0,,30.35,Rajamahendravaram
07-04-2018,0.66,41.4,2.9,16,18.9,18.4,8.5,22,52,0.1,0.8,0.1,32,72,2.3,199,,753,0.8,,29.89,Rajamahendravaram
08-04-2018,0.69,67.8,2.2,20.9,23,17.3,9.4,25,55,0.1,0.9,0.1,31.1,71,2.8,204,,754,4.3,,29.65,Rajamahendravaram
09-04-2018,0.77,58.2,2.3,21.2,23.5,20.7,9.9,29,67,0.2,1.1,0.2,32.3,69,2.3,201,,754,0.8,,29.73,Rajamahendravaram
10-04-2018,0.73,44.7,3,20.1,23.2,18.1,11.4,26,66,0.2,1.2,0.2,32.1,66,2.3,205,,753,0.3,,30.13,Rajamahendravaram
11-04-2018,0.72,35.4,4,18.3,22.2,16.6,8.1,16,47,0.1,0.9,0.1,32.4,67,2.2,206,,753,0,,31.25,Rajamahendravaram
12-04-2018,0.6,45.6,2.4,15.2,17.6,16.3,8.3,13,41,0.1,0.9,0.1,32.8,66,2,205,,752,0,,31.84,Rajamahendravaram
13-04-2018,0.72,48.8,2.4,16.3,18.7,13.3,7.9,11,37,0.1,0.9,0.1,32.9,66,2.3,205,,752,0,,32.08,Rajamahendravaram
14-04-2018,0.58,30.1,3.2,15.1,18.3,15,8.5,10,34,0.1,0.8,0.1,33.4,64,2,203,,752,0,,32.22,Rajamahendravaram
15-04-2018,0.53,33.3,2.2,12.1,14.3,13.6,6.8,7,25,0.1,0.7,0.1,33.7,66,2.5,202,,752,0,,32.59,Rajamahendravaram
16-04-2018,0.59,41.3,3.2,16.2,19.4,16.2,8.2,11,44,0.1,0.8,0.3,33.5,69,2,201,,752,0,,33,Rajamahendravaram
17-04-2018,0.7,27.8,5.2,19.4,24.5,20.8,9.5,15,39,0.1,1.1,0.4,33.3,69,2.3,205,,753,0,,32.91,Rajamahendravaram
18-04-2018,0.62,34.3,2.7,12.1,14.8,16,8.3,7,28,0.1,0.8,0.2,33.2,70,2.9,204,,752,0,,33.39,Rajamahendravaram
19-04-2018,0.66,40.8,2.4,11.1,13.5,13.9,8.3,8,33,0.1,0.7,0.2,33.2,68,3,203,,750,0,,32.17,Rajamahendravaram
20-04-2018,0.55,46.4,2.1,10.7,12.8,13.7,9.1,9,36,0.1,1,0.2,33.3,70,3,199,,750,0,,31.9,Rajamahendravaram
21-04-2018,0.68,53,2.4,16.4,18.8,13.1,9.4,16,46,0.1,0.9,0.3,33.5,68,2.6,202,,750,0,,31.09,Rajamahendravaram
22-04-2018,0.43,44.6,2.5,10.1,12.6,13.1,7.6,6,30,0.1,0.6,0.1,34.7,66,2.9,245,,751,0,,31.35,Rajamahendravaram
23-04-2018,,61.2,,,,,,14,47,0.1,1.3,0.4,35.9,62,3,182,,750,0,,32.35,Rajamahendravaram
24-04-2018,0.49,54.4,2.8,22.5,25.4,14.9,10.3,18,42,0.2,1.2,0.5,31.1,77,2.7,184,,751,1.8,,30.51,Rajamahendravaram
25-04-2018,0.61,47.7,2.6,18.9,21.5,19.4,8.1,15,41,0.2,1.4,0.4,31.7,68,2.3,205,,750,1.5,,31.22,Rajamahendravaram
26-04-2018,0.56,44.3,2.5,16.1,18.6,19.4,8.1,15,39,0.2,1.3,0.4,32.4,71,2.2,205,,750,0.8,,31.36,Rajamahendravaram
27-04-2018,0.56,43.2,2.2,11.6,13.8,14.6,6.8,9,31,0.1,0.9,0.2,33.6,69,2.2,204,,752,0.3,,31.59,Rajamahendravaram
28-04-2018,0.51,34,2.5,12.2,14.7,12.7,7.1,9,32,0.1,0.9,0.3,33.6,66,2.5,207,,752,0.3,,31.49,Rajamahendravaram
29-04-2018,0.41,33.9,2.3,10.7,13,12.2,7,9,33,0.1,0.7,0.2,33,69,2.4,207,,752,0.3,,31.65,Rajamahendravaram
30-04-2018,0.64,38.1,2.7,13.3,16,11.5,7.6,13,46,0.1,1,0.3,33.6,73,2.7,203,,749,0.3,,31.61,Rajamahendravaram
01-05-2018,0.47,55.6,2,16.2,18.3,13,7.7,16,57,0.1,1,0.3,31.5,74,2.9,124,193,751,0.1,0,30.17,Rajamahendravaram
02-05-2018,0.56,65.3,1.9,14.4,16.3,13.2,8.1,18,46,0.1,1.1,0.3,33.1,67,2.6,148,206,750,0,0,29.74,Rajamahendravaram
03-05-2018,0.5,67.4,2.7,15.9,18.6,12.4,9.6,13,32,0.1,0.7,0.2,30.7,75,3,175,245,753,0,0.3,28.98,Rajamahendravaram
12-05-2018,0.54,44.3,2.1,12.8,14.8,12.7,8.7,11,29,0.1,1,0.2,36.5,59,3.7,192,247,749,0,0,30.63,Rajamahendravaram
13-05-2018,0.25,48.3,2.2,13.5,15.7,13.3,9,13,38,0,0.6,0.1,34.5,68,2.6,192,208,750,0,0.5,30.3,Rajamahendravaram
14-05-2018,0.37,52,2.1,16.6,18.7,13.2,7.9,13,38,0.1,0.8,0.3,32.5,72,2.5,149,197,751,0,0.3,30,Rajamahendravaram
15-05-2018,0.68,62.4,2.4,17.6,20,15.1,10.4,18,48,0.1,0.8,0.4,33.4,62,2.1,218,205,750,0,0,30.43,Rajamahendravaram
16-05-2018,0.44,43,2.5,16.2,18.7,17.2,8.6,18,46,0.1,0.8,0.3,34.3,66,2.3,236,208,749,0,0.3,30.68,Rajamahendravaram
17-05-2018,0.61,33.6,2.3,9.5,11.8,14.7,7.2,9,29,0.1,0.6,0.2,35,68,2.5,202,207,749,0,0,31.11,Rajamahendravaram
18-05-2018,0.28,46.8,2.1,12.4,14.5,15.6,10.6,16,41,0.1,0.8,0.2,34.7,65,2.8,188,207,748,0,0,31.94,Rajamahendravaram
19-05-2018,0.53,51.1,2.1,11.7,13.8,14.4,8.8,17,49,0.2,0.9,0.3,34.8,68,2.4,172,204,748,0,0,30.59,Rajamahendravaram
20-05-2018,0.41,52.4,2.1,11.7,13.9,13.2,10,19,58,0.1,0.7,0.3,34.9,64,2.4,161,206,748,0,0,30.13,Rajamahendravaram
21-05-2018,0.67,47.6,2,11.1,13.1,13.2,9.7,18,55,0.2,0.8,0.3,34.5,68,2.4,149,200,749,0,0,29.88,Rajamahendravaram
22-05-2018,0.63,44.9,2.1,11.3,13.4,13.3,9.4,19,49,0.1,0.8,0.3,34.7,68,2.2,157,206,749,0,0,30.51,Rajamahendravaram
23-05-2018,0.72,52.9,2.2,20.3,22.5,12.8,8.6,21,53,0.2,1.2,0.6,33.5,70,2.1,158,194,748,0,0.3,30.33,Rajamahendravaram
24-05-2018,0.67,39.6,3.4,21.8,25.2,18.1,10.3,33,65,0.2,1.3,0.4,34.5,68,1.7,158,210,747,0,0.3,30.68,Rajamahendravaram
25-05-2018,0.82,36.3,2.7,14.6,17.2,16.4,11.2,21,44,0.2,1.1,0.4,34.6,68,2.2,134,203,747,0,0,30.66,Rajamahendravaram
26-05-2018,0.87,33.8,3,15.8,18.9,14.9,8.7,17,39,0.2,1.1,0.4,34.7,67,2.4,126,208,747,0,0,30.01,Rajamahendravaram
27-05-2018,0.55,44.3,2.3,11.9,14.3,14.6,9.3,16,40,0.1,0.7,0.2,35.2,65,1.9,177,210,747,0,0,31.02,Rajamahendravaram
28-05-2018,0.72,45.2,2,11.3,13.3,13.7,10.7,15,37,0.1,0.8,0.2,34.8,68,2.7,162,208,745,0,0,30.37,Rajamahendravaram
29-05-2018,0.8,58.7,1.8,12.9,14.7,12.4,10.4,21,60,0.2,0.9,0.3,34.7,70,2,195,201,744,0,0,31.27,Rajamahendravaram
30-05-2018,1.13,81.4,1.7,12.3,14,15,11.9,32,72,0.1,0.8,0.2,35.6,68,2.3,175,207,744,0,0,31.96,Rajamahendravaram
31-05-2018,1.23,72.9,2.2,19.6,21.8,15.3,12.5,31,61,0.2,1.1,0.5,32.9,77,2.2,151,172,747,0,1.5,31.19,Rajamahendravaram
01-06-2018,1.36,50.9,2.1,20.3,22.4,17.9,9.4,29,66,0.3,1.3,0.6,34.5,70,2,140,206,748,0,0,30.68,Rajamahendravaram
02-06-2018,0.76,51,2.4,19.3,21.7,17.3,8.8,21,50,0.2,1.4,0.8,32.3,76,1.8,167,192,748,0,12.8,31.63,Rajamahendravaram
03-06-2018,0.33,80.5,2.1,15.6,17.6,18.9,11.3,25,51,0.1,0.9,0.3,33.9,68,2.1,242,209,746,0,0,30.98,Rajamahendravaram
04-06-2018,0.75,110.2,1.8,15.5,17.3,19.4,12.5,34,69,0.1,1,0.4,34.9,65,2.1,176,202,744,0,0,31.8,Rajamahendravaram
05-06-2018,0.86,97.9,1.9,24,25.9,21,12.5,43,81,0.3,1.5,0.6,33.7,66,1.9,129,202,746,0,0,29.57,Rajamahendravaram
06-06-2018,1.04,75.9,1.9,19.7,21.6,17.3,9.8,17,34,0.2,1.3,0.7,30.7,81,1.7,181,190,748,0,0.8,29.58,Rajamahendravaram
07-06-2018,0.86,94.7,1.7,15,16.7,18.2,9.4,21,41,0.1,0.8,0.3,32.6,75,3,235,203,745,0,0,28.24,Rajamahendravaram
08-06-2018,0.36,76.7,1.9,13.7,15.6,17.5,9.2,15,31,0.1,0.7,0.3,32.5,77,3.5,209,201,743,0,1.5,27.93,Rajamahendravaram
09-06-2018,0.69,63.3,2.3,17.1,19.2,17.6,9.4,15,28,0.1,0.8,0.4,32.3,77,2.7,225,195,742,0,3.8,29.73,Rajamahendravaram
10-06-2018,0.61,58.7,2.2,16.6,18.7,18.2,12.4,19,42,0.1,0.6,0.2,32.9,75,3.7,275,205,742,-0.1,0,28.85,Rajamahendravaram
11-06-2018,0.5,60.6,2.1,13.8,15.9,13.5,8,16,43,0.1,0.5,0.2,31.8,79,4.2,263,185,743,-0.1,9.8,28.8,Rajamahendravaram
12-06-2018,1.04,48.5,2.3,15.3,17.6,14.2,7.4,17,46,0.1,0.9,0.4,30.9,85,2.6,217,193,744,0,8,29.08,Rajamahendravaram
13-06-2018,0.87,61.3,2.3,14.1,16.4,15,6.9,19,59,0.1,0.7,0.3,33.1,73,3.6,186,209,744,0,0,29.8,Rajamahendravaram
14-06-2018,0.85,61.1,2.3,17.7,20,15.9,9.7,31,108,0.2,0.9,0.4,35,65,3,188,209,745,0,0,31.21,Rajamahendravaram
15-06-2018,0.69,73.1,2.4,20.5,22.9,17.4,10.4,38,128,0.2,1,0.5,35.6,64,2.7,182,210,745,0,0,32.53,Rajamahendravaram
16-06-2018,1.31,66.2,2.6,22.6,25.3,17.3,10.4,32,93,0.2,0.9,0.5,35.6,55,3.1,194,210,747,0,0,32.66,Rajamahendravaram
17-06-2018,0.78,68.4,2.2,17.2,19.4,17.1,10.3,28,86,0.1,0.8,0.3,35.9,55,3.3,190,211,746,0.5,0,32.17,Rajamahendravaram
18-06-2018,0.85,53.7,2.3,18.7,21,15.9,9.5,23,76,0.1,0.8,0.4,35.1,51,3.7,181,212,746,0,0,31.93,Rajamahendravaram
19-06-2018,0.32,54.4,2,13.8,15.8,16.1,7.3,16,66,0.1,0.6,0.2,35.7,57,3.7,200,209,745,0,0,31.94,Rajamahendravaram
20-06-2018,0.51,66.9,1.8,11.1,12.9,18.1,8.3,22,71,0.1,0.3,0.1,33.3,74,2.3,229,207,746,0,0,29.97,Rajamahendravaram
21-06-2018,0.34,68.2,2.2,17.8,20,12.5,11.5,16,56,0.1,1.2,0.5,34.8,61,2.2,262,214,745,0,0,30.26,Rajamahendravaram
22-06-2018,0.49,56.8,2,19.6,21.6,16.4,11.3,29,71,0.2,1.1,0.6,32.8,77,1.9,148,198,746,0,0.5,28.41,Rajamahendravaram
23-06-2018,0.49,65.5,2.2,16.5,18.7,15.9,8.1,19,48,0.2,0.8,0.3,33,75,1.8,185,200,746,0,0,29.57,Rajamahendravaram
24-06-2018,0.63,66,2,14.8,16.8,15.1,9.1,18,50,0.1,0.6,0.3,34,68,2.7,227,204,746,0,0,29.34,Rajamahendravaram
25-06-2018,0.54,60.5,2.1,13,15.1,13.6,6.7,17,58,0.1,0.5,0.3,34.8,62,4,216,211,745,0,0,30.06,Rajamahendravaram
26-06-2018,0.7,52.3,2.7,17.5,20.1,12.6,7.2,18,60,0.1,0.8,0.5,34.8,62,3.6,237,203,744,-0.1,0,28.03,Rajamahendravaram
27-06-2018,0.87,48.7,2.5,18.4,20.8,13.4,6.1,16,37,0.1,0.9,0.5,30.7,80,2.8,223,200,744,0,38.5,28.57,Rajamahendravaram
28-06-2018,0.81,53.9,2.4,18.3,20.7,13.3,7.1,13,29,0.2,1.3,0.8,29.2,88,1.8,196,194,746,0,23.3,27.97,Rajamahendravaram
29-06-2018,0.96,35,5.4,32.3,37.6,18.4,10,26,61,0.5,2.8,1.7,30.8,85,1.2,143,197,747,0,13.5,27.8,Rajamahendravaram
30-06-2018,0.68,51.6,2.8,22.5,25.3,24.1,9.4,23,50,0.2,1.5,0.8,31.7,81,1.4,181,187,748,0,15,27.55,Rajamahendravaram
01-07-2018,0.51,53.3,2.3,15,17.3,18.5,7.9,,33,0.1,0.9,0.4,31,84,2.4,188,209,748,0,0.5,27.11,Rajamahendravaram
02-07-2018,0.56,57.9,2.3,17.3,19.6,18.2,9.3,19,43,0.2,1.1,0.6,32.3,78,2.5,223,202,747,0,0.5,28.53,Rajamahendravaram
03-07-2018,0.64,48.6,3.4,21.6,25.1,15.9,6,15,39,0.2,1.6,1,30.7,83,2.8,250,175,748,0,74,27.26,Rajamahendravaram
04-07-2018,0.67,53.6,2.2,17.4,19.7,16.2,7.1,18,63,0.2,1.2,0.7,32.8,74,3,214,202,747,0,0,28.24,Rajamahendravaram
05-07-2018,0.53,45.8,2.5,16.6,19.2,17.2,6.5,16,51,0.1,1,0.5,32.4,74,3.2,260,207,747,0,1.3,28.53,Rajamahendravaram
06-07-2018,0.47,43.5,2.3,12.2,14.5,14.1,9.8,14,38,0.1,0.4,0.1,31.3,81,4.5,244,208,745,-0.1,7.5,27.01,Rajamahendravaram
07-07-2018,0.52,47.4,2.2,11.2,13.4,11.3,7,14,31,0.1,0.4,0.1,29.6,89,4.3,235,187,743,-0.1,20.3,26.02,Rajamahendravaram
08-07-2018,0.46,44.4,2.4,11.2,13.6,11.1,7.9,10,28,0.1,0.4,0.1,30.7,87,4.8,239,193,742,-0.1,4.5,26.35,Rajamahendravaram
09-07-2018,0.41,43.1,2.6,13,15.5,11.6,8.5,13,38,0.1,0.5,0.1,31,83,3.6,232,203,742,0,16.5,26.45,Rajamahendravaram
10-07-2018,0.64,36.4,4.5,17.4,22,12.8,8.3,14,38,0.2,1.2,0.8,29.8,92,2.8,221,186,744,0,20.5,27.84,Rajamahendravaram
11-07-2018,0.36,39.5,2.4,10.8,13.2,14.2,7.8,11,33,0,0.3,0.1,29.9,87,4.4,229,195,744,0,13.8,27.68,Rajamahendravaram
12-07-2018,0.36,45.8,2.1,7.1,9.1,10.3,5.9,7,19,0,0.2,0,29.2,87,6.2,242,203,744,-0.1,18.5,27.19,Rajamahendravaram
13-07-2018,0.34,38.3,2.7,11.3,14,10.6,7,9,29,0.1,0.4,0.1,30.6,83,5.1,244,205,743,-0.1,6.3,26.87,Rajamahendravaram
14-07-2018,0.33,40.1,2.4,10.2,12.6,11.1,6.6,10,32,0.1,0.4,0.1,30.4,84,5.3,249,202,743,-0.1,2,27.31,Rajamahendravaram
15-07-2018,0.3,30,2.9,13.4,16.3,9.4,7,9,25,0,0.5,0.1,29,96,3.5,233,170,742,0,56.5,26.45,Rajamahendravaram
16-07-2018,0.45,28.6,2.9,11.9,14.7,12,5.6,8,31,0,0.4,0.1,30.8,84,4.5,235,204,742,-0.1,6,26.88,Rajamahendravaram
17-07-2018,0.33,38.1,2.9,11.6,14.5,13.1,7,7,27,0,0.3,0.1,31.7,78,4.7,246,206,743,-0.1,4.5,27.69,Rajamahendravaram
18-07-2018,0.44,43.3,2.6,12.9,15.5,12.2,9.9,10,44,0.1,0.4,0.1,32.9,73,4.4,248,213,744,-0.1,0,28.16,Rajamahendravaram
19-07-2018,0.45,42.9,2.5,16.9,19.4,16.6,9.5,18,64,0.2,0.6,0.5,32.9,73,4,251,202,744,-0.1,0,27.44,Rajamahendravaram
20-07-2018,0.33,30.9,2.7,12.8,15.5,14.2,9.9,10,27,0,0.5,0,30.2,89,4.8,249,181,744,-0.1,12.8,26.08,Rajamahendravaram
21-07-2018,0.32,34.4,2.7,13.9,16.6,11.3,13,13,40,0.1,0.6,0.1,31.1,83,4.3,249,194,745,-0.1,8.8,26.28,Rajamahendravaram
22-07-2018,0.44,38.6,3.2,16.9,20.1,13.5,10,19,69,0.1,0.7,0.1,32.3,75,4.1,254,208,745,-0.1,0.5,27.53,Rajamahendravaram
23-07-2018,0.52,42.2,3,15.8,18.8,17.6,9.7,18,67,0.1,0.6,0.1,33.6,69,3.7,242,212,745,-0.1,0,28.13,Rajamahendravaram
24-07-2018,0.45,42.6,3.3,15.6,18.9,18.5,7.2,17,61,0.1,0.6,0.3,33.5,72,2.9,242,209,747,0,0.3,28.3,Rajamahendravaram
25-07-2018,0.52,42.4,3,15.1,18.1,18.7,6.7,16,62,0.1,0.7,0.2,33.5,74,3.2,226,208,747,0,0,28.47,Rajamahendravaram
26-07-2018,0.57,45.4,2.6,12.2,14.8,23,6.8,17,50,0.1,0.4,0.2,33.1,74,3.3,273,206,747,0,3,28.12,Rajamahendravaram
27-07-2018,0.54,37,2.7,16.1,18.8,19.9,6.6,16,57,0.1,0.6,0.2,32.6,75,2.9,239,198,747,0,10.5,27.53,Rajamahendravaram
28-07-2018,0.57,38.1,2.8,16.7,19.5,19.3,8,17,58,0.1,0.7,0.2,32.6,77,3,246,198,746,0,0.3,27.97,Rajamahendravaram
29-07-2018,0.53,46.5,2.4,15.7,18.1,22.1,10.1,24,70,0.1,0.5,0.2,33.2,76,2.7,254,205,745,0,0.5,27.41,Rajamahendravaram
30-07-2018,0.56,55.3,2.3,15.3,17.6,22.8,8.4,29,88,0.1,0.5,0.2,33.9,73,3.4,247,202,745,0,0,27.42,Rajamahendravaram
31-07-2018,0.57,50.7,2.4,15.6,18,22.2,8.2,27,91,0.1,0.6,0.3,34.2,70,3.4,254,205,746,0,0,27.45,Rajamahendravaram
01-08-2018,0.39,41.5,2.1,21,23.1,20.8,8.1,22,78,0.1,0.9,0.3,38.4,76,2,204,4,747,0,0,27.57,Rajamahendravaram
02-08-2018,0.36,40.7,2.4,13.1,15.5,18,8.1,19,55,0.1,0.5,0.1,32.7,80,3.6,258,86,748,-0.1,0,27.28,Rajamahendravaram
03-08-2018,0.35,45.2,2.3,15.5,17.9,18.2,7.3,27,81,0.1,0.5,0.1,32.9,77,3.4,266,73,748,-0.1,0,26.88,Rajamahendravaram
04-08-2018,0.63,39.3,2.9,19.4,22.3,23.9,9.5,33,104,0.1,0.7,0.2,31.9,71,3.3,273,31,747,-0.1,0,27.33,Rajamahendravaram
05-08-2018,0.6,39,2.5,14.3,16.8,23.7,7.7,20,61,0.1,0.4,0.1,30.7,75,3.9,271,214,747,-0.1,12.3,27.12,Rajamahendravaram
06-08-2018,0.66,38.5,3.2,17.6,20.8,19.6,11.3,24,79,0.1,0.5,0.1,30.4,73,3.7,284,200,745,-0.1,0,26.37,Rajamahendravaram
07-08-2018,0.79,33.8,2.5,11.1,13.6,17.2,8.7,13,33,0,0.3,0,28.1,88,4.4,260,190,744,-0.1,18.8,25.77,Rajamahendravaram
08-08-2018,0.94,36.2,2.6,12.5,15.1,14.6,7.8,14,36,0.1,0.4,0.1,28.4,87,3.7,254,199,744,-0.1,6.5,26.71,Rajamahendravaram
09-08-2018,1.03,42.5,3.7,16.8,20.5,14.7,9.7,15,47,0.1,0.8,0.3,29.1,83,2.5,261,186,747,0,8.8,27.39,Rajamahendravaram
10-08-2018,0.81,34.5,2.5,9.8,12.3,17.4,6.1,13,30,0,0.3,0.1,28.3,90,3.7,228,181,747,0,10.8,27.2,Rajamahendravaram
11-08-2018,1.03,33.8,2.3,8.2,10.5,14.4,9.2,6,14,0,0.2,0,28,87,6.9,266,196,745,-0.2,3.5,26.53,Rajamahendravaram
12-08-2018,0.72,37.3,2.2,7.3,9.4,9.3,8.6,9,19,0,0.2,0,27.8,87,6.5,264,189,744,-0.1,13.8,25.92,Rajamahendravaram
13-08-2018,0.92,29,2.9,10.6,13.5,7.7,7.1,8,26,0,0.3,0.1,27.9,90,4.8,256,191,744,-0.1,12.8,26.24,Rajamahendravaram
14-08-2018,0.8,29,3.2,10.4,13.5,8.5,6,9,26,0,0.3,0,28.3,90,4.6,250,192,743,-0.1,7.3,25.95,Rajamahendravaram
15-08-2018,1,23.9,3.3,11.4,14.7,9.1,7.9,17,48,0,0.3,0,28.1,93,4.3,254,177,741,-0.1,15.5,25.7,Rajamahendravaram
16-08-2018,0.96,37.9,2,12,14,11.2,6.7,11,34,0,0.3,0,28.9,86,3.8,225,195,742,0,15,26.47,Rajamahendravaram
17-08-2018,0.83,42.6,2.7,12.1,14.8,12.2,13.1,9,27,0,0.3,0,29.5,80,3.5,253,202,743,-0.1,1,26.91,Rajamahendravaram
18-08-2018,1.02,38.5,2.7,12.2,14.8,12.2,12,16,44,0,0.3,0,29,83,4.2,262,189,743,-0.1,0,26.7,Rajamahendravaram
19-08-2018,0.88,36.9,2.2,8.5,10.7,10.3,9.7,5,9,0,0.2,0,27.8,91,6.1,262,184,743,0.4,8.5,26.3,Rajamahendravaram
20-08-2018,0.77,38.2,2.1,8.6,10.7,8.6,10.1,5,14,0,0.3,0.1,27.7,88,5.7,261,188,743,-0.1,3.5,25.46,Rajamahendravaram
21-08-2018,1.14,37.3,3.2,14.4,17.7,8.8,10.9,12,41,0.1,0.5,0.2,29.2,76,4.6,264,209,746,-0.1,0,26.97,Rajamahendravaram
22-08-2018,1.18,38.2,2.8,16,18.7,10.5,13.8,13,52,0.1,0.5,0.2,30.1,75,3.5,262,212,747,-0.1,0,27.25,Rajamahendravaram
23-08-2018,0.81,38.6,3.1,13,16.1,14.3,11.6,10,42,0.1,0.4,0.1,30.3,74,4.4,274,209,747,-0.1,0,27.24,Rajamahendravaram
24-08-2018,0.98,37.8,2.3,12,14.3,12.6,13.7,11,30,0.1,0.5,0.1,29,81,4.2,273,200,747,-0.1,1,26.79,Rajamahendravaram
25-08-2018,1.19,36.2,2.9,14.8,17.7,11.7,16.4,16,50,0.1,0.5,0.1,29.6,79,3.1,264,194,746,0,0,26.26,Rajamahendravaram
26-08-2018,0.94,32,2.7,11.7,14.4,12.8,15.2,13,39,0.1,0.3,0.1,28.7,82,4.3,260,192,745,-0.1,0,25.78,Rajamahendravaram
27-08-2018,1.05,31,3.1,11.6,14.7,12.5,17.8,10,32,0.1,0.4,0.1,28.5,83,4.8,265,202,745,-0.1,0.8,25.95,Rajamahendravaram
28-08-2018,1.02,37.9,2.3,13.3,15.7,13.3,10.1,12,43,0.1,0.5,0.1,29.5,80,3.2,250,203,746,0,0,26.59,Rajamahendravaram
29-08-2018,0.82,58.5,2.2,11.9,14,14.3,8.9,14,40,0.1,0.5,0.1,28.5,81,2.9,242,199,748,0,7.5,26.96,Rajamahendravaram
30-08-2018,1.3,50.7,3.1,20.1,23.2,16.4,10.6,22,73,0.1,0.8,0.3,30.5,77,2.2,277,203,747,0,16.8,27.09,Rajamahendravaram
31-08-2018,1.21,46.8,2.4,15.6,18.1,17.6,17.2,25,79,0.1,0.5,0.2,30.6,73,3.6,270,208,747,0,0,26.91,Rajamahendravaram
01-09-2018,0.75,37.1,4.5,14.8,19.3,13.4,22.7,16,59,0.1,0.3,0.1,29.3,77,4.6,263,201,748,-0.1,3.8,26.22,Rajamahendravaram
02-09-2018,0.91,40.3,11.1,20.3,31.4,13.6,16.2,21,61,0.1,0.5,0.2,30,77,2.9,256,202,749,0,0,26.73,Rajamahendravaram
03-09-2018,1.13,42.3,3.1,19.8,23,16,16.9,23,65,0.1,0.5,0.2,30.4,75,2.8,270,204,749,0,0.8,26.53,Rajamahendravaram
04-09-2018,1.11,41.9,3.5,23.2,26.7,18.9,12.5,22,54,0.1,0.8,0.4,29.4,78,2.2,249,191,749,0,1.8,26.84,Rajamahendravaram
05-09-2018,1.09,42.9,2.7,16.5,19.2,18.3,14.5,19,61,0.1,0.4,0.2,30,75,3.5,273,204,748,-0.1,0,26.23,Rajamahendravaram
06-09-2018,0.69,44,2.4,13.4,15.8,16.2,10.9,22,72,0.1,0.3,0.1,29.9,73,4.6,256,200,746,-0.1,0,25.56,Rajamahendravaram
07-09-2018,0.59,46.3,2.6,16.3,18.9,15.2,12.8,26,83,0.1,0.4,0.2,29.5,73,3.9,290,197,748,-0.1,0,26.41,Rajamahendravaram
08-09-2018,0.63,54.3,2.9,20.4,23.4,16.9,15,31,89,0.1,0.5,0.3,30.4,71,2.3,276,205,749,0,0,27.41,Rajamahendravaram
09-09-2018,0.64,47.8,2.2,20.8,23,18.3,7.7,29,70,0.1,0.8,0.4,30.3,74,2.1,239,201,750,0,0.8,27.52,Rajamahendravaram
10-09-2018,0.39,44.1,2.6,17.9,20.5,18,7.3,26,63,0.1,0.7,0.4,30.9,73,2.7,240,205,753,0,0,27.12,Rajamahendravaram
11-09-2018,0.46,51.6,2.1,17.2,19.3,20.7,6.6,29,64,0.1,0.6,0.3,30.4,75,2.2,259,201,753,0,0,27.72,Rajamahendravaram
12-09-2018,0.47,61.8,2,16.5,18.5,18.4,10.4,37,68,0.1,0.4,0.2,30.6,73,2.6,256,199,751,0,1,27.36,Rajamahendravaram
13-09-2018,0.81,46,4.1,23.5,27.5,15.3,8.5,31,52,0.2,1.4,0.8,29.2,85,1.6,259,181,751,0,25.8,27.16,Rajamahendravaram
14-09-2018,0.59,44.1,2.7,20.4,23.1,21,7.3,29,55,0.1,1,0.6,30.1,79,1.8,267,195,751,0,0,26.99,Rajamahendravaram
15-09-2018,0.49,44.1,2.5,18.8,21.3,19,9.9,30,64,0.1,0.6,0.3,31.2,70,2.7,289,204,750,0,0,27.12,Rajamahendravaram
16-09-2018,0.41,45.2,2.4,16.9,19.3,17.9,7.6,25,52,0.1,0.6,0.3,30.2,77,2.4,345,190,748,0,3,26.56,Rajamahendravaram
17-09-2018,0.47,45.3,2.6,17.6,20.2,15.8,7.2,18,31,0.1,0.7,0.3,28.5,83,2.3,319,183,748,0,15.5,26.16,Rajamahendravaram
18-09-2018,0.48,37.8,2.7,15.2,17.9,13.6,5.8,12,27,0.1,0.8,0.3,29.5,78,2.6,312,194,748,0,0,26.76,Rajamahendravaram
19-09-2018,0.48,36.1,2.8,16.3,19.1,14.7,6.4,15,40,0.1,0.6,0.3,29.7,78,2.3,308,202,747,0,0.8,27.04,Rajamahendravaram
20-09-2018,0.87,39.1,3.9,20.2,24.1,18.7,12.2,42,83,0.1,0.5,0.1,29.2,82,3.5,275,178,744,0,7.3,26.62,Rajamahendravaram
21-09-2018,0.89,59.9,3.7,20.3,24,15.3,8.9,33,60,0.1,1,0.7,28.6,82,3.7,237,200,745,0,5.5,26.18,Rajamahendravaram
22-09-2018,1.16,51.3,2.5,26.7,29.2,16.3,6.3,20,41,0.2,1.6,1,28.9,82,2.5,110,191,753,0,0,26.47,Rajamahendravaram
23-09-2018,0.87,31.1,4.4,22.9,27.3,14,6.5,19,46,0.1,1.2,0.7,29.2,84,1.7,59,192,755,0,0.3,26.87,Rajamahendravaram
24-09-2018,0.62,34,3.7,18,21.6,14.6,5,14,41,0.1,0.8,0.4,30.3,78,2.1,178,200,754,0,0,27.22,Rajamahendravaram
25-09-2018,0.5,40.8,2.2,14,16.2,14.7,6,14,37,0.1,0.5,0.3,30.1,80,2.2,243,199,752,0,59.3,27.03,Rajamahendravaram
26-09-2018,0.64,39.1,2.9,15.9,18.8,11.5,6,9,22,0.1,0.6,0.3,29,84,2.2,307,190,752,0,14.8,27.29,Rajamahendravaram
27-09-2018,0.81,31.2,3.6,16.7,20.3,14.1,7.4,12,32,0.1,0.8,0.4,30.2,78,2.1,167,201,752,0,0,26.84,Rajamahendravaram
28-09-2018,0.82,32.8,3.5,16,19.4,14.4,6.7,12,36,0.1,0.8,0.4,30.7,75,2.1,233,198,752,0,0,27.52,Rajamahendravaram
29-09-2018,0.77,39.9,2.9,15.7,18.6,15.1,7.1,13,36,0.1,0.7,0.4,31.1,71,2.1,243,200,752,0,0,28.24,Rajamahendravaram
30-09-2018,0.71,42.6,2.5,14.1,16.6,16.7,9.7,21,46,0.1,0.5,0.2,31.4,73,2.2,328,193,752,0,0,28.67,Rajamahendravaram
01-10-2018,0.94,31.6,4,17.3,21.3,16.3,8.6,19,49,0.1,1,0.5,31,74,2.2,98,186,753,0,0,28.02,Rajamahendravaram
02-10-2018,0.72,35.3,3.4,15.3,18.7,15.4,8.5,12,33,0.1,0.9,0.4,31,70,2.3,191,201,753,0,0,27.55,Rajamahendravaram
03-10-2018,0.73,42,2.6,14.8,17.4,15.7,8.9,16,42,0.1,0.7,0.3,31,71,2.4,30,198,753,0,0,27.94,Rajamahendravaram
04-10-2018,0.91,52.5,2.5,18.3,20.8,14.9,9.2,26,58,0.1,0.9,0.5,30.8,69,2.7,69,198,754,0,0,27.01,Rajamahendravaram
05-10-2018,1.01,63.2,2.3,19.4,21.6,17.7,9.8,44,98,0.1,0.9,0.5,30.7,68,2.4,67,198,754,0,0,26.4,Rajamahendravaram
06-10-2018,1.04,77.8,2,18.5,20.5,20.1,15.6,56,116,0.1,0.8,0.5,30.7,69,2.6,63,197,754,0,0,27.23,Rajamahendravaram
07-10-2018,0.98,81.1,1.9,16.6,18.6,19.5,14,58,116,0.1,0.8,0.3,30.9,69,2.6,65,195,753,0,0,27,Rajamahendravaram
08-10-2018,1.26,71.6,2.2,22,24.2,16.9,10.7,52,113,0.2,1,0.5,31.2,63,2.4,41,198,752,0,0,26.81,Rajamahendravaram
09-10-2018,0.99,61.5,2.3,21.1,23.4,22.7,16.6,43,105,0.1,0.8,0.5,30.5,60,2.7,332,193,750,-0.1,0,26.76,Rajamahendravaram
10-10-2018,0.72,71.2,2.1,15.9,18,21.4,9.7,40,93,0.1,0.3,0.1,29.9,63,4,306,192,747,-0.1,0,25.89,Rajamahendravaram
11-10-2018,0.89,78.1,1.7,13.9,15.6,15.5,13.7,41,86,0.1,0.3,0.1,30,66,4.8,278,190,746,-0.1,0,26.03,Rajamahendravaram
12-10-2018,0.9,57.6,2.2,16.6,18.8,15.2,11.1,33,66,0.1,0.4,0.2,30.8,68,2.8,286,196,750,0,0,27.32,Rajamahendravaram
13-10-2018,1.01,74,1.9,15.5,17.4,16.1,9.7,39,83,0.1,0.5,0.3,31.3,71,2.4,238,194,753,0,0,27.96,Rajamahendravaram
14-10-2018,0.91,60.2,1.8,16,17.8,13.4,7.3,29,50,0.1,0.6,0.4,30.3,77,2.2,169,191,754,0,15.3,27.23,Rajamahendravaram
15-10-2018,0.84,41.1,2.7,23.3,26.1,14.5,5.9,25,47,0.1,0.9,0.6,29.6,80,1.6,30,182,756,0,0.3,27.43,Rajamahendravaram
16-10-2018,0.89,40.3,2.6,20.9,23.4,14.2,8.1,27,50,0.1,1,0.6,29.7,79,2.2,72,187,756,0,0,26.51,Rajamahendravaram
17-10-2018,0.82,43.2,2.5,19.3,21.8,17.4,8.4,35,62,0.1,0.9,0.5,30.2,76,2.1,93,185,755,0,0,25.58,Rajamahendravaram
18-10-2018,1.01,62.1,2.2,21.7,23.9,16.4,10.5,43,79,0.1,0.8,0.5,30.1,71,2.1,330,190,755,0,0,26.45,Rajamahendravaram
19-10-2018,1.12,67.6,2.3,27.6,29.8,22.9,17.2,58,120,0.2,1.1,0.7,29.9,65,1.9,68,192,755,0,0,26.32,Rajamahendravaram
20-10-2018,0.96,81.3,1.9,22.1,24,23.5,15.9,57,123,0.2,0.8,0.5,30.2,66,2.4,62,192,756,0,0,26.16,Rajamahendravaram
21-10-2018,1.18,86.7,2,25,27,21,25.3,71,142,0.2,0.8,0.4,30.7,65,2.1,70,193,756,0,0,26.67,Rajamahendravaram
22-10-2018,1.09,82.3,1.9,21,22.9,23.2,19,77,146,0.2,0.7,0.4,30.5,70,2,219,193,755,0,0,27.35,Rajamahendravaram
23-10-2018,1.11,82.8,1.8,22.2,24,21.7,15.6,76,147,0.2,0.9,0.5,30.6,69,2.2,125,193,755,0,0,27.96,Rajamahendravaram
24-10-2018,1.06,78.6,1.9,24.7,26.6,20.1,13.5,71,139,0.2,0.9,0.5,30.6,64,2.1,118,191,755,0,0,27.75,Rajamahendravaram
25-10-2018,1.06,72.8,2.2,23.7,25.9,19.3,11.1,53,116,0.2,0.8,0.5,30.3,64,2.2,44,191,757,0,0,27.36,Rajamahendravaram
26-10-2018,1.01,89.2,1.9,26.3,28.2,17.3,14.3,50,114,0.2,1,0.6,29.9,57,2.7,55,194,758,0,0,25.8,Rajamahendravaram
27-10-2018,0.84,94.4,2.2,24.7,26.9,18.1,21.3,49,112,0.1,0.7,0.4,29.1,55,2.6,42,197,757,0,0,25.01,Rajamahendravaram
28-10-2018,0.86,88.7,2,20.8,22.8,19.3,14.7,47,98,0.1,0.5,0.3,28.6,59,2.6,28,198,757,0,0,25.3,Rajamahendravaram
29-10-2018,0.78,75,2.1,19.4,21.5,19.6,10.8,37,76,0.1,0.6,0.4,29.7,64,2.6,55,191,753,0,0,26.21,Rajamahendravaram
30-10-2018,0.99,68.5,2,16,17.9,21.8,10.4,33,78,0.1,0.5,0.2,29.8,69,3,60,190,753,0,0,26.8,Rajamahendravaram
31-10-2018,0.89,54.1,2.1,17.4,19.4,16.7,9.8,28,51,0.1,0.8,0.3,29.7,72,3.3,73,189,754,0,0.3,25.61,Rajamahendravaram
01-11-2018,0.86,39.7,2.2,16.6,18.8,14.5,7.8,16,31,0.1,1.3,0.4,29.2,78,3.3,74,184,755,0.1,7.5,25.73,Rajamahendravaram
02-11-2018,1.06,26.7,2.6,21.6,24.2,12.8,10.4,17,43,0.1,1.5,0.4,29.9,72,2.9,73,186,755,0,0,26.7,Rajamahendravaram
03-11-2018,0.86,26.5,2.4,19.1,21.5,13.4,6.5,19,48,0.1,1.3,0.4,29.5,74,3.2,89,191,756,0.1,0,26.92,Rajamahendravaram
04-11-2018,0.83,27.5,2.1,15.3,17.4,13.2,5.9,15,35,0.1,1.2,0.3,30.2,74,2.9,91,189,756,0.1,0,26.92,Rajamahendravaram
05-11-2018,0.98,31.4,2.1,16.7,18.8,13.9,6.2,20,45,0.1,1.2,0.4,30.2,74,2.3,30,185,756,0,0,27.33,Rajamahendravaram
06-11-2018,1.01,37,2.1,19.3,21.4,13.7,9.1,27,54,0.2,1.4,0.5,30.5,70,2,123,186,756,0,0,27.17,Rajamahendravaram
07-11-2018,1.01,41.1,5,27.1,32.2,14.9,21.6,115,163,0.2,1.4,0.5,30.3,66,2.1,90,185,756,0,0,27.05,Rajamahendravaram
08-11-2018,0.93,44.3,2.2,21.2,23.4,16.5,17.2,58,94,0.2,1.3,0.5,29.8,67,2.3,91,190,756,0,0,26.35,Rajamahendravaram
09-11-2018,0.83,42.5,2.5,19.1,21.6,20.2,13,50,91,0.1,1.1,0.4,29.7,71,2.1,325,188,755,0,0,26.59,Rajamahendravaram
10-11-2018,0.9,47.7,2.3,20.6,22.9,18.6,12.3,59,101,0.1,1.2,0.4,29.7,69,2,344,189,755,0,0,26.85,Rajamahendravaram
11-11-2018,0.95,74.8,1.8,17.2,19,18.5,17,73,118,0.1,1.1,0.3,29.6,65,2.3,14,186,755,0,0,26.25,Rajamahendravaram
12-11-2018,1.17,68.4,2.6,31.2,33.8,19.6,19.5,88,154,0.2,1.5,0.7,28.2,67,2,11,186,754,0,0,25.34,Rajamahendravaram
13-11-2018,0.86,65.8,2.2,22.8,25,18.1,13.2,55,106,0.2,1.1,0.5,28.2,62,2.4,349,192,753,0,0,26.05,Rajamahendravaram
14-11-2018,1.02,72.9,2.1,21.7,23.7,18.4,17.5,53,106,0.2,1.2,0.4,29,60,2.6,49,188,753,0,0,26.42,Rajamahendravaram
15-11-2018,0.96,61.9,2.2,24.7,27,18,14.4,52,108,0.2,1.3,0.4,29.1,62,2.8,47,187,755,0,0,26.49,Rajamahendravaram
16-11-2018,1.07,50.6,2.2,19.7,21.9,18.8,12.9,40,84,0.1,1.2,0.4,29.8,72,3.3,80,182,755,0,0,26.96,Rajamahendravaram
17-11-2018,1.15,45.7,2.7,20.8,23.5,19.9,8.3,43,88,0.2,1.2,0.4,29.9,77,2.2,68,182,755,0,0.3,27.11,Rajamahendravaram
18-11-2018,0.84,38.8,2.3,14.8,17.1,17,5.6,25,55,0.1,1,0.3,30.6,73,2.4,85,180,756,0,0,27.51,Rajamahendravaram
19-11-2018,1.05,53.2,1.9,16.8,18.7,18.3,9.1,39,83,0.1,1.1,0.3,30,73,3,82,184,757,0,0,27.4,Rajamahendravaram
20-11-2018,1.13,64.6,2.4,23.1,25.6,17.3,20.1,55,113,0.1,1.1,0.4,29.7,67,2.7,67,184,757,0,0,26.57,Rajamahendravaram
21-11-2018,1.16,71.7,2.2,22.1,24.2,15.7,18.5,52,102,0.1,1.1,0.4,28.8,63,3,71,181,757,0,0,26.44,Rajamahendravaram
22-11-2018,1.26,66.3,2.1,31.9,34,17.3,24.2,69,137,0.2,1.3,0.6,28.9,63,2.4,67,180,758,0,0,26.09,Rajamahendravaram
23-11-2018,1.41,75.3,2.1,26.7,28.8,20.2,14.1,74,136,0.2,1.2,0.5,28.8,67,2,51,183,759,0,0,26.58,Rajamahendravaram
24-11-2018,1.5,70.6,2,36.1,38.1,23.1,22.2,87,162,0.2,1.3,0.7,28.5,61,2,332,187,759,0,0,26.39,Rajamahendravaram
25-11-2018,1.44,85.1,2.3,35.4,37.7,19.1,26.8,80,149,0.2,1.3,0.7,27.9,56,1.8,329,189,758,0,0,24.72,Rajamahendravaram
26-11-2018,1.54,92.4,2.1,33.8,35.8,20.5,27.5,76,146,0.2,1.2,0.7,27,57,2.2,331,190,757,0,0,23.96,Rajamahendravaram
27-11-2018,1.36,86,2.4,35.2,37.6,20.1,17.6,74,144,0.2,1.3,0.6,27.2,60,2.1,34,188,757,0,0,23.83,Rajamahendravaram
28-11-2018,1.34,76.3,2.2,30.1,32.3,22.2,11.7,70,128,0.2,1.2,0.5,27.4,66,2.4,54,184,758,0,0,24.62,Rajamahendravaram
29-11-2018,1.39,68.9,2.4,29.4,31.8,22.4,12.1,67,128,0.2,1.2,0.6,27.9,64,2.2,58,183,759,0,0,25.07,Rajamahendravaram
30-11-2018,1.33,67,2.3,29.9,32.3,22,14.1,66,121,0.2,1.2,0.6,28,68,1.8,38,182,759,0,0,25.17,Rajamahendravaram
01-12-2018,1.41,64,2.4,32.6,35,19.6,18,67,127,0.2,1.2,0.6,28.1,65,1.8,25,181,757,0,0,25.03,Rajamahendravaram
02-12-2018,1.54,77,4.3,29.5,33.8,22.2,18.3,80,131,0.2,1,0.4,27.5,67,2.6,72,185,756,0,0,25.08,Rajamahendravaram
03-12-2018,1.23,87,2,24,26,19.7,13.6,72,123,0.2,1,0.4,27.5,68,3.1,76,186,756,0,0,24.85,Rajamahendravaram
04-12-2018,1.2,92.1,1.7,23.7,25.4,20.9,15.9,80,134,0.2,1.1,0.5,27.7,72,2.9,72,161,757,0,0,25.28,Rajamahendravaram
05-12-2018,1.52,91.9,1.8,27.2,29,22.5,15.5,92,152,0.2,1.2,0.5,28.6,70,2.1,74,174,756,0,0,26.09,Rajamahendravaram
06-12-2018,1.69,83.7,2,27.2,29.2,26.4,11.9,99,156,0.2,1.5,0.6,28.6,77,2,84,174,755,0,0,26.23,Rajamahendravaram
07-12-2018,1.67,87.1,1.6,21.7,23.3,29.2,11.9,104,165,0.2,1.3,0.5,28.9,75,2.2,91,179,755,0,0,26.18,Rajamahendravaram
08-12-2018,1.62,90.7,1.3,18.4,19.8,31.2,13.1,111,170,0.2,1.2,0.6,28.7,73,2.3,89,177,756,0,0,25.64,Rajamahendravaram
09-12-2018,1.64,91.7,1.5,15.8,17.3,28,14.9,114,175,0.2,1.1,0.4,28.6,73,2.3,88,177,757,0,0,25.48,Rajamahendravaram
10-12-2018,1.57,92,1.4,19.1,20.5,25.5,10.4,104,177,0.2,1.2,0.6,26.7,72,2.5,88,178,756,0.1,0,25.19,Rajamahendravaram
11-12-2018,1.4,98.3,1.4,20.7,22.2,24.3,13,91,158,0.2,1.2,0.5,25.1,70,2.2,82,179,756,0,0,25.34,Rajamahendravaram
12-12-2018,1.41,91.1,1.6,16.8,18.4,23.1,10.8,78,137,0.2,1,0.4,25,72,2.4,77,182,757,0,0,25.71,Rajamahendravaram
13-12-2018,1.17,81.9,1.5,16.9,18.4,24.2,11.4,77,134,0.2,1.1,0.5,25,70,3.1,84,181,758,0.1,0,25.61,Rajamahendravaram
14-12-2018,1.31,89.2,1.6,18.3,19.9,24.3,19.9,85,156,0.2,1,0.5,25,63,3,73,185,758,0,0,25.59,Rajamahendravaram
15-12-2018,1.3,100.8,1.3,18.5,19.8,23.1,22.9,88,170,0.2,0.9,0.3,24.7,57,3.2,57,198,758,0,0,25.2,Rajamahendravaram
16-12-2018,1.1,66.7,1.9,11.4,13.3,20.8,11.3,57,91,0.1,0.7,0.2,22.2,75,2.7,344,158,757,0,21.3,22.25,Rajamahendravaram
17-12-2018,1.03,47.4,1.7,4.7,6.4,18.1,6.4,9,17,0.1,0.4,0.1,20.6,95,5,327,164,751,-0.1,25.5,21.92,Rajamahendravaram
18-12-2018,0.98,39.9,2,11.2,13.2,11.5,6.4,6,19,0.1,0.5,0.2,21.9,83,2.7,302,178,758,0,3.3,21.21,Rajamahendravaram
19-12-2018,0.74,51.8,1.8,21.3,23.1,10.4,7.3,15,41,0.1,0.8,0.4,23.1,77,2.7,78,188,758,0,0,21.49,Rajamahendravaram
20-12-2018,1.44,57,2.5,25.5,28,13.6,16.7,28,65,0.1,0.9,0.4,22.8,73,2.8,86,227,759,0,0,22.12,Rajamahendravaram
21-12-2018,1.1,68.2,1.7,28.3,30,19,14.9,48,91,0.1,0.9,0.4,22.5,76,2.6,88,214,758,0.1,0,23.09,Rajamahendravaram
22-12-2018,1.26,83.1,1.5,29.2,30.7,22.5,17.9,67,114,0.1,0.9,0.4,22.9,76,2.9,86,211,758,0.1,0,22.91,Rajamahendravaram
23-12-2018,1.06,94.7,2.8,32.4,35.2,23.4,18.4,96,145,0.2,0.9,0.4,23.5,84,2.7,85,237,759,0.1,0,22.55,Rajamahendravaram
24-12-2018,0.83,90.9,2.1,36.2,38.3,23.7,15.1,101,162,0.2,0.8,0.5,23.5,71,2.1,96,214,758,0,0,22.68,Rajamahendravaram
25-12-2018,0.98,80.5,1.5,27.6,29,24.5,10.5,89,137,0.2,0.8,0.4,24.7,70,1.9,358,188,757,0,0,22.64,Rajamahendravaram
26-12-2018,1.08,77.7,1.7,31.7,33.4,28.3,12.1,100,155,0.2,0.8,0.4,24.9,75,2.1,94,182,757,0,0,22.87,Rajamahendravaram
27-12-2018,1.24,67.2,1.7,35.2,36.9,26.7,9.3,92,145,0.2,0.8,0.4,25,75,1.5,233,177,756,0,0,23.53,Rajamahendravaram
28-12-2018,1.03,51.4,2.8,35.3,38.1,24.3,9.7,71,129,0.1,0.8,0.3,24.8,69,2,339,183,756,0,0,22.98,Rajamahendravaram
29-12-2018,1.39,81,3.8,35.6,39.5,26.8,13.9,98,154,0.2,0.7,0.3,23.8,66,2.5,73,186,759,0,0,21.57,Rajamahendravaram
30-12-2018,0.77,96.5,1.6,31.6,33.2,21.2,20.1,80,139,0.1,0.6,0.2,23.3,57,2.4,47,190,761,0,0,20.75,Rajamahendravaram
31-12-2018,1.64,84.7,2.3,47.2,49.5,19.1,19.3,79,145,0.2,0.9,0.6,21.9,55,2,325,201,762,0,0,20.41,Rajamahendravaram
01-01-2019,0.83,84.5,4.1,45.5,49.6,27.3,30.2,89,155,0.2,0.9,0.7,22.5,57,1.9,316,192,762,0,0,19.96,Rajamahendravaram
02-01-2019,,79.2,2.1,40.4,42.4,27.3,21.2,97,168,0.2,1.1,0.9,22.8,62,2,322,192,762,0,0,20.94,Rajamahendravaram
03-01-2019,,68.7,1.7,32.8,34.5,32.3,16.2,106,163,0.2,0.8,0.5,23.1,66,2.1,5,190,762,0,0,21.86,Rajamahendravaram
04-01-2019,,84.4,1.4,31,32.4,31.8,19.8,113,171,0.2,0.7,0.4,23.4,66,2.1,75,189,761,0,0,21.31,Rajamahendravaram
05-01-2019,,106.7,2,38,40,33,23.1,119,175,0.4,1,0.5,21.3,67,2.4,84,178,760,0,0,21,Rajamahendravaram
06-01-2019,,92.9,1.4,33,34.3,24.6,14.2,116,198,0.2,0.7,0.4,23.2,66,2.2,79,189,759,0,0,20.97,Rajamahendravaram
07-01-2019,,85,1.9,41.5,43.4,28.8,17.1,118,218,0.3,0.9,0.6,23.4,63,1.9,323,189,757,0,0,22.27,Rajamahendravaram
08-01-2019,,72.1,2.1,35.5,37.6,34,15.1,97,169,0.2,0.7,0.4,23.9,60,1.7,305,188,757,0,0,23.01,Rajamahendravaram
09-01-2019,0.95,73.7,1.9,31.8,33.7,34.1,11.3,96,165,0.2,0.9,0.5,23.4,64,2.2,65,185,758,0,0,22.54,Rajamahendravaram
10-01-2019,0.73,77.5,1.1,24.4,25.5,40.9,11.8,116,182,0.2,0.7,0.4,23.8,74,2.5,58,186,758,0,0,22.26,Rajamahendravaram
11-01-2019,0.86,87.3,1.1,26.1,27.2,29.2,12.9,114,194,0.2,0.8,0.4,24.2,70,2.4,80,185,759,0,0,22.15,Rajamahendravaram
12-01-2019,0.94,83.3,1.1,23.5,24.5,25.4,9.3,99,164,0.2,0.7,0.4,24.2,70,2.5,88,186,759,0,0,22.19,Rajamahendravaram
13-01-2019,0.67,85.5,1.2,23.3,24.5,25.8,9.2,95,161,0.2,0.7,0.4,24.4,69,2.2,93,188,759,0,0,22.37,Rajamahendravaram
14-01-2019,1.33,75.5,2.5,40.1,42.6,36.2,21.3,167,243,0.3,1,0.6,24,66,2.1,349,184,758,0,1,22.81,Rajamahendravaram
15-01-2019,0.9,85.3,1.5,22.3,23.8,40,20,125,184,0.2,0.7,0.3,24.3,65,2.1,43,185,758,0,0,22.99,Rajamahendravaram
16-01-2019,0.81,95.9,1,17.7,18.7,32.7,17.5,111,171,0.1,0.5,0.2,24,67,2.4,65,184,759,0,0,22.68,Rajamahendravaram
17-01-2019,0.79,75.7,1,17.3,18.3,29.7,10.2,116,173,0.2,0.6,0.3,24.2,71,2.2,98,186,757,0,0.3,23.03,Rajamahendravaram
18-01-2019,0.72,67.9,1.3,20.4,21.8,25.7,6.7,99,153,0.1,0.6,0.3,24.8,70,2.2,42,188,758,0,0,23.28,Rajamahendravaram
19-01-2019,0.92,77.8,1,24.5,25.5,26,10.7,104,161,0.1,0.7,0.4,24.8,71,2.1,84,188,758,0,0,22.84,Rajamahendravaram
20-01-2019,0.83,70.2,1.2,25.8,27,24.9,10.3,103,160,0.1,0.7,0.3,24.5,69,2.1,310,189,759,0,1.3,23.2,Rajamahendravaram
21-01-2019,0.93,73.6,1.2,29.2,30.4,30.7,13.9,101,177,0.2,0.8,0.5,24.2,71,2.3,117,189,758,0,0,23.24,Rajamahendravaram
22-01-2019,0.72,75.2,1.3,28.1,29.4,26.7,11.4,95,157,0.1,0.7,0.3,24.1,70,2.7,87,189,758,0,0,22.56,Rajamahendravaram
23-01-2019,0.72,73.7,1.3,24.9,26.2,21.4,7.9,86,142,0.1,0.6,0.3,24,70,2.8,93,190,758,0,0,22.54,Rajamahendravaram
24-01-2019,0.65,59.1,1.4,23.9,25.4,20,8.9,68,117,0.1,0.7,0.3,24.5,70,2.5,107,191,758,0,0,22.76,Rajamahendravaram
25-01-2019,0.58,44.5,1.4,19.7,21.1,18.3,5.3,40,81,0.1,0.6,0.3,25.1,70,3.6,89,189,758,0.1,0,23.56,Rajamahendravaram
26-01-2019,0.49,41.4,1.8,19.1,20.9,14.5,5.9,27,63,0.1,0.6,0.3,25.1,69,3.7,93,189,758,0.1,0,24.48,Rajamahendravaram
27-01-2019,0.6,68.5,1.1,17.1,18.2,17,7.1,49,92,0.1,0.5,0.2,25.3,66,3.7,87,183,759,0.1,3,23.45,Rajamahendravaram
28-01-2019,1.12,42.5,5.6,37.1,42.7,20.6,7.4,87,124,0.1,1.1,0.9,22.8,79,1.7,10,151,760,0,20.3,22.38,Rajamahendravaram
29-01-2019,0.81,36,5.8,30.3,36,26.7,6.9,71,112,0.2,0.9,0.5,23.9,71,1.8,307,192,759,0,0,23.59,Rajamahendravaram
30-01-2019,0.71,64.3,1.5,23.8,25.3,27.7,13.7,74,118,0.1,0.6,0.3,23.3,68,3.3,75,194,760,0,0,22.9,Rajamahendravaram
31-01-2019,0.64,75.7,1,27.4,28.4,20.7,15.1,69,120,0.1,0.7,0.4,23.9,65,2.8,86,194,760,0,0,22.18,Rajamahendravaram
01-02-2019,0.74,72.2,25.2,26.4,20.4,,14.4,70,120,0.1,0.7,,24,69,2.3,,,,,0.5,22.65,Rajamahendravaram
02-02-2019,0.78,78.8,26.4,27.5,21,,12.2,70,127,0.1,0.7,,24.3,70,2.4,,,,,0,23.51,Rajamahendravaram
03-02-2019,0.62,96.3,23.8,24.7,20,,18.8,69,123,0.1,0.6,,24.8,61,2.8,,,,,0,23.69,Rajamahendravaram
04-02-2019,0.77,102.8,28.4,29.4,16.9,,19.6,70,131,0.1,0.7,,24.9,53,2.9,,,,,0,23.98,Rajamahendravaram
05-02-2019,0.87,83,28.1,30.1,20,,15.8,77,140,0.2,0.8,,25.1,62,2.2,,,,,0,24.76,Rajamahendravaram
06-02-2019,0.83,77.3,31.1,34.8,21.2,,14.8,78,142,0.2,0.8,,25.1,59,2.2,,,,,0.3,24.66,Rajamahendravaram
07-02-2019,0.87,64.3,29.1,33.5,21,,11.1,72,140,0.1,0.8,,25.1,59,2.7,,,,,0,24.55,Rajamahendravaram
08-02-2019,0.76,68.9,17.2,20.6,20.5,,8.8,57,102,0.1,0.6,,25.4,66,2.4,,,,,0,25.4,Rajamahendravaram
09-02-2019,1.09,42.4,21,25.5,24.1,,7.2,66,119,0.1,0.6,,25.8,72,1.7,,,,,0,26.7,Rajamahendravaram
10-02-2019,1.14,47.6,16.9,21.4,26.4,,7,70,124,0.1,0.6,,25.6,74,3.1,,,,,0,25.39,Rajamahendravaram
11-02-2019,1.06,72.8,13.4,16.8,20,,7.6,65,117,0.1,0.6,,25.4,69,3.7,,,,,0,24.36,Rajamahendravaram
12-02-2019,0.96,73.8,16.8,20.4,16.8,,9.1,63,124,0.1,0.6,,25.4,69,3.2,,,,,0,24.88,Rajamahendravaram
13-02-2019,0.95,90.2,18.7,22,16.3,,14,62,128,0.1,0.5,,25.2,67,2.8,,,,,0,24.6,Rajamahendravaram
14-02-2019,1.15,80.9,23.9,26.6,17.9,,10.4,71,129,0.1,0.6,,25.3,68,2.5,,,,,0,25.08,Rajamahendravaram
15-02-2019,1.06,69.4,24.9,27.3,18.1,,8.1,61,113,0.1,0.6,,25.6,67,2.8,,,,,0,25.43,Rajamahendravaram
16-02-2019,0.84,51.8,20,22.3,16.9,,5.2,38,77,0.1,0.5,,25.2,72,3,,,,,0,25.75,Rajamahendravaram
17-02-2019,0.92,46.4,16.1,18.5,17.8,,5.4,42,81,0.1,0.5,,26.5,71,2.2,,,,,0,27.13,Rajamahendravaram
18-02-2019,0.81,38.7,13.2,15.9,18.6,,5.9,35,67,0.1,0.4,,27.2,73,2.6,,,,,0,27.71,Rajamahendravaram
19-02-2019,0.82,39.4,9.9,12.4,17.6,,7.9,31,64,0.1,0.5,,27.3,72,2.8,,,,,0,27.87,Rajamahendravaram
20-02-2019,0.82,34.9,13.3,16.4,13.7,,5.6,28,62,0.1,0.5,,27.2,69,2.7,,,,,0,27.47,Rajamahendravaram
21-02-2019,0.86,40.8,15.2,17.8,14.9,,6.1,34,69,0.1,0.5,,27.2,68,2.4,,,,,0,27.72,Rajamahendravaram
22-02-2019,0.84,49.3,17.7,21,13.8,,7.6,37,83,0.1,0.4,,27.8,64,2.4,,,,,0,29.06,Rajamahendravaram
23-02-2019,0.85,49.4,21.3,24.8,17.2,,7.6,40,87,0.1,0.5,,27.9,58,2.8,,,,,0,28.9,Rajamahendravaram
24-02-2019,0.82,49.3,21.2,24.7,22.7,,9.6,39,91,0.1,0.5,,27.5,58,2.2,,,,,0,28.68,Rajamahendravaram
25-02-2019,0.87,33.5,16.9,20.2,22.2,,6.3,38,80,0.1,0.5,,26.7,68,2.7,,,,,0,28.29,Rajamahendravaram
26-02-2019,0.78,27,11.1,14.3,16.9,,7.4,22,52,0.1,0.5,,26.8,69,3,,,,,0,27.23,Rajamahendravaram
27-02-2019,0.64,24.4,11.9,15.8,13.4,,8,17,46,0.1,0.5,,26.9,67,2.9,,,,,0,27.36,Rajamahendravaram
01-03-2019,0.69,31.8,2.8,9.3,12.1,13.7,5.4,24,55,0.1,0.5,0.2,27.8,69,3.4,120,196,754,0.1,0,27.57,Rajamahendravaram
02-03-2019,0.78,32.4,2.9,11,14,11.9,4.6,24,54,0.1,0.5,0.2,26.8,70,3.7,97,195,756,0.1,0.5,26.52,Rajamahendravaram
03-03-2019,0.79,29,3.2,10.1,13.3,12.5,5.4,23,52,0.1,0.4,0.2,26.8,71,2.8,146,195,754,0,0,27.4,Rajamahendravaram
04-03-2019,0.83,29.5,4.7,11.2,16,11.6,5.3,23,53,0.1,0.5,0.2,27.1,68,2.8,181,198,754,0,0,28.2,Rajamahendravaram
05-03-2019,0.8,32.2,4.2,12.2,16.4,13.4,6.7,25,58,0.1,0.5,0.2,27.6,71,2.8,180,194,752,0,0,28.85,Rajamahendravaram
06-03-2019,0.67,47.1,2,6.7,8.7,14.4,8.2,30,65,0.1,0.4,0.1,28.4,72,2.6,193,194,751,0,0,29.53,Rajamahendravaram
07-03-2019,0.7,44.9,2.2,7,9.2,12.8,6.6,26,64,0,0.4,0.1,28.4,71,2.8,200,191,752,0,0,29.42,Rajamahendravaram
08-03-2019,0.71,33.1,2.6,9.1,11.7,11,7.3,15,47,0.1,0.4,0.1,28.6,68,2.8,180,196,754,0,0,29.27,Rajamahendravaram
09-03-2019,0.83,29.6,2.9,10.6,13.5,10.9,7.9,16,46,0.1,0.5,0.2,28,69,3.1,137,196,756,0.1,0,28.64,Rajamahendravaram
10-03-2019,0.68,28.1,3.7,9,12.8,10.8,5.7,13,42,0.1,0.4,0.1,27.9,68,2.7,180,199,756,0,0,28.86,Rajamahendravaram
11-03-2019,0.77,29.4,3.5,11.3,14.8,10.5,5.8,16,53,0.1,0.4,0.2,27.9,66,2.8,199,199,756,0,0,29.65,Rajamahendravaram
12-03-2019,0.77,40.7,2.9,10,12.9,12.5,6.6,23,67,0,0.4,0.1,27.9,67,2.5,218,200,756,0,0,29.98,Rajamahendravaram
13-03-2019,0.68,45.6,2.6,10.3,12.9,13,6,29,77,0.1,0.4,0.1,28.2,66,2.5,212,200,756,0,0,30.27,Rajamahendravaram
14-03-2019,0.81,44.4,3.3,16.3,19.5,13.2,8.6,38,77,0.1,0.5,0.2,28,59,2.4,230,202,756,0,0,30.77,Rajamahendravaram
15-03-2019,0.96,45.3,3.4,18.8,22.2,17.4,8.8,42,99,0.1,0.5,0.2,28.2,61,2.4,224,200,757,0,0,30.24,Rajamahendravaram
16-03-2019,0.81,35.1,4.2,18.3,22.5,14.4,11.2,32,83,0.1,0.6,0.3,27.4,64,3.2,115,202,757,0.1,0,29.43,Rajamahendravaram
17-03-2019,0.72,43.4,3,14.1,17,13.8,6.8,30,80,0.1,0.4,0.2,27.6,62,2.5,163,200,757,0,0,29.2,Rajamahendravaram
18-03-2019,0.72,34.6,3.3,16.3,19.6,12.6,7.3,21,59,0.1,0.6,0.3,27,59,3.6,109,206,757,0.1,0,28.25,Rajamahendravaram
19-03-2019,0.9,40.9,2.8,15.4,18.2,14.8,8.9,29,68,0.1,0.4,0.2,26.8,63,2.7,196,203,754,0,0,28.89,Rajamahendravaram
20-03-2019,0.92,43.8,2.7,13.2,15.8,14.6,5.2,24,56,0.1,0.4,0.2,27.7,65,3,171,199,754,0,0,29.38,Rajamahendravaram
21-03-2019,0.86,41.3,2.5,12.6,15.1,12.3,5.7,23,51,0.1,0.4,0.2,27.7,64,3.1,161,201,756,0,0,29.35,Rajamahendravaram
22-03-2019,0.85,40.2,2.7,12.1,14.8,12.1,6.6,23,56,0.1,0.5,0.2,27.3,66,2.6,198,201,755,0,0,29.86,Rajamahendravaram
23-03-2019,0.88,46.4,2.9,10.7,13.6,13.4,5.4,21,53,0.1,0.4,0.2,27.9,70,2.9,221,203,754,0,0,30.89,Rajamahendravaram
24-03-2019,0.77,47.5,2.3,8.3,10.6,12.6,5.6,16,39,0.1,0.4,0.1,28.4,65,2.4,182,200,754,0,0,30.96,Rajamahendravaram
25-03-2019,0.94,47,3.7,16.4,20,13.8,9.1,22,57,0.1,0.5,0.2,28.5,64,2.5,169,201,754,0,0,31.07,Rajamahendravaram
26-03-2019,0.75,49.8,2.4,8.5,10.9,13.6,6.9,19,45,0.1,0.4,0.1,28.3,65,2.8,192,201,755,0,0,30.76,Rajamahendravaram
27-03-2019,0.76,49.5,2.2,7.6,9.8,13.2,6.2,19,55,0.1,0.4,0.1,28.3,65,2.5,197,202,756,0,0,31.02,Rajamahendravaram
28-03-2019,0.78,53.2,2.2,11.2,13.3,13.5,8.8,26,71,0.1,0.4,0.2,28.2,65,2.7,172,203,755,0,0,31.62,Rajamahendravaram
29-03-2019,0.65,44.3,2.7,11.2,13.9,12.6,7,21,58,0,0.4,0.1,28.6,65,2.6,181,201,753,0,0,31.24,Rajamahendravaram
30-03-2019,0.58,45.3,2.6,7,9.6,12.1,6.9,19,45,0,0.3,0.1,28.7,69,2.8,198,203,753,0,0,31.64,Rajamahendravaram
31-03-2019,0.59,52.6,2,5.4,7.5,11.8,7.8,24,58,0,0.3,0.1,28.8,70,3,193,201,752,0,0,31.7,Rajamahendravaram
01-04-2019,0.62,62.9,2,6.5,8.5,13.2,7.7,32,65,0,0.5,0.1,28.8,66,3.1,200,753,0,,,31.24,Rajamahendravaram
02-04-2019,0.65,58.8,2.4,9.4,11.8,11.2,5.4,22,56,0.1,0.4,0.1,28.7,64,2.8,202,753,1.3,,,31.01,Rajamahendravaram
03-04-2019,0.82,51.8,2.6,7.5,10.2,11.6,6.9,19,46,0.1,0.4,0.1,28.3,65,2.8,205,754,0,,,30.64,Rajamahendravaram
04-04-2019,0.78,39.3,3.5,7.5,11,10.7,7.3,15,38,0.1,0.4,0.1,28.2,65,2.7,204,755,0.3,,,30.71,Rajamahendravaram
05-04-2019,0.6,46.4,3.1,5.4,8.5,11,5.3,14,40,0,0.4,0.1,28.4,69,3.1,204,754,0,,,31.67,Rajamahendravaram
06-04-2019,0.53,60.1,2.5,7.8,10.3,11.6,4.9,17,44,0,0.3,0.1,28,68,3.7,206,754,18,,,32.04,Rajamahendravaram
07-04-2019,0.84,49.3,3.4,10.8,14.1,10.2,7.3,18,40,0.1,0.4,0.1,27.5,65,3.2,206,753,0,,,29.82,Rajamahendravaram
08-04-2019,0.75,33.2,4.5,8.1,12.6,12.7,6.8,12,33,0.1,0.5,0.2,28.6,66,3,203,752,0.3,,,30.2,Rajamahendravaram
09-04-2019,0.68,38,3.2,5.9,9.1,12.8,5.6,13,33,0,0.4,0.1,28.8,68,3.2,204,753,0,,,30.88,Rajamahendravaram
10-04-2019,0.54,47.1,2.5,5.9,8.4,12.9,5.7,14,38,0.1,0.4,0.1,28.9,65,3,202,753,0,,,31.21,Rajamahendravaram
11-04-2019,0.73,50.6,2.4,6.2,8.7,11.2,6.9,15,37,0,0.3,0.1,28.2,65,3.2,205,752,0,,,30.87,Rajamahendravaram
12-04-2019,0.7,47.4,2.6,8,10.6,13,7,13,39,0,0.4,0.1,29.3,63,3.1,203,752,0,,,31.61,Rajamahendravaram
13-04-2019,0.81,71.7,2.3,11.7,14,12.6,7.5,16,47,0,0.4,0.2,29.4,51,3.5,207,752,0,,,32.5,Rajamahendravaram
14-04-2019,0.66,41.3,2.7,7.4,10.1,13.9,5.5,12,39,0,0.3,0.1,29.2,64,2.9,207,752,0,,,32.58,Rajamahendravaram
15-04-2019,0.55,44.4,2.5,7,9.5,13.8,5.4,13,44,0,0.4,0.1,29.5,61,2.7,206,752,0,,,32.42,Rajamahendravaram
16-04-2019,0.74,47.1,3.9,12.3,16.2,14.8,6.1,23,64,0.1,0.4,0.1,29.3,61,2.6,208,752,0,,,32.04,Rajamahendravaram
17-04-2019,0.89,40.2,3.1,10.5,13.6,16.1,6.6,28,71,0.1,0.6,0.2,29,62,2.9,208,753,0,,,31.31,Rajamahendravaram
18-04-2019,0.95,32.7,3.3,8.7,12,17.4,6.6,23,63,0.1,0.5,0.2,29.3,64,2.8,203,753,0,,,31.54,Rajamahendravaram
19-04-2019,0.61,27.8,3.5,6.1,9.7,15.5,6,15,38,0.1,0.4,0.2,29.1,62,2.7,203,752,0,,,31.49,Rajamahendravaram
20-04-2019,0.38,35.7,2.6,8,10.7,13.2,5.5,12,36,0,0.5,0.2,29.1,62,3.3,201,751,0,,,31.83,Rajamahendravaram
21-04-2019,0.46,49.5,2.8,9.4,12.2,9.7,6.4,13,40,0,0.3,0.1,28.5,62,2.9,204,750,4.8,,,32,Rajamahendravaram
22-04-2019,0.56,74.2,2.2,12.2,14.4,9.6,7.4,17,44,0.1,0.5,0.2,29.7,55,2.8,203,750,0,,,31.7,Rajamahendravaram
23-04-2019,0.79,55.4,2.9,23.1,25.9,14.8,4.5,18,44,0.1,0.3,0.1,29,58,2.9,195,751,5.5,,,31.75,Rajamahendravaram
24-04-2019,0.65,45.3,4.1,17.4,21.5,15.2,6.1,21,56,0.1,0.6,0.2,29.8,58,2.7,209,752,0,,,32.37,Rajamahendravaram
25-04-2019,0.53,40.5,2.6,7.3,9.9,17.9,5.5,26,66,0,0.3,0.1,29.8,63,2.9,207,752,0,,,32.83,Rajamahendravaram
26-04-2019,0.4,51.3,1.9,5.7,7.6,13.5,5.6,23,57,0,0.3,0.1,30.5,61,2.8,207,750,0,,,33.57,Rajamahendravaram
27-04-2019,0.35,33.8,2.5,5.3,7.8,11.1,5.2,20,47,0,0.4,0.1,30.5,63,2.9,206,750,0,,,33.82,Rajamahendravaram
28-04-2019,0.3,27.9,2.7,3,5.7,9.8,5,13,34,0,0.3,0.1,30.6,60,3.3,207,750,0,,,33.63,Rajamahendravaram
29-04-2019,0.31,32,2.5,3.8,6.3,9.3,4.5,9,29,0,0.4,0.1,30.8,60,2.8,207,750,1.3,,,33.29,Rajamahendravaram
30-04-2019,0.51,39.3,2.5,7.1,9.7,9.8,7.1,14,42,0,0.4,0.1,30.2,60,3.2,203,748,0,,,33.04,Rajamahendravaram
01-05-2019,0.74,38.8,2.9,16.5,19.4,8.5,7.8,16,52,0.1,0.6,0.1,29.5,57,2.8,43,194,746,0,4,30.93,Rajamahendravaram
02-05-2019,0.92,60.5,2.3,21.4,23.7,13.8,11.2,39,78,0.1,0.6,0.1,28.9,60,2.3,243,186,743,0,3.5,30.8,Rajamahendravaram
03-05-2019,0.89,73,2,15.2,17.2,21.3,10.8,37,95,0.1,0.5,0.1,29.8,58,2.8,218,130,745,0,0,34.11,Rajamahendravaram
04-05-2019,1.03,91.5,1.8,13,14.8,14.7,9.9,38,114,0,0.4,0.1,32.8,54,2.7,223,202,749,0,0,34.25,Rajamahendravaram
05-05-2019,0.58,89.9,1.9,11.6,13.5,14.9,12.4,43,114,0,0.3,0.1,33.7,55,2.6,204,205,750,0,0,33.93,Rajamahendravaram
06-05-2019,0.57,61.6,1.8,8.7,10.5,20.6,12.4,38,99,0,0.4,0.1,31.8,63,3,158,174,749,0,0,33.95,Rajamahendravaram
07-05-2019,0.79,56.1,2.1,9.5,11.6,13.7,8,37,102,0,0.4,0.1,32.5,60,3,158,197,749,0,0,33.38,Rajamahendravaram
08-05-2019,1.22,75.4,1.9,11.2,13.1,11.8,10.3,38,101,0.1,0.4,0.2,32.7,59,2.8,163,195,748,0,0,32.89,Rajamahendravaram
09-05-2019,1.06,94.8,1.8,9.1,10.8,12,10.6,34,83,0,0.4,0.1,32.9,60,2.6,171,203,747,0,0,33.47,Rajamahendravaram
10-05-2019,1.07,84.9,1.7,7.4,9.1,11.7,11.2,31,74,0,0.4,0.1,32.2,63,3.2,162,205,748,0,0,32.35,Rajamahendravaram
11-05-2019,1.15,57.2,2.8,9.9,12.7,12.8,11,28,69,0,0.4,0.1,31.3,63,3.5,182,195,751,0,0,31.96,Rajamahendravaram
12-05-2019,0.87,57.2,1.8,5.2,7.1,11.8,9.8,30,77,0,0.3,0.1,31.7,63,3.6,182,203,750,0,0,32.36,Rajamahendravaram
13-05-2019,0.89,55.4,2.1,6.2,8.3,9.8,8,26,74,0,0.3,0.1,31.7,60,3.4,183,207,749,0,0,32.95,Rajamahendravaram
14-05-2019,1.14,58.7,2,7,9.1,10.1,8.6,26,82,0,0.4,0.1,31.9,59,2.8,198,206,749,0,0,33.27,Rajamahendravaram
15-05-2019,0.76,53.5,2.1,7.6,9.7,10.3,8.6,27,79,0,0.3,0.1,31.9,58,2.9,185,207,750,0,0,33.01,Rajamahendravaram
16-05-2019,0.85,52.4,2.2,9.1,11.2,9.7,9.3,30,79,0.1,0.4,0.1,31.6,58,3.3,191,205,751,0,0,32.4,Rajamahendravaram
17-05-2019,1.01,48.9,2.2,5.1,7.3,11,8.3,25,64,0,0.3,0.1,31.9,61,3.3,198,205,751,0,0,32.72,Rajamahendravaram
18-05-2019,0.82,55.4,2.1,6.3,8.4,10.2,10.3,27,71,0,0.3,0.1,31.9,62,3.4,216,208,749,0,0,32.47,Rajamahendravaram
19-05-2019,0.63,52,2.3,5.6,7.9,9.6,9.8,26,64,0,0.3,0.1,32,62,3.1,190,208,750,0,0,33.83,Rajamahendravaram
20-05-2019,0.87,44,2,5.5,7.5,8.4,8.6,19,53,0,0.3,0.1,31.7,61,3.2,180,209,751,0,0,32.64,Rajamahendravaram
21-05-2019,0.63,44.6,1.9,6.5,8.4,7.9,7,20,57,0,0.3,0.1,31.8,60,3.4,178,210,751,0,0,32.37,Rajamahendravaram
22-05-2019,0.86,43.1,2.1,4.6,6.7,8.8,8.2,19,59,0,0.3,0.1,31.3,63,3.5,197,208,750,0,0,31.58,Rajamahendravaram
23-05-2019,0.74,39.9,2,3.9,5.9,8.1,6.1,18,51,0,0.3,0.1,31.3,62,3.6,172,210,750,0,0,31.09,Rajamahendravaram
24-05-2019,0.71,45.9,1.9,4,6,7.8,6.2,20,53,0,0.3,0.1,31.6,63,3.4,189,208,747,0,0,32,Rajamahendravaram
25-05-2019,0.78,54.1,2,5.2,7.2,6.9,10.7,30,72,0,0.3,0.1,32.3,64,3.6,194,206,748,0,0,32.82,Rajamahendravaram
26-05-2019,0.62,68.5,2,6,8,7.3,12.1,32,75,0,0.3,0.1,33,62,3.6,169,203,747,0,0,33.5,Rajamahendravaram
27-05-2019,0.47,62.2,1.9,5.4,7.3,7.6,11.3,29,70,0,0.3,0.1,32.4,63,3.8,163,204,747,0.1,0,32.85,Rajamahendravaram
28-05-2019,0.57,64,2.1,7.6,9.6,8,7.6,24,63,0,0.3,0.1,32.1,59,3.7,173,206,747,0,0,32.74,Rajamahendravaram
29-05-2019,0.46,57.2,2.2,8.5,10.8,8.8,9.6,26,64,0,0.3,0.1,31.4,61,4.2,138,209,747,0,0,32.92,Rajamahendravaram
30-05-2019,0.6,82.6,1.7,11.4,13.1,8.3,11.4,29,67,0,0.3,0.1,31.7,54,3.3,189,207,747,0,0,31.56,Rajamahendravaram
31-05-2019,0.4,62.8,1.9,7.6,9.6,13.1,9.5,27,70,0,0.3,0.1,31.4,62,3.5,163,209,747,0,0,31.25,Rajamahendravaram
01-06-2019,0.57,64,2,10.3,12.3,13.4,10.9,34,86,0.1,0.4,0.2,30.8,64,2.8,155,203,747,0,0,31.64,Rajamahendravaram
02-06-2019,0.48,80.3,2,6.7,8.7,12.9,10.3,33,76,0,0.3,0.1,31.3,63,3.2,162,203,747,0,0,31.66,Rajamahendravaram
03-06-2019,0.46,61.4,2.2,17.2,19.3,10.1,8.4,24,63,0.1,0.5,0.2,28.6,70,2.6,118,179,748,0,0,31.53,Rajamahendravaram
04-06-2019,0.61,75.1,2.1,16.8,18.9,12.6,10.6,37,81,0.1,0.5,0.2,30.1,64,2.9,161,211,747,0,0,31.35,Rajamahendravaram
05-06-2019,0.42,74.5,1.8,7.3,9.1,16.9,10.3,26,61,0.1,0.4,0.1,31.2,63,3.2,171,207,747,0,0,31.31,Rajamahendravaram
06-06-2019,0.46,58.3,2.3,16.3,18.6,13.4,8.7,24,57,0.1,0.5,0.2,28.3,72,2.8,137,167,747,0,7.5,29.58,Rajamahendravaram
07-06-2019,0.55,56,3,15.5,18.5,14.6,9.1,27,60,0.1,0.5,0.2,29.9,66,2.8,173,210,747,0,0,30.2,Rajamahendravaram
08-06-2019,0.51,66.7,2.1,11,13.1,17.3,9.7,30,71,0,0.4,0.1,31.4,64,2.7,176,203,746,0,0,31.74,Rajamahendravaram
09-06-2019,0.65,84.9,2.2,15.9,18.1,18.9,15.7,59,115,0.1,0.4,0.2,31.3,59,3,180,198,745,0,0,31.93,Rajamahendravaram
10-06-2019,0.52,89.2,1.9,15.4,17.4,15.5,9.9,33,67,0.1,0.5,0.2,27.9,70,3.9,209,187,745,0,3.8,31.09,Rajamahendravaram
11-06-2019,0.55,80.7,1.9,11.6,13.5,15.7,8.6,19,54,0.1,0.4,0.1,31.1,61,2.8,235,210,745,0,16,31.53,Rajamahendravaram
12-06-2019,0.53,76.6,2,10.4,12.4,15.5,9,13,51,0,0.4,0.1,32.1,55,3.3,239,209,744,0,0,33.19,Rajamahendravaram
13-06-2019,0.54,64.9,2.3,12.8,15.1,13.9,12.2,17,49,0.1,0.4,0.1,32,50,4.5,254,207,745,0,0,32.37,Rajamahendravaram
14-06-2019,0.43,50.7,2.2,7.9,10,10.3,9.1,12,53,0,0.4,0.1,32.9,49,5,248,207,745,-0.1,0,32.65,Rajamahendravaram
15-06-2019,0.41,66.3,2.1,9.1,11.2,10.4,9.8,18,76,0,0.3,0.1,33.4,49,4.5,242,211,745,-0.1,0,33.58,Rajamahendravaram
16-06-2019,0.5,64.9,2.3,11.5,13.8,11.4,10.3,26,86,0,0.3,0.1,33.8,46,4.2,248,202,745,0,0,33.61,Rajamahendravaram
17-06-2019,0.47,48,2.5,14.4,16.9,11.2,7.6,22,54,0,0.4,0.2,29.2,65,3.6,311,189,747,0,3.8,30.46,Rajamahendravaram
18-06-2019,0.52,60,2.7,20,22.7,12.9,11.7,30,73,0.1,0.5,0.2,31.4,58,3,251,204,746,0,0.5,28.53,Rajamahendravaram
19-06-2019,0.47,64.2,2,14,16,15.7,9,24,74,0.1,0.4,0.2,32.8,50,3.4,254,201,744,0,0.8,31.47,Rajamahendravaram
20-06-2019,0.44,57.7,2.3,11.5,13.8,16,8.1,19,43,0,0.3,0.1,29.1,71,3.6,185,185,746,0,1.3,30.55,Rajamahendravaram
21-06-2019,0.6,58.2,2.5,15.6,18.1,14.7,10,19,42,0.1,0.5,0.2,29,71,2.8,211,195,746,0,18.8,29.17,Rajamahendravaram
22-06-2019,0.64,40,3.4,29.6,33.1,21.3,8.4,36,70,0.1,0.8,0.5,29,74,2,241,193,745,0,0.3,28.91,Rajamahendravaram
23-06-2019,0.53,49.8,2.8,20.3,23.1,26.5,7.3,25,42,0.1,0.5,0.3,27.9,80,2.1,176,165,746,0,8.3,28.7,Rajamahendravaram
24-06-2019,0.53,48.9,3,22,24.9,27.1,6.8,21,44,0.1,0.6,0.4,29.3,73,2.3,94,206,747,0,4.5,29.97,Rajamahendravaram
25-06-2019,0.52,39,2.7,15.6,18.3,23.4,7,16,39,0.1,0.5,0.3,29.6,71,2.8,131,210,748,0,0,29.53,Rajamahendravaram
26-06-2019,0.42,56.2,2.1,8.7,10.7,14.9,6.1,17,37,0,0.3,0.1,29.6,72,2.6,200,210,747,0,0,29.29,Rajamahendravaram
27-06-2019,0.47,58.4,2.2,9.2,11.5,14.5,7.6,14,41,0,0.3,0.1,31.1,62,3.4,242,207,745,0,0.3,30.64,Rajamahendravaram
28-06-2019,0.48,52.7,3,12.4,15.4,15.3,7.1,14,44,0,0.3,0.1,31.7,58,3.8,267,210,744,-0.1,0,29.71,Rajamahendravaram
29-06-2019,0.68,44.7,2.5,12.4,14.9,13.9,10.7,12,44,0,0.3,0.1,31.1,54,5,266,210,744,-0.1,0.5,29.05,Rajamahendravaram
30-06-2019,0.76,53,2.3,6.9,9.2,13.2,7,6,33,0,0.2,0.1,28.9,63,5.2,280,198,744,-0.1,0,29.16,Rajamahendravaram
01-07-2019,0.69,48.9,2.3,7.2,9.4,12.5,6.3,6,23,0,0.2,0.1,26.6,80,4.1,275,191,744,-0.1,9.8,28.15,Rajamahendravaram
02-07-2019,0.7,42.9,2.5,8.3,10.8,10.5,5.8,8,27,0,0.2,0.1,27.8,76,3.8,259,187,744,-0.1,0.5,29.43,Rajamahendravaram
03-07-2019,0.8,39,2.9,13.6,16.5,13.2,7.5,15,44,0,0.3,0.1,29.6,65,3.7,245,206,745,0,0,30.31,Rajamahendravaram
04-07-2019,0.86,44.1,3,12.9,15.8,16.4,5.9,14,39,0,0.4,0.2,29.7,65,3.4,244,197,744,0,9.8,31.43,Rajamahendravaram
05-07-2019,0.75,33.2,3,9.1,12.1,15.8,6.7,11,27,0,0.2,0.1,27.9,74,3.1,244,193,743,0,1,29.98,Rajamahendravaram
06-07-2019,0.82,34.2,3.4,12.3,15.7,15.6,8.1,15,42,0,0.3,0.2,28.5,72,3.4,229,193,743,0,0.5,30.67,Rajamahendravaram
07-07-2019,0.72,45.4,2.4,7.5,10,17.6,6.1,14,45,0,0.2,0.1,30,63,4,229,203,745,0,0,31.66,Rajamahendravaram
08-07-2019,0.7,41.9,3.1,11.3,14.4,15.1,7,12,39,0,0.3,0.2,29.6,66,3.6,231,208,746,0,0.8,30.03,Rajamahendravaram
09-07-2019,0.76,43.9,2.6,9.6,12.1,15.9,6.4,8,32,0,0.4,0.2,28.9,70,3.4,235,208,746,0,7,29.81,Rajamahendravaram
10-07-2019,0.61,48.6,2.3,7.4,9.7,14.9,7,6,33,0,0.3,0.1,30.1,66,3.5,244,206,746,0,2.3,29.49,Rajamahendravaram
11-07-2019,0.45,46.3,2.4,7.4,9.8,12.3,5.6,7,33,0,0.2,0.1,30.2,67,3.5,230,205,748,0,0,29.69,Rajamahendravaram
12-07-2019,0.46,52.4,2.2,7.1,9.4,12.1,6.8,8,32,0,0.3,0.1,30.6,63,2.8,234,208,749,0,1.8,30.04,Rajamahendravaram
13-07-2019,0.52,51.3,4.4,14.3,18.7,11.8,6.7,13,41,0,0.4,0.3,30.1,69,2.8,227,199,750,0,31.8,30.12,Rajamahendravaram
14-07-2019,0.45,45.6,2.2,6.3,8.5,11,4.5,7,29,0,0.2,0.1,29.5,72,3.1,266,207,749,0.5,4.5,28.36,Rajamahendravaram
15-07-2019,0.56,48.7,2.2,7.3,9.5,12.6,5.2,8,29,0,0.2,0.1,29.8,70,3.1,240,204,747,0,18.5,28.98,Rajamahendravaram
16-07-2019,0.75,52.4,2.3,9.9,12.1,13.7,7,16,58,0,0.2,0,31.6,64,2.8,278,214,747,0,0,28.97,Rajamahendravaram
17-07-2019,0.79,54,2.5,12.7,15.2,16.4,8.1,23,78,0,0.3,0.1,32.5,56,2.9,290,213,745,0,0,30.58,Rajamahendravaram
18-07-2019,0.79,49.5,2.5,13.3,15.9,17,7.2,23,53,0,0.3,0.1,29.9,70,2.4,278,197,744,0,19.8,29.08,Rajamahendravaram
19-07-2019,1.11,30.5,3.2,18.8,22,17.2,7.7,35,59,0.1,0.5,0.2,28.4,81,1.8,353,193,744,0.6,2.5,27.8,Rajamahendravaram
20-07-2019,0.93,47.4,2.4,13.5,15.9,17.3,4.8,21,41,0,0.4,0.1,29.4,76,2.9,142,209,745,0,2.5,28.72,Rajamahendravaram
21-07-2019,1.04,41,2.6,12.9,15.5,17.6,5.4,14,32,0,0.4,0.2,29.6,75,2.3,118,208,746,0,14.5,28.62,Rajamahendravaram
22-07-2019,0.75,31.9,2.5,8.6,11.1,16,6,15,34,0,0.3,0.1,30.5,71,2.9,115,210,746,0.1,0,28.92,Rajamahendravaram
23-07-2019,0.82,32.7,2.5,7.3,9.8,16.3,5.1,12,29,0,0.2,0.1,29.4,75,2.3,260,207,746,0,3.8,28.62,Rajamahendravaram
24-07-2019,0.86,43.7,2.2,9.9,12.1,14.8,4.5,15,33,0,0.3,0.1,30.3,72,2.1,217,200,747,0,2.5,28.33,Rajamahendravaram
25-07-2019,0.87,47.4,2.1,7.4,9.5,14.7,3.9,13,33,0,0.3,0.1,29.8,75,2.8,206,193,747,0,1.5,27.5,Rajamahendravaram
26-07-2019,0.64,28.5,2.1,2.2,4.4,14.1,3.8,4,14,0,0.1,0,26.7,85,4.9,257,186,747,-0.1,21.8,26.45,Rajamahendravaram
27-07-2019,0.7,26.9,2.6,5.1,7.7,11.5,4.9,10,25,0,0.1,0,27,83,4.2,255,195,746,-0.1,11.3,26.53,Rajamahendravaram
28-07-2019,0.69,20.3,3.7,6.3,10,10.5,5.3,10,27,0,0.1,0,26.6,86,4.6,259,182,746,-0.1,11.5,26.02,Rajamahendravaram
29-07-2019,0.68,21.9,3.3,9.5,12.8,10.9,5.6,11,32,0,0.3,0.1,27,81,3.1,243,186,746,0,2,26.68,Rajamahendravaram
30-07-2019,0.86,30.3,3.6,12.9,16.6,12.9,5.8,12,43,0.1,0.4,0.2,27.7,73,2.8,229,209,748,0,0.5,27.14,Rajamahendravaram
31-07-2019,0.78,34.3,3.5,11.9,15.3,18.6,6.1,11,41,0,0.4,0.2,28.4,71,3.2,248,211,748,0,0,27.39,Rajamahendravaram
01-08-2019,0.69,31.9,2.3,4.9,7.2,16.6,3.7,6,19,0,0.2,0.1,26.1,83,3.9,233,184,747,0,54.3,27.19,Rajamahendravaram
02-08-2019,0.68,22.2,3,3.9,7,13.2,4.2,4,13,0,0.1,0,25.5,87,5,247,186,746,-0.1,7.5,26.39,Rajamahendravaram
03-08-2019,0.74,26.4,3.3,5.6,9,11,5.3,8,32,0,0.2,0.1,27.1,77,3.5,249,205,747,-0.1,1.8,26.56,Rajamahendravaram
04-08-2019,0.7,32.6,2.7,5.9,8.6,10.7,5.3,8,34,0,0.2,0.1,28.2,69,4.5,248,208,746,-0.1,0,25.81,Rajamahendravaram
05-08-2019,0.68,36.7,2.5,4.8,7.3,12.7,4.9,6,23,0,0.2,0.1,27.7,71,5.2,253,203,744,-0.1,4.8,26.14,Rajamahendravaram
06-08-2019,0.65,26.2,2.7,5.1,7.8,11,3,3,11,0,0.1,0,25.9,85,4.9,253,178,743,-0.1,17.3,25.96,Rajamahendravaram
07-08-2019,0.79,22.5,3.5,4.1,7.6,8.5,4.5,4,13,0,0.2,0,26,85,5,257,181,742,-0.1,10,25.64,Rajamahendravaram
08-08-2019,0.78,33,2.6,7.2,9.8,9.3,5,8,27,0,0.1,0.1,27.4,77,3.7,222,199,742,0,1,26.83,Rajamahendravaram
09-08-2019,0.95,34.8,2.6,12.7,15.3,11.9,5.2,12,33,0.1,0.5,0.2,28.3,75,2.4,226,209,745,0,2,27.54,Rajamahendravaram
10-08-2019,0.91,34.7,3.3,12.4,15.8,13.1,6,16,59,0.1,0.4,0.2,29.2,70,3,269,212,746,0,0,27.99,Rajamahendravaram
11-08-2019,0.8,38.9,3.2,9.7,12.9,14.2,7.2,17,75,0,0.3,0.1,29.4,68,3.5,276,210,745,-0.1,0,27.93,Rajamahendravaram
12-08-2019,0.7,37.2,2.7,10.6,13.3,15.8,14.6,21,79,0,0.2,0.1,28.9,70,3.8,285,200,745,-0.1,0,27.21,Rajamahendravaram
13-08-2019,0.79,36.9,2.7,9.3,12,14.2,9.5,25,69,0,0.3,0.1,28.4,74,3.3,260,224,745,0,74.5,26.91,Rajamahendravaram
14-08-2019,1.09,51.3,2.1,12.6,14.7,12.9,6.8,17,58,0.1,0.5,0.2,30.9,68,2.3,223,236,748,0,0,27.66,Rajamahendravaram
15-08-2019,0.95,51.1,2.8,9.4,12.2,15.4,4.8,16,46,0,0.3,0.1,29.5,73,2.4,256,203,749,0,14.5,28.08,Rajamahendravaram
16-08-2019,0.85,45,2.8,11.7,14.5,14.2,5.9,16,41,0,0.4,0.2,28.9,76,2.1,249,199,748,0,27,28.42,Rajamahendravaram
17-08-2019,0.83,40.6,3.5,13.6,17.1,14.9,6,16,36,0,0.4,0.1,28.3,79,2.4,270,187,748,0,1.8,29.07,Rajamahendravaram
18-08-2019,0.72,38.1,2.9,9.8,12.8,12.2,8.1,12,31,0,0.3,0.1,28.3,79,2.2,263,190,749,0,52.8,27.91,Rajamahendravaram
19-08-2019,0.84,48.1,3.2,10.8,14,13.2,6.9,15,45,0,0.2,0.1,29.4,73,2.5,255,204,749,0,0.3,27.91,Rajamahendravaram
20-08-2019,0.83,47.5,2.2,10,12.1,12.2,7.9,14,32,,,,28.3,75,3.2,246,201,748,0,1,27.71,Rajamahendravaram
21-08-2019,0.7,46.6,2.5,9.7,12.2,12.7,15.7,19,43,,,,28.7,74,4.2,262,206,747,-0.1,0.8,27.41,Rajamahendravaram
22-08-2019,0.65,61.7,2.2,8.7,10.9,10.1,23.5,21,52,0.4,4.3,1.1,28.9,69,4.2,276,208,746,-0.1,0,27.31,Rajamahendravaram
23-08-2019,0.74,46.1,2.2,7.5,9.7,9,13.2,15,37,0.4,2.6,0.4,27.1,78,4.8,267,194,747,-0.1,0,26.42,Rajamahendravaram
24-08-2019,0.79,33.6,3.5,10.9,14.4,8.2,9.3,20,45,0.3,5.4,0.9,27.4,81,2.8,260,189,747,0,5,27.12,Rajamahendravaram
25-08-2019,0.72,42.9,2.5,9.4,11.9,9.9,6.6,16,40,0.4,5.8,0.9,28.8,74,2.9,241,205,746,0,0,26.83,Rajamahendravaram
26-08-2019,0.66,44.1,2.3,9.2,11.5,12.5,6.8,14,46,0.4,5,1.1,29.1,71,2.9,233,201,747,0,12,27.35,Rajamahendravaram
27-08-2019,0.72,48.5,2.1,8.9,11,13.5,7.1,17,59,0.6,5,1.1,29.7,66,3.1,260,207,747,0,0,27.64,Rajamahendravaram
28-08-2019,0.9,50.4,2.3,9.3,11.6,12.9,6.4,17,68,0.5,6,1.1,30.2,66,2.6,248,202,748,0,1.3,27.68,Rajamahendravaram
29-08-2019,0.75,52.2,1.9,5.9,7.8,12,4.4,16,52,0.4,4.2,0.4,30.1,69,2.3,235,200,747,0,0.3,27.27,Rajamahendravaram
30-08-2019,0.69,50.4,2.2,5.6,7.8,13.2,6,12,45,0.2,3.5,0.2,29.7,70,2.9,274,198,745,0,0,28.45,Rajamahendravaram
31-08-2019,0.68,39.7,2.5,4.7,7.3,10.9,4.2,8,26,0.5,4.1,0.2,27.5,79,3.8,268,186,744,-0.1,6.3,26.36,Rajamahendravaram
01-09-2019,0.7,30.6,2.3,3.3,5.6,10,6.8,7,22,0.7,3.2,0.3,27.1,81,4,249,188,746,-0.1,0,26.02,Rajamahendravaram
02-09-2019,0.59,27.8,2.5,4.1,6.6,7.7,6,5,14,0.8,2.5,0.1,26.1,86,3.9,256,181,747,-0.1,31.8,25.24,Rajamahendravaram
03-09-2019,0.61,27.5,2.5,3.3,5.8,7.7,5.1,5,19,0.7,2.7,0.3,26.6,84,3.7,250,181,746,-0.1,0.8,26.37,Rajamahendravaram
04-09-2019,0.64,26.9,2.8,4.7,7.6,7,5.5,7,25,0.5,3.6,0.3,27.3,80,3.5,246,194,744,-0.1,8,26.26,Rajamahendravaram
05-09-2019,0.7,28.6,2.5,5.8,8.3,7.3,5.2,9,27,0.3,4.8,0.4,27.7,80,3.2,237,192,744,0,6.3,26.73,Rajamahendravaram
06-09-2019,0.56,28.3,2.5,3.2,5.8,7.9,3.3,5,19,0.6,1.9,0.1,27,80,4.4,257,182,744,-0.1,12.3,25.95,Rajamahendravaram
07-09-2019,0.66,27.8,2.9,5.5,8.4,8.4,6,8,28,0.6,3.2,0.1,28.1,75,3.9,254,191,745,-0.1,1.3,27.17,Rajamahendravaram
08-09-2019,0.65,33.1,2.1,5.5,7.6,8.5,5.1,7,26,0.3,3.3,0.1,29.1,70,3.7,247,205,747,0,0,27.47,Rajamahendravaram
09-09-2019,0.63,36,2.1,4.5,6.6,10.1,5.7,9,36,0.3,3.3,0.2,29.6,68,3.6,241,201,747,0,0,27.94,Rajamahendravaram
10-09-2019,0.71,38.5,2.5,9.8,12.3,10.1,5.4,12,43,0.2,4.6,0.6,29,72,3.1,244,196,747,0,0.5,27.3,Rajamahendravaram
11-09-2019,0.87,37.2,2.7,15.6,18.3,8.6,6,19,60,0.2,5.8,1,28.5,77,2,240,186,749,0,1.8,27.19,Rajamahendravaram
12-09-2019,0.77,34.2,4.6,14.1,18.8,8.5,6.4,13,40,0.3,4.6,0.8,27.8,77,3,236,189,750,0,1.5,26.66,Rajamahendravaram
13-09-2019,0.84,36.6,3,16,18.9,8.3,6.1,15,43,0.4,6.5,1,28.2,77,2.4,289,194,751,0,13.3,26.79,Rajamahendravaram
14-09-2019,0.7,39.9,2.3,12.8,15.1,8.3,5.5,16,42,0.3,5,0.7,28.8,74,2.5,273,198,751,0,0,27.4,Rajamahendravaram
15-09-2019,0.79,35.3,2.6,14.4,17.1,8.1,6.2,12,31,0.2,7.3,1.4,28.2,80,2,275,192,750,0,22.8,27.75,Rajamahendravaram
16-09-2019,0.71,39.3,2.2,13.6,15.7,9.2,9.1,17,40,0.1,3.3,0.3,29.2,76,2.2,255,193,748,0,0.8,27.88,Rajamahendravaram
17-09-2019,0.81,39.8,2.3,13.6,15.8,9.1,7.1,19,41,0.2,5.1,0.7,28.4,78,2.4,100,187,747,0,2.8,27.8,Rajamahendravaram
18-09-2019,0.75,25.5,3.4,11.7,15.1,7.2,5.2,10,26,0.3,5.1,1.2,27.8,79,2.5,69,184,749,0,5.3,27.3,Rajamahendravaram
19-09-2019,0.82,24.2,2.6,15.2,17.8,6.7,6.2,8,21,0.2,6.5,1.6,27.8,80,2.2,74,192,750,0,3.5,27.16,Rajamahendravaram
20-09-2019,0.85,34.6,3,17.4,20.5,6,6.2,7,26,0.3,7,2,28.2,78,2,132,194,751,0,7.3,27.12,Rajamahendravaram
21-09-2019,0.74,25.6,3.1,16.6,19.6,6.2,4.7,9,32,0.3,7.2,1.6,28.9,75,1.9,111,192,750,0,0.8,27.38,Rajamahendravaram
22-09-2019,0.74,29.1,2.2,10.8,13,6.2,4.9,7,28,0.2,4.4,0.8,29.2,70,2.5,90,197,751,0,0,27.58,Rajamahendravaram
23-09-2019,0.84,38.1,2.5,12.7,15.2,7.2,7,11,30,0.3,4.9,0.9,28.6,74,2.3,352,193,751,0,0.3,27.34,Rajamahendravaram
24-09-2019,0.82,23.1,2.6,12.7,15.2,6.6,5.9,5,20,0.4,6.1,1.3,27.6,79,2.3,118,184,751,0,0,26.59,Rajamahendravaram
25-09-2019,0.82,22.8,3.7,14.6,18.3,5.6,5.9,5,13,0.4,8.3,2.6,26.8,84,2.2,116,173,753,0,26.3,26.35,Rajamahendravaram
26-09-2019,0.83,15.2,4.3,14.9,19.3,5.4,5.4,4,12,0.6,8.2,2.4,26.2,86,2.2,83,175,757,0,16.5,26.44,Rajamahendravaram
27-09-2019,0.79,20.3,4.7,15.1,19.8,5.9,5.7,6,23,0.6,7.2,1.7,27.4,79,1.8,53,186,758,0,0,26.75,Rajamahendravaram
28-09-2019,0.84,21.7,4.3,10.9,15.3,5.3,5.2,6,25,0.5,5.2,1.3,28.6,72,2.2,221,196,756,0,0.3,26.83,Rajamahendravaram
29-09-2019,0.92,18.3,5.9,11.3,17.2,8.6,5.7,12,33,0.4,4.8,1.2,29.1,72,2,196,194,756,0,0,26.21,Rajamahendravaram
30-09-2019,0.99,15.3,5.9,14.2,20.2,8.6,4.8,17,37,0.3,6.2,1.6,28.3,75,1.9,211,187,755,0,1.5,26.85,Rajamahendravaram
01-10-2019,0.82,23.3,3,11.7,14.7,7,5.6,9,28,0.4,4.2,0.8,29.2,72,2.2,251,194,754,0,0,27.2,Rajamahendravaram
02-10-2019,0.89,27,2.8,14.2,17,6.9,7,7,28,0.6,5.3,1.4,28.1,76,2.3,263,177,754,0,6.8,26.84,Rajamahendravaram
03-10-2019,0.82,35.1,2.9,15.1,18.1,7.5,6.9,14,36,0.6,5.8,1.4,27.7,77,2.3,286,181,754,0,2.3,27.43,Rajamahendravaram
04-10-2019,0.98,34.7,2.4,18.1,20.5,7.9,7,21,56,0.7,7.9,2.1,28.2,74,1.9,275,187,753,0,0,26.99,Rajamahendravaram
05-10-2019,1.1,33.2,2.8,18.8,21.5,9.6,5.5,20,51,0.8,7.8,2.1,27.7,76,2,310,186,753,0,6.8,26.97,Rajamahendravaram
06-10-2019,0.87,34,2.5,12.5,15.1,10.7,6.9,12,27,0.6,4.9,1.2,28.3,74,2.1,301,196,753,0,6.5,26.85,Rajamahendravaram
07-10-2019,1.04,36.1,2.4,17.6,20,11,6,18,41,0.9,6.7,1.9,28.3,73,2,293,186,753,0,0.5,27.2,Rajamahendravaram
08-10-2019,0.87,35.5,2.2,16.7,18.9,10.3,5.6,15,33,0.8,6.7,1.6,27.2,78,1.6,30,186,753,0,27.5,26.77,Rajamahendravaram
09-10-2019,0.88,42,2.1,14.1,16.2,8,5.7,17,35,0.5,5.7,1.3,28.1,75,1.8,85,190,753,0,0,26.68,Rajamahendravaram
10-10-2019,0.86,39.7,2.4,14.8,17.1,7.5,6.8,8,20,0.6,5.3,1.4,27.1,80,1.9,285,178,754,0,18.8,26.69,Rajamahendravaram
11-10-2019,0.87,23.2,3.5,13.7,17.2,7.4,5,13,28,0.4,6.4,1.6,28.6,74,2,212,194,755,0.1,0.3,26.4,Rajamahendravaram
12-10-2019,0.8,35.6,2.6,12.6,15.3,7.5,5.6,9,28,0.7,4.6,1.1,28.1,71,2.3,340,195,754,0,0.3,27.34,Rajamahendravaram
13-10-2019,0.78,29.7,2.3,12.7,15,6.9,4.6,6,19,0.6,4.1,1,28,76,1.8,7,185,754,0,15.5,27.26,Rajamahendravaram
14-10-2019,0.86,46.8,2.1,14.1,16.1,7,7.9,14,33,0.7,5.1,1.1,28.7,69,2.7,71,190,755,0,0.3,26.9,Rajamahendravaram
15-10-2019,0.89,60.3,1.7,14.4,16.1,9.4,9.8,33,67,0.9,5.4,0.8,28.8,67,3.1,64,194,755,0,0,26.5,Rajamahendravaram
16-10-2019,0.9,48.9,2.1,18.4,20.5,7.6,9.2,29,64,0.9,7.6,1.3,27.1,75,2.7,66,184,755,0,0,26.27,Rajamahendravaram
17-10-2019,0.81,31.4,2.4,17.3,19.7,6.9,8.1,15,38,0.7,6.6,1.1,27.5,76,3.3,84,187,755,0.1,0.3,26.08,Rajamahendravaram
18-10-2019,0.83,30.4,2.8,17.1,19.9,5.7,6.7,10,27,0.6,5.7,1.1,27.6,77,2.7,81,178,755,0.1,0,26.08,Rajamahendravaram
19-10-2019,0.94,22.8,5,20.6,25.6,5.5,5.4,10,28,0.7,8.6,2.5,26.3,84,2.2,70,173,756,0,15.8,25.78,Rajamahendravaram
20-10-2019,0.72,33.8,2,12.8,14.8,4.1,5.3,6,22,0.5,4.5,0.8,27.8,77,2.8,83,192,754,0.1,2,25.86,Rajamahendravaram
21-10-2019,0.97,20.5,3.9,19.4,23.3,5.3,6,12,33,0.7,7.9,1.7,26.7,83,1.4,27,178,754,0,0.5,25.54,Rajamahendravaram
22-10-2019,0.86,21.6,3.1,15,18.1,4.6,5.6,9,17,0.5,5.6,0.9,25.5,87,1.8,16,148,752,0,16,24.96,Rajamahendravaram
23-10-2019,0.88,19.2,5.3,13.1,18.5,4.3,4.9,5,12,0.5,4.9,0.9,25.9,86,2.1,340,143,749,0,35.8,25.76,Rajamahendravaram
24-10-2019,0.76,33.5,2.2,10.6,12.8,6.4,6.7,11,29,0.4,2.9,0.4,27.5,80,2.8,229,188,750,0,9,26.07,Rajamahendravaram
25-10-2019,0.79,37.6,2.4,14.1,16.4,6.8,6.9,16,40,0.3,4,0.5,28,76,2.1,223,186,752,0,7.3,24.96,Rajamahendravaram
26-10-2019,0.96,23,5.3,22.3,27.6,6.8,5,11,32,0.7,8.4,1.9,27.2,80,1.6,265,176,754,0,12.8,25.92,Rajamahendravaram
27-10-2019,0.96,28.6,10.4,20.7,31.1,6.4,40.8,134,183,0.5,8.1,1.6,27.7,78,1.6,281,182,754,0,2.5,26.57,Rajamahendravaram
28-10-2019,0.88,35.5,2.9,16.5,19.4,9.5,13.7,39,72,0.6,5.4,0.7,28.6,74,2.3,84,190,755,0,0,26.12,Rajamahendravaram
29-10-2019,0.94,35.4,2.1,14.5,16.6,8.9,6.2,25,55,0.6,5.5,0.7,27.8,76,2.7,84,183,755,0.1,0,26.03,Rajamahendravaram
30-10-2019,0.81,43.5,2.2,14.3,16.5,7.4,9.2,23,56,0.8,4.8,0.4,27.7,73,2.6,83,185,755,0,0,26.15,Rajamahendravaram
31-10-2019,0.78,39.8,2.1,14.1,16.2,6.6,6.6,20,48,0.5,4.5,0.5,28.3,72,2.1,244,196,755,0,0,26.32,Rajamahendravaram
01-11-2019,0.79,39.2,2,11.9,13.9,5.4,5.5,10,40,0.5,3.3,0.4,28.5,69,2.2,324,193,754,0,0.3,26.48,Rajamahendravaram
02-11-2019,0.92,51.9,2.1,16.3,18.4,8.9,8.1,43,89,0.7,5.8,0.7,28.5,69,2.1,60,184,755,0,0,26.32,Rajamahendravaram
03-11-2019,1.11,45.2,3.4,21.5,24.8,11.3,11.7,64,126,1.2,7.8,1.4,28.5,68,1.6,316,189,756,0,0,26.4,Rajamahendravaram
04-11-2019,1.17,52.8,2.7,21.9,24.6,12.3,11.7,60,125,1.1,8.5,1.1,28.5,62,1.9,352,189,756,0,0,26.48,Rajamahendravaram
05-11-2019,1.31,70.4,1.9,21.7,23.6,16.2,12.8,80,150,1.7,11.7,1.6,28.8,62,2.2,35,187,754,0,0,26.14,Rajamahendravaram
06-11-2019,1.34,50.3,2.2,26.2,28.4,17.5,11.3,76,143,1.5,9.3,1.4,28,66,2,347,186,752,0,0.3,26.13,Rajamahendravaram
07-11-2019,1.19,53.8,2,23.5,25.6,15.5,10.8,70,138,1.4,8.7,1.2,27.2,62,2.4,336,189,752,0,0,25.32,Rajamahendravaram
08-11-2019,0.94,62.9,2.2,17.6,19.8,14.3,10.8,64,113,0.9,4.3,0.4,26.5,60,2.7,327,190,752,0,0,24.24,Rajamahendravaram
09-11-2019,0.86,53.9,2.2,17.6,19.8,12.3,10.7,46,91,0.8,3.7,0.3,26.5,61,3.1,322,185,752,0,0.3,24.64,Rajamahendravaram
10-11-2019,0.97,57.1,2.2,18.2,20.4,10.4,9.8,42,90,1,5.5,0.5,28,61,2.2,331,191,753,0,0,26.01,Rajamahendravaram
11-11-2019,1.05,55.5,2.1,23,25.1,11.8,9.2,41,91,1.4,9.8,0.9,28.5,63,2.1,47,187,754,0,0,26,Rajamahendravaram
12-11-2019,0.88,59.8,1.9,18.4,20.3,10.8,9.3,42,83,1.1,7.1,0.5,27.9,65,2.6,48,187,756,0,0,24.96,Rajamahendravaram
13-11-2019,0.86,74,1.8,17.2,19.1,9.4,11.7,43,84,1,6.7,0.4,27.5,65,3.1,72,189,757,0,0,24.14,Rajamahendravaram
14-11-2019,0.96,79.6,1.9,17.8,19.7,8.9,10.3,54,103,1.1,6.4,0.5,27.2,66,3,55,187,757,0.5,0,23.79,Rajamahendravaram
15-11-2019,1.02,79.3,1.9,20.3,22.2,8.8,11.4,61,109,1.4,8.4,0.6,27.3,66,3,83,189,756,0,8.5,23.54,Rajamahendravaram
16-11-2019,1.05,73.9,1.8,20.5,22.3,8.9,10.8,57,103,1.5,8,0.6,28.2,63,2.2,67,187,756,0,0,23.46,Rajamahendravaram
17-11-2019,0.98,56.7,2.1,15.9,17.9,8.6,8.7,41,87,1,5.3,0.4,28.5,64,2.2,51,185,756,0,0,24.84,Rajamahendravaram
18-11-2019,0.9,59.4,2,17.5,19.5,10.6,9.5,43,83,1.1,7,0.5,28.4,68,2.7,80,182,756,0,0,25.15,Rajamahendravaram
19-11-2019,1,77.5,1.9,17,18.8,12.3,14.4,69,116,1.2,7,0.5,27.8,68,2.9,84,185,756,0.1,0,23.93,Rajamahendravaram
20-11-2019,0.97,82.4,1.8,17.9,19.7,9.6,12.8,72,118,1.2,6.9,0.6,27.1,69,3.4,75,183,756,0.1,0,23.27,Rajamahendravaram
21-11-2019,0.88,81.4,1.6,19.7,21.3,7,9.7,54,100,1.1,6.6,0.5,27.1,64,3.3,75,188,757,0.1,0,23.33,Rajamahendravaram
22-11-2019,0.87,69.5,1.8,20,21.7,6.8,9.7,52,96,1.1,7.6,0.7,26.7,68,2.4,62,183,758,0,0,22.7,Rajamahendravaram
23-11-2019,0.88,65.9,2,21.4,23.4,7.8,9.4,66,112,1.3,8.4,0.7,26.8,67,2.3,61,185,758,0.5,0,22.96,Rajamahendravaram
24-11-2019,0.9,72,1.7,18,19.8,8.8,10.1,72,118,1,6,0.4,26.5,68,2.4,62,184,757,0,0,22.84,Rajamahendravaram
25-11-2019,0.97,71.5,1.8,21.2,23,9.9,12,83,132,1.2,7.7,0.6,26.5,67,3,72,188,757,0.6,0,22.95,Rajamahendravaram
26-11-2019,0.99,79.4,1.7,20.3,22,8.6,11.2,80,125,1.3,7.4,0.6,26,65,3.1,62,188,756,0,0,22.97,Rajamahendravaram
27-11-2019,0.9,74.7,1.9,20.3,22.2,7.2,8.1,66,112,1.4,7.3,0.5,26.4,65,3.3,71,186,756,0,0.8,23.2,Rajamahendravaram
28-11-2019,0.99,54.7,2,23.2,25.2,7.2,9.4,53,103,1.4,8,0.7,26.8,67,3.2,81,187,757,0,0,23.02,Rajamahendravaram
29-11-2019,0.9,55.2,2.1,20,22.1,7.6,9.1,47,92,1.4,15.1,0.7,27.3,67,2.8,79,186,757,0,0,23.28,Rajamahendravaram
30-11-2019,1.06,60,2,20.6,22.6,10.2,8.2,61,107,1.5,7.9,0.7,27.5,69,2.7,82,183,756,0,0,24.42,Rajamahendravaram
01-12-2019,0.95,61.7,1.7,18.8,20.5,11,10.9,62,110,1.4,6.1,0.5,27.3,72,2.8,79,180,757,0,0,24.27,Rajamahendravaram
02-12-2019,0.96,81.3,1.7,16.9,18.7,10.7,11.6,66,115,1.5,6.7,0.5,27.2,68,3.2,75,175,757,0.1,0,24.3,Rajamahendravaram
03-12-2019,0.93,80.2,1.7,20.6,22.3,10.5,14.3,73,129,1.4,7.3,0.6,26.9,62,3.1,70,182,758,0.1,0,23.51,Rajamahendravaram
04-12-2019,0.95,76,1.8,21.4,23.2,9,12.7,69,125,1.2,6.5,0.6,26.1,63,3.4,75,186,759,0,0,22.5,Rajamahendravaram
05-12-2019,0.89,80.4,1.8,19.2,21.1,8.5,13.5,72,121,1.1,5.8,0.5,25.8,62,3,62,187,760,0,0,21.75,Rajamahendravaram
06-12-2019,0.93,83.3,1.8,23.8,25.5,8.6,14.8,73,126,1.4,6.9,0.6,25.5,59,2.6,51,187,760,0,0,20.93,Rajamahendravaram
07-12-2019,0.84,65,1.8,19.3,21,6.1,8.4,42,85,1.1,6,0.5,25.5,64,3.1,71,189,758,0,0,22.22,Rajamahendravaram
08-12-2019,0.76,48.8,2.1,17.5,19.6,6,9.6,30,68,0.9,5.3,0.4,26.2,67,2.9,72,186,758,0,0,23.18,Rajamahendravaram
09-12-2019,0.83,45,2.1,17.7,19.8,5.9,7.2,23,56,0.9,6.2,0.5,26.2,67,2.9,77,186,759,0,0,23.38,Rajamahendravaram
10-12-2019,0.73,48.8,2.1,16.2,18.3,6.2,6.8,22,55,0.8,4.9,0.4,26.6,63,2.2,59,184,758,0,0,23.15,Rajamahendravaram
11-12-2019,0.86,47.6,2.1,19.3,21.4,7.3,7,31,66,1.2,6.5,0.7,26.2,67,2.2,77,186,756,0,0,23.23,Rajamahendravaram
12-12-2019,0.76,44.7,2.1,19.5,21.6,7.7,5.3,30,62,1,6.1,0.6,26,68,3.1,82,186,756,0.1,0,23.08,Rajamahendravaram
13-12-2019,0.81,47.8,2.1,18.8,20.8,8.1,7.9,31,71,1,6,0.7,25.8,70,3.1,81,184,757,0,0.3,23.41,Rajamahendravaram
14-12-2019,0.76,52.1,2,17.6,19.6,8.2,6.4,41,85,1.1,6,0.7,26.1,71,3.2,80,184,759,0,0.3,23.89,Rajamahendravaram
15-12-2019,0.79,50.2,2,17.8,19.8,7.5,7,38,74,0.9,5.1,0.6,26,68,3,83,185,758,0,0.3,23.33,Rajamahendravaram
16-12-2019,0.88,54,2,19.5,21.5,7.5,9.8,42,80,1.1,6.2,0.9,25.7,68,2.9,82,187,758,0,1.3,23.12,Rajamahendravaram
17-12-2019,0.93,65.3,1.9,18.9,20.8,7.8,8.5,57,96,1.3,6,0.7,25.8,65,3.1,74,186,759,0,0,23.09,Rajamahendravaram
18-12-2019,1.07,61.9,1.7,21.7,23.4,8.3,8.9,72,119,1.7,7.4,1.1,25.7,71,2.4,61,180,759,0,0,23.51,Rajamahendravaram
19-12-2019,1.02,62.5,1.7,19.6,21.3,8.2,8.8,73,121,1.6,6.3,0.9,26.1,71,2.3,73,180,758,0,0,23.68,Rajamahendravaram
20-12-2019,0.95,62.7,1.8,19.3,21.1,8.9,8.4,72,119,1.3,4.7,0.7,26.1,69,2.1,31,183,758,0,0,23.42,Rajamahendravaram
21-12-2019,0.96,61.7,1.8,21.3,23.1,8.8,8.8,69,117,1.3,5.6,0.8,25.7,71,2.6,49,182,757,0,0,23.26,Rajamahendravaram
22-12-2019,0.91,74.6,1.8,20.2,22,9.2,10.8,68,112,1.1,4.8,0.8,25.6,67,2.6,78,184,758,0,0,22.92,Rajamahendravaram
23-12-2019,0.98,73.3,2,21.5,23.5,8.8,12.1,72,123,1.4,6.1,0.8,25.3,68,3,82,185,758,0.1,0,22.56,Rajamahendravaram
24-12-2019,0.98,79.8,1.8,19.4,21.2,8.3,8.9,80,125,1.5,5.5,0.7,25.2,67,3.3,79,181,759,0,0,22.55,Rajamahendravaram
25-12-2019,1.08,60.4,3.5,28.2,31.7,7.9,11.5,69,123,2,7.7,1.1,25.3,63,2.6,90,185,758,0,0,22.8,Rajamahendravaram
26-12-2019,0.93,47.8,2.1,19.7,21.8,7.9,7.7,43,84,1.4,5.8,0.8,25.6,69,2.1,88,181,757,0,0,23.8,Rajamahendravaram
27-12-2019,0.97,40.1,2.5,22,24.5,10.7,7.1,38,75,1.6,7.3,1.1,26,69,1.8,302,179,756,0,0,24.64,Rajamahendravaram
28-12-2019,1.01,48.1,3.3,24.2,27.5,12.5,7.7,60,101,1.7,7.4,0.9,24.6,76,3.1,80,180,757,0,6.8,22.71,Rajamahendravaram
29-12-2019,1,81.2,1.8,19.7,21.4,12.3,11.6,69,109,1.5,4.8,0.5,24,63,3.1,83,188,758,0,0,21.98,Rajamahendravaram
30-12-2019,0.81,80.7,1.9,19.8,21.7,9.8,9.4,51,88,1.2,5.2,0.6,23.8,65,3.5,81,190,758,0,0,21.94,Rajamahendravaram
31-12-2019,0.91,83.9,1.7,20.1,21.9,9.6,10.5,54,92,1.2,4.8,0.8,24.3,66,3.7,77,189,759,0.1,0,21.73,Rajamahendravaram
01-01-2020,0.95,69.6,1.8,17.9,19.7,9.2,8.5,57,81,1.2,4.2,0.5,24.7,70,3.9,83,186,759,0.1,0,23.15,Rajamahendravaram
02-01-2020,0.9,80.7,1.7,17.9,19.6,8.5,11.4,40,67,1.1,5.2,0.5,24.3,69,4,80,183,760,0.1,0,23.86,Rajamahendravaram
03-01-2020,0.88,67.3,1.7,17.8,19.6,8,9.6,38,66,1.3,4.5,0.6,25.1,70,3.2,109,184,758,0.1,0.5,24.95,Rajamahendravaram
04-01-2020,0.83,53.7,1.9,17.3,19.2,8.8,6.4,22,39,1.1,4.9,0.6,24.7,77,2.6,100,174,756,0,3.5,23.14,Rajamahendravaram
05-01-2020,0.85,44.5,2.1,19.8,21.9,10.4,9.8,28,52,1.4,7,0.7,24.5,75,2.8,87,180,757,0,0,23.23,Rajamahendravaram
06-01-2020,0.83,64.4,1.9,17.7,19.6,12.8,10.8,46,73,1,4.1,0.6,24.5,69,4,85,185,760,0.1,0,23.23,Rajamahendravaram
07-01-2020,0.84,82.1,1.7,16.5,18.2,11.4,12.4,58,86,1.1,3.8,0.5,24,68,4.1,87,187,759,0.1,0,22.74,Rajamahendravaram
08-01-2020,0.76,80.9,1.7,19,20.7,5.9,10.9,61,95,1.3,5.4,0.8,24.1,69,3,101,188,758,0.1,0,22.64,Rajamahendravaram
09-01-2020,0.8,57.4,2.6,27.3,29.9,5.3,8.3,54,99,1.5,5.5,1,24.4,70,1.9,202,186,757,0,0,23.3,Rajamahendravaram
10-01-2020,0.75,53.7,2.3,25.8,28.1,13.9,10.2,62,109,1.7,6.4,1,24.2,74,2.2,81,182,758,0,0,23.61,Rajamahendravaram
11-01-2020,0.73,60.4,2,19.8,21.9,15.6,8.7,66,106,1.3,4.3,0.7,23.6,72,2.4,41,183,759,0,0,23.56,Rajamahendravaram
12-01-2020,0.84,74,2,20.9,22.9,13.9,9.6,88,135,1.6,4.9,0.6,23,71,2.4,77,188,758,0,0,22.34,Rajamahendravaram
13-01-2020,0.75,78.6,1.8,22.3,24.2,15.1,9.9,80,126,1.8,5.4,0.9,23,70,2.1,29,190,756,0,0,22.45,Rajamahendravaram
14-01-2020,1.38,70.3,2.9,31.6,34.5,21.5,14.9,134,186,3,10,1.6,23,72,2,80,186,756,0,0,22.54,Rajamahendravaram
15-01-2020,0.82,67.1,2,18.6,20.5,21,10.4,82,116,1.6,5.7,0.8,22.9,69,2.5,98,189,757,0,0,22.61,Rajamahendravaram
16-01-2020,0.68,66.5,1.8,16,17.8,14.9,8.7,58,86,1,3.6,0.5,22.8,70,2.6,80,188,757,0,0,22.83,Rajamahendravaram
17-01-2020,0.56,58.1,2.1,18.3,20.4,13.9,8.3,43,67,0.9,3.2,0.4,22.1,70,2.8,94,188,757,0,0,23.84,Rajamahendravaram
18-01-2020,0.62,46.8,2,16.4,18.5,10.2,7,46,73,1.1,4.1,0.6,23.5,72,2.6,87,185,757,0,0,24.13,Rajamahendravaram
19-01-2020,0.64,51,2.4,18.5,20.9,11.1,8.1,41,74,1,3.8,0.5,23.8,69,2.4,44,187,758,0,0,24.76,Rajamahendravaram
20-01-2020,0.61,45.7,2.6,25.6,28.2,20.8,8.4,37,76,1.2,6,1.2,22.2,70,2.3,331,179,758,0,0,24.62,Rajamahendravaram
21-01-2020,0.58,44.3,1.9,16.8,18.7,11.6,6.3,35,71,0.8,4.6,0.5,25,70,2.9,96,190,760,0.1,0,24.16,Rajamahendravaram
22-01-2020,0.57,54.9,2,17,19,14.9,7.8,49,85,0.9,4.4,0.6,24.8,69,2.8,97,188,760,0.1,0,24.51,Rajamahendravaram
23-01-2020,0.78,52.6,1.8,17,18.9,15.2,6.3,71,116,1.1,4.8,0.8,24.5,72,2.2,265,186,759,0,0,24.51,Rajamahendravaram
24-01-2020,0.83,55.7,2,17.2,19.3,19.7,7.4,72,123,1.3,4.3,0.5,24.7,70,2.4,202,188,758,0,0,24.78,Rajamahendravaram
25-01-2020,0.67,48.6,2.1,17.5,19.7,20.3,7.7,56,93,1.2,4.4,0.6,24.5,68,2,221,188,758,0,0,24.72,Rajamahendravaram
26-01-2020,0.59,40.9,2.6,18.6,21.3,20.1,5.3,46,83,1,4.2,0.6,24.4,72,1.9,247,188,756,0,0,25.74,Rajamahendravaram
27-01-2020,0.7,42.5,2.1,16.7,18.8,30.2,6.8,45,82,1.1,4.2,0.7,24.6,68,2.2,234,190,756,0,0,25.7,Rajamahendravaram
28-01-2020,0.71,38.2,2.6,18.9,21.5,24.3,7.1,43,75,1.5,5.6,1,24.8,68,2.6,178,189,756,0,0,25.92,Rajamahendravaram
29-01-2020,0.55,45.7,3.2,18.1,21.3,19.1,4.9,40,74,1.1,4.7,0.7,24.6,71,2.2,199,187,757,0,0,25.92,Rajamahendravaram
30-01-2020,0.72,48.1,3.3,18.1,21.4,19.7,7.3,49,91,1,4.4,0.7,24.7,72,1.8,284,185,756,0,0,26.53,Rajamahendravaram
31-01-2020,0.55,39.1,2.5,16.1,18.6,20.4,5.2,40,70,0.8,3.7,0.6,24.5,73,2.6,260,186,756,0,0,25.46,Rajamahendravaram
01-02-2020,0.58,32.3,18,20.9,17.7,8.6,33,72,,1.2,6.1,,25,67,2.5,,,,,0,25.67,Rajamahendravaram
02-02-2020,0.48,38.8,14.3,16.2,14.8,6.8,28,55,,0.7,4.5,,24.2,71,3.1,,,,,0,25.67,Rajamahendravaram
03-02-2020,0.56,43.1,17.3,19.7,13.7,9.7,38,64,,0.9,5.7,,24.5,71,2.9,,,,,0,24.83,Rajamahendravaram
04-02-2020,0.53,42.3,15.6,17.7,11.8,5.4,30,45,,0.7,4.5,,24.1,77,2.8,,,,,0.5,25.01,Rajamahendravaram
05-02-2020,0.47,43.5,18.7,21.3,11.6,5.8,35,67,,0.8,3.8,,24.9,69,2.2,,,,,0,25.96,Rajamahendravaram
06-02-2020,0.56,36.8,17.9,20.9,12.9,4.7,35,67,,1.1,5.7,,25.1,68,2.4,,,,,0,25.95,Rajamahendravaram
07-02-2020,0.45,33.8,18,19.8,21.2,6.7,20,44,,0.7,3.7,,23.2,62,3,,,,,0,25.89,Rajamahendravaram
08-02-2020,0.54,44.9,18.2,20.7,8,6.8,27,61,,1.1,8.4,,26.5,57,3.1,,,,,0,25.19,Rajamahendravaram
09-02-2020,0.48,61.6,17.1,18.8,17.2,11.9,29,58,,0.8,4.2,,21.9,72,4.5,,,,,0,24.76,Rajamahendravaram
10-02-2020,0.55,61.8,17.7,19.7,11.8,11.3,30,65,,0.9,4.9,,23.2,66,3.9,,,,,0,24.45,Rajamahendravaram
11-02-2020,0.68,95.6,18.7,20.3,14.4,13.5,32,74,,1.1,6.9,,24.2,62,4.9,,,,,0,24.89,Rajamahendravaram
12-02-2020,0.69,97.8,17.9,19.6,8.1,17.1,57,100,,1.2,7,,26.3,59,2.9,,,,,0,25.36,Rajamahendravaram
13-02-2020,0.62,83.8,18.4,20,11.3,11.5,57,94,,1,4.6,,24.6,64,2.5,,,,,0,25.94,Rajamahendravaram
14-02-2020,0.86,57.2,23.6,25.4,7.4,9.7,52,102,,1.3,7.6,,25.9,61,2.3,,,,,0,26.25,Rajamahendravaram
15-02-2020,0.93,63.1,21.9,24.8,10.5,12.6,49,98,,0.8,4.6,,25.6,62,2.1,,,,,0,26.89,Rajamahendravaram
16-02-2020,0.43,54.7,28.5,31.8,24,9,38,80,,0.8,3.9,,23.4,60,2.7,,,,,0,26.79,Rajamahendravaram
17-02-2020,0.5,59.7,15.6,17.7,8.9,12.8,33,64,,0.7,4.1,,25.8,58,3.1,,,,,0,27.04,Rajamahendravaram
18-02-2020,0.71,47.6,16.7,19.2,8.8,8.8,39,80,,0.8,4.3,,24.6,68,2.3,,,,,0,26.68,Rajamahendravaram
19-02-2020,0.9,47.7,19.4,22.2,10.4,9.4,42,84,,1,5.4,,24.9,67,2.4,,,,,0,26.22,Rajamahendravaram
20-02-2020,0.73,61.8,19,20.7,9.1,14.5,50,93,,1,5.9,,25,61,3.1,,,,,0,25.82,Rajamahendravaram
21-02-2020,0.52,62.7,19.6,21.6,7,9.4,33,65,,0.8,6.2,,24.6,59,3.5,,,,,0,25.45,Rajamahendravaram
22-02-2020,0.63,68.7,18.7,20.5,6.4,10.4,29,64,,0.9,6,,24.5,61,3.3,,,,,0,25.62,Rajamahendravaram
23-02-2020,0.62,80.6,19.1,20.9,7.2,13.7,41,87,,1,4.8,,24.9,60,2.4,,,,,0,25.69,Rajamahendravaram
24-02-2020,0.86,70.2,17.6,19.3,7.6,10.2,41,80,,1.2,5.1,,25.1,63,2.7,,,,,0,27.06,Rajamahendravaram
25-02-2020,0.69,56.6,20.6,22.5,8.2,10.8,35,68,,1.2,6.5,,25.6,65,2.4,,,,,0,27.06,Rajamahendravaram
26-02-2020,0.69,54,17.5,19.3,8.5,9.5,30,66,,0.6,4,,25.9,66,2.4,,,,,0,27.82,Rajamahendravaram
27-02-2020,0.64,54.6,16,17.7,8.5,11.4,31,63,,0.8,5,,25.7,62,3.7,,,,,0,26.98,Rajamahendravaram
28-02-2020,0.58,57.2,16.9,18.5,6.4,10.8,33,69,,0.8,5.8,,25,62,3.2,,,,,0,26.26,Rajamahendravaram
29-02-2020,0.67,87.1,20.7,22.7,7.2,12.6,43,87,,0.9,5.5,,25,63,2.8,,,,,0,26.18,Rajamahendravaram
01-03-2020,0.59,99,2,19.5,21.6,6.8,11.6,40,81,1,5.1,0.7,25.5,62,2.7,150,198,755,0,0,26.99,Rajamahendravaram
02-03-2020,0.62,53.4,1.9,18,20,7.1,10.3,43,81,0.9,5,0.6,25.3,64,2.4,183,196,756,0,0,27.67,Rajamahendravaram
03-03-2020,0.69,49.8,2.5,21,23.5,7.1,10.6,43,87,1,5.4,0.6,25.4,63,2.5,209,197,755,0,0,28.25,Rajamahendravaram
04-03-2020,0.66,30.5,2.2,18.6,20.8,7.1,9.9,35,64,0.9,5.1,0.4,25.5,66,2.6,175,198,754,0,0,28.21,Rajamahendravaram
05-03-2020,0.53,26.1,2.8,15.9,18.7,7.2,7,17,42,0.7,5.3,0.8,25.5,66,3.1,131,196,754,0.1,0,27.97,Rajamahendravaram
06-03-2020,0.56,22.4,2.8,13.5,16.3,7.9,6.7,16,41,0.7,5.5,1,25.7,69,3.5,125,194,754,0.1,0,27.96,Rajamahendravaram
07-03-2020,0.64,20.7,3.4,15.9,19.4,7.6,6.9,16,42,0.8,8.2,1.7,25.4,71,2.6,127,185,756,0.1,0,28.04,Rajamahendravaram
08-03-2020,0.5,22.5,3.8,13.7,17.5,7.6,8.4,12,33,0.4,4.2,0.5,25.7,68,2.5,163,196,756,0,0,28.43,Rajamahendravaram
09-03-2020,0.61,23.8,5.3,15.8,21.1,8.2,9.2,15,44,0.6,4.7,0.6,26,68,2.5,193,198,755,0,0,28.7,Rajamahendravaram
10-03-2020,0.57,25,3.2,13.8,17,7.3,9.9,13,37,0.5,4.3,0.6,26.3,64,2.8,171,199,755,0,0,28.53,Rajamahendravaram
11-03-2020,0.61,23.4,3.7,14.5,18.3,7.1,8.7,13,38,0.5,4.4,0.7,26,66,3,167,199,755,0,0,28.45,Rajamahendravaram
12-03-2020,0.6,24.8,3.1,14.6,17.7,7.7,7.6,14,37,0.6,4.4,0.7,26.5,66,2.8,164,201,756,0,0,28.78,Rajamahendravaram
13-03-2020,0.62,31.4,2.7,15.8,18.5,7.6,8,22,55,0.8,5.7,1.2,26.8,63,3.4,119,201,756,0.1,0,28.66,Rajamahendravaram
14-03-2020,0.61,38.6,2.6,17.4,20,7.1,9,25,61,0.9,5.7,1,26.3,63,3,124,202,756,0,0,28.37,Rajamahendravaram
15-03-2020,0.48,35.8,2.4,13.6,16,7.2,7.4,21,56,0.5,3.6,0.5,25.9,67,3.2,111,204,756,0.1,0.3,27.92,Rajamahendravaram
16-03-2020,0.57,44.2,2.4,17.4,19.8,7.6,8.8,33,70,0.8,5.1,0.9,26.8,63,2.7,123,201,757,0,0,28.83,Rajamahendravaram
17-03-2020,0.58,49.8,2,14.6,16.6,7.5,7.2,24,59,0.6,4.3,0.9,27.1,64,2.8,137,201,758,0,0,29.15,Rajamahendravaram
18-03-2020,0.62,34.5,2.2,16.7,18.9,7.8,7.7,21,55,0.5,3.8,0.5,27.2,62,2.7,211,202,756,0.5,0,30.42,Rajamahendravaram
19-03-2020,0.61,39.4,2.2,14.5,16.7,9,8.7,19,50,0.3,3.1,0.3,27.2,66,3.3,191,202,755,0,0,30.87,Rajamahendravaram
20-03-2020,0.58,47.8,2.1,14.1,16.2,8.1,8.2,15,40,0.7,4.7,0.8,27.7,61,3.4,113,196,755,0.1,0,29.76,Rajamahendravaram
21-03-2020,0.54,27.8,2.7,15.2,17.9,7.9,6.6,14,39,0.5,4.1,0.5,26.8,63,3,176,203,755,0,0,29.46,Rajamahendravaram
22-03-2020,0.45,34.1,1.8,10.2,11.9,8.1,7.1,24,50,0.3,1.5,0.1,27.1,64,2.6,174,203,755,0,0,29.24,Rajamahendravaram
23-03-2020,0.44,44.6,1.6,9.9,11.5,7.5,7.4,22,52,0.4,2.1,0.3,26.6,62,2.9,153,203,755,0,0,29,Rajamahendravaram
24-03-2020,0.49,41.6,1.5,9.8,11.3,6.9,6.9,22,50,0.8,1.8,0.2,26.4,65,2.5,203,204,754,0,0,29.65,Rajamahendravaram
25-03-2020,0.4,39,1.5,6,7.6,6.5,6,15,36,0.2,1.2,0.1,27.7,63,2.5,203,202,753,0,0,29.85,Rajamahendravaram
26-03-2020,0.46,40.6,1.7,8.1,9.7,6.8,8.7,24,53,0.7,1.9,0.2,28,60,2.6,212,205,754,0,0,31.03,Rajamahendravaram
27-03-2020,0.43,45.1,1.6,7.6,9.2,6.3,7.4,22,50,0.3,1.1,0.1,28.1,60,2.4,230,204,756,0,0,30.87,Rajamahendravaram
28-03-2020,0.47,52.6,1.6,8.3,9.9,5.8,8.2,27,59,0.3,1.2,0.1,28.3,58,2.9,223,204,756,0,0,31.64,Rajamahendravaram
29-03-2020,0.43,55,1.5,8,9.6,7.1,7.9,26,59,0.5,1.5,0.1,29.2,57,2.7,234,201,753,0,0,32.16,Rajamahendravaram
30-03-2020,0.49,52.5,1.4,7.9,9.3,7.8,8.1,25,61,0.4,1.4,0.2,29.8,56,2.5,217,202,754,0,0,32.05,Rajamahendravaram
31-03-2020,0.49,54.7,1.7,8.6,10.3,6.6,9.2,28,,0.3,1.1,0,29.6,57,2.9,241,202,754,0,0,32.58,Rajamahendravaram
01-04-2020,0.51,60.8,1.4,7.1,8.5,7.8,8.4,31,60,0.5,1.2,29.5,57,2.9,203,753,0,,,,32.74,Rajamahendravaram
02-04-2020,0.47,36.8,1.5,6.1,7.6,8.7,7.9,30,56,0.2,0.6,29,65,2.7,202,753,0,,,,32.29,Rajamahendravaram
03-04-2020,0.54,42.2,1.6,6.3,7.9,8.5,8.3,34,64,0.2,1.1,28.5,65,2.7,203,754,0,,,,31.78,Rajamahendravaram
04-04-2020,0.48,45.3,1.7,6.6,8.3,7.7,7.3,30,51,0.2,0.9,28.1,63,2.7,205,755,0,,,,31.49,Rajamahendravaram
05-04-2020,0.44,40,1.6,6.4,8,6.2,7.5,24,44,0.2,1.2,28.9,61,2.3,205,755,0,,,,31.59,Rajamahendravaram
06-04-2020,0.4,22.5,1.4,5.5,6.9,5.9,5.6,15,34,0.1,0.8,29.3,64,2.7,200,755,0,,,,32.4,Rajamahendravaram
07-04-2020,0.38,15.9,1.6,4.2,5.8,6.2,6.9,7,20,0.1,0.4,29.4,66,2.9,202,753,0,,,,31.7,Rajamahendravaram
08-04-2020,0.38,31.1,1.5,4.5,6,7.7,6.3,10,30,0.1,0.5,29.1,64,2.8,202,754,0.8,,,,30.72,Rajamahendravaram
09-04-2020,0.38,74.9,1.6,10.3,11.9,5.3,6.1,17,29,0.3,1.5,25.7,60,3.4,188,754,3.8,,,,31.59,Rajamahendravaram
10-04-2020,0.54,58.6,1.7,11.5,13.2,6.2,7.6,21,39,0.5,2,27.3,63,2.7,209,755,0,,,,31.68,Rajamahendravaram
11-04-2020,0.5,42,1.7,9.8,11.4,7.9,7,15,33,0.1,1.1,28.2,65,2.4,208,756,6.3,,,,32.04,Rajamahendravaram
12-04-2020,0.46,43.7,1.7,8.4,10.1,7.3,6,17,34,0.2,0.9,28.6,64,2.4,206,755,0,,,,31.55,Rajamahendravaram
13-04-2020,0.49,39.7,1.8,6.3,8.1,9.2,7.2,15,37,0.1,0.7,29.3,64,2.4,206,753,0,,,,32.56,Rajamahendravaram
14-04-2020,0.4,40.7,1.8,6.3,8.1,9.7,6.7,16,38,0.1,0.7,29,64,2.5,205,754,0,,,,32.31,Rajamahendravaram
15-04-2020,0.43,43.7,1.6,5.8,7.3,7.7,5.2,15,38,0.1,0.7,28.9,64,2.5,205,755,0,,,,32.27,Rajamahendravaram
16-04-2020,0.46,35.6,1.5,5.6,7.1,7.6,6.1,13,31,0.1,0.7,28.5,66,2.6,206,753,0,,,,31.86,Rajamahendravaram
17-04-2020,0.52,33.5,1.4,4.3,5.8,6.6,5.3,6,22,0.1,0.4,29,65,2.9,202,753,0,,,,31.91,Rajamahendravaram
18-04-2020,0.55,30.5,1.5,5.5,6.9,5.8,5.3,4,17,0.1,0.8,29.4,62,2.9,206,753,0,,,,32.03,Rajamahendravaram
19-04-2020,0.56,29.5,2,7.3,9.3,5.8,5.6,6,25,0.1,0.9,29.6,63,2.8,204,753,0,,,,32.28,Rajamahendravaram
20-04-2020,0.56,25.2,1.8,5.2,7.1,5.7,5.5,6,24,0.1,0.5,29.4,66,2.9,204,753,0,,,,32.54,Rajamahendravaram
21-04-2020,0.67,26.3,1.5,4.4,5.9,4.5,5.1,5,15,0.1,0.3,29.2,63,3.1,209,753,0,,,,32.76,Rajamahendravaram
22-04-2020,0.77,22.6,1.5,6.2,7.7,4.7,5.8,6,20,0.1,0.8,29.7,62,3.2,208,753,0,,,,32.05,Rajamahendravaram
23-04-2020,0.72,22.2,1.7,6.2,7.9,5.1,4.9,5,23,0.1,0.8,30.3,62,3,208,752,0,,,,32.49,Rajamahendravaram
24-04-2020,0.66,23.7,1.6,4.7,6.3,4.4,5.2,5,15,0.1,0.3,30.3,64,3.3,202,751,0,,,,32.58,Rajamahendravaram
25-04-2020,0.7,33.1,1.4,4.6,6,4.2,5.6,5,21,0,0.5,28.5,67,4.2,200,751,25.3,,,,31.27,Rajamahendravaram
26-04-2020,0.59,59.5,1.6,8.2,9.7,5.4,6.4,7,20,0.1,1.2,27.4,65,2.6,208,752,0.3,,,,29.85,Rajamahendravaram
27-04-2020,0.53,42.6,1.5,9.4,10.9,4.3,5.9,5,21,0.1,0.8,26.9,67,3.9,194,754,7.8,,,,30.27,Rajamahendravaram
28-04-2020,0.46,56.6,1.5,8.5,9.9,3.7,6.1,5,21,0.2,1.3,27.9,63,2.7,204,753,0,,,,30.7,Rajamahendravaram
29-04-2020,0.51,53.7,1.5,9.9,11.4,5.6,6,7,24,0.2,1.6,26.4,64,2.5,205,752,5.3,,,,31.67,Rajamahendravaram
30-04-2020,0.57,55.3,1.6,11.1,12.7,6.3,5.8,11,28,0.2,1.7,27.6,61,2.5,211,752,0.5,,,,31.41,Rajamahendravaram
01-05-2020,0.55,51.5,1.7,8.2,9.9,6.6,6.7,13,36,0.1,1.3,0.1,29.5,61,2.7,218,206,752,0,0,32.11,Rajamahendravaram
02-05-2020,0.57,66.8,1.4,6.6,8,8.2,5.6,11,30,0.1,0.8,0,29.4,60,3.7,180,209,751,0,0,31.83,Rajamahendravaram
03-05-2020,0.61,42.6,1.5,5.7,7.3,7.2,6.4,14,39,0,0.8,0,30.5,65,2.8,204,209,750,0,0,32.17,Rajamahendravaram
04-05-2020,0.6,39.7,1.5,5.5,7,6.9,6,10,34,0.1,0.9,0.1,30.3,63,3.2,175,197,752,0,0,32.53,Rajamahendravaram
05-05-2020,0.54,27.9,1.6,5.9,7.4,5.9,4.9,6,23,0.1,0.9,0.1,30.5,61,3.3,167,209,752,0,0,31.86,Rajamahendravaram
06-05-2020,0.57,35.6,1.9,7.3,9.2,6.3,6.4,8,27,0.1,1,0.1,29.6,63,2.9,127,206,752,0,0.3,32.02,Rajamahendravaram
07-05-2020,0.58,37.1,1.7,7.6,9.3,4.8,6.1,8,31,0.3,1.5,0.1,29.6,62,3.1,175,208,752,0,0,31.91,Rajamahendravaram
08-05-2020,0.56,30.9,1.6,5.2,6.7,6,6.4,7,21,0.3,0.6,0,31.3,61,2.8,198,210,751,0,0,32.49,Rajamahendravaram
09-05-2020,0.56,35.1,1.6,7.2,8.8,5.6,6.5,11,32,0.6,0.9,0,31.1,62,2.7,190,206,751,0,0,33.17,Rajamahendravaram
10-05-2020,0.56,42.7,1.5,7.4,8.9,4.7,7.6,10,38,0.3,1,0,31.7,57,2.7,181,209,752,0,0,32.72,Rajamahendravaram
11-05-2020,0.59,39.9,1.7,9.6,11.3,6.6,9.2,12,44,0.2,1.3,0.1,30.7,60,3.1,152,210,752,0,0,31.84,Rajamahendravaram
12-05-2020,0.55,49.5,1.5,8.9,10.5,5.4,8.2,13,41,0.2,1.2,0.1,30.5,55,3.3,130,211,752,0.1,0,31.84,Rajamahendravaram
13-05-2020,0.56,49.5,1.6,8.8,10.4,5.9,7.4,15,42,0.2,1.1,0.1,29.8,57,3.2,148,212,751,0,0,31.91,Rajamahendravaram
14-05-2020,0.58,33.1,1.8,11,12.8,6.3,6.9,16,49,0.2,1.4,0.1,30.4,57,3.4,109,212,750,0.1,0,32,Rajamahendravaram
15-05-2020,0.53,34.7,1.7,8.8,10.5,6.7,5.4,12,38,0.1,1.4,0.1,30.7,60,3.1,114,210,749,0,0,32.1,Rajamahendravaram
16-05-2020,0.55,39.7,1.7,8.6,10.2,5.9,6.4,9,39,0.1,1.6,0.1,31.1,61,2.9,90,203,748,0,0,32.47,Rajamahendravaram
17-05-2020,0.58,51.2,1.6,9.8,11.4,7.4,7.1,19,45,0.2,1.6,0,30.5,58,2.7,18,205,746,0,0,33.03,Rajamahendravaram
18-05-2020,0.69,52.8,1.9,17,18.9,6.8,11.2,31,77,0.5,4.2,0.1,30.8,52,2.2,64,202,743,0,0,31.5,Rajamahendravaram
19-05-2020,0.71,82.8,1.6,16.4,18.1,9.1,11.4,45,98,0.5,3.5,0.2,31.8,48,3.8,319,196,740,0,0,33.79,Rajamahendravaram
20-05-2020,0.79,102.9,1.6,20.6,22.2,11.4,17.1,52,134,0.8,5.5,0.1,33.5,42,3.2,271,205,741,0,0,34.97,Rajamahendravaram
21-05-2020,0.75,84.1,1.4,13.9,15.3,10.8,8.7,32,108,0.2,2.4,0,34.1,53,2.3,210,204,744,0,0,34.22,Rajamahendravaram
22-05-2020,0.73,72.3,1.5,11.7,13.2,8.3,8.6,32,99,0.1,2.1,0,32.9,62,3,122,186,746,0,0,34.16,Rajamahendravaram
23-05-2020,0.66,63.6,1.3,7.8,9.1,6.3,7.4,22,65,0.1,1.6,0,32.2,63,3.4,153,208,748,0.1,0,32.94,Rajamahendravaram
24-05-2020,0.58,58.2,1.3,6.3,7.6,7.7,6.5,16,48,0.1,0.8,0,32.2,62,3.2,174,207,749,0,0,33.14,Rajamahendravaram
25-05-2020,0.61,51.4,1.6,6.6,8.2,7.1,5.9,15,51,0.1,1.4,0,31.6,63,3.5,184,208,750,0,0,32.97,Rajamahendravaram
26-05-2020,0.6,46.9,1.5,8,9.4,7.5,6.8,18,56,0.1,1.7,0.1,31.4,63,3.3,172,209,750,0,0,33.14,Rajamahendravaram
27-05-2020,0.58,49.9,1.4,7.5,8.9,6.5,7.4,19,58,0.1,1.5,0,31.6,64,3.5,174,209,749,0,0,32.83,Rajamahendravaram
28-05-2020,0.63,53.8,1.5,7.1,8.5,6.1,8.4,24,62,0.1,1.7,0,31.8,66,3.6,166,208,747,0.1,0,31.73,Rajamahendravaram
29-05-2020,0.61,56.7,1.6,7.8,9.4,5.2,7.6,20,61,0.1,1.7,0,32.4,62,3.8,138,210,748,0.1,2,33.72,Rajamahendravaram
30-05-2020,0.56,60.5,1.5,9.9,11.5,5.7,9.3,28,72,0.1,1.8,0.1,31.7,63,3.5,142,208,750,0,0,32.29,Rajamahendravaram
31-05-2020,0.54,51,1.5,7.3,8.8,4.4,6.7,15,48,0.1,1,0,31.5,62,3.5,176,207,751,0,0,31.17,Rajamahendravaram
01-06-2020,0.55,42.3,2.1,11.3,13.4,4.7,10.7,12,44,0.1,1.8,0.1,30.6,61,3.3,157,213,752,0,0,31.78,Rajamahendravaram
02-06-2020,0.57,48.4,1.6,13.2,14.8,5.8,7,10,35,0.2,2.6,0,29.6,63,2.7,127,201,750,0,31.5,31.43,Rajamahendravaram
03-06-2020,0.63,41.3,1.8,13.8,15.6,5.1,6.2,15,39,0.1,2.8,0,29.7,67,2.8,153,210,749,0,5,30.66,Rajamahendravaram
04-06-2020,0.66,36.3,2.3,18.4,20.8,4.5,6.4,15,40,0.1,4.9,0.3,26.7,77,2.4,109,185,749,0,10.5,29.92,Rajamahendravaram
05-06-2020,0.69,55.8,1.9,17.1,19,6.7,7.8,20,52,0.1,4.6,0.1,29.9,66,2.3,200,203,748,0,0,30.15,Rajamahendravaram
06-06-2020,0.63,55.2,1.8,16.1,18,8.4,6.6,28,59,0.1,2.9,0.1,31.9,60,2.3,208,204,747,0,6,32.48,Rajamahendravaram
07-06-2020,0.53,70.6,1.6,12.7,14.2,12.9,8.1,19,39,0.1,2,0,32,57,2.4,265,204,746,0,0.3,31.74,Rajamahendravaram
08-06-2020,0.71,58.2,1.9,18.6,20.4,12.3,11.1,26,52,0.2,3.6,0.1,31.9,56,2.1,248,191,745,0,1,30.14,Rajamahendravaram
09-06-2020,0.65,63.6,1.6,13.7,15.3,12.7,7.2,24,51,0.1,3.2,0.1,26.8,72,3.2,151,185,745,0,14.8,29.89,Rajamahendravaram
10-06-2020,0.55,61.9,1.8,12.8,14.6,10.4,6.6,11,22,0.1,2.2,0.1,26.1,72,3.4,313,193,744,0,8.3,28.37,Rajamahendravaram
11-06-2020,0.63,59.7,1.7,9.1,10.8,10.6,6.7,11,20,0.1,1.4,0.1,24.9,77,3.6,267,194,743,0,0.5,27.87,Rajamahendravaram
12-06-2020,0.53,45.8,1.7,11.5,13.2,8.9,7.1,15,29,0.1,1.8,0.1,25.3,78,3.7,249,183,744,0,0.3,27.46,Rajamahendravaram
13-06-2020,0.61,49.1,1.6,11.2,12.8,6.7,7.3,12,27,0.1,2.2,0,29,65,3.3,212,148,743,0,2.3,28.9,Rajamahendravaram
14-06-2020,0.5,51,1.6,9.1,10.7,7.7,7.2,15,34,0.1,1.3,0,30.5,63,3.3,235,207,745,0,1.3,28.49,Rajamahendravaram
15-06-2020,0.5,47.9,1.7,8.7,10.5,8.5,5.6,13,30,0.1,1.6,0,30.6,63,3.9,233,205,744,0,0,29.33,Rajamahendravaram
16-06-2020,0.51,43.8,1.7,8.7,10.4,8,5.6,14,36,0.1,2.5,0.1,27.5,72,3.4,238,199,744,0,61.5,29.78,Rajamahendravaram
17-06-2020,0.47,36.3,2.1,10.4,12.5,7.4,6,10,22,0.1,3.2,0.1,26.9,72,2.8,252,203,744,0,5.5,29.17,Rajamahendravaram
18-06-2020,0.45,38.6,1.6,9.7,11.3,6.8,7.5,13,37,0.1,1.5,0,27.3,69,3.4,242,209,747,0,0.5,29,Rajamahendravaram
19-06-2020,0.51,38,1.8,9.2,11.1,7.3,7.5,13,36,0.1,1.3,0,27.5,68,3.4,268,212,747,0,0,29.2,Rajamahendravaram
20-06-2020,0.67,39.9,1.5,12,13.4,7.9,8.6,23,62,0.1,1.8,0,30.5,64,3.8,273,211,745,-0.1,0,29.51,Rajamahendravaram
21-06-2020,0.53,40.1,1.3,9.5,10.8,7.7,9.5,21,46,0.1,1.1,0,26.9,69,4,253,199,745,-0.1,0,28.44,Rajamahendravaram
22-06-2020,0.59,33.8,1.3,12,13.3,7.9,10.2,25,62,0.2,2.3,0,27.6,67,4.1,267,210,744,-0.1,1.5,28.52,Rajamahendravaram
23-06-2020,0.59,43.8,1.4,11.4,12.7,7.9,8.2,24,61,0.2,2.2,0.1,30,61,3.2,271,214,746,0,0,29.89,Rajamahendravaram
24-06-2020,0.57,47.2,1.3,10.9,12.3,9,5.1,19,46,0.2,2.5,0,29.2,64,2.7,204,207,748,0,0,30.12,Rajamahendravaram
25-06-2020,0.54,30.6,1.4,11.6,13,8.4,3.6,18,51,0.2,2.5,0.1,28.5,67,3.2,124,212,748,0,0.3,29.38,Rajamahendravaram
26-06-2020,0.55,18.6,1.3,8.6,9.9,7.1,3,9,25,0.1,2.5,0.1,27.9,70,2.9,149,211,748,0,1.5,28.74,Rajamahendravaram
27-06-2020,0.57,28.6,1.3,9.4,10.8,6.5,3.7,14,32,0.1,2,0.1,29.3,66,2.7,178,215,747,0,0,29.34,Rajamahendravaram
28-06-2020,0.55,41,1.5,8.6,10.1,7.3,3.4,21,45,0.1,1.4,0,29.3,71,2.4,172,209,747,0.5,0,29.26,Rajamahendravaram
29-06-2020,0.55,37.2,1.6,9.1,10.7,6.2,2.3,19,43,0.1,2.3,0.1,29.9,68,2.5,159,208,747,1.1,0,28.78,Rajamahendravaram
30-06-2020,0.66,29.1,2.2,14,16.1,6.1,4.4,17,35,0.1,4.2,0.1,26.6,79,1.9,59,189,747,0.5,43.3,28.53,Rajamahendravaram
01-07-2020,0.6,31.6,1.7,11.4,13.1,6.1,2.9,12,28,0.1,3.3,0,26.4,78,2.2,289,202,746,0.5,0.5,29.23,Rajamahendravaram
02-07-2020,0.52,32,1.7,12.1,13.8,5.4,3.3,13,35,0.1,2.9,0.1,27.4,75,2.2,251,208,745,0,1,28.38,Rajamahendravaram
03-07-2020,0.52,32.9,1.8,11.2,13,5.5,3.2,9,28,0.1,2.3,0,28.9,74,3.3,264,204,744,0,0.8,28.13,Rajamahendravaram
04-07-2020,0.52,34.3,1.6,8.4,10,6.2,2.9,7,17,0.1,1.8,0,26.7,79,3.1,245,188,744,0,16,26.96,Rajamahendravaram
05-07-2020,0.34,25,1.4,5.5,6.9,5.7,3.4,7,17,0.1,0.4,0,25.9,83,4.3,251,191,744,-0.1,10,27.06,Rajamahendravaram
06-07-2020,0.62,24.3,2.1,9.6,11.7,6.5,3.1,13,32,0.1,1.9,0.1,24.9,85,3.1,247,193,745,0,8.3,28.06,Rajamahendravaram
07-07-2020,0.68,31.9,2.1,12,14.1,7.7,3.5,16,52,0.1,4.1,0.2,29.1,71,2.1,204,211,747,0,0,28.66,Rajamahendravaram
08-07-2020,0.55,35.3,1.6,11.3,12.9,9.1,3.5,11,32,0.1,2.7,0.2,29.1,68,2.1,211,207,748,0,0,28.34,Rajamahendravaram
09-07-2020,0.52,30.9,1.8,8.3,10.2,9.6,2.9,6,18,0.1,1.8,0.2,26.1,77,3.2,261,196,747,0,42.5,27.17,Rajamahendravaram
10-07-2020,0.42,34.3,1.6,9.4,11,8.3,3.6,7,19,0.2,1.8,0.2,25.6,76,2.9,264,196,748,0,11.8,27.44,Rajamahendravaram
11-07-2020,0.56,36.9,1.7,8.5,10.2,6.3,2.9,9,26,0.1,1.7,0.2,27.3,75,2.6,241,211,748,0,38,27.92,Rajamahendravaram
12-07-2020,0.48,36.6,1.6,8.4,10,4.2,2.6,9,21,0,1.6,0,28.8,78,2.8,224,198,747,0,44.8,28.14,Rajamahendravaram
13-07-2020,0.53,34.4,2.2,9.1,11.3,4.1,4.1,8,20,0,2,0,27.9,79,2.7,241,204,746,0,15.8,27.07,Rajamahendravaram
14-07-2020,0.47,34.5,1.4,6.1,7.5,3.9,4.4,5,15,0,0.8,0,27.5,78,2.7,258,201,746,0,1.8,26.54,Rajamahendravaram
15-07-2020,0.5,25.8,1.6,6.5,8.1,4.8,3.2,4,10,0,1.4,0,24.9,85,2.5,228,194,745,0,154.5,26.91,Rajamahendravaram
16-07-2020,0.53,29.2,1.6,6.4,8,5.5,4.3,4,10,0.2,1,0.1,24,80,3.3,233,203,745,0,2,26.55,Rajamahendravaram
17-07-2020,0.56,33.2,2,11.5,13.5,6.6,3.4,11,35,0.3,3.2,0.4,27.1,73,1.6,212,205,746,0,0,27.78,Rajamahendravaram
18-07-2020,0.83,34.6,2.1,9.8,11.9,7.3,2.3,8,23,0.2,1.9,0.3,27.4,70,2.2,201,214,748,0,0.8,27.57,Rajamahendravaram
19-07-2020,0.76,30.6,1.5,9.6,11.1,7.7,2.7,12,27,0.1,2,0.2,27.7,75,1.6,187,225,748,0,2.3,27.48,Rajamahendravaram
20-07-2020,0.93,31.8,2,10.8,12.7,8.1,3.3,20,40,0.1,3.5,0.3,26.7,79,2,177,209,748,0,11.8,27.9,Rajamahendravaram
21-07-2020,0.59,30.4,2.2,8.2,10.4,7.7,3.1,15,32,0.1,2.1,0.1,28.1,74,2.6,182,211,749,0,0.8,27.73,Rajamahendravaram
22-07-2020,0.5,25.9,1.8,6.7,8.5,8.4,2.3,6,22,0.1,1.2,0.1,28.3,72,2.3,200,208,749,0,32,27.11,Rajamahendravaram
23-07-2020,0.47,30.8,2,8,10,6.6,3.4,6,19,0.2,2.2,0.4,23.6,84,1.8,248,190,749,0,63.5,26.18,Rajamahendravaram
24-07-2020,0.62,23.4,2.3,12.6,14.9,6.5,6.4,13,29,0.3,5.3,0.9,24.4,79,1.5,357,202,750,0,0.8,26.73,Rajamahendravaram
25-07-2020,0.6,32.4,2.2,11.2,13.4,9.2,5.3,14,36,0.2,3.2,0.4,27,74,1.8,133,209,750,0,0,27.08,Rajamahendravaram
26-07-2020,0.5,42.2,1.5,8.1,9.7,11.1,3.1,18,36,0.1,1.9,0.4,29.2,70,2,276,211,751,0,0,27.88,Rajamahendravaram
27-07-2020,0.5,46.2,1.9,10.3,12.2,11.7,5.3,15,38,0.2,1.9,0.2,30,63,2.6,285,206,749,0,0,27.94,Rajamahendravaram
28-07-2020,0.51,38.9,1.6,11.5,13.1,12.9,5.1,13,43,0.2,2.4,0.2,27.5,71,2,313,197,747,0,29.5,26.99,Rajamahendravaram
29-07-2020,0.46,38.9,1.7,9.9,11.6,13.2,5.3,12,27,0.2,2.4,0.3,27,73,2.5,134,210,747,0,0,28.16,Rajamahendravaram
30-07-2020,0.47,25.6,2.2,11,13.1,10.1,4.6,10,31,0.1,3.3,0.4,28.8,72,1.9,131,205,748,0,2,27.92,Rajamahendravaram
31-07-2020,0.55,35.9,2.1,10.5,12.6,9.8,3.2,15,36,0.1,2.6,0,29.5,73,1.9,188,205,747,0,0,27.95,Rajamahendravaram
01-08-2020,0.55,33.5,1.8,11.1,12.9,10.3,3.9,15,32,0.1,2.8,0.1,26.7,77,1.8,258,199,747,0,13.3,27.75,Rajamahendravaram
02-08-2020,0.44,43,1.5,6.6,8.1,9.7,4.6,7,17,0.1,0.7,0,27.6,72,2.8,255,205,745,0,0.5,27.68,Rajamahendravaram
03-08-2020,0.41,40.1,1.9,8.2,10,8.8,5.1,8,22,0.1,1.2,0,26.8,73,4.4,262,207,743,-0.1,0,27,Rajamahendravaram
04-08-2020,0.47,30.3,1.9,6.9,8.8,6.7,4.5,5,15,0.1,0.7,0,24.8,80,4.8,254,191,741,-0.1,10.8,26.76,Rajamahendravaram
05-08-2020,0.47,26.1,1.4,5.3,6.7,6.9,3.5,7,15,0,0.7,0,25.5,80,4.3,232,195,739,0,3.3,26.4,Rajamahendravaram
06-08-2020,0.46,37.1,1.7,6.3,8,7.6,3.4,9,30,0.2,1.9,0.1,27.3,70,3.4,206,207,743,0,0,27.51,Rajamahendravaram
07-08-2020,0.53,40.5,2,9.6,11.6,7.7,4.2,12,46,0.1,1.9,0.1,28.6,72,2.4,258,205,746,0,1.8,27.93,Rajamahendravaram
08-08-2020,0.29,36.1,1.8,9.7,11.5,7.1,7,14,48,0.1,1.5,0,28.6,69,3.4,283,208,746,0,0,27.4,Rajamahendravaram
09-08-2020,0.51,33.5,1.8,8.3,10.1,9.3,5.3,14,36,0.1,1.1,0,25.6,79,3.2,268,189,744,0,6,26.57,Rajamahendravaram
10-08-2020,0.54,34.9,1.7,6.5,8.2,8.6,6.2,10,21,0.2,1.6,0.3,23.3,83,3.9,262,194,746,-0.1,7.8,27.04,Rajamahendravaram
11-08-2020,0.52,39.3,1.7,7.3,9,6.2,3.6,11,29,0.1,1.9,0.1,27.1,73,3.3,257,208,747,0,3.5,27.65,Rajamahendravaram
12-08-2020,0.55,25.2,1.9,6.9,8.8,5.1,5.9,7,15,0,1.3,0,25,87,4.2,257,181,747,-0.1,16.3,26.19,Rajamahendravaram
13-08-2020,0.58,29.8,1.7,5.3,7,3.5,5.3,8,18,0,1.5,0,25.9,82,5.9,266,190,745,-0.1,3.5,26.13,Rajamahendravaram
14-08-2020,0.49,25.4,1.7,4.9,6.7,3,4.6,10,18,0,1.1,0,24.5,85,5.1,261,195,745,-0.1,13.5,25.91,Rajamahendravaram
15-08-2020,0.39,24.1,1.7,4.8,6.4,2.8,3.5,9,18,0,0.4,0,23.6,87,4.4,249,185,746,-0.1,17.3,26.02,Rajamahendravaram
16-08-2020,0.44,26.9,1.7,5.5,7.2,5.2,4.6,8,17,0,0.6,0,25.7,83,4.6,254,199,746,-0.1,3.5,26.22,Rajamahendravaram
17-08-2020,0.45,29.4,1.8,6.5,8.3,4.6,4.2,8,21,0,1.7,0.1,27,80,3.5,240,199,746,0,0,27.25,Rajamahendravaram
18-08-2020,0.46,33.4,2,7.2,9.2,6.9,5,9,36,0.2,1.8,0.1,27.3,73,3.4,268,205,746,0,15,27.74,Rajamahendravaram
19-08-2020,0.55,31.9,1.4,6.6,7.9,7.4,5.9,8,25,0.2,2.4,0.1,24.1,78,5.5,264,197,745,0,0,26.68,Rajamahendravaram
20-08-2020,0.4,23.5,1.1,6.2,7.4,7.7,3.4,6,11,0.2,1,0,22.6,85,4.8,255,187,744,-0.1,11.3,26.44,Rajamahendravaram
21-08-2020,0.46,29.8,1.3,7.8,9.1,7,5.1,8,21,0.2,3.6,0.2,26.2,76,2.9,226,201,748,0.5,2,27.09,Rajamahendravaram
22-08-2020,0.47,27.9,1.3,8.8,10.1,5.2,4.2,12,26,0.1,3.1,0.1,28,79,2.2,209,195,750,0,1,26.77,Rajamahendravaram
23-08-2020,0.42,39.9,1.2,7.6,8.8,5.4,3.3,16,34,0.1,2.8,0.1,28.4,80,2,207,195,750,0,8,27.19,Rajamahendravaram
24-08-2020,0.42,37.2,1.4,9.4,10.8,8.3,4.2,13,43,0.1,3.3,0.2,28.1,77,2,242,200,752,0,0,26.69,Rajamahendravaram
25-08-2020,0.36,34,1.8,11.2,13,9.8,5.9,15,47,0.2,4.1,0.7,27.2,76,2.1,257,193,750,0,1,26.48,Rajamahendravaram
26-08-2020,0.46,21.2,2,9.6,11.6,11.3,8,14,32,0.1,3.1,0.3,25.1,82,2,270,188,750,0,6.3,26.33,Rajamahendravaram
27-08-2020,0.46,29.5,1.6,7.3,8.9,11.3,6.8,8,20,0.1,2.3,0.1,24,82,2.7,259,194,749,0.5,42.5,26.46,Rajamahendravaram
28-08-2020,0.49,37.8,1.8,7.5,9.2,10.3,5.9,14,34,0.2,2.7,0.1,27.1,74,2.5,236,205,748,0.5,0.3,27.31,Rajamahendravaram
29-08-2020,0.47,51.6,1.5,7.4,8.9,10.3,7,16,35,0.1,3.2,0.2,28.4,73,2.3,205,203,748,0.5,6.3,27.05,Rajamahendravaram
30-08-2020,0.49,42.6,1.8,10.7,12.4,11.9,8.4,21,47,0.1,4.2,0.2,29.2,70,1.7,217,205,749,1.6,6,27.21,Rajamahendravaram
31-08-2020,0.52,38.2,2,10.7,12.7,10.9,9,22,65,0.1,3.6,0.2,29.8,70,1.9,281,202,749,0,0,27.64,Rajamahendravaram
01-09-2020,0.53,21.5,2.6,15.2,17.9,11.3,7.3,19,61,0.3,7.1,0.9,27.1,74,2.1,16,192,749,0,0.5,28.26,Rajamahendravaram
02-09-2020,0.63,40.4,2.3,12.2,14.5,12.2,8.9,22,49,0.3,5.2,0.5,27.5,73,2.4,98,197,750,0,0,27.33,Rajamahendravaram
03-09-2020,0.51,32.4,2,9.5,11.5,11.9,6.2,13,32,0.2,3.3,0.3,28.6,70,2.6,114,202,751,0,0,27.57,Rajamahendravaram
04-09-2020,0.47,18.6,2.5,9.7,12.2,10.9,6.4,14,38,0.2,3.6,0.2,28.9,69,2.8,104,204,751,0.1,4.5,27.23,Rajamahendravaram
05-09-2020,0.53,25,3.2,9.4,12.6,9.5,7.3,9,33,0.2,3.4,0.5,29.2,68,2.4,156,203,750,0,5,27.89,Rajamahendravaram
06-09-2020,0.56,22.8,1.9,7.6,9.5,9.4,5,5,17,0,1,0,29.3,68,2.4,179,193,749,0,0.8,27.93,Rajamahendravaram
07-09-2020,0.57,27.4,2.5,10.4,12.9,9.6,7.8,7,32,0,0.8,0,28.8,68,2.6,187,204,750,0,0.5,27.95,Rajamahendravaram
08-09-2020,0.49,26.9,2.1,9.6,11.7,7.8,6.7,7,33,0,0.8,0,28.9,70,2,276,191,750,0,2,27.63,Rajamahendravaram
09-09-2020,0.51,31.5,3.1,11.1,14.2,8.7,6,10,35,0,0.8,0,30.1,67,2.3,187,200,749,0,0,27.9,Rajamahendravaram
10-09-2020,0.61,45.3,1.8,8.9,10.7,10.6,6.6,12,33,0.4,4.8,0.3,29.2,68,2,261,195,747,0,0,27.38,Rajamahendravaram
11-09-2020,0.63,34.5,2.1,10.8,12.9,9.7,7.9,15,41,0.1,1.1,0,26.2,75,2.2,282,190,747,0,0,27.87,Rajamahendravaram
12-09-2020,0.57,39.5,1.8,9.5,11.3,9.9,5.7,10,33,0.1,2.7,0.2,26,78,2.9,285,175,748,0,42,26.73,Rajamahendravaram
13-09-2020,0.5,32.4,2.1,8.8,10.9,9.2,8,4,12,0.2,3,0.3,24.1,83,2.7,306,182,747,0,10.5,27.04,Rajamahendravaram
14-09-2020,0.63,30.8,1.8,9.8,11.7,8.7,7.3,7,16,0.2,5.1,0.2,26.1,79,3,27,186,745,0,5.3,27.04,Rajamahendravaram
15-09-2020,0.69,39.9,1.8,14.1,15.9,21.8,5.6,7,13,0.6,6.6,1.8,19.7,84,1.8,245,185,747,0,28.3,27.19,Rajamahendravaram
16-09-2020,0.6,44.3,2,11.2,13.2,17,7.9,9,17,0.4,4.9,1,22,78,1.9,219,192,747,0,9.8,27.02,Rajamahendravaram
17-09-2020,0.63,44.5,1.8,10,11.8,8.1,7.4,15,32,0.1,4.8,0.2,26.9,79,1.6,207,188,748,0,0,27.58,Rajamahendravaram
18-09-2020,0.56,48.1,2,9.5,11.5,7.4,7,16,30,0.1,3.9,0.1,27.3,78,2.2,273,178,746,0,35,27.33,Rajamahendravaram
19-09-2020,0.57,28.6,2.5,9.7,12.2,5.8,7.9,9,21,0.1,3.9,0.1,26.6,80,2.1,288,182,744,0,42.5,27.54,Rajamahendravaram
20-09-2020,0.51,43.2,1.7,6.9,8.6,6.8,5.4,15,24,0.1,2.3,0,27,81,2.6,267,174,743,0,61,26.79,Rajamahendravaram
21-09-2020,0.62,33.4,1.9,8.8,10.7,6.2,5.7,4,15,0.1,2.8,0.1,26.7,75,3.7,225,204,743,0,0,26.36,Rajamahendravaram
22-09-2020,0.55,39,1.9,6.7,8.6,6.3,4.8,10,28,0.1,2.1,0.1,26.8,74,3,213,183,745,0,0,26.44,Rajamahendravaram
23-09-2020,0.45,46.5,1.7,8.8,10.5,7.4,5.3,11,27,0.1,2.4,0,27.2,74,2.7,212,195,748,0,8,27.17,Rajamahendravaram
24-09-2020,0.46,52.8,1.6,8.6,10.2,7.4,6.1,18,42,0.1,2.1,0.1,28.6,72,2.4,210,199,750,0,0,27.51,Rajamahendravaram
25-09-2020,0.46,43.1,1.7,9.9,11.6,7.3,6.4,13,33,0.1,3,0.1,25.8,80,2.2,236,176,750,0,10,26.54,Rajamahendravaram
26-09-2020,0.39,37.1,2,6.8,8.8,6.1,6,5,12,0.1,1.5,0,22.6,83,4,259,175,749,-0.1,2.8,26.68,Rajamahendravaram
27-09-2020,0.55,37.2,2,10.6,12.6,8.3,12.7,27,52,0.2,2.3,0,25.3,77,2.9,261,193,749,0,0,27.26,Rajamahendravaram
28-09-2020,0.61,45.3,1.8,13,14.8,10.1,8.2,34,73,0.2,3.7,0.3,28.3,70,2.2,322,196,749,0,4.8,27.53,Rajamahendravaram
29-09-2020,0.54,55.4,1.8,9.1,10.9,8.6,7.7,31,65,0.2,2.1,0.2,26.5,72,2.5,307,194,748,0,27,27.04,Rajamahendravaram
30-09-2020,0.51,53.1,1.9,10.4,12.3,8.4,9.5,31,44,0.2,3.2,0.2,24.6,81,2.1,276,172,747,0,1.3,26.86,Rajamahendravaram
01-10-2020,0.56,69,1.8,9.8,11.6,9.1,11.1,34,66,0.1,2.2,0.1,26.5,73,3.3,292,182,746,0,0.3,25.92,Rajamahendravaram
02-10-2020,0.56,64.2,1.9,11.6,13.4,8.1,10.4,29,71,0.3,2.8,0.1,26.3,67,2.7,296,178,747,0,0,26.99,Rajamahendravaram
03-10-2020,0.69,56.9,1.9,14.3,16.2,8.4,10.1,25,50,0.2,5.6,0.2,25.7,76,2.4,322,167,747,0,53,26.6,Rajamahendravaram
04-10-2020,0.59,48.1,1.8,11.9,13.7,8.9,9.2,30,52,0.2,3.6,0.3,24.5,81,2.1,290,170,748,0,1.5,25.85,Rajamahendravaram
05-10-2020,0.65,44.1,2.1,12.5,14.6,9.1,8.8,30,58,0.2,6.1,0.3,27,74,2.1,318,190,747,0,0,25.78,Rajamahendravaram
06-10-2020,0.62,43.7,1.9,13.4,15.3,7,7.7,19,37,0.2,5.2,0.2,26.7,78,1.8,70,179,748,0,4.8,26.7,Rajamahendravaram
07-10-2020,0.75,33.5,2.9,15.9,18.8,7.2,7.8,19,41,0.2,6.9,0.1,26.8,79,1.3,345,179,750,1,0,26.89,Rajamahendravaram
08-10-2020,0.7,43.7,1.9,16.6,18.5,8.9,7.5,35,63,0.1,6.5,0.1,27.3,78,2.1,80,182,750,0.6,6,26.84,Rajamahendravaram
09-10-2020,0.76,36.9,3.2,18.5,21.7,8.3,7,27,47,0.1,7.5,0.1,25.9,81,1.7,60,182,751,0.5,20.5,27.44,Rajamahendravaram
10-10-2020,0.59,29.8,2.6,10.7,13.3,8,6.6,21,38,0.1,4.9,0.2,25.1,83,1.7,297,175,750,1,17.8,26.76,Rajamahendravaram
11-10-2020,0.5,25.2,2.2,7.8,10,7.1,6.4,7,14,0.1,3.6,0.1,23.3,87,1.8,287,145,747,1,58,26.46,Rajamahendravaram
12-10-2020,0.57,21.5,3,12.1,15.1,13.8,6.2,9,15,0.7,6.6,2.4,20.3,88,2.2,288,155,744,0,50.3,26.29,Rajamahendravaram
13-10-2020,0.68,30.3,2.2,10.7,12.8,9.6,3.4,8,18,0.2,5.8,0.4,23.7,85,4.4,127,177,741,0.5,46.5,26.73,Rajamahendravaram
14-10-2020,0.74,29.5,2.1,15.8,17.9,7.3,4.7,12,20,0.4,8.1,1.1,22.5,86,1.6,91,166,746,0,32.3,27.02,Rajamahendravaram
15-10-2020,1.04,22.4,4.9,22.5,27.4,7.1,5.3,20,38,0.3,12.8,0.5,23.9,85,1.3,72,161,748,1.1,7.8,26.69,Rajamahendravaram
16-10-2020,0.57,37.5,2,10.4,12.5,6.5,8,13,26,0.2,4.7,0.5,25.3,81,1.8,295,188,748,0,13.8,26.97,Rajamahendravaram
17-10-2020,0.62,34.7,2.1,10.9,13.1,6.9,6.5,10,25,0.2,5.3,0.5,25.6,79,1.5,76,191,749,0.5,2.5,26.93,Rajamahendravaram
18-10-2020,0.53,34.5,1.9,7.1,9.1,7.1,6.6,9,24,0.2,3.7,0.5,26.8,75,2.1,322,190,750,1,0.8,26.66,Rajamahendravaram
19-10-2020,0.62,33.7,2.1,9.5,11.6,8.2,7.2,11,26,0.2,3.6,0.3,25,80,1.9,332,174,749,0,24.3,26.25,Rajamahendravaram
20-10-2020,0.74,26,3,12.8,15.8,8,7.7,10,31,0.3,7.6,0.9,25,81,1.3,14,178,749,1,3.8,25.6,Rajamahendravaram
21-10-2020,0.76,17.2,2.5,12.2,14.7,8.1,6.5,12,40,0.2,7,0.3,25.4,83,1.5,263,174,749,0.1,0,26.63,Rajamahendravaram
22-10-2020,0.8,55.7,1.9,11.4,13.3,12.7,14.1,50,112,0.3,4.9,0.3,27.2,72,2.3,310,188,747,1,0,26.91,Rajamahendravaram
23-10-2020,0.87,66,1.8,13.3,15.1,13.4,13.8,64,133,0.4,5.4,0.6,27.6,68,2,323,188,748,0,0,27.24,Rajamahendravaram
24-10-2020,0.94,74.2,1.7,16.1,17.8,13.4,12,67,130,0.6,7.6,1.2,27.2,68,2.1,51,187,751,0,0,26.76,Rajamahendravaram
25-10-2020,0.83,71.5,1.7,18.8,20.6,14.5,11.8,61,124,0.9,8.7,3,27.9,62,1.8,40,189,753,0,0,27.26,Rajamahendravaram
26-10-2020,0.8,85.6,1.6,16.1,17.7,14.3,13.7,56,117,0.8,6.1,1.4,26.6,66,2.2,30,190,754,0,0,26.4,Rajamahendravaram
27-10-2020,0.8,79,1.9,17.5,19.3,13.7,13.8,48,103,1,7.3,2.5,26.9,63,2,39,188,754,0,0,26.14,Rajamahendravaram
28-10-2020,0.93,82.6,1.8,20.8,22.5,12.1,14.5,46,111,1.1,8.9,3.1,26.1,59,1.8,34,179,754,0.5,0,25.76,Rajamahendravaram
29-10-2020,0.83,86.8,1.8,21.2,23,12.6,14.9,44,118,1.1,7.9,2.7,26.1,57,2,30,226,754,0.1,0,25.23,Rajamahendravaram
30-10-2020,0.93,91.1,2,22,24,16,15.9,53,127,1.3,8.4,2.8,25,57,2,33,190,754,0.5,0,25.68,Rajamahendravaram
31-10-2020,0.89,98.4,1.8,20.3,22.1,17,14.9,62,136,1.2,7.5,2.6,26.2,59,2.2,351,188,753,0,0,26.23,Rajamahendravaram
01-11-2020,0.93,101.3,1.5,17.5,19,19.1,15.6,68,138,1,6.6,2,27.5,60,1.9,350,187,754,0,0,26.86,Rajamahendravaram
02-11-2020,0.89,95,1.5,16.3,17.9,18.1,13.3,65,126,0.8,5.4,1.5,27.7,64,1.8,338,187,755,0,0,27.11,Rajamahendravaram
03-11-2020,0.79,76.9,1.6,12.7,14.3,15.2,11.1,39,82,0.7,6.4,1.3,26.8,69,2.3,51,177,755,0,0,26.38,Rajamahendravaram
04-11-2020,0.68,62,2,13.1,15.1,14,10.8,39,78,0.5,5.3,0.9,26,73,2.1,329,192,755,0,2,25.97,Rajamahendravaram
05-11-2020,0.81,68.9,1.7,11,12.8,13.1,7.7,39,79,0.5,4.3,1,26.6,71,2.5,75,184,756,0,0,26.14,Rajamahendravaram
06-11-2020,0.83,90.8,1.7,12.9,14.6,14.1,9.7,58,102,0.7,4.9,1.1,25.5,72,3.3,79,183,757,0.1,0,25.75,Rajamahendravaram
07-11-2020,1.02,110.3,1.4,14.5,15.9,13.3,12.8,67,125,0.9,6.7,1.6,25.8,68,2.7,72,187,758,0,0.5,24.79,Rajamahendravaram
08-11-2020,0.72,114.1,1.7,14.1,15.7,13.4,16.7,67,128,0.8,4.8,1.2,25.4,61,2.3,70,190,758,0,0,24.64,Rajamahendravaram
09-11-2020,0.76,105.5,1.9,19.9,21.8,10.5,17.1,59,123,1,5.9,1.8,23,56,2.2,343,193,757,0,0,22.61,Rajamahendravaram
10-11-2020,0.78,97.5,1.9,17.1,18.9,11.1,12.8,49,99,1,5.9,1.9,22.9,59,2.2,39,192,755,0,0,22.54,Rajamahendravaram
11-11-2020,0.66,45.1,2.1,12.2,14.2,9.4,7.8,15,45,0.5,3.7,0.9,23.1,74,3.3,52,185,755,0,1.3,25.18,Rajamahendravaram
12-11-2020,0.69,40.9,2.3,13.8,16.1,10.3,7.5,10,29,0.4,5,1.1,23.2,78,3.4,73,183,757,0.1,0.3,25.61,Rajamahendravaram
13-11-2020,0.67,76.4,1.9,15.2,17.1,9.6,14.1,19,64,0.8,5.8,1.4,25.7,58,3.3,75,187,756,0.1,0,24.96,Rajamahendravaram
14-11-2020,0.68,94.4,1.8,18,19.8,10.6,29.4,64,119,0.9,5.2,1,24.9,58,3,67,190,755,0,0,24.63,Rajamahendravaram
15-11-2020,0.63,101.9,1.5,13.2,14.7,10.7,15,42,86,0.7,4.6,0.8,25.3,59,2.9,58,180,755,0,0,25.18,Rajamahendravaram
16-11-2020,0.66,101.5,1.6,15.5,17.2,10.5,12,41,86,0.8,5.3,1.7,25.7,61,3.6,79,183,756,0.1,0,25.16,Rajamahendravaram
17-11-2020,0.73,91.5,1.7,16.8,18.5,10.7,12.2,48,94,1,6.6,2,25.1,61,3,78,189,755,0,0.3,24.47,Rajamahendravaram
18-11-2020,0.71,73.5,1.7,15.6,17.3,11.1,11.4,58,105,0.9,6.5,1.4,25.2,69,2.6,81,184,756,0,0,24.78,Rajamahendravaram
19-11-2020,0.71,48.4,1.8,14.4,16.2,10,10.3,43,85,0.8,6.5,1.8,25.8,68,2.2,97,186,756,0,0,24.93,Rajamahendravaram
20-11-2020,0.7,47.8,2,16.6,18.6,10.2,8.3,35,79,0.7,6,1.6,25.6,69,2,200,187,756,0,0,25.58,Rajamahendravaram
21-11-2020,0.75,40.6,2,15,17,12.3,11,34,77,0.6,5,1.2,26.2,68,2.3,329,187,756,0,0,26.11,Rajamahendravaram
22-11-2020,0.65,48.7,1.7,14.9,16.6,12.3,9.5,32,73,0.5,4.1,0.7,26.4,66,2.4,71,180,756,0,0,25.04,Rajamahendravaram
23-11-2020,0.62,64.7,1.5,14.5,16,13.3,12.7,63,107,0.9,5.3,1.3,24.3,70,3.2,74,178,757,0.1,0,24.85,Rajamahendravaram
24-11-2020,0.85,86.5,1.6,16.8,18.4,12.5,17.9,66,119,1,6.2,1.3,23.7,62,3.3,67,186,756,0,0,23.72,Rajamahendravaram
25-11-2020,0.76,75.5,1.6,16.6,18.2,9.8,12.5,47,103,1,5.7,1.4,22.9,56,3.6,55,176,755,0.1,1.3,22.75,Rajamahendravaram
26-11-2020,0.52,55,1.4,10.2,11.6,7.6,5.5,22,28,0.5,1.6,0.3,17.6,88,4.3,51,138,755,0.1,58.8,22.28,Rajamahendravaram
27-11-2020,0.47,45.4,1.6,9.2,10.8,7.3,4.8,9,14,0.9,2.7,0.7,17.5,85,3.9,44,169,756,0.6,10.3,23.39,Rajamahendravaram
28-11-2020,0.62,53.8,1.9,18.3,20.3,6.7,8.2,26,57,1.2,8,2.8,20.7,71,2.5,59,178,758,0,0.5,23.99,Rajamahendravaram
29-11-2020,0.71,70.4,1.7,17.6,19.3,7.5,13.4,38,88,1,6.1,1.5,24,56,2.8,73,187,758,0.1,0,22.9,Rajamahendravaram
30-11-2020,0.74,76.3,2,20.1,22.1,8.4,12.9,47,106,1.1,7.1,2,22.8,58,2.4,68,188,758,0,0,21.96,Rajamahendravaram
01-12-2020,0.81,86.3,1.6,16.8,18.6,10,14.2,50,104,1.1,6.7,1.7,22.1,63,2.7,67,187,758,0,0,21.81,Rajamahendravaram
02-12-2020,0.58,81.1,1.6,15.9,17.5,11.4,15.2,51,105,1.2,6.6,1.5,22.3,63,2.6,75,185,756,0,0,21.95,Rajamahendravaram
03-12-2020,0.86,78.5,2,18.6,20.6,11.3,16.5,55,114,1.2,8.3,2,22.9,63,2.6,61,183,756,0,0,22.63,Rajamahendravaram
04-12-2020,1.01,66.9,1.8,19.9,21.8,11.6,16.4,56,116,1.1,7.4,1.7,23.2,65,2.6,76,186,755,0,0,22.72,Rajamahendravaram
05-12-2020,0.72,72.9,1.7,17.8,19.6,11.6,17.4,63,120,1,7,1.3,23.3,64,3,72,186,755,0,0,22.76,Rajamahendravaram
06-12-2020,0.96,65.1,1.5,19.1,20.6,11.5,23.8,46,94,1,6.7,1.2,22.6,59,3.4,80,134,757,0.1,0,22.12,Rajamahendravaram
07-12-2020,1.05,59.7,1.9,19.3,21.3,7.9,10,38,87,0.9,6.4,1.6,23.4,56,2.7,61,188,759,0,0.8,21.99,Rajamahendravaram
08-12-2020,1.08,64.2,1.9,21,22.9,8.6,12.1,49,103,1.1,8.3,2.4,22.3,58,2.4,71,188,759,0,0,21.59,Rajamahendravaram
09-12-2020,0.9,57.3,2.6,27.4,30,10.7,16.6,62,129,1.7,11.2,3.9,22.1,59,2.1,351,189,758,0,0,21.8,Rajamahendravaram
10-12-2020,1.16,65.2,2,27.8,29.7,12.9,21.8,74,146,1.5,9.8,3.3,22.4,60,2,13,187,758,0,0,21.68,Rajamahendravaram
11-12-2020,0.86,68.2,1.8,26.7,28.6,14.8,19.1,85,159,1.6,10.1,3.5,22.2,63,1.8,314,187,757,0,0,22.15,Rajamahendravaram
12-12-2020,1.13,56.6,2.1,30.1,32.2,13.8,14,78,148,1.6,11.4,4.1,22.5,61,1.9,74,204,757,0,0,22.84,Rajamahendravaram
13-12-2020,1.29,69.6,1.7,23.9,25.6,14.5,19.5,80,151,1.5,7.8,2.3,21.9,62,1.9,338,187,756,0,0,23.03,Rajamahendravaram
14-12-2020,1.06,51.8,2,27,29,15.2,12.7,76,140,1.5,10.5,3.4,21.7,67,2,49,166,756,0.1,0,22.63,Rajamahendravaram
15-12-2020,0.72,66.4,1.8,19.3,21.1,14.1,11.8,74,131,1.3,8.3,2,22.3,68,3.2,80,184,758,0.1,0,22.17,Rajamahendravaram
16-12-2020,0.6,68.3,1.6,19.6,21.2,13.2,11.1,65,124,1.3,8,2,22.9,67,3,76,182,758,0.1,0.3,22.71,Rajamahendravaram
17-12-2020,1.15,74.1,1.8,18.2,20,13.6,10.9,72,127,1.2,7.6,1.8,23.7,66,2.2,62,181,758,0,0,23.07,Rajamahendravaram
18-12-2020,1.05,68.3,1.7,19.5,21.2,14.4,11.2,88,143,1.5,8.3,2.4,23.4,72,2,71,178,758,0,0,23.13,Rajamahendravaram
19-12-2020,1.02,67.7,1.8,21.6,23.4,13.6,12.6,90,151,1.6,9,2.5,23,70,2,68,179,759,0,0,22.22,Rajamahendravaram
20-12-2020,0.9,77.3,1.8,21.8,23.7,12.9,16.1,78,138,1.2,7.1,1.8,22.1,59,2.2,59,185,759,0,0,20.43,Rajamahendravaram
21-12-2020,0.95,84.6,1.9,24.4,26.3,12.1,20.1,71,136,1.3,6.7,2.1,19.9,58,2.5,17,187,759,0,0,19.32,Rajamahendravaram
22-12-2020,0.9,86.1,2,25.9,27.9,12.6,21.6,75,142,1.3,7.5,2.3,19.6,58,2.5,20,189,757,0,0,18.99,Rajamahendravaram
23-12-2020,0.91,89.7,1.8,27.1,28.9,13,21.3,74,142,1.4,8.5,2.7,19.8,60,2.3,347,188,757,0,0,19.56,Rajamahendravaram
24-12-2020,0.92,86.3,1.7,25.7,27.4,13.7,21.1,88,161,1.3,7.4,1.9,19.8,63,2.4,348,187,756,0,0,20.16,Rajamahendravaram
25-12-2020,0.93,94,1.6,22.8,24.4,13.1,15.3,98,167,1.4,7.2,1.9,20.8,64,2.1,21,184,757,0,0,20.38,Rajamahendravaram
26-12-2020,1.07,91.5,1.8,22.7,24.5,12.8,15,113,182,1.6,6.9,2.1,20.9,67,2.2,42,183,757,0,0,20.33,Rajamahendravaram
27-12-2020,1.11,95.1,1.6,19.9,21.5,12.7,14.7,119,180,1.7,6,1.4,20.7,70,2.4,67,185,757,0,0,20.75,Rajamahendravaram
28-12-2020,1.12,97.3,1.7,20.9,22.6,12.8,15.3,121,190,1.7,6.7,1.6,21.2,74,2.5,21,184,756,0,0,20.86,Rajamahendravaram
29-12-2020,0.98,96.6,1.6,20.1,21.7,11.5,20.3,105,165,1.4,6.3,1.5,21,78,3,80,186,757,0,0,20.65,Rajamahendravaram
30-12-2020,0.92,88.9,1.7,21.3,23,10,17.1,87,152,1.2,6.3,1.6,21.1,74,3.2,86,188,757,0,0,20.9,Rajamahendravaram
31-12-2020,0.91,96,1.7,24.3,26,9.4,20.4,99,180,1.5,7.5,2.2,21.7,70,2.8,70,184,758,1.1,0,21.27,Rajamahendravaram
01-01-2021,0.9,94.2,1.5,18.7,20.2,9.7,14.2,103,160,1.4,6,1.5,21.2,69,3.3,75,186,758,0,0,20.71,Rajamahendravaram
02-01-2021,1.03,89.9,1.7,20.6,22.3,10.3,16.3,110,176,1.5,6.8,1.9,20.9,74,2.9,74,186,758,0.6,0,20.08,Rajamahendravaram
03-01-2021,0.95,83.9,1.6,18.3,19.9,9.9,13.2,98,155,1.3,5.4,1.2,20.9,75,3.1,80,188,757,0,0,20.33,Rajamahendravaram
04-01-2021,0.85,81.2,1.7,19.3,21,10.8,12.2,80,139,1.4,6.2,1.5,21.4,72,2.6,73,186,757,1,0,20.93,Rajamahendravaram
05-01-2021,0.85,77.6,1.7,18.4,20.1,12.3,12.2,64,112,1.4,6.5,1.5,22.6,65,3.2,91,184,757,0.6,0,23,Rajamahendravaram
06-01-2021,1.06,61.4,1.6,26.6,28.2,13.7,12.4,70,131,1.6,8.5,2.4,21.5,71,2,68,114,756,0,0,23.48,Rajamahendravaram
07-01-2021,1.45,57.9,1.8,20.2,22,13,9.6,61,112,1.3,8,1.6,23.8,67,2.4,84,176,754,0,0,23.08,Rajamahendravaram
08-01-2021,0.93,45.6,1.9,18.8,20.7,13.6,9.1,38,79,1.1,7.8,1.7,23.9,62,3,91,187,754,0.1,0,22.27,Rajamahendravaram
09-01-2021,0.89,51.3,2.5,30.2,32.7,15.6,14.1,51,116,1.6,10.2,3.3,22.8,57,2.9,88,187,755,0,0,22.15,Rajamahendravaram
10-01-2021,1.09,62.1,2.1,23.3,25.3,18.4,14.5,54,122,1.3,7.6,2.1,22.5,61,2.5,319,186,755,0,0,22.89,Rajamahendravaram
11-01-2021,1.21,55.9,2.2,29.3,31.5,22.5,11.8,71,140,2,12.5,4.7,23.4,59,1.8,68,182,756,0,0,23.17,Rajamahendravaram
12-01-2021,1.41,54.7,2,21.7,23.7,22.6,11.1,70,127,1.6,9.6,2.9,23.4,66,2.3,88,187,756,0,0,23.45,Rajamahendravaram
13-01-2021,1.55,45,4.3,29,33.3,26.2,14.9,133,187,2.6,10.1,3.2,23.4,71,2.2,142,185,756,0,0,24.14,Rajamahendravaram
14-01-2021,1.3,45.5,2.1,15.3,17.4,27.5,10.3,75,118,1.3,6.8,2,23.8,69,2.1,109,184,756,0,0,23.95,Rajamahendravaram
15-01-2021,0.86,48,2,12.7,14.6,26.4,10.2,62,98,0.8,4,1,23.7,68,2.1,296,184,755,0,0,23.92,Rajamahendravaram
16-01-2021,0.86,47.5,1.9,14.8,16.7,21.1,8.4,59,99,0.9,4.7,1.2,23.4,67,2,231,185,754,0,0,23.97,Rajamahendravaram
17-01-2021,0.76,45.4,1.9,13.9,15.8,19.7,7.9,52,91,0.9,4.5,1.3,23.2,68,2.3,118,185,756,0,0,23.51,Rajamahendravaram
18-01-2021,0.95,47.7,1.8,17.8,19.6,18.7,9.7,58,101,1,5.4,1.7,22.8,68,2.6,86,183,757,0,0,23.26,Rajamahendravaram
19-01-2021,0.65,58.6,2,19.9,21.8,16.9,11.1,75,127,1.2,6,2,22.8,67,2,319,188,756,0,0,24.05,Rajamahendravaram
20-01-2021,0.83,61.4,2,18.4,20.3,16.1,8.5,77,131,1.4,5.9,1.7,23.4,67,1.8,284,188,756,0,0,24.04,Rajamahendravaram
21-01-2021,1.15,42.3,2.3,20.9,23.1,24.5,9.8,69,133,1.2,6.1,1.8,23.7,68,1.7,247,187,755,0,0,24.78,Rajamahendravaram
22-01-2021,0.89,46.4,2.7,23.7,26.4,40.3,9.5,92,160,1.7,9.6,2.4,24.2,72,2.3,105,182,756,0,0,23.96,Rajamahendravaram
23-01-2021,0.84,50.3,2,16.8,18.8,27.5,8,83,139,1.2,5,1.5,24.1,70,2.1,285,186,756,0,0,23.98,Rajamahendravaram
24-01-2021,0.73,40.9,2.2,17.8,20,27.1,7.7,69,120,1.1,4.7,1.3,24.3,67,1.9,223,187,757,0,0,24.79,Rajamahendravaram
25-01-2021,0.8,39,2.2,19,21.2,28.6,7.9,60,117,1.1,4.6,1.4,23.8,66,2.1,232,188,757,0,0,24.7,Rajamahendravaram
26-01-2021,0.85,36,2.5,17.1,19.6,26.5,7.4,54,105,1.1,4.8,1.3,23.9,66,2,234,187,757,0,0,24.47,Rajamahendravaram
27-01-2021,0.79,45.8,2.3,18.1,20.4,26.5,10,65,111,1.3,5,1.5,24.5,64,2.2,158,184,757,0,0,24.15,Rajamahendravaram
28-01-2021,0.87,42.8,2,17.7,19.7,20.2,9,77,140,1.2,5.5,1.7,23.5,70,2.3,100,181,757,0,0,24.32,Rajamahendravaram
29-01-2021,0.84,37.9,1.9,22.8,24.7,20.2,9.6,90,169,1.5,7.4,2,23.9,72,1.7,87,180,758,0,0,24.59,Rajamahendravaram
30-01-2021,1,40.8,2,22.3,24.3,20.4,8,83,152,1.4,6.2,1.9,23.6,68,2,358,189,758,0.5,0,24.98,Rajamahendravaram
31-01-2021,1.38,39.4,1.7,17.7,19.4,19.9,7.2,60,118,1.1,5.2,1.3,23.8,71,2.1,82,181,758,0,0,24.17,Rajamahendravaram
01-02-2021,0.9,59,1.6,16.1,17.7,19.4,10,79,134,1.3,5.3,1.3,22.9,73,2.5,91,182,760,0,0,23.56,Rajamahendravaram
02-02-2021,0.9,72.9,1.6,15.8,17.4,18.3,11.2,89,150,1.3,4.7,1.2,23,66,2.6,87,189,760,0,0,23.15,Rajamahendravaram
03-02-2021,0.76,70,1.8,24.8,26.6,17.1,13.8,75,146,1.2,5.6,1.6,22.2,59,2.5,97,190,759,0.5,0,23.1,Rajamahendravaram
04-02-2021,0.72,56,3.2,34.3,37.5,17.6,16,62,152,1.4,8.8,3.3,21.4,50,2.3,75,194,759,0,0,23.06,Rajamahendravaram
05-02-2021,0.82,62.4,2,27.3,29.3,19.6,14.6,59,136,1.4,8.3,3.1,21.1,51,2.4,315,194,758,0,0,22.96,Rajamahendravaram
06-02-2021,0.83,65.1,2.1,24.5,26.6,18.9,15.2,60,137,1.1,6,1.9,21.6,57,2.6,75,194,757,0,0,23.4,Rajamahendravaram
07-02-2021,0.66,69,1.8,17.4,19.1,17.7,12.9,48,108,0.8,4.3,1.1,22.5,54,2.5,356,194,758,0.5,0,23.85,Rajamahendravaram
08-02-2021,0.84,67.3,2,22.5,24.5,18.6,13.4,63,127,1.2,5.8,1.7,21.9,59,2.5,92,193,759,0,0,23.49,Rajamahendravaram
09-02-2021,0.8,68,1.6,19,20.6,18.4,10.7,62,120,1.2,5.3,1.5,22.1,61,2.4,259,195,759,0,0,23.6,Rajamahendravaram
10-02-2021,0.82,65.1,2.1,19.7,21.8,17.1,10.9,,142,1.2,5.4,1.3,22.8,65,2.1,240,194,756,0,0,23.83,Rajamahendravaram
11-02-2021,0.66,61.6,1.8,18.1,19.9,15.9,10.3,,128,1.2,5,1.2,22.7,66,2.3,133,195,756,0,0,23.5,Rajamahendravaram
12-02-2021,0.78,51.8,2.8,22.7,25.5,14.1,10.5,,,1,5.2,1.4,22.8,63,2.6,98,194,757,0,0,23.67,Rajamahendravaram
13-02-2021,0.66,41.6,2.1,21.6,23.8,12.8,9,,,0.9,4.7,1.1,22.5,64,2.5,130,195,758,0,0,24,Rajamahendravaram
14-02-2021,0.56,43.4,2.2,18.1,20.2,13,9,,,0.7,3.9,1,23,61,2.3,223,196,757,0,0,24.42,Rajamahendravaram
15-02-2021,0.58,40.7,2.4,19.5,21.9,14,9.9,,,0.8,4.2,1.1,23.8,61,2.1,228,195,756,0,0,25.15,Rajamahendravaram
16-02-2021,0.72,35.1,4.2,24.5,28.7,15.7,9,,,0.9,4.2,0.9,23.7,68,2.2,251,195,756,0,0,25.57,Rajamahendravaram
17-02-2021,0.88,45.7,6,25.7,31.7,17.9,11.1,,,1.2,5.7,1.5,23.8,62,2.6,120,196,756,0,0,24.81,Rajamahendravaram
18-02-2021,0.73,53.4,1.8,17.5,19.3,16.8,11.5,,,0.8,5.1,1.2,23.7,67,3.1,91,194,758,0.1,0,24.48,Rajamahendravaram
19-02-2021,0.7,58.1,2,16.8,18.9,17.6,11.3,60,112,0.9,4.9,1.1,23.2,60,3.3,79,188,759,0.1,0,24.3,Rajamahendravaram
20-02-2021,0.7,48.4,1.8,18.4,20.2,15.2,9.5,50,106,0.9,4.8,1,22.8,61,3.6,75,186,758,0.1,0,24.14,Rajamahendravaram
21-02-2021,0.67,45.6,1.8,17.2,19,14.3,8.9,46,102,1,4.2,1.1,23.1,66,2.6,88,191,758,0,0,24.8,Rajamahendravaram
22-02-2021,0.72,45.7,2.1,24.2,26.3,16.5,11.3,52,115,1.3,6.2,1.8,24.4,56,2.5,122,195,758,0,0,25.91,Rajamahendravaram
23-02-2021,0.82,50.9,2,25.4,27.4,16.9,10.3,50,118,1.2,6.3,1.8,24.1,54,2.1,241,197,756,0,0,26.13,Rajamahendravaram
24-02-2021,0.81,40.4,2.2,21.8,24,16.9,9,50,112,1.2,4.6,1.2,24.3,62,2.4,230,197,755,0,0,26.57,Rajamahendravaram
25-02-2021,0.75,32.7,2.7,20.1,22.8,19.5,8.1,43,101,0.9,3.8,0.8,24.4,69,2.7,226,198,754,0,0,27.36,Rajamahendravaram
26-02-2021,0.6,34.1,2.2,16.4,18.6,21.5,9.4,40,83,0.8,3.9,0.8,24.9,70,2.5,224,202,753,0,0,27.87,Rajamahendravaram
27-02-2021,0.61,31.2,2.1,16.2,18.3,19.3,8.2,46,93,0.8,4.9,0.9,24.9,73,2.6,225,195,752,0,0,28.57,Rajamahendravaram
28-02-2021,0.48,27.4,2.5,15.8,18.3,18.5,8.5,34,68,0.6,3.9,0.7,25.3,71,2.5,210,195,753,0,0,28.24,Rajamahendravaram
01-03-2021,0.55,22.4,3.3,16.7,20,16.9,7.5,24,68,0.6,2.9,0.8,25.5,67,2.4,230,197,756,0,0,28.07,Rajamahendravaram
02-03-2021,0.62,20.6,2.5,15.4,18,16,10.7,29,72,0.6,4.2,0.7,25.3,69,2.9,228,198,756,0,0,28.35,Rajamahendravaram
03-03-2021,0.58,24.2,2.9,18.3,21.3,15.6,9.2,37,96,0.7,4,1,25.9,62,2.5,227,199,755,0,0,28.23,Rajamahendravaram
04-03-2021,0.6,25.6,2.8,20.7,23.5,15.2,9,42,121,0.7,3.5,0.8,25.3,58,2.4,238,199,756,0,0,28.12,Rajamahendravaram
05-03-2021,0.58,19.1,2.4,17,19.4,16.5,9.6,37,101,0.7,3.6,0.8,25.1,58,2.5,242,200,757,0,0,28.03,Rajamahendravaram
06-03-2021,0.72,15.6,2.5,21.1,23.6,17.4,8.7,41,111,0.9,4,0.9,24.6,62,2.5,239,200,756,0,0,28.17,Rajamahendravaram
07-03-2021,0.57,10.1,3.2,15.9,19.1,17.4,7.1,28,69,0.6,2.8,0.6,25,71,2.4,231,199,755,0,0,28.75,Rajamahendravaram
08-03-2021,0.51,8.3,3,13.1,16.1,17.2,6.8,13,40,0.5,2.8,0.8,25.7,69,2.7,211,196,756,0,0,28.34,Rajamahendravaram
09-03-2021,0.52,9,3.3,15.1,18.4,14.1,6,13,51,0.6,3.2,0.8,25.2,68,2.4,226,198,757,0,0,28.06,Rajamahendravaram
10-03-2021,0.59,9.1,2.9,16.7,19.6,19.1,6.8,13,46,0.7,3.5,0.8,24,68,2.5,229,199,757,0,0,28.32,Rajamahendravaram
11-03-2021,0.5,7.5,4.1,13.3,17.4,13.1,7,11,41,0.6,3.9,1,25.4,71,2.7,230,199,757,0,0,28.24,Rajamahendravaram
12-03-2021,0.53,12.7,3.3,15.6,18.9,12.5,7.6,13,44,0.5,3.4,0.8,25.7,63,2.6,228,199,758,0,0,27.81,Rajamahendravaram
13-03-2021,0.55,15.1,3.2,21.9,25.1,13.1,7.3,19,74,0.8,4.5,1.2,25.8,57,2.5,233,202,757,0,0,28.05,Rajamahendravaram
14-03-2021,0.64,18,3.3,20.8,24.1,14.4,7.6,22,77,0.7,3.4,0.9,26.7,61,2.5,185,198,755,0,0,28.61,Rajamahendravaram
15-03-2021,0.65,19.3,1.8,16,17.8,15.1,7.4,27,63,0.7,3.6,1,26.8,68,2.3,193,195,755,0,0,29.23,Rajamahendravaram
16-03-2021,0.72,23,2,20.3,22.3,15.4,9.2,50,119,0.9,4,1.1,27.1,65,2.3,199,194,754,0,0,30.04,Rajamahendravaram
17-03-2021,0.7,22.7,1.9,16.2,18.2,13.9,8.5,43,80,0.7,3.3,0.8,27,63,2.4,203,198,754,0,0,30.04,Rajamahendravaram
18-03-2021,0.8,18.9,3.4,22.1,25.5,15,9.5,47,126,1.1,0.8,1.1,26.5,65,2.3,239,198,754,0,0,29.71,Rajamahendravaram
19-03-2021,0.78,16.9,2.5,18,20.5,13.5,9.4,45,104,0.9,4,1,26.1,66,2.3,235,199,754,0,0,29.7,Rajamahendravaram
20-03-2021,0.85,17.7,2.5,21.5,24,14.6,7.9,46,120,0.9,5.3,1.1,27.1,60,2.3,242,198,752,0,0,30.47,Rajamahendravaram
21-03-2021,0.83,19,2.5,21.7,24.2,16.3,11.9,58,134,1,4.4,0.9,27.6,62,2.4,217,196,752,0,0,30.83,Rajamahendravaram
22-03-2021,0.8,14.8,2.7,23,25.7,15.2,8.9,49,152,1,4.8,1.3,28.4,59,2.1,218,194,754,0,0,30.95,Rajamahendravaram
23-03-2021,0.81,17.8,2.5,19.9,22.4,15.5,10.3,54,161,1,4.5,1.1,28.3,55,2.2,242,201,755,0,0,30.48,Rajamahendravaram
24-03-2021,0.82,19,2.7,21.3,24.1,18.1,17.2,65,180,1.2,5.4,1.3,28.7,55,2.3,198,201,754,0,0,30.77,Rajamahendravaram
25-03-2021,0.98,16.3,2.2,18.5,20.7,19.8,11.9,69,181,1.3,5.2,1.3,28.2,59,2.4,249,196,753,0,0,31.4,Rajamahendravaram
26-03-2021,0.87,19.2,2.3,14,16.4,21.5,11.3,78,172,1.3,5,1.2,28.7,50,2,247,198,753,0,0,31.59,Rajamahendravaram
27-03-2021,0.94,13,2.7,15.7,18.4,19,10.5,73,179,1.5,5.8,1.5,27.7,64,2.3,229,195,752,0,0,31.73,Rajamahendravaram
28-03-2021,0.75,12,2.4,11.6,14,19,7,47,112,0.7,2.9,0.7,28.1,68,2.5,213,198,752,0,0,31.01,Rajamahendravaram
29-03-2021,0.66,10.3,1.9,10.9,12.8,18.1,7,31,78,0.5,2.6,0.5,27.7,71,2.6,216,199,751,0,0,31.49,Rajamahendravaram
30-03-2021,0.8,12.9,1.6,11.7,13.3,23.6,13.2,34,75,0.4,1.3,0.2,27.7,74,2.6,221,140,748,0,0,32.08,Rajamahendravaram
31-03-2021,1.18,16,1.8,12.7,14.4,17.6,10.9,46,97,0.8,0.7,0.4,29.6,72,2.9,229,197,746,0,0,32.78,Rajamahendravaram
01-04-2021,0.86,17.3,1.7,11.5,13.3,16.4,13.8,55,112,1.2,1,0.7,30.1,71,3.1,218,196,746,0,0,33.01,Rajamahendravaram
02-04-2021,0.98,17.3,1.7,12.3,14,15.7,12.3,46,106,1.4,1.1,0.7,31.3,67,2.9,183,196,747,0,0,33.61,Rajamahendravaram
03-04-2021,0.87,17.2,1.7,10.7,12.4,15.5,6.7,44,106,1.3,1.1,0.7,30.6,65,4,117,198,749,0.1,0,32.25,Rajamahendravaram
04-04-2021,0.77,19.4,1.9,14.5,16.4,20,3.3,42,103,1.1,0.9,0.6,27.4,61,2.8,140,207,751,0,0,31.88,Rajamahendravaram
05-04-2021,0.42,11.3,2.9,26.4,29.3,21.1,4.4,35,95,0.4,0.4,0.3,25.3,62,2.7,148,239,753,0,4.3,31.09,Rajamahendravaram
06-04-2021,1.08,13.3,1.6,9.7,11.3,15.2,4.9,30,90,1.7,1.4,0.9,30.3,57,3.3,197,232,753,0,0,30.74,Rajamahendravaram
07-04-2021,1.23,13,1.9,12.9,14.7,13.7,2.5,35,103,1.7,1.4,0.9,28,67,2.8,209,205,754,0.5,32767,31.17,Rajamahendravaram
08-04-2021,0.87,14.3,1.8,8.2,10,13,3.7,28,83,1.3,1,0.7,28.3,66,2.7,216,201,752,0,0,31.2,Rajamahendravaram
09-04-2021,0.99,14.8,1.8,11.3,13.1,11.4,3.6,27,78,1.4,1.1,0.7,28.4,62,2.7,150,203,752,0,0,31.17,Rajamahendravaram
10-04-2021,0.59,16.3,1.9,14.1,16,10.1,3.2,23,67,1,0.9,0.6,28.8,59,2.7,132,204,754,0,0,30.57,Rajamahendravaram
11-04-2021,0.95,13.3,2.3,10.1,12.4,10,2.5,16,52,1.6,1.4,0.8,29.3,61,2.7,205,205,755,0,0,30.68,Rajamahendravaram
12-04-2021,0.54,14.4,2.5,13.8,16.3,10.5,3.6,19,70,1.1,1,0.7,28.8,59,2.3,259,200,755,0,0,31.92,Rajamahendravaram
13-04-2021,0.86,15.2,1.9,16.6,18.5,10.6,3.9,20,59,1.4,1.5,1.1,27.9,59,2.6,263,206,755,0,1.5,32.11,Rajamahendravaram
14-04-2021,0.93,14.4,2,14.9,16.9,10.8,4,18,53,1.4,1.7,1.1,28.9,55,2.8,220,205,755,0,0,32.03,Rajamahendravaram
15-04-2021,0.72,17.2,1.8,14,15.8,11.2,4.7,8,28,1.2,1.1,0.8,27.3,59,3.4,211,199,753,0,5.3,30.36,Rajamahendravaram
16-04-2021,0.68,17.1,1.7,13.1,14.8,11,5,8,36,1.6,1.6,1,28.7,59,2.5,189,209,753,0,0.3,30.99,Rajamahendravaram
17-04-2021,0.7,15.1,2.2,13.3,15.4,11.3,3.7,6,33,1.2,1.1,0.7,29.8,62,2.5,193,207,753,0,0,32.22,Rajamahendravaram
18-04-2021,0.48,14.7,1.9,9.6,11.5,12,4.7,6,27,0.7,0.7,0.5,30.3,63,2.7,195,203,754,0.5,0,31.88,Rajamahendravaram
19-04-2021,0.59,16.1,1.8,9.2,11,13.2,4.5,14,46,0.9,0.8,0.5,30.5,66,2.7,201,202,752,0,0,32.03,Rajamahendravaram
20-04-2021,0.63,17.3,1.6,9.2,10.8,11.9,4.1,16,50,0.9,0.8,0.5,30.5,64,3.1,160,202,751,0,0,31.86,Rajamahendravaram
21-04-2021,0.74,14.3,1.7,10,11.7,10.9,5.7,15,51,1,0.9,0.6,30.1,62,2.9,189,201,753,0.5,0,31.86,Rajamahendravaram
22-04-2021,0.52,16.1,2,13.3,15.3,10.4,6.3,21,58,0.8,0.6,0.4,28.4,65,2.9,216,193,753,0,4,31.68,Rajamahendravaram
23-04-2021,0.65,16,2.1,18.9,21,9.6,6.7,21,55,0.9,0.9,0.5,26.2,65,2.2,4,198,753,0,0.3,31.94,Rajamahendravaram
24-04-2021,0.75,16.8,1.9,16,17.8,11.2,2.5,23,57,1.1,0.9,0.6,29.4,61,2.2,211,201,753,0,0,31.82,Rajamahendravaram
25-04-2021,0.55,20.7,1.6,8.8,10.5,14.5,3.7,23,54,0.8,0.7,0.7,31.2,61,2.4,185,205,752,0,0,32.15,Rajamahendravaram
26-04-2021,0.63,18.9,1.8,8.2,10,13.8,3.2,21,57,0.4,1.7,0.4,30.3,62,2.7,195,205,752,0,0,31.78,Rajamahendravaram
27-04-2021,0.69,20,1.7,12.6,14.2,11.4,3.4,28,83,0.3,3.3,0.4,29.4,59,2.9,230,200,752,0,0,32.45,Rajamahendravaram
28-04-2021,0.73,22.3,1.8,16.4,18.2,9,3.2,31,78,0.5,3.3,0.5,29.7,52,2.4,328,202,753,0,0.3,32.62,Rajamahendravaram
29-04-2021,0.75,22.2,1.9,14.2,16.1,10.4,3.7,28,77,0.4,3.2,0.5,29.7,56,2.6,230,204,755,0,0,32.19,Rajamahendravaram
30-04-2021,0.83,22.8,1.7,12.1,13.8,10.8,4,26,63,0.4,4.1,0.5,30.1,56,2.9,196,210,752,0,0.8,31.94,Rajamahendravaram
01-05-2021,0.64,15.4,1.8,7.8,9.6,11.7,3.1,17,45,0.4,2.9,0.5,30.4,60,3.2,144,206,753,0.1,0,31.65,Rajamahendravaram
02-05-2021,0.62,19,1.6,8.8,10.4,11.9,3.8,14,41,0.3,2.5,0.3,30.3,60,2.4,196,208,752,0,0,31.96,Rajamahendravaram
03-05-2021,0.55,16.6,2,9.2,11.2,9.1,2.9,13,40,0.3,2.2,0.3,30.4,56,2.6,204,205,752,0,0.3,31.82,Rajamahendravaram
04-05-2021,0.58,11.6,2.1,10.3,12.4,9.9,3.1,8,33,0.4,2.9,0.4,30.4,59,2.7,151,204,752,0,0.3,32.01,Rajamahendravaram
05-05-2021,0.46,11.2,1.7,8.8,10.5,9.7,2.1,5,37,0.3,1.9,0.3,30.2,57,2.7,144,211,752,0,0.8,31.89,Rajamahendravaram
06-05-2021,0.75,9.5,1.8,8.4,10.2,9.9,2.7,7,30,0.4,2.7,0.4,29.8,60,2.7,136,206,753,0,1.5,31.67,Rajamahendravaram
07-05-2021,0.73,11.5,2.8,12.4,15.2,10.2,3.5,7,26,0.5,3.9,0.7,28.6,66,2.4,152,209,754,0,9.8,31.76,Rajamahendravaram
08-05-2021,0.79,14.1,2.8,9.8,12.6,10.2,3.3,4,20,0.4,3.6,0.5,30.7,62,2.7,161,207,752,0,0,32.36,Rajamahendravaram
09-05-2021,0.62,13.8,2.6,10.1,12.7,11.2,4.4,6,22,0.5,2.9,0.4,30.8,62,2.7,149,209,751,0,1.3,32.35,Rajamahendravaram
10-05-2021,0.58,16.2,1.7,8.9,10.7,11.6,3.9,6,22,0.4,2.2,0.3,31.3,61,2.6,172,207,750,0,1.8,32.45,Rajamahendravaram
11-05-2021,0.5,15.6,2,9.1,11.1,11,3.5,6,25,0.4,2.2,0.3,30.3,65,3.2,180,207,750,0,30.3,32.35,Rajamahendravaram
12-05-2021,0.59,16.6,1.8,7.1,8.9,10.9,5.3,4,14,0.3,1.6,0.2,29.1,68,2.8,221,215,748,0,0.3,32.51,Rajamahendravaram
13-05-2021,0.66,17.9,2,8.7,10.8,11.5,3.4,12,32,0.4,2,0.3,31.9,66,2.7,202,201,748,0,1,32.75,Rajamahendravaram
14-05-2021,0.63,14.1,1.9,6.6,8.5,9.6,2.4,7,25,0.3,2,0.3,32.5,62,3.1,169,211,748,0,1.8,31.47,Rajamahendravaram
15-05-2021,0.64,14.1,2,10.4,12.4,10.9,4.2,9,26,0.4,2.6,0.4,32,62,4.5,111,209,748,0.1,0.8,30.74,Rajamahendravaram
16-05-2021,0.59,12.8,1.9,7.5,9.4,9.5,3.3,8,25,0.4,2.5,0.4,31.2,66,4,124,199,749,0.1,0.8,30.12,Rajamahendravaram
17-05-2021,0.58,14.3,1.9,7.1,9,9.1,2.6,9,25,0.3,3.2,0.7,31.4,65,3.4,130,210,750,0.1,7.8,30.24,Rajamahendravaram
18-05-2021,0.58,13.6,1.7,7.2,8.9,8.5,4.6,11,27,0.2,1.8,0.3,31.9,63,3.4,178,212,750,0,0.3,30.83,Rajamahendravaram
19-05-2021,0.42,14.8,1.9,7.2,9.2,8.8,3,12,32,0.2,1.6,0.3,32.1,62,3.6,182,212,749,0,0.3,30.79,Rajamahendravaram
20-05-2021,0.71,20.3,1.8,7.7,9.5,10.9,4.1,21,44,0.3,1.6,0.3,31.8,63,2.9,176,201,749,0,0,31.38,Rajamahendravaram
21-05-2021,0.64,25.8,1.7,7.8,9.5,10.5,3.3,15,28,0.2,1.7,0.2,28.2,73,2.8,299,188,749,0,17.5,29.64,Rajamahendravaram
22-05-2021,0.57,28,1.6,9.7,11.2,9.8,3.3,17,40,0.3,1.8,0.2,26.6,74,3.5,257,199,748,0,6.8,28.59,Rajamahendravaram
23-05-2021,0.49,32.1,1.4,11.4,12.8,9.6,3.1,25,57,0.2,1.4,0.2,28.5,70,3.2,258,198,747,0,0,29.89,Rajamahendravaram
24-05-2021,0.89,30.8,1.6,18.5,20,12.3,4.5,49,93,0.6,3.5,0.5,29.5,64,2.9,273,198,746,0,0,31.43,Rajamahendravaram
25-05-2021,0.88,32,1.8,16.6,18.4,12.1,3,63,150,0.9,4,0.4,31.1,54,2.8,263,200,743,0,0,31.08,Rajamahendravaram
26-05-2021,0.83,29.3,1.8,18.4,20.1,11.4,3,63,163,1.1,4.2,0.5,33.7,36,3.8,261,211,741,0,1,30.72,Rajamahendravaram
27-05-2021,0.69,24.6,1.8,14.4,16.1,12.3,3,43,124,0.8,3.1,0.3,34.4,45,3.8,247,209,743,-0.1,0.5,34.03,Rajamahendravaram
28-05-2021,0.7,24,1.7,12.9,14.7,14,3.5,40,105,0.7,3.2,0.3,34.2,47,3.3,254,207,746,0,1.3,34.72,Rajamahendravaram
29-05-2021,0.46,28.1,1.4,7.7,9,13.9,4.8,26,80,0.3,1.4,0.2,34.7,55,2.7,217,207,748,0,0.8,32.5,Rajamahendravaram
30-05-2021,0.8,29.2,1.5,7.9,9.5,12.9,3,35,85,0.3,1.7,0.2,34.6,57,2.4,213,207,747,0,0,33.33,Rajamahendravaram
31-05-2021,0.74,30.1,1.5,9.1,10.6,13.7,3.8,32,70,0.3,2,0.3,32.5,62,2.6,182,200,746,0,0,32.16,Rajamahendravaram
01-06-2021,0.74,24.2,1.6,12.6,14.2,12.6,3.1,30,65,0.3,2.3,0.4,31.1,65,2.7,159,199,747,0,1,31.84,Rajamahendravaram
02-06-2021,0.88,25.6,1.5,9,10.5,12,4.2,26,58,0.3,2.5,0.4,30.2,68,2.6,148,198,749,0,0.3,31.13,Rajamahendravaram
03-06-2021,0.57,18.8,1.8,12.9,14.7,12,2.8,17,40,0.4,3.5,0.5,26.9,74,2.6,331,197,751,0,15.8,30.07,Rajamahendravaram
04-06-2021,0.52,18.3,1.7,11.4,13.1,11.8,3.1,21,47,0.4,4.2,0.5,29.9,67,2.4,224,211,751,0,0.3,30.47,Rajamahendravaram
05-06-2021,0.46,16,1.9,8.2,10.1,10.3,2.8,13,38,0.1,1.3,0.2,31.1,64,2.8,197,210,751,0,0.3,30.99,Rajamahendravaram
06-06-2021,0.4,16.2,1.8,7.3,9.1,10,3,12,33,0.1,1.6,0.3,30.5,65,2.5,229,197,750,0,12.8,30.82,Rajamahendravaram
07-06-2021,0.63,19.5,2.2,9.8,12,12.2,3.8,26,51,0.2,1.8,0.3,31.7,63,2.7,229,210,747,0,0.5,31.1,Rajamahendravaram
08-06-2021,0.6,23.9,1.5,7.4,8.9,11.7,3.5,25,62,0.3,2.2,0.2,32.7,59,3.5,242,205,747,0,0,31.36,Rajamahendravaram
09-06-2021,0.51,19.5,1.6,7.1,8.7,11,2.9,18,54,0.3,1.5,0.2,31.9,58,4.1,266,213,746,-0.1,1.3,29.33,Rajamahendravaram
10-06-2021,0.59,18.1,1.7,10.5,12.3,12,3.5,15,35,0.3,2.3,0.3,28.5,67,4.1,253,189,744,-0.1,22.5,28.42,Rajamahendravaram
11-06-2021,0.69,14.2,1.6,6.9,8.6,10.6,3.8,8,23,0.3,2.3,0.2,24.5,79,4.7,259,185,747,0.4,8,28.16,Rajamahendravaram
12-06-2021,0.52,13.6,1.8,8.2,10,8.8,3.3,10,36,0.3,2,0.2,26.9,68,4.8,261,195,744,-0.1,24,29.42,Rajamahendravaram
13-06-2021,0.51,14.7,1.8,7.3,9.1,9.6,4.2,9,30,0.3,1.7,0.2,26.4,73,4.4,256,204,743,-0.1,0,28.73,Rajamahendravaram
14-06-2021,0.5,15.4,1.6,7.7,9.3,9.3,4.2,12,38,0.3,2.5,0.2,26.9,70,4.9,257,209,743,-0.1,0,28.57,Rajamahendravaram
15-06-2021,0.38,15.6,1.7,9.8,11.5,9.4,3.4,15,45,0.4,2.1,0.2,28.6,64,4.4,253,211,744,-0.1,0.3,29.37,Rajamahendravaram
16-06-2021,0.59,14.8,1.7,8.1,9.9,9.5,4.8,11,35,0.3,2,0.2,29.5,62,3.9,247,212,745,-0.1,1.5,30.7,Rajamahendravaram
17-06-2021,0.54,12.6,1.8,8.1,9.9,8.8,3.3,10,40,0.3,1.5,0.2,28.3,62,4.7,252,201,746,-0.1,20.3,29.06,Rajamahendravaram
18-06-2021,0.64,14.9,2,8.9,11,10.9,4.7,16,58,0.3,2.2,0.3,27.1,72,2.8,245,204,748,0,1,29.69,Rajamahendravaram
19-06-2021,0.46,15.2,1.8,8.1,9.9,9,3.1,22,92,0.3,1.9,0.2,29.6,62,3.9,244,212,749,-0.1,0.3,30.54,Rajamahendravaram
20-06-2021,0.55,14,1.8,9.9,11.7,10.2,4.7,21,73,0.4,2.1,0.3,29.4,63,3.4,238,208,749,0,0.5,30.41,Rajamahendravaram
21-06-2021,0.62,16.8,1.7,10.5,12.2,10.5,3.3,38,144,0.4,3.5,0.3,31.2,59,3.4,251,212,748,0,1.5,31.03,Rajamahendravaram
22-06-2021,0.5,17.6,1.5,11.3,12.8,11.9,4.1,35,106,0.4,2.4,0.2,29.9,64,2.9,231,207,747,0,2,30.21,Rajamahendravaram
23-06-2021,0.57,16.7,1.8,11,12.8,12.4,3.8,31,97,0.6,4.5,0.6,28.8,67,2.4,280,204,748,0,2.8,28.87,Rajamahendravaram
24-06-2021,0.63,17.4,1.6,10.7,12.3,13,4.4,24,74,0.5,2.8,0.4,28.7,65,3.5,267,212,748,-0.1,3.5,28.41,Rajamahendravaram
25-06-2021,0.64,14,1.9,11.6,13.6,10,2.6,24,89,0.4,2.6,0.4,30.7,56,3.9,258,211,746,-0.1,1,29.43,Rajamahendravaram
26-06-2021,0.66,15.8,1.8,10.4,12.2,12.6,2.8,20,57,0.4,2.3,0.3,30.2,61,3.6,255,203,746,-0.1,1,29.4,Rajamahendravaram
27-06-2021,0.53,17,1.8,8.7,10.5,12.7,4.9,19,51,0.3,2,0.2,27.6,71,3,209,203,748,0,9.3,28.5,Rajamahendravaram
28-06-2021,0.65,18.8,1.8,8.8,10.6,12.2,4.7,20,42,0.3,1.7,0.2,29.1,67,2.8,208,216,749,0,0,29.26,Rajamahendravaram
29-06-2021,0.59,20.5,1.7,8.3,10,12.2,2.8,28,63,0.3,2.2,0.2,29.7,67,3,192,210,749,0,4,29.33,Rajamahendravaram
30-06-2021,0.76,15.9,2,10.8,12.7,10.6,2.8,18,52,0.3,2.3,0.4,29.7,66,2.9,222,200,748,0,5.5,30.38,Rajamahendravaram
01-07-2021,0.44,16.5,1.9,9.1,11,9,3.8,11,29,0.2,1.9,0.3,25.3,75,3,244,207,748,0,7,28.93,Rajamahendravaram
02-07-2021,0.62,14.2,1.9,9.7,11.6,9.1,3.5,9,27,0.3,2.6,0.4,23.9,82,2.6,282,174,748,0,16.5,27.12,Rajamahendravaram
03-07-2021,0.58,15.9,1.9,12.2,14.1,9.8,4.2,14,43,0.3,3.4,0.8,27.2,74,2.7,240,202,748,0,1.8,28.2,Rajamahendravaram
04-07-2021,0.59,22.6,1.8,11.2,13,9.8,10.5,24,62,0.3,2.2,0.4,28.5,70,2.6,243,206,748,0,3.3,29.17,Rajamahendravaram
05-07-2021,0.55,21.7,1.8,12.4,14.2,11.8,12.5,25,65,0.3,2.7,0.5,28.8,69,2.4,310,212,748,0,0.5,29.35,Rajamahendravaram
06-07-2021,0.54,25.7,1.7,9.7,11.4,12.7,13.2,29,70,0.2,2.1,0.3,29.6,68,2.7,239,207,747,0,0,29.03,Rajamahendravaram
07-07-2021,0.54,25,1.6,9.9,11.5,13.2,14.3,30,61,0.2,2.3,0.7,27.9,75,3,243,183,747,0,48.5,27.98,Rajamahendravaram
08-07-2021,0.62,17.4,2.1,10.4,12.5,11.5,9.4,16,41,0.3,2.3,0.4,25.5,78,3.3,274,202,747,-0.1,0.3,27.5,Rajamahendravaram
09-07-2021,0.51,19.2,2,10.5,12.5,11.7,11.3,18,46,0.3,3.1,0.8,26.9,74,2.8,257,216,745,0,2,28.79,Rajamahendravaram
10-07-2021,0.53,17.7,2,9.9,11.9,10.6,7.7,12,39,0.3,3.2,0.5,26.7,75,2.5,250,208,744,0,0.8,27.69,Rajamahendravaram
11-07-2021,0.5,17.1,1.7,7.3,9,9.7,7.6,8,20,0.2,1.8,0.3,24.8,83,2.7,263,164,744,0,28.8,27.02,Rajamahendravaram
12-07-2021,0.67,14.8,2.3,11.5,13.8,10,6.7,7,21,0.3,4.6,2.2,23.8,85,1.5,272,193,744,0,52.8,27.46,Rajamahendravaram
13-07-2021,0.55,16.1,2.2,11.6,13.8,9.9,7,12,28,0.4,5.4,1.5,23.5,83,2.5,221,188,745,0,24.5,26.55,Rajamahendravaram
14-07-2021,0.48,16.4,2,7.5,9.5,9.6,6.1,6,17,0.2,2.2,0.5,23.6,83,3,222,204,745,0,3.3,27.52,Rajamahendravaram
15-07-2021,0.53,16.3,1.8,9.2,11.1,9.3,5.1,6,23,0.5,4.2,1.9,24.6,79,2.6,187,194,746,0,3.3,27.35,Rajamahendravaram
16-07-2021,0.52,17,1.9,10.4,12.3,9.4,6.6,7,28,0.3,3.1,0.9,26.2,75,2.8,152,206,749,0,6.8,27.65,Rajamahendravaram
17-07-2021,0.54,20.1,2.1,12.8,15,10,7.2,13,47,0.3,4.1,1,27.7,74,2.3,139,207,748,0,1,27.37,Rajamahendravaram
18-07-2021,0.39,19.7,1.8,9.3,11.1,9.3,5.6,7,32,0.2,2.3,0.5,27.4,74,1.9,205,210,747,0,2.3,27.45,Rajamahendravaram
19-07-2021,0.48,19.1,1.8,9.5,11.4,9.5,7.6,10,32,0.2,2.5,0.5,27.5,75,2.9,236,206,746,0,0,28.08,Rajamahendravaram
20-07-2021,0.45,17.2,1.7,7.8,9.5,9.4,10.9,9,42,0.2,1.3,0.2,27.4,70,5.2,275,209,746,-0.1,3,27.23,Rajamahendravaram
21-07-2021,0.37,13.5,1.9,5.9,7.9,10.4,6.1,6,20,0.2,1.1,0.1,22,86,6.5,255,188,745,-0.1,21.5,25.91,Rajamahendravaram
22-07-2021,0.33,12.8,1.8,6,7.8,9.9,5.1,5,12,0.1,0.6,0.1,20.9,88,6.5,240,183,741,-0.1,21.8,25.71,Rajamahendravaram
23-07-2021,0.61,17.3,1.8,8,9.7,9.9,5.5,10,37,0.2,1.7,0.2,24.8,76,4.8,254,211,742,-0.1,25,26.95,Rajamahendravaram
24-07-2021,0.54,19,1.9,10.6,12.5,8.9,8.6,14,56,0.2,2.3,0.5,26.4,71,3.9,256,214,744,-0.1,2,27.8,Rajamahendravaram
25-07-2021,0.52,18.2,2,10.4,12.4,9.1,6.9,14,52,0.2,2.6,0.4,28.1,71,3.2,233,209,746,0,0,28.25,Rajamahendravaram
26-07-2021,0.52,17.7,2.1,9.2,11.2,8,6.6,9,37,0.2,1.9,0.3,27.6,72,3.7,249,212,746,-0.1,7.8,27.46,Rajamahendravaram
27-07-2021,0.4,17.2,1.9,10.5,12.4,8.1,6.2,14,61,0.3,2.2,0.4,28.6,66,4.4,248,206,745,-0.1,0,27.16,Rajamahendravaram
28-07-2021,0.52,15.8,2.1,11.9,14,10.6,6.7,9,45,0.3,2.6,0.4,27.7,68,4.3,256,210,746,-0.1,3.8,27.73,Rajamahendravaram
29-07-2021,0.52,11.5,2.3,15.7,18,14.5,8,10,53,0.4,2.8,0.4,26.2,69,4.1,262,195,747,-0.1,2.3,27.32,Rajamahendravaram
30-07-2021,0.55,13.3,2.6,14,16.6,17.1,7.2,9,43,0.4,2,0.3,26.7,70,3.6,258,197,747,-0.1,15,27.37,Rajamahendravaram
31-07-2021,0.5,15.5,2.2,12.7,14.9,17.2,7.1,9,44,0.3,1.9,0.2,27.1,68,4,252,207,748,-0.1,31.5,27.65,Rajamahendravaram
01-08-2021,0.56,14.5,1.9,11.3,13.2,16.4,7.4,9,51,0.3,1.8,0.2,28.4,63,4.3,260,212,747,-0.1,0.3,27.49,Rajamahendravaram
02-08-2021,0.57,15.5,2.3,13,15.3,16.3,8.4,9,52,0.4,2.6,0.4,28.8,61,3.8,256,212,747,-0.1,0.5,27.52,Rajamahendravaram
03-08-2021,0.54,16.4,2.5,14.3,16.8,17,9.8,10,57,0.4,2.3,0.4,29.2,63,3.6,271,210,749,-0.1,0,26.93,Rajamahendravaram
04-08-2021,0.42,15.6,2.3,13.7,16,17.4,8.1,9,58,0.5,2.8,0.4,29.1,63,3.1,270,208,749,-0.1,0.8,27.39,Rajamahendravaram
05-08-2021,0.45,15,2.5,14.3,16.7,17.8,6.3,12,64,0.5,3,0.4,29.5,62,3.4,270,211,747,-0.1,0.5,27.52,Rajamahendravaram
06-08-2021,0.52,16,2.2,12.3,14.5,18.5,6.1,16,71,0.5,3.8,0.5,29,65,3.4,306,210,746,0,0.3,28.28,Rajamahendravaram
07-08-2021,0.56,18.1,2.2,16.4,18.6,19.9,7.5,17,57,0.6,5.2,1.2,28.1,72,1.8,297,199,748,0,19.5,28.89,Rajamahendravaram
08-08-2021,0.52,18.1,1.8,11.6,13.4,17.7,6.4,17,46,0.3,3.4,0.7,29.9,69,2.3,185,205,750,0,14,28.22,Rajamahendravaram
09-08-2021,0.63,18.9,1.9,12.4,14.2,18.7,6.1,19,45,0.3,3.5,0.8,28.6,73,2,232,198,750,0,2.8,28.51,Rajamahendravaram
10-08-2021,0.75,16.2,2.3,15.7,18,17.4,6.5,21,42,0.7,5.6,1.4,25.5,82,1.9,219,161,749,0,30.3,28.45,Rajamahendravaram
11-08-2021,0.53,18.2,2.1,13.3,15.5,16.9,7.4,17,55,0.4,2.8,0.4,29.1,67,3.3,286,211,749,0,0,28.06,Rajamahendravaram
12-08-2021,0.59,16.9,2.3,12.7,15,17.7,6.9,19,63,0.4,2.9,0.4,30,65,3,291,209,749,0,0,28.15,Rajamahendravaram
13-08-2021,0.51,16.5,1.9,13,14.9,17.1,6.9,15,43,0.3,2.5,0.5,27.3,72,3.4,280,194,748,0,6,27.58,Rajamahendravaram
14-08-2021,0.64,16.5,2.1,11.7,13.9,15.8,7.6,13,31,0.3,2.3,0.4,25.5,77,3.5,264,168,748,0,9,27.07,Rajamahendravaram
15-08-2021,0.53,15.6,1.9,11.2,13.1,14.4,7.6,14,34,0.3,2.2,0.2,25.6,76,3.7,277,194,746,-0.1,1.3,26.67,Rajamahendravaram
16-08-2021,0.5,14.7,2,9.5,11.4,12,10.2,10,20,0.2,1.6,0.2,24.3,80,4.2,264,196,746,-0.1,3,26.28,Rajamahendravaram
17-08-2021,0.54,14.7,1.8,8.8,10.6,11.8,4.4,6,15,0.3,2.6,0.3,23.7,83,3.6,242,178,748,-0.1,3.3,26.99,Rajamahendravaram
18-08-2021,0.6,16.4,2.1,10.3,12.4,10.8,6.8,10,26,0.5,3.6,0.8,25.6,76,3.4,219,197,748,0,0,27.31,Rajamahendravaram
19-08-2021,0.31,18.2,2.5,17.4,20,10.8,5.3,13,39,0.3,2.3,0.4,25.1,79,2,220,169,747,0,1.5,27.32,Rajamahendravaram
20-08-2021,0.61,24.7,2.7,18.7,21.5,10.5,5.8,15,34,0.6,9.1,2.5,24.4,83,2,208,163,749,0,23.3,27.11,Rajamahendravaram
21-08-2021,0.5,19.5,3,18.3,21.3,10.3,5.2,13,35,2.3,7.4,3,24.3,82,1.9,193,195,751,0,10.8,26.49,Rajamahendravaram
22-08-2021,0.59,27.4,2,11.1,13.1,11.4,6,12,33,1.4,1.5,1.5,26.8,74,2.4,188,208,751,0,0,26.61,Rajamahendravaram
23-08-2021,0.44,31.4,1.8,10.1,12,12.1,5.4,16,43,0.7,0.7,0.5,28.2,70,2.3,211,208,751,0,0,26.91,Rajamahendravaram
24-08-2021,1.21,41.8,1.7,9.4,11.1,13.8,8.8,29,57,0.6,0.5,0.7,28.5,69,2.5,203,207,750,0,0,27.53,Rajamahendravaram
25-08-2021,0.48,41.1,1.6,11.3,13,13.4,7.1,23,54,0.7,0.6,1,28.1,71,2.8,243,200,748,0,20.5,27.71,Rajamahendravaram
26-08-2021,0.41,34.9,1.9,9.7,11.5,9.4,5.3,6,21,0.3,1.4,0.4,26.1,73,3.9,269,208,747,-0.1,2,28.12,Rajamahendravaram
27-08-2021,0.37,27.9,1.9,14.7,16.6,9.6,9.8,10,38,0.4,3.6,0.5,25.5,76,3.2,254,193,746,-0.1,0,27.46,Rajamahendravaram
28-08-2021,0.46,26.9,2.1,12.2,14.3,11.2,8,8,30,0.5,3.6,0.4,25.9,76,3.2,255,193,745,-0.1,0,27.49,Rajamahendravaram
29-08-2021,0.44,28.2,2,9.9,11.8,9,9.3,11,35,0.3,2,0.2,26.2,74,4.1,252,204,744,-0.1,0,27.13,Rajamahendravaram
30-08-2021,0.43,29.4,2,12.9,14.9,10.6,7.6,14,33,0.6,4.1,0.7,24.7,78,2.6,213,191,746,0,0,27.24,Rajamahendravaram
31-08-2021,0.66,22.1,2.1,16.2,18.3,9.8,5.9,11,26,0.7,9.4,2.6,23.7,85,2.2,131,176,749,0,16.8,26.56,Rajamahendravaram
01-09-2021,0.42,19.8,2.8,16.1,18.9,8.8,4.6,8,25,0.9,9.4,2.2,24.5,81,2,,188,751,,4.3,26.7,Rajamahendravaram
02-09-2021,0.35,23.6,3.1,15.7,18.7,8.3,6.2,7,25,0.7,10.4,3,26.2,76,1.9,,207,749,,15,27.27,Rajamahendravaram
03-09-2021,0.5,21.6,1.9,11.1,13,8.8,5.7,6,15,0.5,5.7,1.2,25.1,77,2,,178,748,,14.5,27.35,Rajamahendravaram
04-09-2021,0.42,18.7,2.5,12.4,14.9,9.2,6,5,15,0.4,5.8,1.1,25.3,79,2.1,,181,747,,29.8,27.95,Rajamahendravaram
05-09-2021,0.53,24.8,1.8,10.9,12.7,10.4,7.4,11,22,0.3,3.8,0.7,25.3,80,3,,198,746,,56.8,26.47,Rajamahendravaram
06-09-2021,0.41,18.7,1.7,10,11.7,9.5,7.1,5,11,0.3,3.8,0.4,21.9,89,3.3,,155,745,,30.5,25.79,Rajamahendravaram
07-09-2021,0.45,17.2,1.8,9,10.8,8.9,5.8,5,18,0.5,4.8,0.9,25.1,78,3.7,,202,746,,3,26.73,Rajamahendravaram
08-09-2021,0.37,19.5,1.8,10.5,12.4,8.9,5.9,6,27,0.5,5,1,27.2,71,2.9,,206,749,,6.3,27.44,Rajamahendravaram
09-09-2021,0.49,17.3,2.2,12.5,14.7,9.1,6.5,6,31,0.4,4,0.6,27.2,72,3.1,,200,749,,6.8,27.2,Rajamahendravaram
10-09-2021,0.36,12.6,2.2,14.7,16.8,9.2,6.4,8,40,0.3,5,0.6,25.7,78,3,,179,748,,0.5,26.56,Rajamahendravaram
11-09-2021,0.35,13,2.3,14.5,16.8,8.8,6.9,9,33,0.4,5.2,0.8,24.5,80,2.6,,178,747,,0.3,26.26,Rajamahendravaram
12-09-2021,0.27,13,2.5,13,15.6,9.1,5.9,7,40,0.4,3.7,0.6,25.7,76,3.4,,191,745,,0,26.52,Rajamahendravaram
13-09-2021,0.39,14.6,2.1,12.4,14.6,9.5,7.3,7,39,0.4,3.5,0.7,26.7,73,3.7,,197,744,,0.5,27.24,Rajamahendravaram
14-09-2021,0.39,16.3,1.8,10.8,12.6,10.2,6.5,8,36,0.2,3.5,0.8,27.1,73,3.6,,193,746,,0.3,27.74,Rajamahendravaram
15-09-2021,0.31,19.1,1.9,10.2,12.1,10.8,6.6,11,55,0.2,2.2,0.4,27.8,71,2.8,,200,748,,0.5,27.48,Rajamahendravaram
16-09-2021,0.46,16.6,2.3,16.4,18.7,12.3,6.5,19,85,1,11,1.9,28.4,69,2.4,,197,748,,0,27.2,Rajamahendravaram
17-09-2021,0.42,16,3.7,17.7,21.4,12.2,7.4,18,72,0.9,13.9,4.3,26.6,76,2.5,,186,748,,51,26.87,Rajamahendravaram
18-09-2021,0.49,14.3,2.2,14.8,17,11.5,6.6,16,49,0.7,9.1,1.6,25.2,77,1.9,,192,750,,0,27.16,Rajamahendravaram
19-09-2021,0.45,15.8,1.9,12.2,14.1,13.3,8,15,45,0.6,6.8,1,26.3,73,2.2,,197,752,,15,27.7,Rajamahendravaram
20-09-2021,0.39,16.3,1.9,10.4,12.4,12.6,7.7,10,31,0.4,3.7,0.5,26.1,73,3,,194,750,,19.3,27.17,Rajamahendravaram
21-09-2021,0.4,14.8,2,10.7,12.7,11.7,8,7,24,0.4,3.9,0.6,26,74,2.9,,197,749,,0.8,27.05,Rajamahendravaram
22-09-2021,0.48,16.4,2,12.3,14.3,11.2,7.2,7,27,0.5,5.6,1.2,26.5,75,2.9,,197,746,,22,26.85,Rajamahendravaram
23-09-2021,0.51,13.1,2.5,19.3,21.8,10.6,7.8,12,33,0.6,11.4,3.3,25.2,81,1.4,,186,748,,0,26.76,Rajamahendravaram
24-09-2021,0.59,15.5,2.5,15,17.3,10.2,5.4,13,36,2.4,10.6,1.5,26.9,75,2.1,,191,748,,1.3,26.94,Rajamahendravaram
25-09-2021,0.52,14.6,2,12.6,14.7,10.2,5.2,9,29,1.4,10.9,1.1,26.4,77,1.9,,188,748,,0.8,27.29,Rajamahendravaram
26-09-2021,0.31,13.9,2.6,11.3,14,11,6.8,13,34,0.4,4.1,0.5,25.9,78,3,,186,745,,69,26.7,Rajamahendravaram
27-09-2021,0.36,13.8,1.8,9.8,11.6,10,5,7,16,0.5,6.5,1.6,22.9,85,5.6,,179,742,,58.8,26.52,Rajamahendravaram
28-09-2021,0.49,11.8,2.5,18.4,21,10.5,7.2,13,36,1,15.2,3.4,24.9,80,2.1,,184,748,,0,26.41,Rajamahendravaram
29-09-2021,0.53,11.8,3,17.1,20.2,10.2,7.4,9,36,0.6,9,1.8,26.1,75,1.6,,187,750,,7.5,27.15,Rajamahendravaram
30-09-2021,0.56,11.5,2.3,16.5,18.7,9.1,6.1,8,31,0.6,15.8,2.7,25.7,78,1.7,,191,751,,9.3,27.57,Rajamahendravaram
01-10-2021,0.33,10.7,3.2,12.2,15.5,9.1,6.8,8,27,0.5,7.8,1.5,27.4,72,2.8,92,197,752,0.1,0,26.91,Rajamahendravaram
02-10-2021,0.39,11,2.9,12.8,15.7,9.4,6.4,6,19,0.5,8.1,1.9,27.4,73,2.1,91,195,752,0,8,27.03,Rajamahendravaram
03-10-2021,0.38,11.3,2.5,11.4,13.9,9.2,5.2,6,24,0.3,5.5,1.1,27.6,73,1.8,232,194,751,0,10.5,27.51,Rajamahendravaram
04-10-2021,0.47,13.6,2.6,12.4,15,10.3,4.9,9,32,0.6,7.5,1.6,25.7,75,1.8,347,184,750,0,6.3,27.36,Rajamahendravaram
05-10-2021,0.47,11.3,2.3,9.7,12,9.6,3.7,10,26,0.5,7.2,1.3,27.3,70,2.9,75,198,751,0,1.3,27.21,Rajamahendravaram
06-10-2021,0.45,10.2,2.9,11.4,14.3,10.4,3,6,22,0.5,17.5,1.7,26.8,75,3.2,82,189,750,0.1,1.8,26.94,Rajamahendravaram
07-10-2021,0.45,11.8,2.5,11.4,13.9,10.5,5.9,6,23,0.4,33.1,1.7,27.3,74,2,161,182,750,0,0,27.63,Rajamahendravaram
08-10-2021,0.49,15.8,2.6,13.1,15.7,11.7,3.9,16,44,0.7,9.6,1.4,28.9,70,1.8,280,194,749,0,3.5,28.18,Rajamahendravaram
09-10-2021,0.59,16.7,2.4,15.4,17.8,12.2,2.6,22,57,0.8,8.7,1.5,27,76,2,296,177,749,0,11,27.59,Rajamahendravaram
10-10-2021,0.38,19.3,2,15,17.1,12.1,3.1,27,50,0.8,9.7,1.9,27,73,1.9,348,184,749,0.5,3,27.14,Rajamahendravaram
11-10-2021,0.67,19.6,2.7,20.3,23,12.7,2.9,43,87,1.5,14.8,3.8,27,70,1.6,344,187,748,0,2,27.32,Rajamahendravaram
12-10-2021,0.46,21.7,1.8,13,14.8,15.4,2.7,46,90,1,8.8,1.7,26.6,73,2.1,325,187,749,0,0,27.73,Rajamahendravaram
13-10-2021,0.42,17.7,1.9,11,12.9,13,2.8,32,70,0.7,5.3,0.6,26.7,70,2.2,326,191,748,0,0,27.58,Rajamahendravaram
14-10-2021,0.54,16,2.1,16,18.2,15,3.7,47,108,0.9,8.5,1.8,28.2,70,1.7,327,185,747,0,0,28.02,Rajamahendravaram
15-10-2021,0.33,17.2,1.9,14.5,16.4,15.9,3.7,52,102,1.2,9.3,2.1,26.5,72,2.2,21,180,745,0,8,27.61,Rajamahendravaram
16-10-2021,0.52,16.3,2,15.5,17.5,13.7,4.3,29,49,0.8,9.8,2.2,24.8,80,1.8,268,177,745,0,4.3,26.38,Rajamahendravaram
17-10-2021,0.53,15.1,1.7,13.1,14.8,13.2,2.8,24,49,0.7,7.4,1.6,26.1,77,2.4,100,184,747,0.1,0,27.05,Rajamahendravaram
18-10-2021,0.41,14.6,1.9,14,15.9,12.3,2.9,26,57,0.5,7.2,1.8,27,77,1.7,170,186,749,0,0,27.53,Rajamahendravaram
19-10-2021,0.48,17.3,1.9,19.7,21.6,13.4,4,48,105,0.6,7.9,1.9,27.8,77,1.3,269,182,752,0,0,26.73,Rajamahendravaram
20-10-2021,0.54,14.3,2.2,18.1,20.2,13.2,3.9,41,87,0.6,9.4,2.3,27.4,74,1.6,342,182,754,0,0,27.02,Rajamahendravaram
21-10-2021,0.43,15.5,2.1,21,23,14.9,2.9,44,87,1.2,11.7,2.7,27.8,73,1.7,243,189,754,0,0.5,27.95,Rajamahendravaram
22-10-2021,0.38,14,2.7,20.5,23.2,15.6,2.4,40,84,1.1,10.9,1.9,27.7,68,2,321,191,755,0,6.5,27.39,Rajamahendravaram
23-10-2021,0.47,15.6,1.8,16.5,18.3,17.9,3.2,37,70,1.1,11.5,1.3,26.5,72,2.1,74,180,756,0,2.5,26.9,Rajamahendravaram
24-10-2021,0.53,13.7,1.6,12.6,14.1,14.4,2.9,32,68,0.8,6.5,0.9,25.6,70,2.7,85,186,756,0.1,0,24.49,Rajamahendravaram
25-10-2021,0.47,15.3,1.6,15.5,17.1,15.6,3.3,50,117,1.1,8.2,1.1,25.6,67,1.9,48,186,755,0,3,25.28,Rajamahendravaram
26-10-2021,0.46,15,1.7,15.8,17.6,15.5,3.1,54,126,1.2,7.9,1.2,26.2,63,2.1,14,188,754,0,0,25.64,Rajamahendravaram
27-10-2021,0.66,12.2,1.7,17.5,19.1,15.5,3.2,60,118,1.4,9.1,1.4,25.8,64,2.2,34,190,754,0,0,25.75,Rajamahendravaram
28-10-2021,0.44,12.3,1.7,14.8,16.5,16.3,4,62,111,1.4,10.4,0.8,26.3,68,3,54,185,754,0,0,25.85,Rajamahendravaram
29-10-2021,0.5,10.4,1.6,14.4,16,13.9,3.4,44,76,1.3,8.9,1.1,25.7,71,2.6,63,184,755,0,3.5,25.98,Rajamahendravaram
30-10-2021,0.42,10.9,3.4,17.2,20.6,12.9,2.6,13,31,1.1,11.1,1.7,25.7,82,1.6,64,171,757,0,7.3,26.11,Rajamahendravaram
31-10-2021,0.46,9.3,2,11.5,13.5,10.6,3.3,19,38,0.8,6.5,0.9,25.4,74,2.6,77,181,756,0,0,26.22,Rajamahendravaram
01-11-2021,0.53,15.6,2,15.2,17.2,12.3,3.2,29,59,1.2,25.6,1.2,24.1,76,2,57,172,755,0,0.3,25.88,Rajamahendravaram
02-11-2021,0.61,46.8,1.6,13.9,15.5,11.7,8.9,14,27,1.2,34.6,1.6,22.1,83,2.7,70,175,756,0,24.3,25.37,Rajamahendravaram
03-11-2021,0.53,58,1.7,13.5,15.2,9.9,7.8,15,34,1,11.2,1.3,23.2,77,2.8,66,182,755,0,0.5,25.02,Rajamahendravaram
04-11-2021,0.42,55.1,2.4,14.5,16.9,8.4,20.2,55,74,0.9,8.1,1,22.5,78,2.8,73,182,755,0.1,3,24.94,Rajamahendravaram
05-11-2021,0.6,69,1.8,15.7,17.4,9.3,12,49,79,1.2,10.2,1.4,22.7,76,2.7,70,184,755,0,0,25.14,Rajamahendravaram
06-11-2021,0.6,90.6,1.7,14.9,16.6,10.5,13.4,76,115,1.4,10,1.4,23.5,74,2.6,63,182,753,0,0.5,24.56,Rajamahendravaram
07-11-2021,0.73,91.7,1.5,18.4,19.9,9.9,18.6,86,127,1.5,10.9,1.4,22.8,71,2.2,48,182,754,0,0,24.32,Rajamahendravaram
08-11-2021,0.63,112.9,2,18.8,20.7,9.7,19.2,72,121,1.4,8.5,1.3,22.3,62,2.8,62,192,754,0,0.3,22.87,Rajamahendravaram
09-11-2021,1.05,113.1,1.9,21.2,23.1,10.6,19.3,65,120,1.6,13.1,1.7,22.5,62,2.4,58,187,754,0,0,22.41,Rajamahendravaram
10-11-2021,0.66,92.3,1.8,21,22.8,10.5,15.5,59,110,1.7,20.5,1.8,23.4,58,2.3,44,186,753,0,0,23.27,Rajamahendravaram
11-11-2021,0.61,63.8,1.8,16.6,18.4,11.5,10.4,37,65,1.3,12,1.4,22.2,73,2.9,39,160,751,0,3.3,23.81,Rajamahendravaram
12-11-2021,0.5,28.4,2.9,17.2,20,11,7.4,13,21,1,20.3,1.9,21.9,85,2.3,56,150,751,0,48.3,25.96,Rajamahendravaram
13-11-2021,0.48,32.1,2.2,12.4,14.6,10.8,5.8,7,16,0.8,14.4,1.6,24.1,80,3.1,88,182,752,0.1,0.3,25.44,Rajamahendravaram
14-11-2021,0.47,25,2.2,12.9,15.1,10.2,5.8,6,19,0.8,9,1.3,23.3,83,2.6,78,177,752,0.1,1.8,26.02,Rajamahendravaram
15-11-2021,0.63,19.2,3,19.2,22.2,10.1,7.4,12,27,1.3,15.4,2.8,23,84,2.1,90,175,752,0,1,26.09,Rajamahendravaram
16-11-2021,0.45,28.2,2.8,13.9,16.8,9.1,6.7,9,26,0.8,8.7,1.3,24.9,76,3.4,80,189,752,0.1,1.3,26.07,Rajamahendravaram
17-11-2021,0.47,47.8,2.1,15.9,18,9.3,14,26,53,1.1,8.2,1.2,25.2,72,3.5,76,187,754,0.1,19.3,25.89,Rajamahendravaram
18-11-2021,0.51,57.5,2,16.9,18.9,8.1,9.1,42,70,1.4,9.3,1.6,23.1,70,3.1,57,174,752,0,44,25.07,Rajamahendravaram
19-11-2021,0.58,72.7,1.5,16.7,18.1,10.6,10.2,39,57,1.1,6.9,1.6,20.9,81,3,56,127,750,0,21,25.48,Rajamahendravaram
20-11-2021,0.59,41.2,2.3,15.7,18,8.8,9.2,15,30,1.1,9.3,1.6,23.3,80,3.1,82,182,751,0.1,1.3,25.84,Rajamahendravaram
21-11-2021,0.5,25.6,2.6,16.4,19,8,10.3,16,33,1.1,9.2,1.2,24.2,79,3.3,84,181,754,0.1,1.8,26.24,Rajamahendravaram
22-11-2021,0.54,30.9,2.5,16.3,18.8,8,9.2,13,37,1.1,10.2,1.6,25.7,74,2,78,179,755,0,0.3,25.89,Rajamahendravaram
23-11-2021,0.51,30,3,18.5,21.5,8.2,6.7,13,32,1,10.2,2,25,77,2,344,177,754,0,41.5,26.39,Rajamahendravaram
24-11-2021,0.52,39.9,2.3,18.2,20.5,11.2,10.8,23,48,1.2,10.7,1.6,25.3,74,2.1,78,184,754,0,70.8,25.71,Rajamahendravaram
25-11-2021,0.5,56.9,2,18.8,20.8,11.7,12.7,45,82,1.7,11.3,1.5,24.4,72,2.5,78,184,755,0,6,25.19,Rajamahendravaram
26-11-2021,0.63,58.8,2,15.6,17.6,12.7,10.1,52,87,1.5,9.8,1.1,24.7,69,2.4,62,186,755,0,6.5,25.11,Rajamahendravaram
27-11-2021,0.71,68.6,1.8,17.6,19.5,10.9,17.9,66,107,1.5,9.5,1.3,23.6,68,2.5,53,178,756,0,0.5,23.71,Rajamahendravaram
28-11-2021,0.79,88,1.6,19.8,21.4,11.3,20,91,144,1.8,9.6,1.2,22.8,68,2.3,47,166,757,0,0.5,23.76,Rajamahendravaram
29-11-2021,0.67,105.5,1.7,22.6,24.3,10.4,20.7,75,127,1.9,10.8,1.4,22.7,64,2.7,77,180,757,0.1,0.5,23.09,Rajamahendravaram
30-11-2021,0.74,102.9,1.8,22.1,23.9,10.5,23.3,70,123,1.7,9.2,1.2,22.7,63,2.5,82,185,757,0,0.8,22.46,Rajamahendravaram
01-01-2022,0.7,74.4,2.4,21.3,23.7,10.9,12.5,63,102,1.6,7.5,1.2,20.9,69,3.1,,186,761,0,,22.1,Rajamahendravaram
02-01-2022,0.58,81.2,1.7,18,19.7,9.8,10.1,68,116,1.4,6.9,1,21.1,70,2.3,,183,760,0,,22.13,Rajamahendravaram
03-01-2022,0.63,75.6,1.7,20.2,21.8,9.5,11.4,71,118,1.4,7,1.2,20.2,69,2.4,,184,759,0,,21.62,Rajamahendravaram
04-01-2022,0.63,83.6,2.1,24.5,26.6,10.2,15.8,78,133,1.9,8.6,1.6,19.9,67,2.2,,185,759,0,,20.99,Rajamahendravaram
05-01-2022,0.69,88.8,2.1,22.7,24.8,10.4,10.2,64,115,1.7,8.9,4.1,20.2,66,2.2,,186,759,0,,21.13,Rajamahendravaram
06-01-2022,0.63,90.1,1.8,20.8,22.6,11.1,7.3,67,112,1.9,8.7,1.9,20,69,2.6,,186,758,0,,21.37,Rajamahendravaram
07-01-2022,0.56,82.9,1.8,19.2,21,11.7,5.2,53,91,1.5,9.6,1.6,20.2,69,2.7,,185,759,0,,21.53,Rajamahendravaram
08-01-2022,0.7,88.2,1.9,21.5,23.4,12.1,5.4,67,115,1.8,8.5,1.7,20.6,68,2.7,,185,759,0,,21.58,Rajamahendravaram
09-01-2022,1.02,92,1.9,20.2,22.1,11.8,7,83,129,2,8.2,1.4,20.6,71,2.7,,182,757,0,,21.71,Rajamahendravaram
10-01-2022,0.58,73.4,1.8,20.8,22.6,12.4,4.1,55,94,1.9,9.2,1.6,21.1,70,3,,184,757,0,,22.37,Rajamahendravaram
11-01-2022,0.5,71.5,1.9,19,20.9,12.5,3.8,37,68,1.6,7.5,1.4,21.6,70,3.2,,183,757,0,,22.97,Rajamahendravaram
12-01-2022,0.51,60.6,2.2,18.5,20.7,12.5,4.1,35,63,1.5,8.9,1.7,21.3,74,3.4,,167,756,0.3,,23.26,Rajamahendravaram
13-01-2022,0.54,52.9,2.2,21,23.2,12.5,4.1,29,52,1.5,9.2,1.8,20.6,77,2.6,,173,756,1,,23.76,Rajamahendravaram
14-01-2022,1,56.4,3.5,24.9,28.4,16.1,6.4,64,89,2.3,9.4,1.9,20.5,76,2.8,,178,756,0,,23.9,Rajamahendravaram
15-01-2022,0.6,57.8,2.1,14.2,16.3,15.1,4.4,38,58,1.3,6.1,0.9,20.7,75,2.9,,183,757,1.5,,23.83,Rajamahendravaram
16-01-2022,0.52,67.5,1.9,13.1,15,16.1,5.1,38,62,1.1,4.6,0.6,21,71,3.1,,188,759,0,,22.48,Rajamahendravaram
17-01-2022,0.48,74.4,1.8,14.2,16,17,6.2,55,86,1.1,5.7,1.2,20.9,66,2.4,,183,760,0,,22.68,Rajamahendravaram
18-01-2022,0.61,75,2,10.4,12.4,9.4,7.8,65,102,1.2,6.2,1.2,20.1,68,2.1,,187,759,0,,22.75,Rajamahendravaram
19-01-2022,0.62,70.4,2.1,10.4,12.5,1.2,4.5,72,112,1.4,6.7,1.4,20.3,68,2,,187,757,0,,22.92,Rajamahendravaram
20-01-2022,0.59,70,2.3,7.3,9.7,5.1,5.4,74,115,1.3,6.1,1.1,20.2,70,2,,189,755,0,,22.79,Rajamahendravaram
21-01-2022,0.51,61.3,2.1,5.1,7.2,2,5.2,65,104,1.1,5.7,1.1,21,72,2.3,,186,754,0,,23.38,Rajamahendravaram
22-01-2022,0.62,50.2,2,13,15,13.3,6.8,57,98,1.1,6.9,1.3,22,75,2.1,,186,753,0,,23.78,Rajamahendravaram
23-01-2022,0.49,48.6,1.8,11.2,13,25.1,3.9,50,82,1,4.8,0.9,22.4,86,2.4,,181,753,0,,23.83,Rajamahendravaram
24-01-2022,0.68,41.1,2.3,22.2,24.5,21.4,4.6,45,76,1.6,10.3,2.8,21.5,88,2,,165,752,13,,24.26,Rajamahendravaram
25-01-2022,0.52,41.1,2.4,21.3,23.7,23,4.5,44,114,1.2,8.4,2.4,22.4,76,1.8,,188,753,0,,24.06,Rajamahendravaram
26-01-2022,0.5,50.1,1.9,14.1,16.1,23.2,5.9,44,92,1.2,6.9,1.3,21.2,84,2.5,,180,755,0,,24.09,Rajamahendravaram
27-01-2022,0.46,55,1.8,12.7,14.6,21.1,5,49,143,0.9,4.9,1,21.3,79,2.5,,190,756,11,,22.37,Rajamahendravaram
28-01-2022,0.52,67,1.7,13.7,15.5,19.2,8.2,62,157,1.1,4.9,0.8,20.4,79,2.4,,190,758,0,,22.06,Rajamahendravaram
29-01-2022,0.55,73,1.7,15.2,16.9,18.4,9,64,134,1.4,6.6,1.5,19.7,76,2.1,,190,758,0,,21.89,Rajamahendravaram
30-01-2022,0.47,61.9,1.8,14.9,16.7,16.1,3.5,49,97,1,4.9,1,20.3,64,2.1,,193,757,0,,23,Rajamahendravaram
31-01-2022,0.7,55.9,1.8,15.6,17.3,17.6,2.9,49,96,1.4,5.8,1.3,19.7,63,2.2,,193,756,0,,22.99,Rajamahendravaram
01-02-2022,0.55,53.6,1.7,13.5,15.2,19.5,7.9,53,98,1.2,5.2,1,20.8,70,2.2,216,192,755,0,0,23.81,Rajamahendravaram
02-02-2022,0.5,44.5,1.7,14.2,15.9,25.9,6.3,41,77,1.2,5.4,1.1,21.3,69,2.3,214,192,756,0,0,23.72,Rajamahendravaram
03-02-2022,0.56,34.3,1.9,18.1,20,24.6,5.1,28,60,1.3,6.9,1.6,21.4,67,2.4,151,188,755,0,0,23.23,Rajamahendravaram
04-02-2022,0.48,31.7,2.2,15.2,17.4,19.9,5.8,28,60,1.1,5.2,1.1,21.7,71,2.5,208,185,753,0,0.5,24.29,Rajamahendravaram
05-02-2022,0.59,38.8,2.4,22.5,24.9,21.3,5.9,38,114,1.2,7.8,2.4,22.1,61,2.3,314,193,755,0,0,23.23,Rajamahendravaram
06-02-2022,0.47,52.9,1.7,13.7,15.3,19.2,6.8,41,109,1,5.3,1,20.9,64,2.8,93,192,758,0,0,23.38,Rajamahendravaram
07-02-2022,0.51,55.9,1.7,13.8,15.5,17.8,5.3,44,106,1.2,5.4,1.3,21.7,63,2.4,150,192,758,0,0,24.1,Rajamahendravaram
08-02-2022,0.48,49.4,1.8,16.3,18.1,16.2,6.5,44,107,1.1,5.4,1.2,21.7,67,2.4,138,190,757,0,0,24.16,Rajamahendravaram
09-02-2022,0.45,52,1.6,15.6,17.3,16.3,5.8,44,102,1.1,6.2,1.4,21.5,65,3.3,97,190,757,0.1,0,23.62,Rajamahendravaram
10-02-2022,0.56,51.3,1.8,15.6,17.4,14.6,5.5,47,100,1.1,6,1.4,21.8,63,2.5,94,192,757,0,0,23.89,Rajamahendravaram
11-02-2022,0.59,41.4,1.9,19.4,21.3,14.4,9.4,49,102,1.4,6.9,1.4,22.1,68,2.7,110,191,756,0,0,24.9,Rajamahendravaram
12-02-2022,0.49,40.3,1.6,14.4,16,17,5.7,47,93,0.9,4.7,0.9,22.6,68,2.7,13,193,756,0,0,24.68,Rajamahendravaram
13-02-2022,0.68,53.9,1.7,14.2,15.9,15.9,9.8,71,118,1.1,5.3,0.8,21.5,67,2.8,90,190,755,0,0,24.29,Rajamahendravaram
14-02-2022,0.54,58.8,1.7,18.4,20.2,13.9,14.7,59,114,1.3,5.8,1.1,21.1,63,2.7,99,194,755,0,0,23.9,Rajamahendravaram
15-02-2022,0.54,57.7,1.7,19.8,21.5,12.8,11.8,55,109,1.4,7.3,1.3,21.3,62,2.7,96,193,755,0,0,23.96,Rajamahendravaram
16-02-2022,0.62,49.1,1.9,22.7,24.5,12.5,11.7,66,126,1.9,8.6,1.7,21.6,64,2.7,108,193,753,0,0,24.93,Rajamahendravaram
17-02-2022,0.68,49.6,1.7,19.5,21.2,13.1,9.8,68,122,1.7,9.7,1.6,22.2,65,2.6,103,193,753,0,0,25.56,Rajamahendravaram
18-02-2022,0.79,44.6,1.8,21.2,23,13.3,8.4,72,124,1.5,8.8,1.5,22.5,67,2.8,96,191,754,0,0,25.71,Rajamahendravaram
19-02-2022,0.65,41,1.9,18.7,20.6,12.6,5.8,67,112,1.2,6.4,1,23,68,2.8,218,191,756,0,0,25.87,Rajamahendravaram
20-02-2022,0.61,36.9,1.8,15.6,17.3,12.9,8.1,72,115,1.1,5.8,0.7,23,69,2.5,223,195,754,0,0,26.81,Rajamahendravaram
21-02-2022,0.6,30.5,1.8,15,16.7,13.6,6.9,53,92,1.1,6.2,0.9,23.8,69,2.3,212,193,753,0,0,27.22,Rajamahendravaram
22-02-2022,0.54,26.1,2,14.2,16.2,14.9,7.6,38,78,1.2,5.1,0.9,24.5,70,2.7,181,194,755,0,0,27.11,Rajamahendravaram
23-02-2022,0.53,19.9,2.1,15.7,17.8,13.6,6.2,30,66,1.2,5.7,1.1,24.6,67,2.7,115,193,759,0.1,0,26.11,Rajamahendravaram
24-02-2022,0.48,21.7,2.1,16.5,18.6,13,5.9,30,70,1,6.2,1.1,24.5,65,2.6,148,195,759,0,0,25.85,Rajamahendravaram
25-02-2022,0.49,22.5,2.4,17,19.3,12.6,6.9,32,69,1.3,7.4,1.3,24.4,61,2.9,128,197,758,0.1,0,25.57,Rajamahendravaram
26-02-2022,0.52,23.1,1.9,21.5,23.4,11.6,7.7,32,73,1.1,7.6,1.4,23.4,62,2.8,125,199,759,0,0,24.99,Rajamahendravaram
27-02-2022,0.48,27.4,1.7,20,21.7,11.9,11.8,31,72,1.1,6.7,1,23.6,56,2.7,89,200,759,0,0,24.76,Rajamahendravaram
28-02-2022,0.57,25.2,2.3,24.4,26.8,12.4,9.6,31,80,1.9,10.7,2.2,23.5,60,2.2,270,201,758,0,0,25.21,Rajamahendravaram
01-03-2022,0.46,22.5,2.8,22.3,25.1,12.3,10.2,27,74,1.8,9.4,1.8,24.3,62,2.6,130,202,757,0,0,26.4,Rajamahendravaram
02-03-2022,0.5,24.8,1.7,19.5,21.2,13.9,6.9,23,63,1.5,8.4,1.5,24.3,66,2.8,118,198,757,0,0,26.89,Rajamahendravaram
03-03-2022,0.5,22.5,1.8,18.7,20.5,14.1,9.3,29,70,1.2,6.9,1.2,24.1,75,3.1,93,198,757,0.1,0,26.9,Rajamahendravaram
04-03-2022,0.49,23.2,2.3,20.5,22.7,13.1,9.3,34,83,1.1,7,1.1,24.2,66,3.2,93,201,757,0.1,0,27.08,Rajamahendravaram
05-03-2022,0.56,26.9,2.1,21.7,23.8,12,12.5,41,106,1.4,8.3,1.6,24.9,59,2.9,92,198,756,0,0,27.45,Rajamahendravaram
06-03-2022,0.53,24.3,2,16.6,18.6,11.8,9.6,34,76,1.1,4.9,0.8,24.8,65,2.7,206,199,755,0,0,27.9,Rajamahendravaram
07-03-2022,0.56,24.6,2,16.6,18.7,12.5,9.5,35,77,1.4,5.6,1,25.3,69,2.8,273,199,756,0,0,28.33,Rajamahendravaram
08-03-2022,0.6,26.5,1.8,17.8,19.5,13.3,10.5,48,98,1.4,6.4,1.1,25.6,73,2.5,196,198,755,0,0,29.17,Rajamahendravaram
09-03-2022,0.55,24.6,1.6,16.9,18.5,13,10.1,49,95,1.3,5.8,1.1,26.1,73,2.5,188,197,755,0,0,29.35,Rajamahendravaram
10-03-2022,0.66,25.9,2,20.4,22.5,13.5,12,52,108,1.7,6.7,1.3,25.8,71,2.5,215,198,754,0,0,29.26,Rajamahendravaram
11-03-2022,0.75,27.2,1.8,20.2,21.9,13.5,14,55,118,1.7,6.8,1.3,26.5,67,2.5,211,197,754,0,0,29.44,Rajamahendravaram
12-03-2022,0.81,25.8,1.7,22.3,24,14.4,12,55,120,1.9,8.2,2,26.3,64,2.2,240,198,753,0,0,29.59,Rajamahendravaram
13-03-2022,0.75,23.1,2.7,26.1,28.8,13.8,13.3,53,125,1.9,7.3,1.4,26.4,62,2.4,213,196,754,0,0,30.26,Rajamahendravaram
14-03-2022,0.85,25.5,1.7,22.1,23.8,14.5,12.8,51,120,1.8,6.9,1.4,26.3,67,2.3,223,199,754,0,0,30.39,Rajamahendravaram
15-03-2022,0.91,23.3,1.9,14.2,16.2,14.7,14.5,59,129,1.7,6.1,1.1,26.4,67,2.7,212,200,752,0,0,30.32,Rajamahendravaram
16-03-2022,0.62,21.3,2.2,18.6,20.8,16.6,11.9,50,113,1.4,5,0.8,26.1,73,2.8,222,200,750,0,0,30.64,Rajamahendravaram
17-03-2022,0.6,18.9,2,16,18,15.7,9.3,42,103,1.3,4.7,0.9,26.4,76,2.9,188,199,750,0,0,30.86,Rajamahendravaram
18-03-2022,0.52,16.5,1.7,13.4,15.1,14.3,6.5,31,68,0.9,4.4,0.8,26,81,3.2,124,199,751,0,0,29.9,Rajamahendravaram
19-03-2022,0.58,13.5,1.9,12.4,14.3,13.1,5,23,54,0.8,3.5,0.7,25.8,80,2.9,189,201,750,0,0,29.59,Rajamahendravaram
20-03-2022,0.52,12.7,2,12.2,14.2,12.5,6.8,26,61,0.8,3,0.5,26.3,79,2.7,208,199,750,0,0,30.72,Rajamahendravaram
21-03-2022,0.57,20.5,1.9,11.2,13.1,14.5,8.7,35,86,0.8,3.9,0.7,27.2,76,2.4,217,190,750,0,0,31.59,Rajamahendravaram
22-03-2022,0.68,18.9,1.9,20.5,22.3,13.4,9.6,44,86,1.3,5.6,1.1,27.3,74,2.7,182,194,750,0,0,31.62,Rajamahendravaram
23-03-2022,0.76,15.9,2.8,14.3,17.1,14,8.6,45,88,1.3,6,1.2,26.3,82,2.4,186,196,751,0,0,30.92,Rajamahendravaram
24-03-2022,0.65,16.3,1.5,7,8.5,15.3,6.4,36,72,0.9,3.8,0.7,27,83,2.7,190,194,751,0,0,30.29,Rajamahendravaram
25-03-2022,0.57,12.7,2.2,8.9,11.1,14.3,5.4,28,65,0.9,3.8,0.7,26.6,83,2.8,206,201,752,0,0,30.81,Rajamahendravaram
26-03-2022,0.63,10.5,2.1,10,12.1,13.5,6.8,25,61,0.7,3.4,0.6,26.6,85,3,205,201,754,0,0,31.06,Rajamahendravaram
27-03-2022,0.42,12,2,8.4,10.4,12.8,4.3,19,54,0.4,2.3,0.4,26.6,86,2.8,223,199,754,0,0,31.58,Rajamahendravaram
28-03-2022,0.5,10.9,2.6,9.2,11.8,13.8,6,18,48,0.9,5.2,0.6,26.7,88,3.1,218,201,753,0,0,31.78,Rajamahendravaram
29-03-2022,0.37,10.3,2.6,8,10.6,12,4.8,11,35,0.6,3.5,0.5,26.8,89,2.9,217,200,752,0,0,31.74,Rajamahendravaram
30-03-2022,0.47,12,2.2,11,13.2,13.8,6.1,15,42,0.6,3.5,0.5,27.2,88,2.8,207,196,751,0,0,31.78,Rajamahendravaram
31-03-2022,0.41,12.4,2,9.3,11.3,15.3,5.9,14,40,0.6,3.5,0.6,27.2,88,3.2,193,196,752,0,0,31.35,Rajamahendravaram
01-04-2022,0.54,13.9,1.9,8.9,10.8,19.1,3.9,10,34,0.6,3.7,0.7,26.9,87,3.2,190,199,753,0,0,30.98,Rajamahendravaram
02-04-2022,0.37,19.9,1.8,10,11.9,13.3,3.3,10,33,0.6,3.3,0.6,26.8,86,3,199,202,754,0,0,31,Rajamahendravaram
03-04-2022,0.42,19.4,1.9,7.7,9.6,11.2,3.8,7,26,0.4,2.1,0.4,26.6,84,3.3,204,205,753,0,0,31.33,Rajamahendravaram
04-04-2022,0.6,18.2,2.4,7.9,10.2,10.2,3.9,5,22,0.5,2.7,0.5,27.2,82,3.1,191,201,754,0,0,31.17,Rajamahendravaram
05-04-2022,0.31,18.1,2.7,11.4,14.1,9.3,4.3,5,25,0.6,3.1,0.6,27.3,81,3.1,185,203,756,0,0,31.47,Rajamahendravaram
06-04-2022,0.59,18.9,2.5,10.7,13.2,10.8,4.4,11,36,0.5,3,0.6,27.1,82,2.8,211,204,756,0,0,31.7,Rajamahendravaram
07-04-2022,0.5,19.2,3.6,14,17.6,11.4,5.2,17,50,0.9,4.2,0.9,27.3,82,2.9,182,204,755,0,0,31.18,Rajamahendravaram
08-04-2022,0.47,18.2,2.3,11.1,13.4,9,5,13,44,0.8,3.6,0.7,27.5,81,2.7,196,203,754,0,0,30.25,Rajamahendravaram
09-04-2022,0.54,19,3.1,12.8,16,9.6,4.3,8,33,0.9,4.1,0.8,27.7,83,2.9,195,203,753,0,0,30.27,Rajamahendravaram
10-04-2022,0.5,19.4,2,10.4,12.4,9.1,4.7,5,23,0.6,2.7,0.6,27.8,82,2.8,198,205,752,0,0,30.36,Rajamahendravaram
11-04-2022,0.48,19.7,2.7,10.5,13.2,9.9,5.6,7,27,0.7,3.4,0.7,27.9,82,2.8,212,206,751,0,0,31.14,Rajamahendravaram
12-04-2022,0.46,21.6,2.5,9.5,12,10.5,4,5,22,0.6,2.9,0.5,28,82,3,204,203,751,0,0,30.91,Rajamahendravaram
13-04-2022,0.47,21,2.4,10.9,13.3,10.4,4.1,5,25,0.7,3.4,0.6,28.3,74,2.8,206,204,750,0,0,30.43,Rajamahendravaram
14-04-2022,0.51,19.7,2.2,8.9,11.1,10.2,3.6,4,19,0.4,2.4,0.5,28.8,68,3,212,205,750,0,0,30.67,Rajamahendravaram
15-04-2022,0.52,21.9,2,9.6,11.6,10.7,6.2,6,23,0.5,2.7,0.5,28.6,70,3.1,207,202,750,0,0,32.1,Rajamahendravaram
16-04-2022,0.45,21.9,2,9.3,11.4,10.6,5.7,8,26,0.5,3.1,0.6,29,68,3,194,201,749,0,0,31.71,Rajamahendravaram
17-04-2022,0.48,23,2.1,10.4,12.4,10,5.8,9,30,0.7,2.5,0.4,29.6,67,3,192,199,750,0,0,30.96,Rajamahendravaram
18-04-2022,0.45,24.7,1.8,10.3,12.1,11,4.9,13,45,0.5,3.4,0.5,28.7,65,3.4,205,202,751,0,0,32.23,Rajamahendravaram
19-04-2022,0.51,22.2,2.2,17,19.2,10.4,8.2,27,78,0.8,4.6,0.7,28.3,57,2.8,213,197,752,0,0,32.07,Rajamahendravaram
20-04-2022,0.51,21.8,2,13.6,15.7,12.4,7.2,19,55,0.7,4.1,0.7,28.7,63,2.9,194,205,751,0,0,32.46,Rajamahendravaram
21-04-2022,0.44,22.8,2.1,9.8,11.9,11.7,5.4,10,34,0.6,3.2,0.5,28.9,66,3.4,184,203,751,0,0,30.32,Rajamahendravaram
22-04-2022,0.46,19.6,3.2,11.4,14.5,10.7,5,8,29,0.8,3.9,0.7,29,63,3,173,206,753,0,0,31.71,Rajamahendravaram
23-04-2022,0.34,19.1,2.3,10,12.3,11.8,4.3,7,28,0.5,3.4,0.6,29.3,64,2.8,205,207,752,0,0,32.05,Rajamahendravaram
24-04-2022,0.38,22.5,2,9.6,11.5,11.5,6.3,10,37,0.4,2.7,0.4,30.4,64,3.4,233,205,751,0,0,33.45,Rajamahendravaram
25-04-2022,0.47,23.6,1.9,12.1,14,10.9,6.1,15,58,0.5,2.9,0.5,29.4,63,3.3,218,202,750,0,0,32.98,Rajamahendravaram
26-04-2022,0.54,20.4,2.1,11.3,13.5,10.6,7.8,14,58,0.7,4,0.6,29.4,64,3.1,203,205,751,0,0,32.83,Rajamahendravaram
27-04-2022,0.52,21.8,1.7,8.7,10.4,11,5.6,9,38,0.4,2.9,0.5,30,64,3,199,205,750,0,0,32.95,Rajamahendravaram
28-04-2022,0.44,21.3,2.3,8.3,10.6,11.8,4.8,8,37,0.4,2.5,0.4,29.7,65,3.4,208,206,751,0,0,33.31,Rajamahendravaram
29-04-2022,0.4,23.9,2,9.4,11.4,11.5,7.4,12,39,0.4,2.7,0.5,29.9,66,3.6,209,207,752,0,0,34.22,Rajamahendravaram
30-04-2022,0.33,19.5,1.2,7,8.2,11.8,5.6,11,24,0.2,1.2,0.1,26.9,79,2.7,199,131,750,0,0,34.03,Rajamahendravaram
01-05-2022,,,,,,,,,,,,,,,,,,,,,33.35,Rajamahendravaram
02-05-2022,0.78,16.1,1.4,11.2,12.6,8.9,8.1,17,50,0.8,6.8,1.6,29.4,74,3.8,142,3,748,0.1,0,32.59,Rajamahendravaram
03-05-2022,0.51,13,1.7,10.7,12.4,6.7,7.1,20,61,0.5,3.5,0.6,31.4,63,3.8,135,199,749,0,0,31.02,Rajamahendravaram
04-05-2022,0.66,9.7,1.7,10.8,12.5,6.4,5.7,18,50,0.5,2.8,0.5,33.7,58,2.9,229,205,751,0,0,31.63,Rajamahendravaram
05-05-2022,0.73,9.9,1.9,13.7,15.6,7.5,5.9,17,46,0.4,2.8,0.5,33.5,62,3.3,230,201,750,0,2.5,32.73,Rajamahendravaram
06-05-2022,0.47,7.8,1.9,17.4,19.3,6.4,7.9,20,53,0.7,4.4,1,32.6,59,3.1,45,205,749,0,0,32.7,Rajamahendravaram
07-05-2022,0.5,8.1,1.9,14.9,16.8,8.5,6.3,19,54,0.6,4.4,1,34,56,2.7,189,208,748,0,0,33.95,Rajamahendravaram
08-05-2022,0.52,7.2,1.8,14.7,16.5,13.5,7,24,59,0.6,4.7,0.8,32.6,68,3,60,189,747,0,0,32.75,Rajamahendravaram
09-05-2022,0.57,6,2.1,15.3,17.4,10.1,7.4,17,56,0.9,5.2,0.8,33.1,58,3.9,62,205,744,0.1,0.8,31.05,Rajamahendravaram
10-05-2022,0.44,5.4,1.8,9.6,11.5,9.3,3.2,7,24,0.4,4,0.6,31.7,66,4,29,192,742,0,2.3,29.72,Rajamahendravaram
11-05-2022,0.44,3.2,2,9.7,11.8,9.7,4.5,6,17,0.4,3.5,0.7,30.3,83,5.1,67,195,742,0.1,9.3,29.48,Rajamahendravaram
12-05-2022,0.54,7.5,1.9,13.4,15.3,8.9,5.7,18,41,0.8,6.3,1.4,31.8,73,3.9,106,209,746,0.1,3.3,28.67,Rajamahendravaram
13-05-2022,0.55,19.3,1.8,13,14.8,8.7,4.6,20,51,0.7,5.2,1.1,32.6,68,3,99,209,746,0.1,0,30.26,Rajamahendravaram
14-05-2022,0.65,19.9,1.7,12.7,14.4,9.3,4.6,12,36,0.6,3.6,0.8,33.4,68,3.1,120,210,746,0,0.3,30.72,Rajamahendravaram
15-05-2022,0.48,21.4,1.6,10.8,12.3,12.2,7.5,29,64,0.5,2.6,0.5,33.8,67,3.1,137,206,748,0,0,30.41,Rajamahendravaram
16-05-2022,0.44,19.2,1.9,11.1,13,9.3,4.4,9,38,0.6,3,0.6,34,65,3.2,157,209,748,0,0,30.35,Rajamahendravaram
17-05-2022,0.9,18.1,2.1,9.4,11.5,7.7,4.7,7,31,0.6,3.3,0.6,34,64,3.2,147,207,747,0,0,30.47,Rajamahendravaram
18-05-2022,0.47,17.7,1.9,10.7,12.7,8,4.9,9,32,0.7,3.6,0.7,33.8,65,3.4,153,208,748,0,0,30.49,Rajamahendravaram
19-05-2022,0.52,16.7,2.1,12,14.1,7.2,3.7,8,34,0.7,4.4,0.9,33,70,3.1,134,203,749,0.1,1,29.82,Rajamahendravaram
20-05-2022,0.53,16.8,1.6,11.3,12.9,6.5,4.9,10,36,0.5,3.1,0.6,33.6,65,3.2,175,207,747,0,0.8,30.09,Rajamahendravaram
21-05-2022,0.52,20.1,1.9,10.8,12.6,7.7,6.8,22,55,0.5,2.2,0.4,33.9,60,4.2,219,206,745,0,0,32.36,Rajamahendravaram
22-05-2022,0.54,20.8,1.8,10.2,12.1,7.7,6.6,35,126,0.4,1.8,0.3,35.2,53,4.6,242,206,742,0,0,34.02,Rajamahendravaram
23-05-2022,0.63,18.9,2,20.4,22.4,9.6,13.1,41,128,1,5.3,0.9,36.2,47,3.4,262,207,742,0,0,34.36,Rajamahendravaram
24-05-2022,0.62,21.1,1.7,11.9,13.6,11.9,6.8,24,85,0.7,3.4,0.6,34.8,56,3.9,153,205,746,0,127,34.17,Rajamahendravaram
25-05-2022,0.6,20.9,2.2,12.1,14.3,8.9,3.7,14,34,0.4,2.6,0.6,31.6,70,4,178,209,750,0,36.8,30.89,Rajamahendravaram
26-05-2022,0.48,23.2,1.6,10.1,11.7,10.1,5.4,23,62,0.3,2.1,0.4,34.2,66,2.8,198,203,749,0,45.8,30.72,Rajamahendravaram
27-05-2022,0.9,21.6,1.5,16.1,17.6,10.6,8,37,89,0.8,3.5,0.7,32.7,65,2.8,248,194,748,0,0,30.62,Rajamahendravaram
28-05-2022,0.75,22.9,1.8,18.1,19.9,12.1,8.9,36,116,0.9,3.9,0.7,35,57,3.2,233,209,745,0,0,33.33,Rajamahendravaram
29-05-2022,0.49,23.6,2.1,12.6,14.6,9.6,6.6,27,100,0.5,2.2,0.4,35.7,49,3.7,226,208,746,0,0,34.11,Rajamahendravaram
30-05-2022,0.55,25.9,1.6,14.2,15.8,10,7.4,29,86,0.7,2.8,0.5,35.6,47,3,218,206,745,0,0.5,32.96,Rajamahendravaram
31-05-2022,0.54,25.6,1.7,13.4,15.1,10.2,6.9,31,101,0.6,3,0.5,35.7,53,3.8,236,208,744,0,73.5,31.36,Rajamahendravaram
01-06-2022,0.59,23.7,2,19.9,21.9,11.2,11.6,44,124,0.8,4.1,0.8,36.4,47,3.5,263,205,744,0,145.8,29.26,Rajamahendravaram
02-06-2022,0.61,15.7,1.7,14.3,16,12.3,5.9,35,108,0.7,3.7,0.6,36.2,57,3,175,204,744,0,0.3,29.25,Rajamahendravaram
03-06-2022,0.6,4.5,1.7,12.6,14.3,10.6,5.5,29,97,0.7,3,0.5,35.8,53,3.6,197,207,744,0,0,31.84,Rajamahendravaram
04-06-2022,0.67,5,2,13.3,15.3,12.2,4.7,33,98,0.6,3.2,0.5,35,60,3.1,162,202,745,0,0,31.04,Rajamahendravaram
05-06-2022,0.53,5.4,1.8,10.2,11.9,12.1,6.8,29,80,0.5,2.3,0.4,34.3,67,3.6,154,205,746,0.1,0,30.4,Rajamahendravaram
06-06-2022,0.6,5.4,1.8,15.2,17,9.5,4.9,22,50,0.7,5.2,1.2,30.5,79,3.3,130,164,747,0,13.5,29.62,Rajamahendravaram
07-06-2022,0.63,5,1.6,12.5,14.1,10.1,5,26,58,0.6,3.4,0.7,33.4,67,3,217,207,746,0,0,29.72,Rajamahendravaram
08-06-2022,0.58,5.1,1.8,17,18.8,8.5,6.7,27,80,0.6,4.1,0.8,34.8,59,2.8,217,206,744,0,0,31.02,Rajamahendravaram
09-06-2022,0.57,5.4,2.4,18,20.4,10.2,5.9,26,76,0.6,3.5,0.6,35.2,57,3.5,234,205,744,0,0,30.7,Rajamahendravaram
10-06-2022,0.61,5.4,2.2,15.4,17.5,11.7,4.5,18,58,0.7,4.4,1.1,35,56,3.2,229,201,746,0,0.3,28.72,Rajamahendravaram
11-06-2022,0.53,5.3,1.9,11.8,13.7,10.8,3.8,13,44,0.5,2.7,0.5,34.7,60,3.7,227,208,747,0,0,29.73,Rajamahendravaram
12-06-2022,0.48,5.3,1.7,12.8,14.5,10.3,4.1,14,41,0.4,2.3,0.4,35,56,3.2,231,209,747,0,0,29.77,Rajamahendravaram
13-06-2022,0.47,5.3,1.9,11.3,13.2,8.7,4.6,11,35,0.5,3,0.5,34.4,55,3.8,267,212,748,0,0,30.89,Rajamahendravaram
14-06-2022,0.4,4.9,1.7,11.5,13.2,9.5,4.2,13,39,0.5,2.4,0.5,34.5,53,3.7,217,212,747,0,0,31.1,Rajamahendravaram
15-06-2022,0.51,5.3,1.9,11.9,13.8,8.9,4.7,13,41,0.5,2.5,0.5,34.7,60,3.6,192,208,748,0,0,29.68,Rajamahendravaram
16-06-2022,0.45,5.5,2.1,10.4,12.4,8.1,3.7,14,37,0.2,1.8,0.3,33,65,3.3,215,205,749,0,0,29.69,Rajamahendravaram
17-06-2022,0.56,5.7,1.7,12.1,13.8,8.4,3.2,14,37,0.3,2.7,0.6,33.4,66,3.2,157,208,749,0,0,29.12,Rajamahendravaram
18-06-2022,0.48,6.1,2.3,13,15.3,7.8,3.5,10,33,0.2,0.9,0.2,32.9,67,2.9,162,196,750,0,0,29.09,Rajamahendravaram
19-06-2022,0.5,6,2.3,11.5,13.8,8.5,4.8,19,39,0,0,0,32.7,70,2.9,189,206,749,0,3.8,28.77,Rajamahendravaram
20-06-2022,0.51,6.1,2.6,15.4,18,6.9,4.3,15,32,0.3,2,0.5,31.7,74,2.4,240,200,747,0,8.8,29.11,Rajamahendravaram
21-06-2022,0.5,6.3,2,16,18,6.6,4.5,7,24,0.5,3.1,0.7,30.6,78,2.2,246,186,746,0,3.8,27.33,Rajamahendravaram
22-06-2022,0.6,6,2.3,19,21.3,6,4.2,9,25,1,6.9,2.1,29.7,81,2,284,175,748,0,79.3,27.47,Rajamahendravaram
23-06-2022,0.49,6.1,2,12.6,14.6,8,4,10,35,0.5,4.8,0.9,32.8,69,2.6,196,211,748,0,0,27.94,Rajamahendravaram
24-06-2022,0.66,6.3,2.6,21.4,24,9.7,5.2,18,51,0.6,6.7,1.7,31.8,76,2,190,187,747,0,0,27.81,Rajamahendravaram
25-06-2022,0.64,6,2.6,20.5,23.1,8.7,4,12,38,0.7,6.9,1.9,31.2,75,2,235,191,745,0,7.8,27.39,Rajamahendravaram
26-06-2022,0.5,6.1,2.2,14.2,16.3,9.1,2.4,10,36,0.5,4.3,0.8,31.7,72,2.7,260,198,746,0,2,26.91,Rajamahendravaram
27-06-2022,0.42,6,2.4,9.9,12.4,12,2.8,9,35,0.2,1.6,0.3,31.2,72,3.9,245,209,748,-0.1,2.5,27.65,Rajamahendravaram
28-06-2022,0.44,6,2.3,11.1,13.3,10.5,2.9,8,24,0.3,3,0.7,29.6,82,3.7,242,199,747,-0.1,5,27.85,Rajamahendravaram
29-06-2022,0.5,6.3,2,11.6,13.6,9.2,3.3,10,36,0.3,2.8,0.5,32.1,72,3.1,240,209,745,0,0,28.27,Rajamahendravaram
30-06-2022,0.43,6.3,2.3,11.7,14,8.2,3.9,9,33,0.4,3.3,0.7,32.2,73,2.4,241,208,745,0,16.5,28.56,Rajamahendravaram
01-07-2022,0.49,6.5,2.3,14.1,16.4,9.4,3.6,14,41,0.3,2.6,0.5,32.8,72,2.8,244,185,744,0,2,28.29,Rajamahendravaram
02-07-2022,0.43,6.3,2.4,12.8,15.2,8.8,4.8,12,44,0.4,2.8,0.4,32.4,70,3.6,280,207,743,0,0,28.37,Rajamahendravaram
03-07-2022,0.57,6,2,10.3,12.3,9.2,5.8,11,30,0.3,2.1,0.3,30.7,78,4,261,197,744,-0.1,4.8,27.47,Rajamahendravaram
04-07-2022,0.43,5.3,2.5,10.9,13.4,6.2,4.7,8,30,0.3,1.8,0.3,31.1,73,3.9,263,206,744,-0.1,0,27.25,Rajamahendravaram
05-07-2022,0.46,4.6,2.2,11.4,13.6,7.1,3.8,6,19,0.4,3.3,0.7,30.4,79,3,251,203,743,0,54.3,27.31,Rajamahendravaram
06-07-2022,0.4,4.7,2.4,10.2,12.6,6.6,3.3,5,16,0.2,2,0.3,30.4,79,4,259,203,745,-0.1,26,26.57,Rajamahendravaram
07-07-2022,0.37,4.7,1.9,9.5,11.5,6.8,4,9,29,0.2,1.8,0.3,30.6,77,3.7,246,194,747,-0.1,3,26.88,Rajamahendravaram
08-07-2022,0.33,4.8,2.1,7.9,10,5.9,2.6,3,11,0.2,1.1,0.2,28.9,85,5.3,252,184,745,-0.1,10.5,26.78,Rajamahendravaram
09-07-2022,0.42,4.3,1.6,7,8.6,4.6,5,7,16,0.2,1.6,0.2,28.6,85,5.2,240,141,742,-0.1,13,26.78,Rajamahendravaram
10-07-2022,0.28,4.6,1.7,6.6,8.4,2.6,1.8,5,13,0.2,1.3,0.2,28.7,84,6.6,244,198,742,-0.2,23.8,26.94,Rajamahendravaram
11-07-2022,0.28,4.6,1.9,7.3,9.1,3.9,2.5,5,18,0.2,1.4,0.1,28.7,85,6.3,251,189,744,-0.2,18.5,26.54,Rajamahendravaram
12-07-2022,0.28,4.7,2,6.9,8.9,3.6,2.9,4,11,0.1,1,0.1,28.6,83,7.4,246,184,743,-0.2,8.3,26.61,Rajamahendravaram
13-07-2022,0.37,4.6,2.7,11.3,14,3.8,3.6,8,23,0.2,1.4,0.2,29.2,77,5.4,246,194,741,-0.1,2.5,25.03,Rajamahendravaram
14-07-2022,0.28,4.6,2.5,9.7,12.2,3.7,2.6,6,28,0.2,1,0.2,30,71,6,254,206,741,-0.1,1.5,25.76,Rajamahendravaram
15-07-2022,0.42,4.7,3,18.9,21.9,5.1,4.5,14,79,0.4,3.7,0.8,31.6,68,3.5,257,209,743,-0.1,0,26.78,Rajamahendravaram
16-07-2022,0.73,4.7,4,23.7,27.7,6.6,4.7,16,55,0.9,9.8,3.4,30.5,78,2.1,255,200,745,0,5.8,27.12,Rajamahendravaram
17-07-2022,0.4,4.7,2.4,10.7,13.1,7.1,3,6,23,0.3,4,1,29.9,83,3.3,254,194,746,-0.1,37.3,26.6,Rajamahendravaram
18-07-2022,0.45,4.6,2.5,12.1,14.6,8.1,4.2,7,28,0.4,4.2,1.1,29.8,83,2.9,238,192,747,0,18,27.36,Rajamahendravaram
19-07-2022,0.39,4.7,2.3,13.4,15.7,7.8,4.6,12,61,0.4,4.6,0.9,32.1,72,2.3,245,213,748,0,1.3,27.82,Rajamahendravaram
20-07-2022,0.32,4.6,2.1,10.7,12.9,9,3.1,11,53,0.3,3.1,0.5,32.4,73,2.3,232,206,748,0,0,28.24,Rajamahendravaram
21-07-2022,0.38,4.6,2.4,11.6,14,9.2,3.7,10,42,0.3,2.3,0.4,31.8,72,3.4,297,214,748,0,0,27.12,Rajamahendravaram
22-07-2022,0.29,4.7,1.8,9.4,11.2,10.7,3.4,6,18,0.3,1.9,0.3,29.1,84,3.9,246,189,748,-0.1,27.3,27.07,Rajamahendravaram
23-07-2022,0.31,4.8,2.4,9.3,11.7,8.1,3.6,7,29,0.3,2.3,0.3,30.2,76,4.4,260,208,747,-0.1,0,26.61,Rajamahendravaram
24-07-2022,0.31,4.6,2.2,9.2,11.4,9.1,3.6,7,27,0.3,2.4,0.4,30.4,77,3,281,190,748,0,0.8,27.11,Rajamahendravaram
25-07-2022,0.47,4.7,3.2,12.9,16,8.1,4.6,10,35,0.4,3.9,0.8,31,75,2.2,265,206,749,0,0.5,27.31,Rajamahendravaram
26-07-2022,0.52,4.8,3.3,16,19.3,9.8,4.6,12,32,0.5,5.5,1,30.1,82,1.4,279,185,751,0,48.3,27.64,Rajamahendravaram
27-07-2022,0.49,4.6,1.8,12,13.8,9.9,4.9,9,28,0.6,4.8,1,31.4,74,2.2,220,211,751,0,0.8,26.99,Rajamahendravaram
28-07-2022,0.48,4.5,2.5,11.8,14.3,9.7,3.7,9,37,0.4,3.4,0.7,32.7,68,2.3,191,214,751,0,0,27.63,Rajamahendravaram
29-07-2022,0.39,4.8,2.7,10.4,13.1,10.5,2.9,10,30,0.4,2.9,0.5,31.7,75,2.4,255,185,751,0,4,27.92,Rajamahendravaram
30-07-2022,0.44,4.7,2.7,13.2,15.9,9,4.8,9,28,0.4,3.7,0.5,32,73,2.2,259,211,749,0,0,28.3,Rajamahendravaram
01-09-2022,0.35,4.9,2.6,10.5,13.1,6.2,3.6,5,23,0.7,4.6,1,32.1,69,2.8,99,203,751,0,0,27.03,Rajamahendravaram
02-09-2022,0.46,5,2.4,9.6,12,6.4,3.2,4,16,0.6,5.3,1.2,32.1,72,2.9,104,203,751,0.1,0,27.02,Rajamahendravaram
03-09-2022,0.43,4.8,2.7,10.2,12.9,6.4,4.2,4,16,0.5,3.5,0.7,33,68,2.3,216,204,750,0,12,27.73,Rajamahendravaram
04-09-2022,0.44,4.8,2.2,9.5,11.6,8.7,4.1,12,28,0.3,2.2,0.4,32.8,68,2.5,243,194,750,0,0,27.56,Rajamahendravaram
05-09-2022,0.38,4.7,2.3,10.4,12.6,7.3,5.1,9,32,0.4,2.7,0.5,33,67,3.2,248,203,749,0,0,28.2,Rajamahendravaram
06-09-2022,0.52,4.8,1.9,8.9,10.7,5.9,3.4,9,29,0.4,2.7,0.5,32,70,2.5,276,203,749,0,0,28.27,Rajamahendravaram
07-09-2022,0.48,4.2,1.4,9.4,10.8,6,4.7,9,20,0.4,2.6,0.4,29.5,84,2.6,259,81,749,0,25.5,26.45,Rajamahendravaram
08-09-2022,0.42,4.9,2.9,12.9,15.8,5.7,4,6,13,0.6,4.4,0.9,29.4,85,1.7,294,170,748,0,24.8,27.42,Rajamahendravaram
09-09-2022,0.4,5.1,3,8.3,11.3,4.7,3.1,3,8,0.4,2.8,0.4,29.4,87,2.4,279,160,747,0,20.3,27.25,Rajamahendravaram
10-09-2022,0.36,4.9,2.6,8.8,11.5,3.9,2.4,5,11,0.2,1.7,0.3,29.6,85,3.8,246,175,745,-0.1,11.5,26.67,Rajamahendravaram
11-09-2022,0.36,4.7,3.2,10.2,13.4,4.7,3.2,5,14,0.2,2,0.4,30.7,79,4.9,225,199,744,-0.1,9.3,27.05,Rajamahendravaram
12-09-2022,0.37,4.7,2.1,9.2,11.3,2.9,3.6,7,29,0.4,3.5,0.9,31.8,70,3.9,214,195,746,0,0,27.4,Rajamahendravaram
13-09-2022,0.47,4.7,2.1,10.3,12.4,4.2,3,9,30,0.5,4.4,1.1,31.3,74,2.9,206,182,749,0,21.8,26.99,Rajamahendravaram
14-09-2022,0.45,4.8,2.3,16.1,18.5,4.3,5,15,46,0.8,6.7,1.7,30.9,76,2.2,187,190,752,0,0,27.09,Rajamahendravaram
15-09-2022,0.52,4.9,2.2,14,16.2,6.9,3.7,16,46,0.7,5.7,1.3,30.8,79,1.9,232,190,752,0,0.8,26.84,Rajamahendravaram
16-09-2022,0.37,4.7,2.2,10.5,12.7,5.4,2.6,9,32,0.4,2.6,0.6,31.9,70,3.6,256,203,749,-0.1,0,26.73,Rajamahendravaram
17-09-2022,0.34,6.3,2.5,12.7,15.2,8.5,2.5,8,33,0.5,3.3,0.6,32,71,3.1,262,196,749,0,0,26.68,Rajamahendravaram
18-09-2022,0.44,11.2,2.4,12.7,15.1,8,1.2,6,25,0.4,2.1,0.4,31.7,71,3.7,288,192,749,0,8.8,26.52,Rajamahendravaram
19-09-2022,0.4,11.4,2.2,9.1,11.2,7.6,2,4,9,0.3,2.2,0.4,29.2,84,3.3,274,185,749,0,11,26.25,Rajamahendravaram
20-09-2022,0.37,11.6,2,9.2,11.2,6.2,2,7,19,0.4,2,0.3,29.9,78,3.7,266,193,748,-0.1,1.8,25.95,Rajamahendravaram
21-09-2022,0.47,13,2.1,11.7,13.8,6.6,2.3,17,43,0.5,3.3,0.6,30.8,76,3,240,195,748,0,1.3,26.98,Rajamahendravaram
22-09-2022,0.58,13.1,2.3,9.4,11.7,6.7,2.8,13,30,0.4,3,0.4,30.1,80,3.3,265,176,749,0,3.3,26.89,Rajamahendravaram
23-09-2022,0.43,12.7,2.3,13.3,15.5,4.5,3.2,14,36,0.5,3.2,0.5,30.5,76,2.8,267,193,750,0,0.3,26.16,Rajamahendravaram
24-09-2022,0.45,12.9,3,14.9,17.9,5.7,2.9,17,53,0.5,3.6,0.9,32.4,71,2.6,281,201,750,0,0,26.54,Rajamahendravaram
25-09-2022,0.48,12,2.2,12.7,14.9,4.2,3.5,13,48,0.6,5,1.1,32.1,71,2.1,344,193,750,0,0,27.22,Rajamahendravaram
26-09-2022,0.42,13.2,2,11.8,13.8,5.9,1.5,17,44,0.8,4.7,1,31.5,74,2,280,180,751,0,0,27.82,Rajamahendravaram
27-09-2022,0.59,14.5,2.1,11.5,13.6,5.5,3.7,11,35,0.5,3.2,0.7,32.5,71,2.4,273,199,749,0,0,27.2,Rajamahendravaram
28-09-2022,0.5,14.1,1.9,11.3,13.2,6.2,2.7,15,36,0.5,4,0.9,31.8,77,2,311,181,748,0,0.3,26.6,Rajamahendravaram
29-09-2022,0.52,11.8,2.5,10.9,13.5,4.3,2.5,5,17,0.4,4.2,1.1,30.9,81,1.9,320,182,748,0,21.8,27.31,Rajamahendravaram
30-09-2022,0.6,12.2,3.4,12,15.4,5,2.5,11,25,0.5,5.1,1.1,31.4,80,1.2,268,188,748,0,3.8,27.05,Rajamahendravaram
01-10-2022,0.71,11.4,3.3,10.6,13.8,4.4,1.9,17,31,0.4,5.4,1.7,30.6,,,,,,,,27.56,Rajamahendravaram
02-10-2022,0.63,12.9,2.2,6.5,8.6,1.4,4.3,25,64,0.6,6.7,2.1,32.3,,,,,,,,26.92,Rajamahendravaram
03-10-2022,0.52,16,1.5,4.8,6.3,1.6,5.9,30,57,0.5,3.9,0.8,32.4,,,,,,,,26.8,Rajamahendravaram
04-10-2022,0.59,14.4,2.4,8.7,11.1,1.8,9.6,36,63,0.9,11.5,5,31.7,,,,,,,,27.65,Rajamahendravaram
05-10-2022,0.51,13.9,1.7,4.8,6.4,1.1,2.8,10,24,0.4,4.9,1.6,31.7,,,,,,,,26.92,Rajamahendravaram
06-10-2022,0.61,9.8,1.5,4.8,6.3,1.5,3,5,12,0.5,5.3,1.8,30.5,,,,,,,,26.25,Rajamahendravaram
07-10-2022,0.4,4.5,1.5,4.1,5.7,1.3,2.3,11,25,0.4,4.3,1.3,31.6,,,,,,,,26.11,Rajamahendravaram
08-10-2022,0.41,4.6,1.7,4.8,6.5,1.1,3.3,9,22,0.4,4.1,1,31.6,,,,,,,,25.84,Rajamahendravaram
09-10-2022,0.49,4.5,1.6,4.4,6,1.4,2.7,4,9,0.4,4.1,1.2,30.3,,,,,,,,25.86,Rajamahendravaram
10-10-2022,0.62,4.6,1.9,6.5,8.4,1.8,2.9,4,10,0.6,7.7,2.7,29.6,,,,,,,,26.32,Rajamahendravaram
11-10-2022,0.64,4.8,3,5.8,8.8,1.8,4.2,5,14,0.6,7.1,2.6,30.3,,,,,,,,26.32,Rajamahendravaram
12-10-2022,0.65,4.5,4.6,6.6,11.2,1.4,4.9,5,20,0.5,6.9,2.6,35.5,,,,,,,,26.51,Rajamahendravaram
13-10-2022,0.54,4.3,1.8,4.9,6.7,1.9,3.7,4,18,0.3,3.9,1.2,31.9,,,,,,,,26.78,Rajamahendravaram
14-10-2022,0.57,4.4,2.5,10.3,12.8,6,4,6,18,0.4,4.6,1.3,30.5,,,,,,,,26.33,Rajamahendravaram
15-10-2022,0.59,4.4,4,13.1,17.1,9.1,5.3,5,12,0.4,4.9,1.5,30.5,,,,,,,,26.38,Rajamahendravaram
16-10-2022,0.44,4.3,4.1,13.3,17.4,8.3,5.3,5,16,0.4,4.5,1.4,31.4,,,,,,,,26.68,Rajamahendravaram
17-10-2022,0.49,4.4,2.5,12.6,15.2,8.3,5.1,7,26,0.3,3,0.6,32.6,,,,,,,,26.38,Rajamahendravaram
18-10-2022,0.76,4.5,1.9,11.2,13,9.3,4.4,15,35,0.4,2.5,0.5,31.7,,,,,,,,26.66,Rajamahendravaram
19-10-2022,0.69,4.1,2.2,12.2,14.5,10.9,5.3,27,49,0.4,2.5,0.5,31.7,,,,,,,,26,Rajamahendravaram
20-10-2022,0.59,3.8,2,9.9,11.8,9.7,6.4,30,55,0.4,2.5,0.5,32.2,,,,,,,,26.05,Rajamahendravaram
21-10-2022,0.57,3.9,1.6,6.6,8.2,5.4,5.3,38,72,0.4,2.5,0.5,32.6,,,,,,,,25.97,Rajamahendravaram
22-10-2022,0.63,3.9,1.9,9.6,11.5,5.3,8.1,41,85,0.9,6.6,2,32,,,,,,,,25.28,Rajamahendravaram
23-10-2022,0.64,4,1.9,9.1,11.1,7.7,7.3,34,78,0.6,3.7,0.8,31.5,,,,,,,,25.02,Rajamahendravaram
24-10-2022,0.43,4,1.7,11.9,13.7,11.7,10.8,43,91,0.6,2.8,0.5,31.3,,,,,,,,23.93,Rajamahendravaram
25-10-2022,0.64,3.9,2.1,17.9,19.9,13.1,13.4,56,106,0.8,4.3,1.2,31.2,,,,,,,,24.45,Rajamahendravaram
26-10-2022,0.7,4,2,20.1,22.1,13.9,9.5,51,91,1,7.3,2.1,31.4,,,,,,,,25.33,Rajamahendravaram
27-10-2022,0.65,4,2.4,16.7,19.1,11.1,7.2,40,78,0.8,5.3,1.3,31.3,,,,,,,,25.01,Rajamahendravaram
28-10-2022,0.66,4,1.9,15.3,17.2,14.2,11.4,48,84,0.8,4.9,1.2,31,,,,,,,,24.87,Rajamahendravaram
29-10-2022,0.57,4,2.1,16.2,18.3,14.2,10.7,60,98,0.8,4.8,1.2,31.1,,,,,,,,23.66,Rajamahendravaram
30-10-2022,0.59,4,2,16.9,18.9,14.1,10.4,64,110,0.8,4.8,1.3,30.9,,,,,,,,23.45,Rajamahendravaram
31-10-2022,0.6,4.1,1.9,15.8,17.7,14.5,9.2,61,105,0.9,4.8,1.2,30.9,,,,,,,,24.01,Rajamahendravaram
01-11-2022,0.8,4,1.7,21.3,23,13.7,7.4,50,95,1.1,7,2.1,31,72,1.5,11,177,756,0.5,0,25.01,Rajamahendravaram
02-11-2022,0.64,3.9,2.2,15.7,17.8,13.4,9.4,38,73,0.9,5.6,1.4,32.3,67,2.3,77,187,755,0,0,25.09,Rajamahendravaram
03-11-2022,0.69,4,1.9,15.3,17.2,12.9,5.3,33,64,0.9,5.3,1.2,31.8,70,2.3,73,176,755,0.6,0,24.93,Rajamahendravaram
04-11-2022,0.7,4,2.2,15.3,17.5,13.3,6.1,34,66,0.8,5.2,1.1,31.8,73,2.4,64,184,756,1.1,0,25.24,Rajamahendravaram
05-11-2022,0.66,4.3,2.3,15.7,18.1,14.6,6.9,53,95,0.9,4.8,1.1,32,68,2,78,182,758,1.1,0,25.29,Rajamahendravaram
06-11-2022,0.6,4.3,2.1,13.9,16,14,10.7,60,109,0.8,4.2,0.9,31.7,61,2.3,73,193,758,0,0,24.51,Rajamahendravaram
07-11-2022,0.62,4.3,1.7,14.2,16,16.9,10.6,74,132,0.9,4.6,1,31.4,63,2.2,57,188,758,1,0,23.69,Rajamahendravaram
08-11-2022,0.65,4.5,2,14.3,16.3,17.1,8.3,75,126,0.8,4.7,1,31.5,63,2.1,49,187,757,0,0,23.77,Rajamahendravaram
09-11-2022,0.56,4.2,1.5,14.2,15.7,14.4,9,63,107,0.8,4.5,0.9,31.2,62,2.7,61,187,759,1.1,0,24.05,Rajamahendravaram
10-11-2022,0.57,4.3,2.4,15,17.4,13.4,12.6,63,107,0.8,4.3,0.9,30.7,58,2.8,60,185,757,0.5,0,23.87,Rajamahendravaram
11-11-2022,0.61,9.6,2.2,17.9,20.1,12.8,13.3,55,101,0.9,4.7,1,31.1,61,2.8,56,183,757,0,0,23.59,Rajamahendravaram
12-11-2022,0.58,7,2.1,16,18.1,13.4,11.9,59,105,0.9,4.4,0.9,30.8,60,3.4,74,178,757,0,0,24.04,Rajamahendravaram
13-11-2022,0.73,4.2,1.8,16.5,18.4,14.4,12.4,69,122,1,4.1,0.8,31.3,60,2.6,80,186,757,0,0,23.57,Rajamahendravaram
14-11-2022,0.7,4.3,1.6,17.2,18.8,13.7,12.7,70,118,0.9,4.4,0.9,31.2,60,2,60,187,757,0.5,0,23.29,Rajamahendravaram
15-11-2022,0.75,4.4,2.5,19.4,21.9,14.1,12.5,74,124,0.9,4.9,1.1,30.4,64,1.9,347,192,757,0,0,23.06,Rajamahendravaram
16-11-2022,0.69,4.3,1.8,18.6,20.4,15.6,15.7,75,124,0.9,4.3,1.1,29.9,60,1.9,345,193,756,0,0,22.94,Rajamahendravaram
17-11-2022,0.8,4.1,2,19.8,21.8,14.5,13.8,71,124,0.9,4.5,1.1,29.8,59,2.1,29,191,755,0,0,22.29,Rajamahendravaram
18-11-2022,0.65,4.5,2,18.8,20.8,12.3,11.3,56,109,0.9,5.1,1.1,30,57,2.5,55,188,756,0,0,21.74,Rajamahendravaram
19-11-2022,0.66,4.3,1.9,21.7,23.5,13.6,9.1,51,105,1,4.7,1.2,29.7,55,2,343,190,756,0,0,20.99,Rajamahendravaram
20-11-2022,0.88,4.4,1.9,18.7,20.6,15.5,8.6,56,110,0.9,3.7,0.9,28.7,61,1.7,333,177,754,0,0,21.92,Rajamahendravaram
21-11-2022,0.8,4.3,3.2,28.3,31.5,16.3,5.4,46,82,1.3,7.4,2.2,29.5,67,1.5,8,169,753,0,0,23.44,Rajamahendravaram
22-11-2022,0.62,4.4,2.2,21.5,23.7,19,7.8,38,74,1.1,6.6,1.6,30.1,73,2.4,61,168,754,0,0,24,Rajamahendravaram
23-11-2022,0.58,4.2,2.5,17.2,19.7,17.3,6.5,25,47,0.8,5.1,1.1,30.8,75,2.8,84,182,755,0,1.3,24.29,Rajamahendravaram
24-11-2022,0.51,4.3,1.9,18.9,20.8,15.8,4.7,22,47,0.8,5,1.2,30.8,78,1.7,90,183,755,0,3,24.99,Rajamahendravaram
25-11-2022,0.57,4.2,2.2,16.4,18.6,17.1,4.2,36,55,0.7,3.8,0.8,30.2,80,2.3,90,174,756,0,1.3,24.55,Rajamahendravaram
26-11-2022,0.91,4.3,1.7,17.9,19.6,22.7,7.2,85,127,1.3,5,0.9,30.6,72,1.7,22,182,755,0,0,23.83,Rajamahendravaram
27-11-2022,0.66,4.3,1.9,16.7,18.6,19.4,6.7,77,118,1,3.4,0.8,29.9,67,1.7,7,188,753,0,0,24.12,Rajamahendravaram
28-11-2022,0.71,4.4,1.8,20.9,22.7,17.2,8.4,77,125,1.1,4.4,1,29.3,65,1.9,346,187,754,0,0,23.22,Rajamahendravaram
29-11-2022,0.73,4.4,1.9,22.7,24.6,16.7,11.8,78,131,1.2,4.9,1.2,29.4,59,1.9,10,187,755,0,0,22.38,Rajamahendravaram
30-11-2022,0.69,4.3,1.9,24.2,26,17.7,7.6,78,130,1.4,5.6,1.4,29.8,64,1.8,41,179,756,0,0,23.01,Rajamahendravaram
01-12-2022,0.6,4.2,2.1,20.2,22.4,17.1,7,56,96,1.3,4.7,1,30.9,68,2.5,76,183,756,0,0,24.23,Rajamahendravaram
02-12-2022,0.66,4.2,2.3,19.1,21.5,18.5,6.5,41,76,1.2,5,1,31.1,73,2.7,76,178,755,0,0,24.72,Rajamahendravaram
03-12-2022,0.86,4.2,2.3,20.3,22.6,20,6.4,69,115,1.7,5.4,1.1,30.9,74,2.4,82,177,756,0,0,24.48,Rajamahendravaram
04-12-2022,0.82,4.3,1.9,16.9,18.8,20.4,5.4,84,137,1.6,3.6,0.7,31.3,72,1.9,62,179,756,0,0,24.57,Rajamahendravaram
05-12-2022,0.92,4.1,2.4,19.4,21.8,22.4,8,111,162,0.7,2.2,0.4,30.9,71,2,61,180,757,0,0,24.13,Rajamahendravaram
06-12-2022,1.23,4,2.5,23.3,25.8,22,18.7,127,190,0,0,0,29.5,69,1.7,26,177,756,0,0,22.87,Rajamahendravaram
07-12-2022,0.81,3.9,2.3,29.8,32.2,16.4,21.4,95,157,0.7,3.3,1,28.8,62,1.9,76,179,755,0,0,21.18,Rajamahendravaram
08-12-2022,0.89,4,2.3,29.3,31.6,14.8,15.3,82,143,1.6,4.6,1,28.9,58,1.9,63,183,754,0,0,21.22,Rajamahendravaram
09-12-2022,0.73,4.1,1.8,16.5,18.2,8.8,5.9,63,105,1.2,3.5,0.7,27.8,66,2.6,51,163,753,0,4.8,21.44,Rajamahendravaram
10-12-2022,0.5,4.1,1.4,4.1,5.5,2.3,3.4,32,47,0.8,2.5,0.5,27.8,79,3.9,59,178,753,0.1,1.5,23.78,Rajamahendravaram
11-12-2022,0.57,4.4,1.4,3.6,5,2.6,3.4,29,40,0.8,2.7,0.4,29.3,82,3.6,73,182,755,0.1,16.5,25.16,Rajamahendravaram
12-12-2022,0.58,4.3,3.1,5.9,9,1.6,3.4,24,42,0.8,3.2,0.7,30.1,76,3.5,80,181,755,0.1,0,24.84,Rajamahendravaram
13-12-2022,0.61,3.6,1.6,5.2,6.8,1.7,5.4,34,68,1,3.8,0.8,31.2,68,2,94,183,756,0,0,24.72,Rajamahendravaram
14-12-2022,0.72,4.3,1.5,5.7,7.2,2,4,54,91,0.9,3.4,0.8,30.7,67,2,124,185,757,0,0,24.16,Rajamahendravaram
15-12-2022,0.81,4.3,1.4,6.5,8,2.7,5.5,68,115,1.6,5.7,1.2,30.7,65,1.8,212,184,756,0,0,24.23,Rajamahendravaram
16-12-2022,0.78,3.6,1.4,6.2,7.6,3.5,5.1,68,118,1.2,4.6,0.9,30.7,66,2.1,65,183,755,0,0,24.51,Rajamahendravaram
17-12-2022,0.79,3.5,1.3,4.8,6.2,4.7,3.9,85,131,1.2,4.2,0.7,30.5,76,2.3,83,175,756,0,0,24.47,Rajamahendravaram
18-12-2022,0.62,3.1,1.3,5,6.4,3.4,8.7,78,125,1,2.9,0.5,30,68,3.1,83,183,756,0.1,0,22.79,Rajamahendravaram
19-12-2022,0.71,2.7,1.4,6.4,7.8,2.9,10.8,79,132,1.5,4.2,0.8,29.2,63,2.2,82,188,755,0,0,21.66,Rajamahendravaram
20-12-2022,0.77,3,1.4,5.8,7.2,2.4,7.3,78,129,1.2,3.2,0.6,28.9,67,2.4,74,187,755,0,0,21.63,Rajamahendravaram
21-12-2022,0.79,3.2,1.4,6.4,7.8,3.4,7.5,96,151,1.4,4.1,0.9,28.8,69,2.1,76,181,755,0,0,22.21,Rajamahendravaram
22-12-2022,0.84,3.1,1.4,6.4,7.7,3.5,14.1,109,171,1.5,4.1,0.9,28.8,69,2.1,58,181,755,0,0.3,21.97,Rajamahendravaram
23-12-2022,1.02,3.8,1.5,7.4,8.9,3.1,14.1,86,165,1.3,4,0.8,28.7,58,2.5,66,186,755,0,0,22.14,Rajamahendravaram
24-12-2022,0.8,6.3,1.5,5.8,7.3,2.2,5.7,50,120,1.1,3.4,0.7,29,57,2.7,73,187,756,0,0.3,22.35,Rajamahendravaram
25-12-2022,0.8,3.6,1.4,5.4,6.8,1.9,5.3,35,74,0.8,3,0.5,29.5,62,2.9,86,185,757,0.1,0,23.83,Rajamahendravaram
26-12-2022,0.49,3.9,1.5,4.8,6.3,2,4.6,28,70,0.8,3.2,0.6,30.5,68,2.6,92,182,758,0,0,24.48,Rajamahendravaram
27-12-2022,0.51,4.2,1.5,4.6,6.1,2.4,2.7,21,52,0.8,4.9,0.7,31.4,72,2,161,180,759,0,1,25.06,Rajamahendravaram
28-12-2022,0.56,4.3,1.6,4.2,5.9,2.5,3.4,18,43,0.8,3.9,0.5,31.3,75,1.9,209,182,759,0,0,25.93,Rajamahendravaram
29-12-2022,0.51,4.2,1.6,4.2,5.8,2.4,3,22,54,0.7,2.9,0.5,31.6,73,1.5,235,184,760,0,0,25.64,Rajamahendravaram
30-12-2022,0.65,4,1.7,5.1,6.8,3.8,3.6,48,96,1,3.7,0.7,31.3,73,1.6,199,177,761,0,0,25.03,Rajamahendravaram
31-12-2022,0.65,3.9,1.5,4.5,5.9,4.4,2.8,45,87,1,3.7,0.7,30.9,74,1.9,182,182,760,0,0,24.9,Rajamahendravaram
01-01-2023,0.54,3.7,1.5,3.7,5.2,3.7,4.4,38,71,1,2.9,0.6,31.1,70,2,185,183,760,0,0,24.82,Rajamahendravaram
02-01-2023,0.61,4.1,1.5,4.7,6.1,3.4,3.1,43,80,0.9,3.3,0.7,30.8,70,2.2,116,176,760,0,0,24.25,Rajamahendravaram
03-01-2023,0.53,4.1,1.4,4.7,6,3.1,3.5,42,81,0.8,3.2,0.7,30.4,69,2.2,96,179,760,0,0,24,Rajamahendravaram
04-01-2023,0.62,3.7,1.4,4.1,5.6,3.5,4.2,58,95,0.9,3.1,0.6,30.1,71,2.6,82,181,760,0.1,0,23.76,Rajamahendravaram
05-01-2023,0.76,3.5,1.4,4.1,5.5,3.8,3.8,96,142,1.3,3.3,0.6,29.6,72,3.2,83,176,760,0.1,0,23.41,Rajamahendravaram
06-01-2023,0.97,3.4,1.4,5.6,7,4,7.9,125,184,1.6,3.8,0.7,29.4,67,2.3,86,182,761,0,0,23.13,Rajamahendravaram
07-01-2023,0.85,2.7,1.4,6.4,7.8,3.3,7.5,117,176,1.6,4.3,0.8,29.4,64,1.6,337,184,760,0,0,22.61,Rajamahendravaram
08-01-2023,0.74,2.3,1.4,6.6,8,2.8,8,88,147,1.2,3.5,0.8,27.9,58,2,327,190,760,0,0,21.38,Rajamahendravaram
09-01-2023,0.7,3.4,1.4,7.9,9.3,3.5,12.5,82,145,1.1,4.7,1.2,27.8,56,1.9,307,191,761,0,0,21.33,Rajamahendravaram
10-01-2023,0.88,3.1,1.6,8.3,10,4.3,9.2,87,151,1.6,6.1,1.7,28.3,59,1.9,258,190,760,0,0,22.29,Rajamahendravaram
11-01-2023,0.9,3.6,1.4,7.4,8.8,5.4,6.1,85,148,1.9,5.4,1.4,28.8,63,1.5,273,189,758,0,0,22.5,Rajamahendravaram
12-01-2023,0.96,6,1.4,7.6,9.1,7.1,4.1,93,151,1.7,5.6,1.4,28.7,71,1.6,248,187,757,0,0,22.81,Rajamahendravaram
13-01-2023,0.78,6.3,1.6,6.5,8,9,4.6,77,128,1.7,5.4,1.3,28.8,72,1.8,225,189,757,0,0,22.94,Rajamahendravaram
14-01-2023,1.13,6.5,1.7,7.8,9.5,9.2,6.1,107,149,2.3,5.8,1.4,29.3,71,1.6,232,188,757,0,0,23.31,Rajamahendravaram
15-01-2023,0.81,6.6,1.4,3.7,5.2,10.3,3.8,61,89,1.2,3.1,0.6,29.3,71,2,217,189,756,0,0,23.31,Rajamahendravaram
16-01-2023,0.58,6.2,1.3,3.4,4.7,7.4,4.6,53,79,1.1,2.6,0.6,29.6,68,1.9,206,189,757,0,0,23.58,Rajamahendravaram
17-01-2023,0.56,6.2,1.4,3.5,4.8,4.5,3,54,84,0.9,2.7,0.6,29.7,68,2,178,185,758,0,0,23.66,Rajamahendravaram
18-01-2023,0.62,6.2,1.4,4.4,5.8,3.6,2.6,63,96,0.9,3.1,0.7,29.6,66,2.2,133,187,759,0,0,23.76,Rajamahendravaram
19-01-2023,0.68,6.4,1.5,5.2,6.6,3.3,3.8,66,106,1.1,3.7,0.8,29.8,66,1.7,237,187,760,0,0,23.99,Rajamahendravaram
20-01-2023,0.76,6.8,1.5,5.1,6.6,4,3.4,69,118,1.1,3.9,0.9,29.9,67,1.9,73,183,759,0,0,23.79,Rajamahendravaram
21-01-2023,0.67,6.7,1.4,4.2,5.7,3.7,3.5,77,123,1,3.5,0.7,29.9,68,2,80,186,758,0,0,24.15,Rajamahendravaram
22-01-2023,0.76,6.8,1.4,4.1,5.4,3.9,4,100,149,1.2,3.9,0.6,29.8,69,2.4,89,185,758,0,0,23.83,Rajamahendravaram
23-01-2023,0.69,6.4,1.3,4.6,5.9,3.4,5.5,86,133,1.4,3.2,0.6,29.4,64,3.1,88,190,758,0.1,0,23.41,Rajamahendravaram
24-01-2023,0.58,6.5,1.4,4.6,6,2.4,3.8,70,114,1,3.4,0.7,29,66,2.6,94,192,757,0,0,22.79,Rajamahendravaram
25-01-2023,0.73,6.6,1.4,5.8,7.3,2.6,5.4,73,122,1.2,4.5,1.1,29,61,2.5,81,191,757,0,0,22.54,Rajamahendravaram
26-01-2023,0.7,6.5,1.4,6.2,7.6,2.7,6.5,84,135,1.2,4.1,1,28.9,58,2.1,106,192,757,0,0,23.09,Rajamahendravaram
27-01-2023,0.88,6.8,2.7,8.9,11.7,3,6.3,78,139,1.7,6.9,2.1,29.5,57,2,84,193,757,0,0,23.56,Rajamahendravaram
28-01-2023,0.74,8.2,1.7,7.8,9.5,4.5,11.6,90,152,1.5,4.9,1.3,29.7,54,2.1,43,189,756,0,0,24.15,Rajamahendravaram
29-01-2023,0.77,9.6,1.3,4.7,6,5.8,5.7,89,140,1.3,3.1,0.6,29.6,65,3.5,88,190,755,0.1,0,24.79,Rajamahendravaram
30-01-2023,0.81,9.9,1.4,4.8,6.2,4,5.1,66,111,0.9,3.2,0.7,29.8,65,3.7,83,189,757,0.1,0,25.32,Rajamahendravaram
31-01-2023,0.82,10.5,1.5,5.1,6.5,3.5,5,76,130,1.1,3.5,0.7,30,65,2.3,91,185,756,0,0,24.67,Rajamahendravaram
01-02-2023,0.79,11.8,1.3,5.3,6.6,3.9,6.3,70,125,1.2,3.6,0.7,30.6,56,2.6,81,185,756,0,0,24.84,Rajamahendravaram
02-02-2023,0.65,8.9,1.5,5.3,6.8,4,10.8,75,131,1.2,3.4,0.7,30.1,59,2.4,73,191,756,0,0,24.92,Rajamahendravaram
03-02-2023,0.7,6.6,1.4,4.8,6.2,3.8,8.8,66,120,1.1,3.2,0.6,29.7,62,2.5,101,190,757,0,0,24.32,Rajamahendravaram
04-02-2023,0.64,6.6,1.4,5,6.4,3.5,6.6,68,121,1.3,3.3,0.7,29.6,65,2.3,94,192,756,0,0,24.66,Rajamahendravaram
05-02-2023,0.6,6.5,1.3,5.4,6.8,4.2,9.5,86,150,1.5,3.3,0.6,27.3,77,1.3,339,164,756,0,0,24.66,Rajamahendravaram
06-02-2023,0.81,6,1.4,4.1,5.5,3.2,5.7,57,106,1.1,3,0.7,31.2,58,2.7,226,248,755,0,0,24.74,Rajamahendravaram
07-02-2023,0.64,6.6,1.3,4.4,5.7,3.3,4.6,61,108,1.2,3.1,0.7,29.8,68,2,228,191,755,0,0,25.15,Rajamahendravaram
08-02-2023,0.68,6.6,1.4,4.7,6,4,4.1,58,105,1.1,3.1,0.6,30.3,68,2.1,216,192,755,0,0,26.15,Rajamahendravaram
09-02-2023,0.7,6.6,1.4,3.9,5.3,4.4,3.2,46,87,0.9,2.5,0.5,30.6,69,2.1,204,190,756,0,0,26.24,Rajamahendravaram
10-02-2023,0.57,6.4,1.7,5.2,6.9,4,4.3,39,83,1,3,0.7,30.7,69,2.2,222,193,757,0,0,26.29,Rajamahendravaram
11-02-2023,0.63,6.5,1.6,4.5,6.1,3.7,5.5,42,84,0.9,3.1,0.7,31.2,70,2.1,222,192,757,0,0,27.11,Rajamahendravaram
12-02-2023,0.51,6.5,1.3,3.2,4.5,4.2,8.6,50,88,0.6,2.2,0.3,31.1,73,2.6,224,185,757,0,0,27.68,Rajamahendravaram
13-02-2023,0.56,6.4,1.4,4.2,5.6,3.9,11.1,56,122,0.9,3,0.5,31,65,2.9,116,189,757,0,0,26.27,Rajamahendravaram
14-02-2023,0.61,6.5,1.3,4,5.3,3.8,10.2,51,117,1,2.6,0.5,30.4,59,2.5,295,196,757,0,0,26.19,Rajamahendravaram
15-02-2023,0.67,6.6,1.4,4.3,5.7,3.7,8.1,55,107,1.2,2.7,0.5,30.6,67,2.6,191,195,756,0,0,26.53,Rajamahendravaram
16-02-2023,0.77,6.3,1.5,5.7,7.1,3.6,8.6,51,103,0.8,2.4,0.4,30.7,67,2.5,215,195,756,0,0,27.04,Rajamahendravaram
17-02-2023,0.64,6.4,1.3,3.8,5.1,4,10,53,103,0.9,2.3,0.5,30.6,67,2.3,213,194,757,0,0,26.24,Rajamahendravaram
18-02-2023,0.57,6.6,1.3,4.7,5.9,2.9,8.2,43,91,0.9,2.8,0.7,30.9,65,2.4,179,192,757,0,0,26.36,Rajamahendravaram
19-02-2023,0.46,6.4,1.4,3.8,5.2,2.2,7.8,22,56,0.8,1.8,0.3,31.1,64,2.3,211,193,757,0,0,27.12,Rajamahendravaram
20-02-2023,0.53,6.6,1.3,3.8,5.1,2.1,7.9,27,66,0.7,2.2,0.4,31.1,68,2.4,220,193,757,0,0,27.79,Rajamahendravaram
21-02-2023,0.46,6.6,1.3,3.4,4.7,2.3,8,23,60,0.6,2,0.4,31.6,67,2.3,199,193,757,0,0,28.02,Rajamahendravaram
22-02-2023,0.64,6.5,1.4,3.7,5.1,2.9,8.3,38,83,0.8,3,0.4,31.5,66,2.5,223,194,756,0,0,27.96,Rajamahendravaram
23-02-2023,0.52,6.5,1.3,3.6,4.9,3.1,8.7,50,93,0.8,2.1,0.4,31.4,64,2.4,208,195,757,0,0,27.58,Rajamahendravaram
24-02-2023,0.58,6.5,1.4,4.2,5.6,3.2,9.1,48,88,0.9,2.1,0.4,31.2,69,2.6,215,195,757,0,0,28.25,Rajamahendravaram
25-02-2023,0.72,6.5,1.4,5.1,6.5,3.3,11.8,46,88,1.1,3.3,0.5,31.7,68,2.4,212,194,759,0,0,28.14,Rajamahendravaram
26-02-2023,0.57,6.5,1.6,11.3,13,10.7,10.9,36,73,0.8,2.5,0.5,31.8,61,2.6,146,194,760,0,0,27.42,Rajamahendravaram
27-02-2023,0.53,6.6,2.4,24,26.3,18.4,11.9,53,103,0.7,3.1,0.7,31.3,56,2.4,113,196,760,0,0,27.46,Rajamahendravaram
28-02-2023,0.63,5.7,2.8,31.6,34.4,20,9.1,57,107,0.8,7.2,1.3,31.2,53,2.3,113,196,761,0,0,27.23,Rajamahendravaram
01-03-2023,0.83,8.2,3.2,38,41.2,24,11.7,82,143,1.4,12.7,2,30.7,45,2.3,116,197,761,0,0,27.22,Rajamahendravaram
02-03-2023,0.84,6.2,6,39.5,45.5,24.2,12.3,80,139,1.3,7.3,1.6,31,39,2.1,286,197,760,0,0,28.1,Rajamahendravaram
03-03-2023,1.07,6.2,2.8,36.7,39.5,29.9,15.7,93,166,1.3,9.3,1.6,31,45,2.5,115,173,761,0,0,28.28,Rajamahendravaram
04-03-2023,1.09,7,3.2,38.8,42,32.6,12.7,126,202,1.4,8.6,1.5,32.1,40,2.5,104,194,761,0,0,28.56,Rajamahendravaram
05-03-2023,0.91,6.8,3.4,40.3,43.7,29.6,9.4,82,158,1.2,5,1.1,31.5,49,2.3,277,197,760,0,0,28.76,Rajamahendravaram
06-03-2023,0.67,6.7,3.1,29.5,32.6,32.5,9.5,49,113,1,4.6,1.1,32.6,50,2.5,203,152,757,0,0,28.64,Rajamahendravaram
07-03-2023,0.89,7.2,3.5,35.4,39,29.7,12.3,74,150,1.4,5,1.1,31.3,57,1.9,253,192,758,0,0,28.37,Rajamahendravaram
08-03-2023,0.96,6.5,4.5,31.8,36.4,29,14.5,62,141,1.7,5.8,1.3,31.5,60,2.4,111,193,758,0,0,28.19,Rajamahendravaram
09-03-2023,0.77,6.6,3,29.3,32.4,28.1,10.8,62,129,1.2,5.3,1,31.4,58,2.5,109,189,758,0,0,27.89,Rajamahendravaram
10-03-2023,0.85,6.5,2.4,27.8,30.3,30.3,16.6,75,145,1.1,4.8,0.9,31.7,56,2.4,91,194,757,0,0,28.14,Rajamahendravaram
11-03-2023,0.74,6.5,2.1,24.9,27.1,25.8,15.9,60,125,1.1,4,0.8,31.6,55,3.2,100,198,757,0.1,0,27.63,Rajamahendravaram
12-03-2023,0.9,6.4,2.6,28.8,31.5,25.9,13.3,69,118,1.2,3.6,0.8,31.4,54,2.3,136,199,757,0,0,27.9,Rajamahendravaram
13-03-2023,1.15,6.8,2.5,30.8,33.3,27.2,17.4,106,164,1.6,4.6,0.9,32,49,2.4,201,200,756,0,0,28.29,Rajamahendravaram
14-03-2023,1.2,7.4,3,33.4,36.4,27.5,14.7,111,180,2,4.9,1,32.2,49,2.3,125,196,754,0,0,28.55,Rajamahendravaram
15-03-2023,0.94,7,2.5,21.5,24,25.6,11.6,76,122,1.4,3.3,0.7,31.6,63,2.6,206,196,754,0,0,28.53,Rajamahendravaram
16-03-2023,0.63,7.2,2.4,17.7,20.1,18.7,7.3,33,71,1,2.9,4.4,31.7,63,2.3,164,187,755,0,0,28.31,Rajamahendravaram
17-03-2023,0.67,7.2,2.9,21.2,24.1,14.9,7.1,24,50,0.8,3.8,12.6,29.8,67,2,2,168,756,0,3,26.8,Rajamahendravaram
18-03-2023,0.64,7.3,3.1,22.8,25.8,16.8,9.2,20,44,0.9,3.6,1.6,29.3,78,2.3,87,166,754,0,7.3,26.47,Rajamahendravaram
19-03-2023,0.39,7.2,2.1,15.9,18,13.6,7.9,5,20,0.5,2.2,0.6,29,74,2.4,61,198,753,0,14.3,25.42,Rajamahendravaram
20-03-2023,0.54,7.3,2.5,19.1,21.6,16.8,9.4,10,38,0.7,2.9,0.8,30.5,70,2.5,132,196,752,0,0,26.59,Rajamahendravaram
21-03-2023,0.5,7,3.6,19.2,22.8,15.2,9.1,11,34,0.8,2.5,0.6,32.2,71,2.5,153,199,752,0,0,27.55,Rajamahendravaram
22-03-2023,0.47,7.3,2.6,11.2,13.8,15,8,6,26,0.5,1.9,0.4,32.8,70,2.8,191,202,752,0,0,28.38,Rajamahendravaram
23-03-2023,0.49,7.3,2.5,12.7,15.2,13.7,8.8,8,30,0.6,1.9,0.4,32.8,70,3,165,197,752,0,0,28.35,Rajamahendravaram
24-03-2023,0.5,7.2,3,16.3,19.3,13.1,8.4,11,39,0.6,1.9,0.4,32.7,68,2.7,193,202,753,0,0,28.71,Rajamahendravaram
25-03-2023,0.45,7.3,2.5,13.5,16.1,11.9,10.3,13,39,0.6,2.1,0.5,32.7,68,2.8,159,199,755,0,0,28.93,Rajamahendravaram
26-03-2023,0.54,7.3,2.8,12.3,15.1,11,9.2,8,31,0.6,1.5,0.3,32.8,68,2.7,193,200,753,0,0,29.51,Rajamahendravaram
27-03-2023,0.48,7.3,2.8,9.3,12.2,11.5,8,11,34,0.3,1.1,0.2,33.2,70,2.6,214,203,752,0,0,29.85,Rajamahendravaram
28-03-2023,0.47,7.3,2.2,9.7,11.9,11.3,9.1,13,39,0.7,1.4,0.3,33.2,70,3.1,177,202,753,0,0,30.04,Rajamahendravaram
29-03-2023,0.48,7.2,2.3,11.1,13.4,10.5,10.3,12,37,0.6,1.3,0.3,33,67,3.1,184,203,754,0,0,29.61,Rajamahendravaram
30-03-2023,0.53,7.2,2.2,10.2,12.5,9.6,8.5,15,40,0.6,1.4,0.3,32.8,68,2.9,197,203,753,0,0,29.3,Rajamahendravaram
31-03-2023,0.4,7.4,2.3,8.7,11,8.2,7.3,9,28,0.5,1.1,0.2,33.1,66,3,193,199,752,0,0,29.24,Rajamahendravaram
01-04-2023,0.54,7.4,2.5,10.3,12.8,8.4,10,9,31,0.6,1.6,0.4,32.9,67,2.9,,202,753,0,,29.11,Rajamahendravaram
02-04-2023,0.51,7.3,3.5,16.9,20.4,8.6,9.6,12,38,0.8,2,0.5,32.1,72,2.3,,191,752,3,,29.17,Rajamahendravaram
03-04-2023,0.57,7.3,2.9,14.3,17.2,7.2,9,12,33,0.6,2.6,1.1,33.2,69,2.8,,205,752,0,,29.6,Rajamahendravaram
04-04-2023,0.41,7.2,2,9.1,11.2,7.6,6.7,5,25,0.4,1.3,0.3,33.4,70,3.1,,202,753,0,,29.81,Rajamahendravaram
05-04-2023,0.45,7.2,2.4,7.4,9.9,8.7,7.8,8,24,0.4,1,0.2,33.3,74,2.8,,203,753,0,,30.64,Rajamahendravaram
06-04-2023,0.47,7.4,2.1,8.3,10.4,8.4,8.3,8,26,0.3,1.1,0.2,33.6,66,2.7,,205,754,0,,30.49,Rajamahendravaram
07-04-2023,0.47,7.2,2.8,12.7,15.5,8.9,9.6,14,39,0.7,1.7,0.3,33.4,65,2.5,,201,756,0,,30.05,Rajamahendravaram
08-04-2023,0.57,7.3,2,14,16,8.4,12.4,19,52,0.8,2.1,0.5,33.8,64,2.7,,197,757,0,,30.12,Rajamahendravaram
09-04-2023,0.49,7.2,2.4,11,13.4,10.1,9.5,21,56,0.6,1.5,0.3,34,60,2.5,,207,757,0,,30.48,Rajamahendravaram
10-04-2023,0.49,7.4,2.4,13.5,15.9,9.1,10.5,29,81,0.6,3.1,0.3,34.1,54,2.7,,207,756,0,,30.87,Rajamahendravaram
11-04-2023,0.51,7.5,2.3,13.6,15.9,11.6,12.6,31,83,0.6,2,0.3,34.2,57,2.8,,205,755,0,,31.77,Rajamahendravaram
12-04-2023,0.38,7.3,2.2,15.4,17.6,13.2,11.7,34,85,0.6,2,0.3,34.7,55,2.9,,204,754,0,,32.84,Rajamahendravaram
13-04-2023,0.56,7,2.2,13,15.2,14.8,12.9,33,80,0.5,1.9,0.3,34.9,54,2.7,,203,754,0,,33.57,Rajamahendravaram
14-04-2023,0.52,6.7,2,14.4,16.4,17.9,13.7,35,89,0.6,1.8,0.3,34.6,57,3,,203,753,0,,33.13,Rajamahendravaram
15-04-2023,0.71,6.6,2.4,21.9,24.3,17.3,20.4,53,111,0.8,2.2,0.4,35.7,48,2.6,,199,752,0,,33.77,Rajamahendravaram
16-04-2023,0.72,6.9,1.7,13.6,15.3,18.8,20.4,52,106,0.8,2.2,0.3,35.5,57,2.9,,201,751,0,,33.79,Rajamahendravaram
17-04-2023,0.76,7.4,1.9,15.2,17.1,16.9,18.5,50,102,0.8,2.2,0.4,35,55,2.6,,204,752,0,,32.61,Rajamahendravaram
18-04-2023,0.78,7,2.4,17,19.5,19.4,15.5,45,104,0.8,2.4,0.4,34.3,55,2.7,,203,753,0,,33.38,Rajamahendravaram
19-04-2023,0.64,7.5,2.6,17.5,20.1,19.5,14.5,29,73,0.7,2,0.3,33.7,63,3.1,,204,750,0,,33.92,Rajamahendravaram
20-04-2023,0.57,11.9,2,12.4,14.4,18.8,16.2,35,80,0.7,1.8,0.3,33.5,64,3.2,,202,748,0,,33.17,Rajamahendravaram
21-04-2023,0.51,7.2,2.4,13.8,16.2,19.4,19.7,52,99,0.6,2,0.4,35,60,2.8,,203,749,0,,32.36,Rajamahendravaram
22-04-2023,0.59,7.5,1.8,10.6,12.4,9.5,11.4,30,64,0.3,1.7,0.4,35.8,63,3,,202,749,0,,31.94,Rajamahendravaram
23-04-2023,0.55,7.3,2.4,14.1,16.6,8.6,10.6,15,34,0.3,1.5,0.3,33.2,71,4,,194,751,25.8,,30.64,Rajamahendravaram
24-04-2023,0.52,7.3,2.1,13.7,15.8,10.5,9.2,16,39,0.4,1.5,0.4,34.4,67,3.6,,207,753,0,,30.32,Rajamahendravaram
25-04-2023,0.48,7.2,2.8,14.8,17.6,5.7,9.7,13,41,0.2,1.8,0.4,35.2,64,3.4,,203,753,0,,30.97,Rajamahendravaram
26-04-2023,0.5,7.1,2.4,14.1,16.6,12.1,10,20,51,0.3,1.8,0.3,34.9,59,2.5,,205,753,0,,31.35,Rajamahendravaram
27-04-2023,0.47,7.2,2.4,14.6,17,14.4,10.7,33,70,0.3,1.5,0.3,35.2,62,2.5,,203,753,0,,31.65,Rajamahendravaram
28-04-2023,0.56,7.2,2.9,15,17.8,14.6,10.2,28,66,0.4,1.7,0.4,35.1,59,2.5,,206,753,0,,31.98,Rajamahendravaram
29-04-2023,0.57,7.3,4.6,18.2,22.8,11.1,10.2,18,62,0.3,1.9,0.4,33.9,62,2.3,,200,753,1.5,,31.93,Rajamahendravaram
30-04-2023,0.66,7.3,2.7,18.1,20.8,12.9,11.5,20,52,0.5,2.2,0.4,33.7,60,2.5,,200,751,0,,31.4,Rajamahendravaram
01-05-2023,0.68,7.2,2.2,18.6,20.8,12.1,11.1,13,30,0.4,2.4,0.4,30.6,77,3.1,53,161,752,0,48.8,27.86,Rajamahendravaram
02-05-2023,0.55,7.3,2.5,15.3,17.8,10.5,10.1,6,19,0.4,2.6,0.5,31.7,75,2.6,86,201,753,0,11.3,29.02,Rajamahendravaram
03-05-2023,0.48,7.2,2.8,17.7,20.5,10.4,11.1,4,14,0.3,2.9,0.7,31.5,81,2,87,201,753,0,22.8,28.71,Rajamahendravaram
04-05-2023,0.45,7.3,2.9,17.8,20.7,9.6,10.3,5,19,0.3,3.3,0.8,32.8,75,2.3,98,206,752,0,0.3,29.14,Rajamahendravaram
05-05-2023,0.41,7.3,3,15.2,18.2,10.2,8.5,5,20,0.3,2,0.4,33.5,69,2.1,210,203,751,0,0,29.76,Rajamahendravaram
06-05-2023,0.47,7.3,2.1,15.1,17.3,10.3,10,5,18,0.3,2,0.4,34.2,64,2.2,183,202,750,0,0,30.81,Rajamahendravaram
07-05-2023,0.47,7.4,2.3,14.5,16.8,10.2,10.9,6,27,0.3,1.8,0.3,34.2,66,1.9,315,199,750,0,0,30.82,Rajamahendravaram
08-05-2023,0.42,7.3,1.9,11.8,13.8,13.3,11.6,17,40,0.3,1.5,0.3,35.1,62,2.5,218,209,749,0,0,31.96,Rajamahendravaram
09-05-2023,0.55,7.3,2.1,13.8,15.9,12.1,12.8,24,55,0.3,1.7,0.3,35.9,64,2.3,233,205,750,0,0,32.4,Rajamahendravaram
10-05-2023,0.4,7.4,2.2,12.7,14.9,9,10,21,48,0.2,1.5,0.2,36,64,3,177,203,749,0,0,31.71,Rajamahendravaram
11-05-2023,0.54,7.2,2.3,14.6,16.9,10.8,12.3,19,48,0.3,1.8,0.3,35.6,60,2.5,38,205,749,0,0,32.05,Rajamahendravaram
12-05-2023,0.65,7.2,2.5,18.7,21.2,12,13.8,29,72,0.3,2.1,0.3,36,61,3,331,205,749,0,0,32.91,Rajamahendravaram
13-05-2023,0.58,7.1,3,27.2,30.2,12.1,18.7,41,98,0.6,3.3,0.7,36.4,59,2.4,301,205,748,0,0,33.04,Rajamahendravaram
14-05-2023,0.67,7.3,2.5,23.1,25.7,12.5,17.1,56,127,0.6,3.2,0.6,36.9,56,2.5,265,205,745,0,0,34.31,Rajamahendravaram
15-05-2023,0.87,7.3,2.2,31.4,33.5,15.1,19.9,57,151,0.5,2.4,0.3,37.9,47,2.6,275,208,746,0,0,34.57,Rajamahendravaram
16-05-2023,1.14,7.1,4.2,34.9,39.1,17.6,25.1,52,142,0.4,1.5,0.2,38.4,41,2.5,301,206,748,0,0,35.51,Rajamahendravaram
17-05-2023,0.56,6.9,1.5,10.2,11.7,13.8,34.7,32,79,0.1,0.6,0.1,36.6,66,3.8,122,207,751,0.1,0,33.54,Rajamahendravaram
18-05-2023,0.46,6.9,1.5,9.3,10.8,12.7,20.2,23,64,0.2,1.1,0.2,36.2,65,3.2,182,205,753,0,0,32.41,Rajamahendravaram
19-05-2023,0.49,7,1.7,9.9,11.7,13.3,8.6,26,65,0.3,1.6,0.3,36,63,2.9,186,209,752,0,0,31.93,Rajamahendravaram
20-05-2023,0.55,7.3,2.1,16.4,18.5,11.4,8.8,26,63,0.5,2.4,0.4,35.1,61,2.7,180,209,751,0,2.8,31.71,Rajamahendravaram
21-05-2023,0.58,7.4,2.2,14.8,17,11.4,9.6,24,62,0.5,2.4,0.4,35.8,60,2.6,170,209,752,0,0,31.4,Rajamahendravaram
22-05-2023,0.42,7.4,2.3,11.3,13.6,11,8.1,24,61,0.3,1.8,0.3,36.1,62,2.8,211,206,753,0,0,31.37,Rajamahendravaram
23-05-2023,0.43,7.5,1.7,14,15.7,10.2,9.3,24,57,0.3,2.1,0.3,35.8,59,3.7,186,205,753,0,0,31.58,Rajamahendravaram
24-05-2023,0.56,7.4,2.6,14.1,16.6,14.4,10.3,33,71,0.3,1.7,0.3,35.9,66,3.5,201,204,752,0,0,32.25,Rajamahendravaram
25-05-2023,0.6,7.5,2.2,13.9,16.1,10.4,10,29,81,0.3,2,0.3,36.2,61,3.1,221,206,751,0,0,32.73,Rajamahendravaram
26-05-2023,0.38,7.4,2.1,16.2,18.3,10.6,9.3,30,68,0.4,2.4,0.4,34.8,68,2.9,158,202,751,0,2.3,32.74,Rajamahendravaram
27-05-2023,0.54,7.4,2,22.6,24.5,9.8,10,40,93,0.7,4.2,0.8,54.3,58,2.4,208,210,749,0,0,34.04,Rajamahendravaram
28-05-2023,0.52,7.2,2,17.2,19.2,10,7.9,31,77,0.4,2.6,0.5,91.6,66,3.3,119,181,750,0,17.5,32.97,Rajamahendravaram
29-05-2023,0.52,7.3,2.3,18.2,20.6,11.9,7.8,22,51,0.4,2.9,0.5,63.7,65,2.6,329,209,751,0,10.3,32.08,Rajamahendravaram
30-05-2023,0.57,7.4,2.3,17.6,19.9,14,9.5,26,55,0.5,2.9,0.5,33.2,70,2.5,264,202,752,0,0,31.22,Rajamahendravaram
31-05-2023,0.55,7.3,2.7,16.5,19.2,15.7,10.9,37,73,0.6,2.3,0.3,35,61,3.3,241,212,750,0,0,32.11,Rajamahendravaram
01-06-2023,0.68,7.5,1.9,16.3,18.2,20.8,13.4,46,85,0.6,2.7,0.5,35.5,64,2.9,228,202,748,0,0,32.29,Rajamahendravaram
02-06-2023,0.72,7.6,2,15.6,17.6,13.4,8.4,49,107,0.5,2.6,0.4,42.1,56,2.2,233,207,748,0,0,34.46,Rajamahendravaram
03-06-2023,0.7,7.5,1.8,15.5,17.3,14.6,11.6,45,106,0.6,3.2,0.5,37.6,57,2.4,165,215,748,0,0,35.32,Rajamahendravaram
04-06-2023,0.54,6.9,1.8,14.1,15.9,15.5,7,26,95,0.4,2,0.3,37,53,4.2,352,205,747,0,7.8,34.28,Rajamahendravaram
05-06-2023,0.6,7.4,2,18,20,12.9,7.5,30,64,0.5,2.7,0.5,36.1,56,2.8,257,208,747,0,5.8,33.31,Rajamahendravaram
06-06-2023,1,7.5,2.5,21.6,24.1,13.5,10.1,37,98,0.6,3.6,0.8,37.8,54,2.2,308,209,746,0,0,34.51,Rajamahendravaram
07-06-2023,0.51,7.5,1.7,16.8,18.5,10.9,8.3,30,90,0.2,1.9,0.3,37.8,57,3.7,220,212,746,0,0,34.21,Rajamahendravaram
08-06-2023,0.53,6.5,1.9,16.8,18.8,12,11.8,35,94,0.6,3.5,0.6,37.6,49,3.7,260,197,746,0,0,35.2,Rajamahendravaram
09-06-2023,0.53,6.8,2,17.8,19.8,14.1,12.2,31,89,0.6,3,0.5,38.3,48,3.3,262,209,744,0,0,35.26,Rajamahendravaram
10-06-2023,0.47,6.1,2.2,17.4,19.6,13.2,10.9,25,73,0.5,2.1,0.3,37.7,49,4,264,192,744,0,0.3,35.68,Rajamahendravaram
11-06-2023,0.46,5.7,1.9,15.3,17.3,10.4,12.6,17,59,0.4,1.9,0.3,38.1,45,4.4,267,211,744,-0.1,0,34.45,Rajamahendravaram
12-06-2023,0.47,6.9,1.8,15.4,17.3,10.8,11.3,15,59,0.5,3.2,0.5,38,47,3.9,263,204,744,0,0,35.19,Rajamahendravaram
13-06-2023,0.52,6.8,2.1,15,17.1,10.6,10,19,69,0.4,2.3,0.4,38.2,47,4,253,208,745,0,0,34.64,Rajamahendravaram
14-06-2023,0.41,7.6,2.5,16.7,19.2,13.6,9.6,20,79,0.5,2.5,0.4,37.9,46,4,267,212,746,0,0,35.43,Rajamahendravaram
15-06-2023,0.45,7.5,2.4,17.8,20.2,12.8,10.3,25,88,0.5,2.9,0.5,38,45,3.4,274,205,746,0,0,35.2,Rajamahendravaram
16-06-2023,0.55,7.1,2.5,18.3,20.8,18,10.6,28,94,0.6,2.8,0.4,38.3,41,3.5,271,208,745,0,0,35.32,Rajamahendravaram
17-06-2023,0.69,6.6,2.1,21.9,24,13.4,12.3,37,118,0.8,3.3,0.5,38.2,44,2.5,234,193,746,0,0,31.2,Rajamahendravaram
18-06-2023,0.51,7,2.1,18.9,21,10.2,9.5,27,81,0.5,2.6,0.5,37.9,52,3.4,275,194,746,0,1.8,30.84,Rajamahendravaram
19-06-2023,0.75,7.6,2.2,20.5,22.7,12.3,8.5,36,85,0.5,3.5,0.6,35.5,64,3.3,103,200,746,0.1,0.3,31.82,Rajamahendravaram
20-06-2023,0.55,7.9,2.3,16.1,18.4,10.8,7.1,21,61,0.4,2.3,0.4,34.6,70,2.6,136,185,746,0,10,30.42,Rajamahendravaram
21-06-2023,0.55,7.4,2.7,14,16.7,11.7,7,18,49,0.3,1.5,0.2,34.7,67,3.1,249,209,746,0,0,30.09,Rajamahendravaram
22-06-2023,0.37,7.2,2.5,12.8,15.4,10.8,7.6,16,45,0.2,1.3,0.2,34.7,66,3.5,245,207,747,0,0.3,28.52,Rajamahendravaram
23-06-2023,0.46,7.9,2.5,14.8,17.3,11,7.1,15,41,0.2,1.5,0.2,33,74,3.3,283,196,748,0,0,27.44,Rajamahendravaram
24-06-2023,0.45,7.9,2.4,15.7,18.1,12.8,7.1,10,25,0.4,2,0.3,30.9,81,2.5,257,196,750,0,39.8,27.35,Rajamahendravaram
25-06-2023,0.48,8.4,2.9,14,16.9,16.6,8.4,8,25,0.5,2.2,0.4,30.2,79,3.2,226,196,746,0,14.5,28.16,Rajamahendravaram
26-06-2023,0.36,7.8,3,12.4,15.4,19.1,11.9,9,31,0.4,1.4,0.3,30.8,78,4.4,253,203,747,-0.1,7.8,29.36,Rajamahendravaram
27-06-2023,0.37,7.7,2.2,13.7,15.9,16.9,10.3,12,40,0.4,1.6,0.2,32.5,73,4.4,240,213,747,-0.1,37,30.14,Rajamahendravaram
28-06-2023,0.38,8.1,2.5,13.3,15.7,16.5,10.8,11,41,0.4,2,0.4,33.8,63,3.8,257,212,749,0,0,30.3,Rajamahendravaram
29-06-2023,0.36,7.8,2.6,11.7,14.4,16.3,6.5,7,26,0.3,1.4,0.2,33.9,88,4,241,211,749,0,0,30.77,Rajamahendravaram
30-06-2023,0.38,7.6,2.4,11.1,13.5,15.3,9.9,9,34,0.3,1.5,0.3,34.2,74,4.5,248,214,748,-0.1,0,30.4,Rajamahendravaram
01-07-2023,0.37,7.6,2.6,11.3,13.9,13.6,8.3,8,36,0.2,1.4,0.2,35.5,57,3.9,214,748,0,0,,31,Rajamahendravaram
02-07-2023,0.35,8,1.8,11.6,13.4,7.2,8.5,12,43,0.1,1.1,0.2,37.5,56,3.8,211,747,0,0,,30.2,Rajamahendravaram
03-07-2023,0.46,8.5,1.7,14.6,16.3,5.7,8.1,9,33,0.3,2,0.4,35.1,69,3.5,182,746,0,5.3,,28.84,Rajamahendravaram
04-07-2023,0.45,8.4,2.5,10.8,13.2,7.7,6.9,7,22,0.2,1.3,0.2,33.4,74,3.5,206,745,0,63.3,,28.13,Rajamahendravaram
05-07-2023,0.47,8.5,2.1,12.6,14.8,10,6.7,8,23,0.4,2.6,0.4,32.1,77,2.1,196,744,0,2.5,,28.43,Rajamahendravaram
06-07-2023,0.42,8.3,2.7,11.6,14.3,9.6,8.3,4,11,0.3,1.9,0.3,31.4,80,2.7,184,746,0,23.8,,28.72,Rajamahendravaram
07-07-2023,0.37,7.8,2.2,11.9,14,9.4,7.6,7,29,0.3,1.7,0.3,32.6,70,4,202,748,0,0.3,,28.86,Rajamahendravaram
08-07-2023,0.48,7.2,2.1,12,14.1,9.4,5.8,9,27,0.4,1.7,0.3,33.2,66,3.8,211,749,0,24.1,,29.7,Rajamahendravaram
09-07-2023,0.31,7.6,2.3,15,17.3,10.7,8.5,17,41,0.3,1.6,0.3,34.3,61,3.5,215,749,0,0,,29.5,Rajamahendravaram
10-07-2023,0.43,8,2.4,14.5,16.9,12.9,7.4,10,39,0.3,1.7,0.3,32.8,69,3.6,208,748,-0.1,0.5,,29.11,Rajamahendravaram
11-07-2023,0.4,8.3,2.9,15.9,18.8,10.4,8.7,20,60,0.4,1.8,0.2,32.3,70,4.2,210,748,-0.1,0,,28.02,Rajamahendravaram
12-07-2023,0.38,7.5,2.3,14.5,16.8,11.5,9,17,50,0.4,1.6,0.2,31.8,69,3.9,202,748,-0.1,0,,27.65,Rajamahendravaram
13-07-2023,0.63,8.1,3.2,20.7,23.9,12.5,8.5,9,26,0.9,5.3,1.5,29.1,85,2,152,749,0,75.3,,28.19,Rajamahendravaram
14-07-2023,0.46,7.5,2.4,17.5,19.9,12.2,8.6,14,41,0.7,4,0.8,32.6,72,2.1,206,749,0,0.8,,29.7,Rajamahendravaram
15-07-2023,0.51,7.9,3.1,17.2,20.3,11.9,8.4,9,33,0.5,2.7,0.5,32.4,75,2.8,195,748,0,3,,28.75,Rajamahendravaram
16-07-2023,0.37,7.5,2,12.8,14.8,10.7,11.1,8,33,0.3,1,0.1,32.1,68,5.4,210,747,-0.1,0,,27.2,Rajamahendravaram
17-07-2023,0.35,7.5,2.4,13.7,16.1,10.8,7.2,6,26,0.3,1.2,0.2,31.3,73,5,198,746,-0.1,2,,28.18,Rajamahendravaram
18-07-2023,0.41,7.9,3.4,13,16.4,11.6,6.4,4,12,0.2,0.9,0.1,29.2,85,5.4,181,745,-0.1,19.3,,27.26,Rajamahendravaram
19-07-2023,0.35,8,2.8,12.3,15.1,10.5,6.9,3,11,0.2,0.8,0.1,29.4,84,5.6,180,743,-0.1,5.5,,26.32,Rajamahendravaram
20-07-2023,0.38,8,3,10.6,13.6,11.1,6.2,5,15,0.2,0.9,0.1,29.1,82,5.1,188,743,-0.1,10,,25.87,Rajamahendravaram
21-07-2023,0.4,7.7,2.4,11.4,13.8,13.8,6.6,4,14,0.3,1.2,0.2,29.2,80,4.1,186,744,-0.1,0,,25.78,Rajamahendravaram
22-07-2023,0.4,8.3,3.5,16.4,19.8,11.6,13.6,7,25,0.4,2.1,0.4,30.8,79,3.1,193,746,0,2,,28.25,Rajamahendravaram
23-07-2023,0.34,8.6,2.4,12.5,15,10,7.2,4,22,0.3,1.8,0.3,32.2,78,3.1,204,747,-0.1,11.8,,27.63,Rajamahendravaram
24-07-2023,0.26,9,3.3,10.7,14,12.2,6.8,4,11,0.2,1,0.1,29.6,88,3.9,159,746,-0.1,34.3,,27.02,Rajamahendravaram
25-07-2023,0.32,8.6,3.2,8.2,11.3,12.2,6.2,4,9,0.2,1.1,0.1,29.5,82,5.9,192,744,-0.1,4,,28,Rajamahendravaram
26-07-2023,0.4,8.3,2.5,8.2,10.7,10.8,4.6,3,10,0.1,1.7,0.1,29.3,87,5.7,158,744,-0.1,28.8,,27.02,Rajamahendravaram
27-07-2023,0.26,7.9,2.7,10.4,13.1,9.7,7.9,5,14,0.2,1,0.1,30.6,78,5.4,200,746,-0.1,2.5,,26.64,Rajamahendravaram
28-07-2023,0.32,7.7,2.6,11,13.6,9,8.4,6,27,0.2,1.2,0.2,30.8,74,6.1,194,746,-0.1,1,,26.6,Rajamahendravaram
29-07-2023,0.32,7.8,2.1,11.2,13.3,9.7,9.2,6,32,0.2,1.4,0.1,32.1,69,5.8,206,746,-0.1,0,,28.2,Rajamahendravaram
30-07-2023,0.5,7.7,2.1,13.1,15.2,9.8,9.9,7,41,0.3,0.8,0.1,32.2,69,5.3,206,746,-0.1,0.5,,27.59,Rajamahendravaram
31-07-2023,0.37,8.1,2.8,15,17.8,11,8.6,9,46,0.4,2.2,0.3,31.3,77,3.5,191,746,-0.1,3.3,,26.83,Rajamahendravaram
01-08-2023,0.47,7.9,3.6,13.2,16.8,11.4,9.1,6,33,0.3,1.4,0.2,32.1,70,5.6,266,198,746,-0.1,0,27.31,Rajamahendravaram
02-08-2023,0.54,7.7,2.9,12.6,15.5,12.9,9.4,7,39,0.3,1.5,0.2,32.3,67,5.3,259,199,746,-0.1,0,27.53,Rajamahendravaram
03-08-2023,0.38,7.3,3.2,13.7,16.9,14.7,14,11,59,0.3,1.3,0.2,32.9,63,5.5,256,207,747,-0.1,0,28.28,Rajamahendravaram
04-08-2023,0.49,7.5,2.4,11.6,14,17.5,8.4,11,48,0.4,1.8,0.3,33.1,63,3.9,249,209,749,-0.1,0,28.69,Rajamahendravaram
05-08-2023,0.55,7.7,3.6,14.2,17.8,18.3,6.9,13,45,0.4,2.1,0.3,32.9,68,2.8,260,210,751,0,5.5,28.04,Rajamahendravaram
06-08-2023,0.43,7.3,3.1,13.3,16.4,17.1,7.6,12,53,0.4,1.8,0.3,33.4,65,3.9,249,210,750,-0.1,0,28.54,Rajamahendravaram
07-08-2023,0.46,17.5,2.8,13.8,16.7,17.8,8.1,14,61,0.4,1.7,0.2,33.3,64,3.5,267,207,748,0,0,27.48,Rajamahendravaram
08-08-2023,0.56,28,2.7,17,19.6,19.6,9.1,20,79,0.5,2.8,0.3,33.3,61,3.2,279,208,749,0,0,28.19,Rajamahendravaram
09-08-2023,0.57,30.4,3.2,18.7,22,21.5,9.7,24,84,0.7,2.7,0.4,32.9,67,2.4,263,197,751,0,0.8,27.81,Rajamahendravaram
10-08-2023,0.68,33.7,2.2,14.8,17,20.6,9,22,69,0.7,3,0.6,31.8,73,2.9,253,200,751,0,4.8,28.18,Rajamahendravaram
11-08-2023,0.53,42.2,2.3,14.1,16.4,20.8,9.9,26,69,0.5,1.9,0.3,32.7,69,2.7,249,205,751,0,0,28.2,Rajamahendravaram
12-08-2023,0.52,41,2.4,13.4,15.8,19.8,10.8,20,55,0.5,1.9,0.2,32.2,71,3.3,249,207,750,0,0.5,27.75,Rajamahendravaram
13-08-2023,0.59,40.8,3.6,18.8,22.4,19.1,11.3,18,51,0.6,3,0.5,32.1,71,2.5,235,187,750,0,5,28.04,Rajamahendravaram
14-08-2023,0.66,36.9,2.4,17.3,19.7,20.7,10.9,26,62,0.7,4,0.6,32,76,1.8,280,195,750,0,11.5,27.48,Rajamahendravaram
15-08-2023,0.62,40,2.6,17.1,19.8,19.6,9.8,19,49,0.5,2.4,0.5,32.6,72,2.3,272,200,751,0,34.8,28,Rajamahendravaram
16-08-2023,0.58,39.7,2.7,14.7,17.4,18.3,8.3,20,49,0.6,3.2,0.6,31.9,74,2,236,204,750,0,5.8,27.93,Rajamahendravaram
17-08-2023,0.42,36.5,2.5,13.5,16,18.9,7.7,19,45,0.5,2.3,0.3,31.4,79,2.9,258,189,749,0,33.5,27.52,Rajamahendravaram
18-08-2023,0.42,37,2.6,11.6,14.2,18.1,7.7,16,37,0.4,1.3,0.2,30.7,81,3.5,263,186,747,-0.1,3.5,26.74,Rajamahendravaram
19-08-2023,0.38,36.1,2.3,10.2,12.5,13.3,6.9,12,36,0.3,1,0.1,30.6,74,5,255,200,747,-0.1,0,26.89,Rajamahendravaram
20-08-2023,0.68,46.3,2.7,12.4,15.1,15.6,8.5,17,60,0.4,1.9,0.3,32.3,70,2.7,228,202,748,0,0,27.96,Rajamahendravaram
21-08-2023,0.59,46.8,2.5,14.4,16.9,16.4,7.2,13,37,0.4,2.1,0.4,31.7,77,1.7,237,191,749,0,12.3,28.16,Rajamahendravaram
22-08-2023,0.59,45.1,2.9,14.5,17.5,15.3,7,14,40,0.4,2,0.5,31.6,78,2.3,222,201,749,0,4,27.98,Rajamahendravaram
23-08-2023,0.55,48.3,2.3,13.4,15.7,16.3,5.5,19,47,0.7,3.9,0.9,31.3,77,2.2,214,199,749,0,1,27.92,Rajamahendravaram
24-08-2023,0.61,44.2,2.2,17.6,19.8,17.1,8.6,13,40,1.1,7.7,2.1,31.6,76,2.2,230,191,748,0,3.8,27.57,Rajamahendravaram
25-08-2023,0.78,45.9,2.4,18.3,20.7,16,7.1,17,46,1.1,7.6,1.6,32.1,75,1.8,236,187,749,0,3,27.21,Rajamahendravaram
26-08-2023,0.47,40.9,3.4,17.4,20.8,15,5.9,8,19,0.6,3.2,0.6,30.4,81,1.9,250,136,750,0,41.5,27.52,Rajamahendravaram
27-08-2023,0.56,35.5,3.8,20.1,23.9,13.9,10.1,7,24,0.7,3.6,0.7,31.5,76,1.8,288,193,750,0,0.3,27.24,Rajamahendravaram
28-08-2023,0.44,34.5,3,17.1,20.1,15.4,16.7,16,52,0.6,3.1,0.7,32.7,67,2.7,290,204,749,0,0,27.74,Rajamahendravaram
29-08-2023,0.41,34.9,3.1,16.1,19.1,15.3,9.7,26,100,0.7,6.3,0.5,32.6,66,3.1,293,204,749,0,0,28.21,Rajamahendravaram
30-08-2023,0.47,39.7,3.7,17.8,21.5,15.4,15.3,47,112,0.6,7,0.4,33.2,65,2.7,305,206,749,0,0,28.8,Rajamahendravaram
31-08-2023,0.54,40.6,2.5,17,19.5,16.2,9.4,34,68,0.7,4.3,0.6,32.7,65,2.4,285,203,750,0,0,28.72,Rajamahendravaram
01-09-2023,0.55,47.5,2.3,15.1,17.5,18.4,11.4,32,70,1.2,4.1,0.9,32.7,68,1.9,312,192,750,0,10,29.27,Rajamahendravaram
02-09-2023,0.55,59.4,3.4,22.3,25.7,16.7,5.6,31,63,0.6,4.1,0.8,32.4,77,2.1,253,176,749,0,65.3,27.38,Rajamahendravaram
03-09-2023,0.45,90.8,3.2,15.7,18.9,11.4,6.6,22,44,0.3,2,0.3,33.3,74,3.6,265,195,747,0,9.3,26.57,Rajamahendravaram
04-09-2023,0.4,79,2.4,14.5,16.9,11.2,7.5,15,35,0.3,1.5,0.2,32.7,74,3.8,273,197,744,-0.1,0,28.07,Rajamahendravaram
05-09-2023,0.47,76.4,2.4,13.9,16.4,10.7,6.2,15,37,0.5,1.9,0.3,32.1,76,4.3,262,197,744,-0.1,0,26.96,Rajamahendravaram
06-09-2023,0.47,64.4,2.4,11.1,13.5,7.9,4.8,12,28,0.3,1.4,0.2,31.7,81,4.2,247,178,745,-0.1,9,27.06,Rajamahendravaram
07-09-2023,0.52,59.9,2.4,13.5,15.9,8.5,6.1,17,49,0.5,3,0.5,32.4,78,3,227,186,747,0,0.3,27.89,Rajamahendravaram
08-09-2023,0.48,38.4,3.1,13.7,16.8,10,5.6,8,32,0.5,3.2,0.8,32.7,75,2.9,226,127,748,0,39.3,26.85,Rajamahendravaram
09-09-2023,0.5,42.7,2.9,14.9,17.8,9.7,6.5,10,37,0.4,2.1,0.5,33.7,72,3,211,193,748,0,0,28.13,Rajamahendravaram
10-09-2023,0.4,52.7,2.6,10.9,13.5,9.6,5.7,7,25,0.3,1.9,0.2,32.3,80,3.5,235,189,747,0,30.5,27.64,Rajamahendravaram
11-09-2023,0.45,49,2.4,10,12.4,10,6,5,26,0.3,2,0.3,31.2,83,3.5,233,183,747,0,4,26.71,Rajamahendravaram
12-09-2023,0.47,45.4,2.8,13.1,15.9,11.9,11.4,14,43,0.4,2.2,0.3,32,79,3.4,270,186,747,0,0,26.63,Rajamahendravaram
13-09-2023,0.48,37.7,2.7,15.1,17.8,11.2,9.9,16,51,0.6,2.1,0.3,31.7,77,3.3,268,180,747,0,0,26.36,Rajamahendravaram
14-09-2023,0.41,37.1,2.8,15.8,18.7,11.4,6.1,13,40,0.6,2,0.4,31.5,75,3.3,269,188,747,0,0,25.79,Rajamahendravaram
15-09-2023,0.38,43,2.1,12,14.1,14.4,6.8,11,34,0.6,2.5,0.4,31.9,73,3,232,195,748,0,0.5,27.84,Rajamahendravaram
16-09-2023,0.53,45.6,2.3,13.7,16,17.8,5.6,10,38,0.7,2.8,0.5,32,71,2.5,249,198,749,0,0,27.99,Rajamahendravaram
17-09-2023,0.47,45,1.8,7.3,9,17,6.8,8,20,0.3,0.9,0.2,30.3,82,1.7,241,37,749,0,0,28.55,Rajamahendravaram
18-09-2023,0.46,41,4.3,21.6,25.8,16.5,5,14,48,1.3,4.8,1,32.9,60,2.7,275,211,748,0,0,28.27,Rajamahendravaram
19-09-2023,0.55,36.3,4.1,16.2,20.3,17.3,5,18,57,0.7,2.7,0.5,31.9,71,2.3,265,191,749,0,0,27.18,Rajamahendravaram
20-09-2023,0.55,33.1,4.4,17.1,21.5,16.3,,18,61,0.9,3.4,0.6,31.2,73,2.7,266,186,750,0,8,27.01,Rajamahendravaram
21-09-2023,0.48,30,3.2,14.3,17.5,14.9,6.1,7,19,1,3.5,0.7,29.3,84,2.3,225,173,751,0,15.5,26.97,Rajamahendravaram
22-09-2023,0.48,31.5,2.2,12.3,14.5,17.6,5.3,6,21,0.8,3.8,0.4,30.1,79,2.8,222,195,751,0,0,27.18,Rajamahendravaram
23-09-2023,0.47,32,2.3,14.1,16.3,17.8,5.6,13,34,0.9,4.6,0.9,30.8,77,2.5,211,188,751,0,0.8,27.51,Rajamahendravaram
24-09-2023,0.56,31,3.3,15.9,19.2,15.6,6.4,12,28,0.8,4.4,1,30.5,80,1.6,215,191,751,0,7.3,27.27,Rajamahendravaram
25-09-2023,0.55,32.1,2.1,14,16.1,15.7,5.5,9,26,0.7,3.5,0.6,30.8,76,1.7,239,192,749,0,1,27.25,Rajamahendravaram
26-09-2023,0.76,30.5,2.9,19.7,22.6,19.7,5,21,42,1.3,6.3,1.2,31,77,1.7,196,191,750,0,16.5,27.9,Rajamahendravaram
27-09-2023,0.56,29.8,2.4,18.6,21,15.2,5,10,27,1.1,5.2,1,30.2,75,2,278,197,750,0,30.8,28.34,Rajamahendravaram
28-09-2023,0.53,32.4,2.6,16.8,19.3,13.5,4.9,6,20,0.7,2.2,0.7,29.8,75,2.1,266,195,749,0,15.3,28.03,Rajamahendravaram
29-09-2023,0.51,30.9,3.9,21.8,25.7,14.5,5,10,31,0.8,3.1,0.8,29.8,77,2,254,190,749,0,1.8,26.86,Rajamahendravaram
30-09-2023,0.56,30.6,2.7,18.6,21.3,13.9,5,10,33,0.8,2.9,0.7,30.2,74,3.2,270,196,749,0,4.8,27.33,Rajamahendravaram
01-10-2023,0.47,33.4,2.4,13.3,15.7,14.2,5.1,7,25,0.6,3.2,0.6,30.1,74,3.3,225,192,749,0,2,26.99,Rajamahendravaram
02-10-2023,0.48,34.1,2.4,13.8,16.2,12.6,5,11,34,0.6,2.5,0.5,29.9,80,3.2,223,182,749,0,9.3,26.67,Rajamahendravaram
03-10-2023,0.51,34.8,2.3,17,19.3,16.3,5.1,21,50,0.9,2.6,0.4,30.1,76,3,239,181,749,0,0,28.24,Rajamahendravaram
04-10-2023,0.53,32.8,2.4,21.2,23.6,15.9,5.1,24,74,0.9,2.9,0.5,31.3,63,3.1,286,195,750,0,0,27.79,Rajamahendravaram
05-10-2023,0.54,39.2,3,27.3,30.2,14.9,5.2,38,116,1,3.4,0.6,30.9,59,2.7,301,197,750,0,0,27.32,Rajamahendravaram
06-10-2023,0.7,38,2.3,25.1,27.4,16.1,5,38,127,1.2,5.2,0.8,30.8,62,2.5,279,195,750,0,0,27.22,Rajamahendravaram
07-10-2023,0.71,45.6,2,20.5,22.5,18.3,5,45,114,1.3,5.3,0.5,31.1,66,2.7,225,194,751,0,0,28.19,Rajamahendravaram
08-10-2023,0.56,42.9,2,16.8,18.8,21.5,5,46,101,1.1,3.9,0.6,30.8,71,2.9,210,193,753,0,2,28.23,Rajamahendravaram
09-10-2023,0.57,41.2,2.1,16.4,18.5,19.5,5,42,92,0.9,3.5,0.6,30.9,71,2.6,231,193,754,0,0,28.22,Rajamahendravaram
10-10-2023,0.49,37.6,2.1,16.9,19,18.7,5,33,76,0.9,3.5,0.9,30.9,69,2.4,272,181,754,0,0,28.82,Rajamahendravaram
11-10-2023,0.63,19.7,2.2,18.7,20.9,16.7,5,37,78,1.4,3.8,0.7,31,65,2.1,261,192,754,0,0,28.43,Rajamahendravaram
12-10-2023,0.57,5.9,2.3,21,23.3,18.8,5,50,106,1.4,4.4,1.1,30.9,62,2.5,48,193,756,0,0,28.07,Rajamahendravaram
13-10-2023,0.62,5.9,2.4,24.9,27.3,19.1,5,58,123,1.5,5.1,1.3,30.7,61,2.2,75,193,756,0,0,27.83,Rajamahendravaram
14-10-2023,0.68,5.9,2.1,23.3,25.4,19.7,5,55,119,1.5,5.3,1.2,30.9,58,2.2,96,193,756,0,0,27.8,Rajamahendravaram
15-10-2023,0.75,6,2.7,22.4,25.1,19.3,4.8,56,120,1.8,6,1.3,30.6,64,2.2,138,191,755,0,3.3,28.11,Rajamahendravaram
16-10-2023,0.71,6,2.5,28.1,30.6,18.3,4.9,48,113,1.8,6.6,1.6,30.7,60,2.5,103,192,755,0,0,27.75,Rajamahendravaram
17-10-2023,0.71,6,2.2,22.5,24.7,18.8,4.5,48,114,1.9,5.4,1.2,30.5,57,2.1,280,192,756,0,0,28.11,Rajamahendravaram
18-10-2023,0.78,6,2.6,23.4,26.1,20.7,4.8,62,130,1.4,6.2,1.3,31,60,2.2,55,191,756,0,0,27.97,Rajamahendravaram
19-10-2023,0.66,5.9,2.3,20.5,22.8,22.4,8.5,68,129,1.4,5.4,1.2,31.8,62,2.3,47,187,756,0,0,27.73,Rajamahendravaram
20-10-2023,0.67,5.9,2.4,17.9,20.3,14.8,4.6,47,86,1.2,4.3,0.8,31.3,65,2.5,38,184,756,0,0,27.5,Rajamahendravaram
21-10-2023,0.65,5.9,2.8,21.2,24,17.7,7.8,41,90,1.5,4.4,0.8,30.3,70,2.9,70,192,756,0,0,27.09,Rajamahendravaram
22-10-2023,0.65,6.1,2.2,28.4,30.6,23.1,5.9,49,103,1.9,4.8,0.9,27.3,74,2.4,317,191,756,0,0,26.84,Rajamahendravaram
23-10-2023,0.54,6.1,2.3,28.3,30.5,19,8.3,39,84,1.7,4.3,0.7,27.6,65,2.4,297,193,754,0,0,26.44,Rajamahendravaram
24-10-2023,0.68,6.2,2.2,28.8,31,22.8,5.5,43,92,2.1,4.9,0.5,27.9,71,2.4,336,193,754,0,0,27.76,Rajamahendravaram
25-10-2023,0.57,6.2,2.4,29.9,32.3,25.5,5.1,48,94,2.3,4.8,0.6,27.7,76,2.3,19,189,756,0,0,28.51,Rajamahendravaram
26-10-2023,0.62,6,2,24.2,26.2,20.9,5.1,46,89,1.7,4.5,0.9,29,75,2.1,48,187,757,0,0,27.2,Rajamahendravaram
27-10-2023,0.56,5.7,2.1,18.5,20.6,15.4,5.2,45,87,0.7,2.7,0.6,32.5,68,2.5,73,187,756,0,0,27.04,Rajamahendravaram
28-10-2023,0.55,5.4,1.9,16.4,18.3,11.3,5.2,78,137,0.4,2.2,0.5,35.8,68,2.5,78,183,756,0,0,26.64,Rajamahendravaram
29-10-2023,0.54,5.3,2.7,11.7,14.4,21.6,5.1,79,135,0.3,1.7,0.3,36.2,66,2.7,90,184,756,0,0,26.58,Rajamahendravaram
30-10-2023,0.71,5.4,1.7,19.1,20.8,27,5.3,62,117,0.5,2.4,0.6,35.8,59,2.4,76,186,756,0,0,26.69,Rajamahendravaram
31-10-2023,0.7,5.3,1.9,19.7,21.5,17.4,5,50,98,0.8,2.7,0.6,34.1,58,2.6,67,187,757,0,0,26.27,Rajamahendravaram
01-11-2023,0.6,14.4,2.2,21.3,23.5,14.8,5.1,40,77,1,2.9,0.7,31.2,68,2.4,54,179,757,0,0,26.61,Rajamahendravaram
02-11-2023,0.54,17.3,2.9,20.3,23.2,11.5,5,16,43,0.9,2.8,0.7,31.1,69,2.2,73,185,756,0,0,27.43,Rajamahendravaram
03-11-2023,0.37,16.4,2.4,16.6,19.1,11.3,5.2,9,35,0.8,2.9,0.7,30.9,71,2.3,85,184,755,0,0,27.3,Rajamahendravaram
04-11-2023,0.54,14.9,3.7,20.1,23.9,10.3,4.8,7,27,1.2,4,1.1,29.6,79,1.8,75,180,755,0,25.3,27.05,Rajamahendravaram
05-11-2023,0.28,13.2,3,15.7,18.7,10,3.9,4,18,0.8,2.7,0.6,28.9,82,1,60,151,756,0,3.8,26.99,Rajamahendravaram
06-11-2023,0.71,17.4,2.2,20.2,22.4,15.5,5.4,17,42,1.3,3.9,1.3,29.8,76,2.4,100,126,757,0,0,26.76,Rajamahendravaram
07-11-2023,0.64,20.3,2.4,15.7,18.1,12.1,5.1,27,50,0.8,2.5,0.7,30.6,72,2.4,77,181,757,0,0,26.52,Rajamahendravaram
08-11-2023,0.63,24.9,1.9,18.8,20.7,13.5,5.1,53,100,1.2,3.3,0.8,30.8,72,1.8,66,176,757,0,0,26.74,Rajamahendravaram
09-11-2023,0.72,29.3,2.2,18.7,20.9,13.7,6.3,60,109,1.1,3,0.8,31.4,69,2.4,75,183,757,0,0,26.49,Rajamahendravaram
10-11-2023,0.72,30.1,2,24.6,26.7,15.8,5.3,71,138,1.2,3.4,1,30,65,2.4,59,189,759,0,0,25.46,Rajamahendravaram
11-11-2023,0.8,32.2,2.4,23.8,26.2,14,4.5,73,143,1.4,3.5,1,30.2,58,2.3,36,187,759,0,2.8,25.47,Rajamahendravaram
12-11-2023,0.78,31.3,3.4,29.8,33.2,14,4.2,125,201,1.2,2.7,0.7,30.2,59,2.1,58,199,758,0,3.3,25.48,Rajamahendravaram
13-11-2023,0.83,39.9,1.7,21.2,22.9,17.1,10,108,178,1.7,3.7,1,30,60,2.4,75,185,758,0,0,25.63,Rajamahendravaram
14-11-2023,0.81,40.2,2.3,18.6,20.9,15.1,8.1,86,144,1.5,3,0.7,29.9,57,3,67,183,757,0,0,25.37,Rajamahendravaram
15-11-2023,0.9,41.6,2.1,24.1,26.2,14,10,82,149,1.7,4,1.1,30,58,2,14,179,756,0,0,25.09,Rajamahendravaram
16-11-2023,0.87,29,2.3,18.3,20.6,13.8,8.7,64,110,1.4,3,0.8,30.1,64,2.2,340,184,756,0,1.5,26.88,Rajamahendravaram
17-11-2023,0.64,30.9,1.9,17.1,19,13.9,10.9,40,82,1.2,2.8,0.7,30.3,68,2.6,87,184,757,0,0,26.6,Rajamahendravaram
18-11-2023,0.54,30.1,2.2,18.1,20.4,13.8,8.2,33,69,1.2,2.8,0.7,30.4,66,2.2,71,182,757,0,0,26.8,Rajamahendravaram
19-11-2023,0.62,30.1,2.5,15,17.4,13.1,9.1,28,57,1,2.4,0.5,29.7,68,3.2,76,189,757,0,0,26.23,Rajamahendravaram
20-11-2023,0.56,29,2.2,17.7,19.9,11.5,7.9,29,65,1.1,2.9,0.6,29.6,62,3,63,180,757,0,0,25.34,Rajamahendravaram
21-11-2023,0.59,22.2,2.4,19,21.3,10.3,8.2,16,35,1,3.3,0.9,28.3,78,1.8,45,175,757,0,3.5,26.07,Rajamahendravaram
22-11-2023,0.66,24.8,2.5,19.4,21.9,11.4,8.9,24,50,1.1,3.4,0.8,29.3,73,2.2,88,174,756,0,0,26.77,Rajamahendravaram
23-11-2023,0.74,35.3,2,19.1,21.1,15.1,8,69,112,1.4,3.8,0.9,29.4,73,2.5,84,172,755,0,0,26.42,Rajamahendravaram
24-11-2023,0.63,39.3,1.7,18.4,20,15.3,7.6,86,129,1.4,3.6,0.7,29.6,68,3.3,84,179,756,0.1,0,26.25,Rajamahendravaram
25-11-2023,0.72,44.3,2.1,19.4,21.6,14.6,8.1,93,144,1.6,3,0.7,29.3,68,3,81,184,758,0.1,0,26.22,Rajamahendravaram
26-11-2023,0.71,48.9,2,19.6,21.6,13.2,8.3,,152,1.4,2.5,0.5,29.4,64,3.8,84,183,758,0.1,0,26.24,Rajamahendravaram
27-11-2023,0.7,43.4,1.7,20.3,22,10.9,7.7,61,130,1.5,2.9,0.6,29.3,66,3.7,83,184,757,0.1,0,25.81,Rajamahendravaram
28-11-2023,0.67,36.2,1.9,19.4,21.3,9.5,8.8,66,105,1.5,2.9,0.6,29.5,69,3.4,87,184,756,0.1,0,25.84,Rajamahendravaram
29-11-2023,0.62,33.2,1.7,18,19.7,9.5,8.7,,95,1.2,2.7,0.5,29.8,64,3.7,79,186,757,0.1,0,25.85,Rajamahendravaram
30-11-2023,0.66,40.1,2.1,21.7,23.8,11.1,8.4,,127,1.5,3.1,0.6,29.6,63,3.5,83,183,757,0.1,0,25.76,Rajamahendravaram
01-12-2023,0.7,46.6,2.1,20.3,22.5,10.9,8.7,,122,1.5,2.9,0.6,29.8,59,3.7,79,185,756,0.1,0,25.95,Rajamahendravaram
02-12-2023,0.55,38.2,2,20.9,22.9,9.7,9.5,,104,1.4,3.1,0.6,29.8,55,3,55,178,755,0,0,25.65,Rajamahendravaram
03-12-2023,0.44,36,2.2,17.5,19.7,8.4,9.2,,86,1,2.3,0.4,30.2,54,3.6,51,173,755,0,0,25.52,Rajamahendravaram
04-12-2023,0.5,30.8,2,13.7,15.7,8.2,10,,45,0.8,1.4,0.3,27.3,77,4.3,44,145,753,0.1,21.8,24.35,Rajamahendravaram
05-12-2023,0.68,23.6,2.1,12.1,14.1,7.8,7.8,2,15,0.6,1.6,0.3,28.1,89,4.9,87,114,751,0.1,120.5,25.18,Rajamahendravaram
06-12-2023,0.61,32.3,7.1,23.8,30.9,9.9,9.6,18,36,1.5,5.4,1.8,28.3,84,2.1,135,169,753,0,58,25.42,Rajamahendravaram
07-12-2023,0.42,35.6,2.7,15.5,18.2,9.5,10.1,27,46,0.9,3.3,0.7,29.1,78,0.3,350,171,755,0,0,25.34,Rajamahendravaram
08-12-2023,0.66,37.2,5.4,20.1,25.5,8.4,15.3,39,73,0.9,2.9,0.7,29,75,0.2,3,182,756,0,0,24.56,Rajamahendravaram
09-12-2023,0.58,36.7,2.3,19.1,21.4,10.4,13.6,37,68,1,3.4,0.9,29.5,71,0.9,19,185,757,0,0,23.7,Rajamahendravaram
10-12-2023,0.6,32.3,1.9,17.5,19.4,11.2,12.9,38,70,0.9,2.7,0.6,28.8,65,1.7,31,187,757,0,11.8,22.61,Rajamahendravaram
11-12-2023,0.63,34.4,2.7,18.4,21.1,12.4,18,47,83,0.9,2.7,0.6,28.7,68,2,54,187,757,0,2,22.38,Rajamahendravaram
12-12-2023,0.58,37.9,2.1,20.3,22.4,14.7,15.9,64,105,1.2,3.3,0.8,27.9,71,1.9,81,181,757,0,0,22.16,Rajamahendravaram
13-12-2023,0.58,43.3,2.1,21.5,23.6,15.1,15.7,68,112,1.1,3.1,0.7,27.6,67,1.8,54,187,758,0,0,22.04,Rajamahendravaram
14-12-2023,0.63,48.1,2,23.2,25.1,14.9,24.3,82,132,1,3.2,0.7,27.3,64,2.1,63,186,759,0,0,21.12,Rajamahendravaram
15-12-2023,0.63,50.6,1.9,20,21.9,14,19.1,79,119,1,2.8,0.6,26.9,66,2.7,61,180,760,0,0,21.49,Rajamahendravaram
16-12-2023,0.64,50,1.8,27.3,29.1,12.3,16.8,91,141,0.9,3.2,0.7,27.8,72,2.2,84,120,758,0,0,22.03,Rajamahendravaram
17-12-2023,0.68,55.6,2.2,21.4,23.6,13.1,18.8,90,139,0.9,2.5,0.5,30.6,69,2.2,81,184,758,0,0,21.92,Rajamahendravaram
18-12-2023,0.83,56.9,2,24.8,26.8,12,25.8,97,153,0.9,3.1,0.6,30.4,65,2.2,67,179,759,0,0,21.28,Rajamahendravaram
19-12-2023,0.67,62,2.2,24.2,26.4,11.6,30.6,97,150,1.1,2.9,0.6,30.2,62,2.4,72,184,760,0,0,20.69,Rajamahendravaram
20-12-2023,0.91,60.8,2.2,27.7,29.9,12.2,28.7,114,166,1.3,3.5,0.8,29.3,66,2,70,182,760,0,0,20.5,Rajamahendravaram
21-12-2023,0.8,54.1,2.4,31.1,33.5,13.3,20.2,123,185,1.5,3.8,0.9,27.8,68,1.5,72,175,759,0,4,20.26,Rajamahendravaram
22-12-2023,0.93,54.7,7.1,37.6,44.7,14.9,15.3,124,194,2,5.2,1.3,26.2,70,1.7,306,184,759,0,0,20.9,Rajamahendravaram
23-12-2023,0.85,52.8,2,32.7,34.7,15.1,17.2,104,175,1.9,4.5,1.1,36.3,70,1.9,75,178,760,0,0,20.94,Rajamahendravaram
24-12-2023,1.15,58.6,2.6,36.1,38.7,26.5,17,109,165,1.4,2.9,0.6,59.1,70,2.1,81,185,761,0,0,20.78,Rajamahendravaram
25-12-2023,0.95,51.1,7.8,76.5,84.2,27.9,9.9,108,162,0.6,2.1,0.5,61.7,65,2.5,121,185,760,0.4,0,21.55,Rajamahendravaram
26-12-2023,0.75,34.4,2.2,23,25.2,12.9,16.1,103,150,0.6,2.1,0.4,80.9,70,1.9,77,187,761,0,0,22.26,Rajamahendravaram
27-12-2023,0.95,29,2.1,21.3,23.3,12.9,21.5,77,126,1.3,13.3,0.5,31.4,70,2.3,81,189,761,0,0,22.01,Rajamahendravaram
28-12-2023,0.54,14.4,1.9,29.4,31.4,17,19.9,67,114,0.9,4.4,0.7,32,62,3.3,100,186,759,0.1,0,21.63,Rajamahendravaram
29-12-2023,0.66,16.4,2.4,23.2,25.6,12.1,15.6,80,124,0.5,2.5,0.5,31.1,72,2,75,182,760,0,0,21.81,Rajamahendravaram
30-12-2023,0.79,16.1,2.6,26.9,29.5,12.8,17.6,91,148,0.4,2.5,0.5,31.3,69,1.7,307,185,760,0,0,22.1,Rajamahendravaram
31-12-2023,0.88,17.8,2.1,20.5,22.5,15.2,16.7,108,159,0.4,1.9,0.4,31.6,72,2.1,73,180,759,0,0,22.06,Rajamahendravaram
01-01-2024,0.88,18.2,2.2,20.2,22.3,15.8,17.6,113,164,0.5,1.9,0.4,31.7,70,2,40,184,759,0,0.1,21.95,Rajamahendravaram
02-01-2024,0.86,18,1.9,21,23,16.6,20.3,120,170,0.4,2.1,0.5,31.5,70,2.1,90,179,759,0,0,21.68,Rajamahendravaram
03-01-2024,0.8,18.7,1.8,21.8,23.6,17.4,24.2,126,180,0.7,2.1,0.4,31,67,2.9,83,185,758,0,0,21.52,Rajamahendravaram
04-01-2024,0.87,18.5,2.5,21.9,24.4,15.4,20.2,107,159,0.6,2,0.4,31,65,2.8,79,185,758,0,0,21.95,Rajamahendravaram
05-01-2024,0.61,18.6,2.3,23.4,25.7,12.6,20.1,71,121,0.7,2,0.4,30.4,65,3,83,188,758,0.1,0,21.78,Rajamahendravaram
06-01-2024,0.63,16.8,2.2,21.8,24,10.2,18.4,61,106,0.6,1.9,0.4,30.7,66,3.2,76,189,759,0,0,22.02,Rajamahendravaram
07-01-2024,0.77,17.1,1.9,20,21.9,10.2,16.1,61,102,0.6,1.6,0.3,31,63,3.4,79,188,759,0,0,22.45,Rajamahendravaram
08-01-2024,0.75,20.6,1.8,22.9,24.7,13.5,21.8,97,145,0.7,2.1,0.5,30.6,64,3.4,84,178,760,0,0,22.97,Rajamahendravaram
09-01-2024,0.85,21.7,2.3,24.9,27.2,15,20.1,117,165,0.8,2.4,0.5,30.6,67,3.5,86,174,760,0.1,0,22.95,Rajamahendravaram
10-01-2024,0.98,21.4,2.6,26.8,29.4,15.2,15.5,125,187,0.7,2.5,0.5,30.9,70,2.2,108,182,759,0,0,23.24,Rajamahendravaram
11-01-2024,1.02,21.4,2.3,30.2,32.5,15.3,18.1,126,192,0.8,3.1,0.7,31.7,65,1.8,355,181,759,0,0,24.24,Rajamahendravaram
12-01-2024,0.97,19.1,2.4,28.9,31.3,20.4,17.2,135,205,0.9,3.6,0.7,31.2,72,1.8,94,148,759,0,0,24.1,Rajamahendravaram
13-01-2024,0.53,6.2,2.2,23,25.2,20,20.5,135,201,0.5,2.9,0.7,32.4,75,1.7,191,191,758,0,0,24.35,Rajamahendravaram
14-01-2024,0.4,6.5,2.4,26.9,29.3,25.6,24,143,189,0.6,2.5,0.6,32.6,73,1.9,199,180,758,0,0,24.1,Rajamahendravaram
15-01-2024,0.32,6.8,2.1,15.8,17.9,27.6,20.7,106,146,0.4,1.6,0.4,32.5,72,2,191,181,758,0,0,23.91,Rajamahendravaram
16-01-2024,0.36,6.6,2,13.4,15.4,26.1,15.7,69,105,0.3,1.4,0.3,32.2,71,1.9,214,184,757,0,0,23.98,Rajamahendravaram
17-01-2024,0.36,6.3,2.1,18,20.1,20.5,15.1,49,88,0.4,2.5,1.4,32,69,1.9,127,184,756,0,0,23.58,Rajamahendravaram
18-01-2024,0.45,6.4,2.3,21.9,24.3,20.1,15.2,45,79,0.5,3.1,2.9,31.6,63,2,116,190,757,0,0,23.08,Rajamahendravaram
19-01-2024,0.43,5.5,2.8,21.2,24,19.6,12.8,33,67,0.5,2.2,1.5,30.8,70,2.6,97,189,758,0,0,23.45,Rajamahendravaram
20-01-2024,0.34,6,2.2,18.9,21.1,20.8,13.8,31,63,0.3,2.1,1.1,31.4,70,2.8,99,186,759,0.1,0,23.62,Rajamahendravaram
21-01-2024,0.28,6.2,2.9,23.4,26.3,16.6,16.9,46,75,0.2,1.5,0.7,30.4,81,1.1,78,158,758,0,0,24.34,Rajamahendravaram
22-01-2024,0.5,5.7,2,16.5,18.5,28.4,16.6,31,65,0.4,2.1,0.8,75.9,60,3,136,207,759,0,0,24.79,Rajamahendravaram
23-01-2024,0.32,5.8,2.6,15.9,18.5,21.4,13.7,52,88,0.3,1.6,0.5,91.6,72,2.7,121,180,759,0,0,24.65,Rajamahendravaram
24-01-2024,0.29,6.1,2.9,16.5,19.4,17.3,14.5,38,70,0.2,1.4,0.5,64.5,72,2.1,184,186,758,0,0,24.92,Rajamahendravaram
25-01-2024,0.35,6.5,3.1,18.7,21.8,32.3,11.7,40,76,0.5,1.8,0.6,30.3,71,2.2,91,187,760,0,0,24.6,Rajamahendravaram
26-01-2024,0.45,6.5,2.2,21.4,23.6,35.1,32.3,56,91,0.8,2.2,0.6,28.4,71,3.1,86,185,762,0.1,0,24,Rajamahendravaram
27-01-2024,0.42,6.4,2.5,23,25.6,30.8,16.8,78,124,1,2.2,0.6,28.5,71,2.4,77,189,762,0,0,24.32,Rajamahendravaram
28-01-2024,0.44,6.7,2.1,21.8,23.9,25.5,18.1,82,123,0.9,1.9,0.5,28.5,70,2.2,85,184,761,0,0,23.3,Rajamahendravaram
29-01-2024,0.38,6.5,2.1,28,30.1,23.3,21.5,92,144,1,2.4,0.6,28.9,69,2.4,110,190,761,0,0,22.8,Rajamahendravaram
30-01-2024,0.46,5.8,2.1,25.6,27.7,17.6,19.4,71,120,0.8,2.3,0.5,29.6,70,2.5,110,192,760,0,0,23.12,Rajamahendravaram
31-01-2024,0.45,5.1,1.8,21.7,23.5,16.3,16.9,43,81,0.6,1.6,0.4,29.9,69,2.5,117,193,759,0,0,23.59,Rajamahendravaram
01-02-2024,0.37,4.8,2.3,21.9,24.2,17.9,13.9,35,73,0.6,2.2,0.5,30.2,74,2.2,190,190,759,0,0,24.26,Rajamahendravaram
02-02-2024,0.39,5.1,2.7,23.3,26,19.8,13.1,30,68,0.6,2.1,0.5,30.9,72,1.8,221,188,759,0,0,25.19,Rajamahendravaram
03-02-2024,0.34,5.3,3.2,23.7,27,24.5,16.2,38,79,0.7,2,0.4,31,74,2,215,186,759,0,0,25.68,Rajamahendravaram
04-02-2024,0.4,5.2,3.3,21.9,25.3,26.4,17.4,38,79,0.6,1.8,0.5,31.3,74,1.9,128,183,761,0,0,25.2,Rajamahendravaram
05-02-2024,0.33,5.5,2.6,19.5,22.1,24.8,13.6,41,79,0.5,1.5,0.4,31,74,2.5,192,188,761,0,0,25.44,Rajamahendravaram
06-02-2024,0.37,5.6,2,14.8,16.8,24.1,7.9,47,82,0.4,1.2,0.3,31.2,71,2.2,197,189,760,0,0,26.09,Rajamahendravaram
07-02-2024,0.35,5.7,2,15.2,17.2,25.6,7.6,60,97,0,0,0,31.4,73,2,217,187,759,0,0,27.02,Rajamahendravaram
08-02-2024,0.35,5.7,3,19.5,22.4,29.7,8.1,53,91,0,0.1,0,31.6,70,2.4,158,185,758,0,0,26.78,Rajamahendravaram
09-02-2024,0.34,5.6,2.3,17.6,19.9,29.7,10.1,46,87,0.3,1.3,0.5,31.1,72,2.5,113,181,760,0,0,26.24,Rajamahendravaram
10-02-2024,0.55,12.1,2,16.1,18,24.6,10,57,107,0.6,2.3,0.5,30.3,71,3.4,98,188,761,0.1,0,25.34,Rajamahendravaram
11-02-2024,0.67,32.7,1.9,17.5,19.3,19.6,9.5,64,116,0.7,2.4,0.6,30,68,3,100,189,762,0.1,0,25.07,Rajamahendravaram
12-02-2024,0.83,33.9,1.8,17,18.8,20.2,10,53,100,0.7,2.1,0.5,29,70,3.4,90,167,761,0.1,0,24.83,Rajamahendravaram
13-02-2024,0.4,33.9,1.8,20.6,22.5,16.3,9.5,51,95,0.8,2.7,0.6,29.5,69,2.9,97,197,761,0,0,24.47,Rajamahendravaram
14-02-2024,0.59,30.5,2.4,22.8,25.2,16.4,9.2,50,97,0.8,3.1,0.6,29.9,67,2.5,102,194,760,0,0,24.6,Rajamahendravaram
15-02-2024,0.66,26.4,2.5,26.2,28.7,14.9,9.4,50,98,0.7,3.1,0.7,29.1,66,2.4,119,196,760,0,0,24.78,Rajamahendravaram
16-02-2024,0.65,28.7,2.6,25.9,28.5,16.1,9.6,47,91,0.8,3.9,0.7,29.4,64,2.2,111,198,760,0,0,25.39,Rajamahendravaram
17-02-2024,0.63,30.5,2.4,24.5,26.9,16.8,9.6,47,95,0.8,2.9,0.6,29.6,66,2.5,238,197,758,0,0,26.07,Rajamahendravaram
18-02-2024,0.61,28.6,2.3,22,24.3,16.2,9.3,43,84,0.7,2.4,0.5,30.3,66,2.2,247,194,757,0,0,26.46,Rajamahendravaram
19-02-2024,0.69,28.8,2.5,20.2,22.6,18.9,9.5,44,81,0.8,2.5,0.4,30.2,66,2.3,230,194,758,0,0,26.94,Rajamahendravaram
20-02-2024,0.58,28.5,2.6,16.9,19.5,19.3,9.4,36,75,0.6,2.5,0.3,29.9,71,2.5,231,195,757,0,0,27.51,Rajamahendravaram
21-02-2024,0.64,30.1,2.4,18.2,20.6,20.4,9.1,38,76,0.7,2.6,0.4,30.1,71,2.6,222,194,755,0,0,27.81,Rajamahendravaram
22-02-2024,0.61,29,2.9,16.5,19.4,21.3,9.3,42,81,0.7,2.8,0.5,30.6,69,2.5,200,195,755,0,0,28.02,Rajamahendravaram
23-02-2024,0.59,28.5,2.1,16.3,18.4,21.5,9.3,37,75,0.9,2.6,0.4,31,68,2.4,185,191,756,0,0,28.09,Rajamahendravaram
24-02-2024,0.67,25.3,2.5,18,20.5,20.8,9.3,32,67,0.7,2.9,0.5,30.2,72,3.2,110,188,756,0.1,0,27.7,Rajamahendravaram
25-02-2024,0.58,28.3,2.3,11.4,13.7,16.7,9.3,30,58,0.4,1.9,0.3,30.4,67,3.8,107,194,757,0.1,0,27.41,Rajamahendravaram
26-02-2024,0.52,27.5,2.6,16.2,18.8,15.9,9.2,39,72,0.6,2.7,0.4,30,67,3.8,96,196,758,0.1,0,27.14,Rajamahendravaram
27-02-2024,0.61,33.9,2.5,21,23.5,16.3,9.5,43,89,0.7,2.8,0.5,30.4,66,3,102,198,758,0,0,27.63,Rajamahendravaram
28-02-2024,0.63,35.1,2.2,17.7,19.8,17,11.5,46,85,0.8,2.6,0.4,30.7,69,2.6,105,196,757,0,0,28.2,Rajamahendravaram
29-02-2024,0.58,36.1,2.5,18.1,20.6,17.7,9.2,45,89,0.9,2.8,0.5,31.4,63,2.3,210,194,757,0,0,28.92,Rajamahendravaram
01-03-2024,0.72,33.9,2.9,23.1,26,17.3,9.3,51,98,0.9,2.7,0.5,31.4,66,2.6,165,194,758,0,0,28.73,Rajamahendravaram
02-03-2024,0.65,34.1,2.6,18.6,21.2,17.3,9.2,45,87,0.7,2.2,0.4,31,67,2.7,209,197,757,0,0,28.94,Rajamahendravaram
03-03-2024,0.59,31,2.2,20.8,23,17,9.6,50,90,1,2.3,0.4,29.3,78,1.5,73,139,757,0,0,28.95,Rajamahendravaram
04-03-2024,0.58,38.3,2.1,16.1,18.3,17.8,7.9,49,84,0.6,2.4,0.5,32.7,58,3.6,215,249,756,0,0,29.3,Rajamahendravaram
05-03-2024,0.64,28.3,2.2,15.5,17.7,19,11.2,49,89,0.8,2.5,0.5,31.5,64,2.4,215,197,756,0,0,29.92,Rajamahendravaram
06-03-2024,0.52,21.4,2.3,18.2,20.5,17.1,10.1,40,81,0.8,2.5,0.4,31.4,67,2.7,221,196,756,0,0,29.96,Rajamahendravaram
07-03-2024,0.67,19.3,3,18.7,21.7,17.5,5.9,40,81,1,3.2,0.7,31.5,67,2.5,196,196,755,0,0,29.52,Rajamahendravaram
08-03-2024,0.53,19.8,3.8,18.2,22,16.9,9.9,39,79,0.8,3.3,0.7,31.9,65,2.2,228,195,755,0,0,30.08,Rajamahendravaram
09-03-2024,0.64,19.9,2.3,15.4,17.7,16.9,9.2,37,76,0.7,2.6,0.5,32,65,3,137,196,756,0,0,30.12,Rajamahendravaram
10-03-2024,0.56,21.2,2.3,11.7,14,16.7,9.2,40,73,0.5,2,0.4,32.2,67,3,122,191,758,0.1,0,29.27,Rajamahendravaram
11-03-2024,0.63,25.4,2,12,14.1,15.7,9.4,41,79,0.6,1.9,0.4,32.1,65,2.8,196,196,759,0,0,29.73,Rajamahendravaram
12-03-2024,0.55,25.4,2.6,11.3,13.9,15,9.2,33,70,0.8,1.7,0.3,31.8,71,2.9,219,196,757,0,0,30.56,Rajamahendravaram
13-03-2024,0.56,26,2,13.2,15.2,15.2,9.1,32,71,0.5,1.9,0.4,31.7,72,2.7,211,194,756,0,0.5,30.55,Rajamahendravaram
14-03-2024,0.56,24.1,2.4,16,18.4,15.6,9.1,39,81,0.8,2.8,0.6,31.8,69,2.4,193,190,756,0,0,30.24,Rajamahendravaram
15-03-2024,0.53,23,2.5,14.3,16.8,15.1,9,30,65,0.7,2.6,0.4,31.5,70,2.6,216,194,755,0,0,29.6,Rajamahendravaram
16-03-2024,0.66,19.2,2.6,15.3,17.9,13.1,9.4,20,53,0.7,2.2,0.5,31.9,67,2.8,172,194,757,0,0,29.61,Rajamahendravaram
17-03-2024,0.57,19.1,2.7,14.3,17,12.2,9.2,17,46,0.6,1.9,0.4,31.8,67,2.9,131,195,757,0,0,29.82,Rajamahendravaram
18-03-2024,0.59,17.9,3,17.4,20.4,12.5,9.2,21,56,0.7,2.6,0.6,54.8,66,2,241,194,757,0,0,30.41,Rajamahendravaram
19-03-2024,0.59,19.7,2.6,15.6,18.2,13.8,9.1,29,68,0.7,2.5,0.5,61.2,69,2.8,78,188,756,0,0,30.11,Rajamahendravaram
20-03-2024,0.57,19.7,2,14.4,16.3,13.4,8.7,33,68,0.5,2.1,0.4,30.3,69,3,92,191,756,0,0.5,28.05,Rajamahendravaram
21-03-2024,0.61,21.3,2.3,17.3,19.6,12.2,9.3,25,55,0.6,2.5,0.5,30.8,65,2.7,118,199,756,0,0.3,27.19,Rajamahendravaram
22-03-2024,0.71,20.7,2.4,14.7,17.1,12.6,8.8,21,50,0.5,2.2,0.5,31.3,67,2.6,192,192,754,0,0,28.76,Rajamahendravaram
23-03-2024,0.48,18.9,1.6,11.5,13.1,11.2,8.4,21,48,0.5,1.7,0.3,31.6,68,2.7,216,200,754,0,0,29.65,Rajamahendravaram
24-03-2024,0.5,21.8,1.6,14.4,16,12.5,9.2,23,53,0.5,1.7,0.3,31.8,66,2.7,209,200,756,0,0,29.85,Rajamahendravaram
25-03-2024,0.76,21.6,1.5,12,13.6,13.2,9,25,52,0.6,1.5,0.3,31.7,68,2.6,226,201,756,0,0,30.06,Rajamahendravaram
26-03-2024,0.55,20,1.7,14.4,16.1,13.5,8.9,24,49,0.5,2,0.4,31.7,64,2.6,214,200,757,0,0,29.96,Rajamahendravaram
27-03-2024,0.67,18.2,1.6,15.5,17.2,13.4,8.8,21,48,0.6,2.2,0.4,31.5,67,2.7,219,202,758,0,0,30.42,Rajamahendravaram
28-03-2024,0.6,18.6,1.3,10.6,11.9,12.7,8.7,15,37,0.3,1.3,0.2,33,67,2.9,220,202,755,0,0,31.21,Rajamahendravaram
29-03-2024,0.61,18.8,1.9,10.9,12.7,12.9,8.7,15,37,0.4,1.6,0.3,32.1,67,2.7,216,199,754,0,0,31.57,Rajamahendravaram
30-03-2024,0.47,20.6,1.5,10.9,12.4,12.8,9.3,11,39,0.4,1.8,0.4,32.1,66,2.9,219,201,756,0,0,31.61,Rajamahendravaram
31-03-2024,0.78,18.5,1.5,10.8,12.4,13.3,8.7,11,31,0.4,1.5,0.3,32.2,66,2.8,216,201,757,0,0.5,31.47,Rajamahendravaram
01-04-2024,0.59,18,1.5,10.5,12,12.4,9,12,31,0.2,1.2,0.2,31.7,70,3,,201,753,,0,32,Rajamahendravaram
02-04-2024,0.37,20.3,1.4,8,9.3,13.1,8.9,9,24,0.3,1.2,0.2,32.2,70,3,,200,752,,0,32.28,Rajamahendravaram
03-04-2024,0.47,19.7,1.4,7.8,9.2,11.9,8.8,11,30,0.3,1.3,0.2,32.2,70,3,,198,753,,0,32.16,Rajamahendravaram
04-04-2024,0.53,19.6,1.6,8.5,10.1,11.4,9.3,6,26,0.3,1.4,0.3,32.6,70,2.9,,201,753,,0,32.35,Rajamahendravaram
05-04-2024,0.56,22.4,1.2,9.5,10.7,11,9.4,9,31,0.3,1.5,0.3,32.5,72,3.4,,201,752,,0,33.39,Rajamahendravaram
06-04-2024,0.61,22.5,1.6,11.5,13.1,12.8,9.2,15,39,0.4,1.8,0.3,32.7,67,3,,189,751,,0,33.59,Rajamahendravaram
07-04-2024,0.49,23,2,15.2,17.1,13.1,8.9,21,56,0.7,2.1,0.4,32.7,61,2.7,,199,751,,0,33.19,Rajamahendravaram
08-04-2024,0.72,26.4,1.8,11.5,13.4,22,8.4,32,62,0.5,2.5,0.4,32.2,69,5.5,,202,754,,0,31.09,Rajamahendravaram
09-04-2024,0.41,29.6,1.7,11.8,13.6,14.7,9.2,32,65,0.5,2.3,0.4,32.8,54,3.6,,204,755,,0,31.35,Rajamahendravaram
10-04-2024,0.68,27.9,1.8,27.6,29.4,26.1,9.4,68,84,1.1,3.6,0.7,32.8,50,3,,204,754,,0,31.34,Rajamahendravaram
11-04-2024,0.6,30.7,1.6,21.1,22.7,16.3,8.7,62,102,0.9,3,0.6,32.4,55,3.1,,204,755,,0,31.63,Rajamahendravaram
12-04-2024,0.8,32.3,1.3,13.8,15.1,32.1,7.9,40,64,0.6,2.6,0.5,32.7,60,3.5,,204,755,,0,31.32,Rajamahendravaram
13-04-2024,0.52,31.3,1.6,16.6,18.3,17.3,9.1,39,76,0.7,2.4,0.5,32.8,58,2.8,,201,755,,0,31.64,Rajamahendravaram
14-04-2024,0.62,30.5,1.7,16.7,18.4,14.1,9.4,34,67,0.5,1.8,0.4,33.1,57,2.9,,202,755,,0,32.12,Rajamahendravaram
15-04-2024,0.68,26.7,1.5,13.2,14.8,14.8,9.3,30,58,0.5,1.8,0.3,32.5,64,2.9,,202,755,,0,33.53,Rajamahendravaram
16-04-2024,0.64,29.7,2,13.7,15.8,14.8,9.4,30,60,0.5,2,0.3,32.6,62,3.3,,203,753,,0,33.55,Rajamahendravaram
17-04-2024,0.65,29.3,2.3,12.6,14.8,14.3,14.4,27,56,0.5,1.8,0.4,32.9,61,3,,203,752,,0.3,34.3,Rajamahendravaram
18-04-2024,0.48,13.7,1.6,6,7.6,9.8,8.6,18,41,1.1,1,0.2,31.5,73,2.5,,159,751,,0,34.58,Rajamahendravaram
19-04-2024,0.55,9.3,1.5,1.3,2.8,7.9,9.2,14,32,3,4.6,0.8,43.7,67,3.2,,196,749,,0,34.25,Rajamahendravaram
20-04-2024,0.39,22.3,1.5,3.4,5,7.7,18.5,13,29,0.5,1.5,0.3,33.8,68,3.3,,200,750,,0,34.34,Rajamahendravaram
21-04-2024,0.58,19.9,1.6,4.8,6.4,11.7,9.4,13,38,0.5,1,0.2,34,69,3.4,,201,750,,0,34.5,Rajamahendravaram
22-04-2024,0.55,19.8,1.5,8.8,10.3,12.2,9.2,13,38,0.4,1.2,0.3,34.2,63,2.9,,203,751,,0,34.42,Rajamahendravaram
23-04-2024,0.57,21.8,1.6,8.6,10.3,14.5,9.2,18,46,0.5,1.5,0.3,34.2,63,3.1,,205,751,,0,34.21,Rajamahendravaram
24-04-2024,0.57,19.5,1.5,6.6,8.1,15.1,9.3,14,47,0.5,1.3,0.3,34.3,61,3,,204,750,,0,34.53,Rajamahendravaram
25-04-2024,0.58,21,4.4,27.9,32.3,17.6,15.2,12,43,0.7,1.4,0.3,30.7,61,3,,203,748,,0.1,34.49,Rajamahendravaram
26-04-2024,0.37,17.2,1.6,12.1,13.7,17.8,13.6,14,41,0.4,1.6,0.3,32.2,64,3.1,,202,750,,0,34.33,Rajamahendravaram
27-04-2024,0.52,17.8,1.5,6.1,7.6,16.6,10.9,23,57,0.4,1.5,0.3,34.2,65,3,,203,751,,0,35.04,Rajamahendravaram
28-04-2024,0.53,17,1.5,4.7,6.2,15.7,9.4,16,41,0.3,1,0.2,34.7,62,3.1,,203,751,,0,34.83,Rajamahendravaram
29-04-2024,0.55,13.8,1.5,4.3,5.8,15.3,9.4,5,24,0.3,1.3,0.2,34.8,61,3,,205,752,,0,34.63,Rajamahendravaram
30-04-2024,0.64,14,1.6,3.7,5.3,15.5,9.2,5,25,0.3,1.3,0.2,34.8,65,3.5,,206,752,,0,34.57,Rajamahendravaram
01-05-2024,0.56,14.7,1.3,2.3,3.6,15.6,9.2,3,13,0.3,0.6,0.1,32.6,83,1.8,219,3,748,0,0,34.87,Rajamahendravaram
02-05-2024,,,,,,,,,,,,,,,,,,,,,34.34,Rajamahendravaram
03-05-2024,,,,,,,,,,,,,,,,,,,,,34.87,Rajamahendravaram
04-05-2024,0.62,40.3,2.2,21.3,23.5,17.1,11.3,14,40,0.5,2.1,0.5,34.6,60,4.2,177,212,749,0,0,34.49,Rajamahendravaram
05-05-2024,0.56,44.4,2.1,9.7,11.7,10.8,10,11,34,0.2,0.9,0.2,34.2,65,3.8,182,200,749,0,0,34.03,Rajamahendravaram
06-05-2024,0.4,43.4,2.2,14.4,16.6,10.5,9.5,14,41,0.5,1.8,0.3,34,66,3.8,172,202,750,0,0,33.88,Rajamahendravaram
07-05-2024,0.72,46.8,2.6,20.2,22.8,6.9,8.6,9,30,0.5,2.3,0.5,32.6,72,3.9,123,152,753,0.1,1.5,33.07,Rajamahendravaram
08-05-2024,0.54,42.5,2.9,24.3,27.1,4.5,9.7,16,38,0.4,2.4,0.5,33.3,63,2.6,170,200,752,0,0.3,31.83,Rajamahendravaram
09-05-2024,0.36,38.1,2.3,16.9,19.2,5.5,9.3,10,32,0.4,2.1,0.5,33.8,66,2.8,154,207,752,0,0,31.78,Rajamahendravaram
10-05-2024,0.58,39.4,2.2,18.2,20.4,7.1,11.9,10,31,0.4,2.1,0.5,33.2,67,2.5,142,200,753,0,0,31.35,Rajamahendravaram
11-05-2024,0.57,35.5,2.4,17,19.4,6.8,9.3,8,30,0.4,2.1,0.5,34.5,62,2.4,193,210,753,0,0,31.56,Rajamahendravaram
12-05-2024,0.59,40,2.5,17.3,19.7,9.6,9.5,15,37,0.4,1.9,0.4,33.2,65,2.4,135,205,753,0,2,32,Rajamahendravaram
13-05-2024,0.52,53.3,2.2,13.6,15.8,8.4,9.6,15,34,0.3,1.5,0.3,34.6,56,2.9,175,211,752,0,0,32.49,Rajamahendravaram
14-05-2024,0.62,50.8,2.3,16.9,19.2,10.2,9.8,23,51,0.4,1.9,0.4,33.8,59,2.6,323,194,752,0,0,31.45,Rajamahendravaram
15-05-2024,0.55,39.2,2.4,15.1,17.5,11.3,9.4,28,55,0.4,2,0.4,34.3,63,3.4,103,207,753,0,0,31.69,Rajamahendravaram
16-05-2024,0.67,25.8,3.7,14.1,17.8,12,11.7,5,17,0.4,1.9,0.5,31.8,73,3.3,105,194,753,0.1,0.3,28.93,Rajamahendravaram
17-05-2024,0.41,27,2.5,19.2,21.7,10.7,9.4,7,24,0.6,2.7,0.7,30.5,75,1.7,246,201,752,0,1.5,29.76,Rajamahendravaram
18-05-2024,0.57,25.7,2.8,17,19.7,11.4,9.2,7,21,0.6,2.7,0.7,31.6,67,2.5,191,208,750,0,87.5,30.79,Rajamahendravaram
19-05-2024,0.57,22,2.9,17,19.9,11.8,9.2,6,17,0.5,2.1,0.6,30.4,70,2.3,169,189,748,0,2.3,30.96,Rajamahendravaram
20-05-2024,0.72,21,3.1,17.3,20.4,12.3,8.9,8,23,0.5,2.1,0.5,30.7,69,2.5,95,187,748,0,0.5,30.92,Rajamahendravaram
21-05-2024,0.56,26.7,2.5,15.7,18.2,16.1,11.5,15,32,0.7,2.5,0.5,32.2,64,2.8,134,202,748,0,18.3,31.74,Rajamahendravaram
22-05-2024,0.38,25.7,2.3,14.1,16.4,14.1,25.9,10,27,0.5,2.2,0.5,32.8,63,3.5,99,208,747,0.1,0,32.39,Rajamahendravaram
23-05-2024,0.48,34.3,2.2,15.7,18,12.7,9.6,18,44,0.6,2.3,0.5,33.3,59,2.6,102,208,745,0,0,32.83,Rajamahendravaram
24-05-2024,0.57,37.4,2.2,16.4,18.6,12.2,9.7,18,43,0.6,1.9,0.4,31.8,66,2.6,222,174,744,0,0,31.33,Rajamahendravaram
25-05-2024,0.66,36,2.6,25,27.6,14.1,9.7,24,67,0.9,3.5,0.5,30.6,72,2.1,269,183,743,0,0,30.23,Rajamahendravaram
26-05-2024,0.78,51.8,1.8,18.2,20,15.2,12.1,20,63,0.7,1.7,0.3,32.9,64,3.3,237,203,742,0,0,32.55,Rajamahendravaram
27-05-2024,0.38,55.2,1.8,17.3,19.1,16.5,9.9,36,72,0.7,2.6,0.4,33.4,59,4,231,204,742,0,0,34.44,Rajamahendravaram
28-05-2024,0.56,44.5,1.9,16.6,18.5,16.1,12.2,38,97,0.5,1.6,0.3,34.2,56,4.1,227,204,743,0,0,35.03,Rajamahendravaram
29-05-2024,0.49,43.6,1.9,14.4,16.4,15.5,28.1,37,95,0.6,1.6,0.4,34.5,57,3.5,217,206,743,0,0,34.53,Rajamahendravaram
30-05-2024,0.98,44.2,1.7,12.2,14,13.2,8.6,33,77,0.4,1.5,0.3,36,60,2.8,170,202,745,0,0,33.58,Rajamahendravaram
31-05-2024,0.38,51.8,1.9,9.8,11.7,4.8,9.1,34,82,0.3,1.3,0.2,39,63,3,142,203,746,0,0,32.36,Rajamahendravaram
01-06-2024,0.69,69.1,1.8,13.7,15.6,22.7,8.5,25,58,0.3,1.8,0.4,35.5,70,3.7,123,141,748,0,8.5,31.29,Rajamahendravaram
02-06-2024,0.37,88.9,2.5,13.1,15.6,32.2,9.3,27,58,0.3,2,0.4,34.6,79,2.4,135,178,749,0,5,30.26,Rajamahendravaram
03-06-2024,0.55,39.1,2.3,15.5,17.8,37,9.2,27,50,0.3,1.4,0.3,34.6,68,3.4,240,208,750,0,9.8,30.48,Rajamahendravaram
04-06-2024,0.64,41.8,2.3,11.8,14.2,26.5,9.2,33,56,0.3,1.3,0.2,36.2,64,3.4,217,205,749,0,0,31.14,Rajamahendravaram
05-06-2024,0.61,31.5,2.2,13.3,15.5,21.5,9.2,34,57,0.2,1.1,0.2,35.4,68,3,252,185,750,0,17,30.36,Rajamahendravaram
06-06-2024,0.58,38.6,2.5,11.3,13.8,16.7,9.3,10,23,0.3,1.3,0.2,34.1,70,3,223,211,750,0,0,30.07,Rajamahendravaram
07-06-2024,0.6,37.7,2,11.2,13.3,12.8,9.1,16,36,0.3,1.8,0.3,34.5,73,2.6,181,203,749,0,0,28.93,Rajamahendravaram
08-06-2024,0.53,40.9,2.3,12.5,14.8,12,9.2,13,30,0.3,1.5,0.3,34.6,70,3.2,207,205,749,0,0,27.73,Rajamahendravaram
09-06-2024,0.55,39.8,2,11.7,13.6,11.6,9.2,10,28,0.2,1,0.2,35.2,63,3.8,218,215,748,0,0,28.16,Rajamahendravaram
10-06-2024,0.79,46.3,2.6,10.9,13.5,11.8,9.7,17,35,0.3,1.3,0.3,34.7,67,3,202,202,747,0,0,29.07,Rajamahendravaram
11-06-2024,0.78,46.9,2.7,12.4,15.2,15.1,9.3,21,45,0.3,1.6,0.3,35.2,66,3.4,231,204,746,0,0,30.25,Rajamahendravaram
12-06-2024,0.98,44,2.5,15,17.6,18.6,9.1,21,46,0.4,1.8,0.3,35.4,64,3.5,240,204,747,0,0,31.08,Rajamahendravaram
13-06-2024,0.85,41.1,2.4,14.8,17.1,19.4,9.2,25,54,0.4,1.6,0.3,34.9,66,3.8,249,192,748,-0.1,0,29.64,Rajamahendravaram
14-06-2024,0.79,46.5,2,13.1,15.1,23.9,9.2,18,46,0.3,1.1,0.2,34.8,62,4.5,240,207,747,0,0.8,30.64,Rajamahendravaram
15-06-2024,0.91,48,2.1,17,19,18.5,9.2,24,54,0.3,1.5,0.3,35.7,60,3.4,264,202,746,0,0,29.89,Rajamahendravaram
16-06-2024,0.89,37.2,2.4,12.9,15.2,17.2,9.2,17,39,0.3,1.1,0.2,35.4,62,3.6,275,189,747,0,0,30.55,Rajamahendravaram
17-06-2024,0.84,50.3,2.2,14.3,16.6,13.3,9.3,21,47,0.2,1.1,0.2,37.3,61,3.5,252,208,748,0,0,30.34,Rajamahendravaram
18-06-2024,0.69,63.8,2.2,12.8,15,12.2,9.3,21,48,0.2,0.9,0.2,37.2,63,3.1,226,202,747,0,0,30.09,Rajamahendravaram
19-06-2024,0.92,55.4,2.5,18.8,21.3,14,9.3,16,37,0.2,1,0.2,36.2,68,3.5,248,188,746,0,1.8,29,Rajamahendravaram
20-06-2024,0.72,54.6,2.3,9.3,11.6,10,9.2,16,41,0.2,1,0.2,36.2,67,4.5,238,204,746,-0.1,0,28.39,Rajamahendravaram
21-06-2024,0.62,43.1,2.4,9.5,11.9,21,9.2,16,42,0.2,1.2,0.2,36.4,65,4.2,227,203,745,0,10,29.46,Rajamahendravaram
22-06-2024,0.95,38.5,3.3,18.6,21.9,6.5,9.3,14,29,0,0.1,0,35.4,73,2.7,267,208,744,0,6.8,29.26,Rajamahendravaram
23-06-2024,0.8,45.3,3.3,7.7,11,4.9,9.4,13,28,0,0,0,34.3,79,2.4,203,181,745,0,34.5,28.21,Rajamahendravaram
24-06-2024,0.68,50.9,3.1,11.7,14.8,24.8,9.3,21,47,0,0,0,35.9,71,2.3,204,212,744,0,0,29.71,Rajamahendravaram
25-06-2024,0.94,52.3,2.8,10.3,13.1,14.9,9.3,13,35,0.1,0.4,0.1,37,63,2.6,266,208,744,0,0,28.38,Rajamahendravaram
26-06-2024,0.89,48.7,2.4,11.3,13.7,12.6,9.8,14,38,0.1,1,0.3,35.3,72,2.7,225,180,743,0,3.5,27.19,Rajamahendravaram
27-06-2024,0.71,41.7,2.5,5.6,8.1,5.5,9.9,12,25,0,0.5,0.1,33.3,86,3.4,237,187,746,0,8.5,25.71,Rajamahendravaram
28-06-2024,0.68,48.9,2.6,8.5,11.2,21.4,10,12,35,0.1,2.1,0.2,34.1,77,4.2,241,205,746,-0.1,0.3,27.14,Rajamahendravaram
29-06-2024,0.82,49.3,3.2,15.6,18.9,26.1,9.2,13,36,0.2,1.7,0.4,34.1,80,2.9,241,192,747,0,43,28.38,Rajamahendravaram
30-06-2024,0.87,42,3.2,10.9,14,28.6,9.4,9,23,0.2,1.2,0.3,32.5,84,3.4,244,199,749,0,5.3,28.03,Rajamahendravaram
01-07-2024,0.79,42.8,,8.6,11.2,,,12,31,,,,33.7,80,3.4,,,,,0.8,28.25,Rajamahendravaram
02-07-2024,0.51,48.2,,10.7,13.4,,,13,43,,,,34.9,70,3.7,,,,,0,28.78,Rajamahendravaram
03-07-2024,0.68,47.4,,12.6,15.8,,,12,38,,,,34.6,69,3.4,,,,,0,28.5,Rajamahendravaram
04-07-2024,0.89,44.8,,10.6,13.2,,,15,46,,,,35.2,67,3.5,,,,,0,28.01,Rajamahendravaram
05-07-2024,0.82,37.3,,10.7,13.3,,,14,34,,,,34.1,75,3,,,,,16.5,27.21,Rajamahendravaram
06-07-2024,0.78,34.2,,14.9,18.1,,,12,28,,,,33.3,80,2.2,,,,,14.3,27.26,Rajamahendravaram
07-07-2024,0.77,35.4,,16.9,20,,,13,33,,,,33.6,82,2.6,,,,,17.3,27.11,Rajamahendravaram
08-07-2024,0.94,35.9,,16.6,19,,,15,38,,,,34,76,1.8,,,,,1,27.27,Rajamahendravaram
09-07-2024,0.9,34.1,,13.6,16.1,,,14,32,,,,33.5,78,2.1,,,,,0.5,27.51,Rajamahendravaram
10-07-2024,0.92,34.9,,16.8,19.5,,,18,39,,,,34.1,73,1.6,,,,,0,27.47,Rajamahendravaram
11-07-2024,0.87,20.5,,11.7,14.6,,,18,42,,,,34.9,72,2.8,,,,,0,28.39,Rajamahendravaram
12-07-2024,0.97,5.2,,12,14.6,,,11,28,,,,33.2,81,3.1,,,,,26,27.63,Rajamahendravaram
13-07-2024,0.79,5.3,,10.7,14.5,,,10,19,,,,32.5,88,4.3,,,,,25.3,27.37,Rajamahendravaram
14-07-2024,0.77,5.9,,28.4,32.3,,,9,21,,,,33,84,4,,,,,1.5,26.89,Rajamahendravaram
15-07-2024,0.73,5.8,,37.3,40.9,,,10,26,,,,33,82,4.1,,,,,0,26.3,Rajamahendravaram
16-07-2024,0.69,5.3,,24.6,27.3,,,12,26,,,,33.2,80,2.8,,,,,0,27.9,Rajamahendravaram
17-07-2024,0.91,5.2,,14.6,16.6,,,11,24,,,,33.7,78,3.1,,,,,8.8,27.98,Rajamahendravaram
18-07-2024,0.8,5.4,,22.5,23.7,,,8,17,,,,32.4,89,4.1,,,,,75.3,26.66,Rajamahendravaram
19-07-2024,0.76,5.1,,5.5,6.9,,,4,11,,,,32.1,89,5.3,,,,,25.8,25.5,Rajamahendravaram
20-07-2024,0.75,5.1,,5.1,6.6,,,4,11,,,,30.7,86,6.9,,,,,59.8,26.02,Rajamahendravaram
21-07-2024,0.8,4.6,,7.2,8.6,,,8,23,,,,26.6,82,4.6,,,,,2.5,26.7,Rajamahendravaram
22-07-2024,0.71,5.2,,5.1,6.2,,,7,26,,,,26.2,86,3.1,,,,,32.7,27.93,Rajamahendravaram
23-07-2024,0.45,5.7,,5.8,7.2,,,9,26,,,,27.1,77,4.8,,,,,0,27.78,Rajamahendravaram
24-07-2024,0.7,5.4,,5.5,6.8,,,10,27,,,,26.8,75,5.1,,,,,0,27.58,Rajamahendravaram
25-07-2024,0.66,5.3,,6.8,8.2,,,13,34,,,,26.6,73,4.7,,,,,0,27.35,Rajamahendravaram
26-07-2024,0.85,5.4,,5.8,7.2,,,12,30,,,,26.3,71,6,,,,,1,26.67,Rajamahendravaram
27-07-2024,0.65,5.4,,6.3,7.6,,,11,22,,,,25.1,81,5.1,,,,,17.8,27.66,Rajamahendravaram
28-07-2024,0.71,5.4,,6.9,8.2,,,12,28,,,,25.9,78,3.1,,,,,14.8,27.86,Rajamahendravaram
29-07-2024,0.9,5.4,,7,8.3,,,13,32,,,,26.5,76,1.9,,,,,0.3,28.24,Rajamahendravaram
30-07-2024,0.82,5.4,,6.7,7.9,,,14,33,,,,27.3,74,1.9,,,,,0.8,28.25,Rajamahendravaram
31-07-2024,0.91,5.4,,7.4,8.7,,,16,34,,,,26.7,77,2.6,,,,,2.5,27.71,Rajamahendravaram
01-01-2018,0.65,17.9,36.7,72.8,109.6,11.2,8.4,45,82,1.42,3.12,0.3,19.2,71,1.6,0,195,23,677,0,22.07,Tirumala
02-01-2018,0.59,24.6,26,61.9,88,11.4,12.3,45,74,1.06,2.62,0.17,19.2,76,1.5,-0.1,225,37,677,0,22.07,Tirumala
03-01-2018,0.49,37.4,22.5,58.2,80.7,12.1,9,46,76,1.13,2.39,0.2,18.7,77,1.6,0,231,52,680,0,22.23,Tirumala
04-01-2018,0.56,47.5,11.3,53.1,64.4,13.5,3.4,66,102,1.2,2.33,0.12,18.2,74,2,-0.1,225,52,681,0,21.39,Tirumala
05-01-2018,0.61,48.4,18.5,68.7,87.3,16.4,7.2,69,106,1.21,2.48,0.2,18,70,1.8,0,244,62,680,0,20.6,Tirumala
06-01-2018,0.61,41.9,23.6,79.7,103.3,18.7,7.1,66,98,1.11,2.61,0.22,17.8,69,1.4,0,273,53,679,0,20.24,Tirumala
07-01-2018,0.53,43,24.9,82.2,107.2,17,6.4,55,81,1.01,2.17,0.12,17.7,63,1.8,0,278,62,680,0,19.99,Tirumala
08-01-2018,0.73,57.2,10.1,61.2,71.3,18.5,5.6,60,97,0.94,1.79,0.06,17.5,74,2.3,-0.1,264,61,681,0,20.27,Tirumala
09-01-2018,0.55,60.2,7.6,45.7,53.3,17.4,7.4,59,115,1.12,1.86,0.15,17.3,86,3.2,0,122,18,683,0,21.25,Tirumala
10-01-2018,0.59,54.2,8.4,53.5,61.9,16.1,8.3,60,113,1.18,2.01,0.09,17.9,82,2.8,0,73,5,685,0,22.44,Tirumala
11-01-2018,0.68,45.9,13.4,57.2,70.6,15.7,4.4,67,116,1.44,2.57,0.15,19.7,76,1.9,0,101,65,684,0,23.3,Tirumala
12-01-2018,0.66,31.3,31.6,79.4,111.1,14.1,3.6,64,98,1.35,3.22,0.21,20.4,66,1,0,144,65,683,0,23.07,Tirumala
13-01-2018,0.61,23.4,50.6,72,122.8,12.5,11.6,60,96,1.29,3.13,0.19,20.4,67,1.2,0,174,67,683,0,22.95,Tirumala
14-01-2018,0.98,37.1,26.9,85.8,112.8,16,12.1,129,180,3.25,3.29,0.12,19.8,65,1.6,-0.1,158,62,683,0,22.44,Tirumala
15-01-2018,0.64,28.2,39.3,86.3,125.7,10.6,4.4,60,93,1.13,2.32,0.07,19.7,59,1,0,198,51,683,0,23.22,Tirumala
16-01-2018,0.51,28,25,69,94,12.2,3.1,63,101,1.2,2.12,0.08,19.6,67,1.5,0,200,54,681,0,22.87,Tirumala
17-01-2018,0.51,35.9,19.3,60.5,79.8,19.2,4,49,81,0.96,1.97,0.1,18.9,64,1.6,-0.1,216,62,682,0,21.99,Tirumala
18-01-2018,0.35,37.7,15.1,63.6,78.7,19.8,3.5,41,69,0.97,1.83,0.07,18.1,67,1.7,-0.1,223,68,682,0,21.29,Tirumala
19-01-2018,0.55,40.6,17.1,67.5,84.6,18.7,2.4,47,78,1.15,2.05,0.08,17.5,71,1.7,-0.1,215,64,682,0,20.83,Tirumala
20-01-2018,0.59,38.1,28.8,76.1,105,17.3,3.9,58,91,1.25,2.26,0.14,17.4,73,1.6,-0.1,237,61,682,0,20.84,Tirumala
21-01-2018,0.63,33.8,51.1,97.9,149.1,16.8,4.4,74,115,1.37,2.46,0.22,17.4,73,1.8,0,219,59,680,0,20.82,Tirumala
22-01-2018,0.64,39.1,23.7,78,101.8,15.5,3.6,63,99,1.28,2.31,0.19,17.7,77,1.7,0,232,54,679,0,21.15,Tirumala
23-01-2018,0.57,29.4,35.8,65.7,101.6,14,2.3,48,79,1.39,2.78,0.26,18.5,77,1.2,0,223,54,679,0,21.76,Tirumala
24-01-2018,0.61,29.4,32.4,64,96.4,17,5.1,57,96,1.4,2.99,0.28,19.3,74,1.2,-0.1,257,56,678,0,22.39,Tirumala
25-01-2018,0.76,40.3,26.4,82.4,108.8,18.2,12.2,66,106,1.21,3.51,0.29,20.6,58,1.7,0,224,98,677,0,22.41,Tirumala
26-01-2018,0.73,42.3,31.5,87.3,118.9,17.5,4.9,69,111,1.11,2.51,0.14,19.4,60,1.4,0,191,61,678,0,22.58,Tirumala
27-01-2018,0.72,34.8,29.6,88.8,118.4,17.5,6.3,71,117,1.17,1.99,0.1,19.1,63,1.3,0,169,83,679,0,22.34,Tirumala
28-01-2018,0.55,39.1,22.5,73.6,96.2,17.5,2.2,57,92,0.98,1.91,0.06,18.9,65,2.1,0,282,98,679,0,21.8,Tirumala
29-01-2018,1.11,54.2,10.2,53.2,63.4,18.3,1.7,51,86,0.93,1.48,0.03,20.1,65,2.7,-0.1,212,252,684,0,21.7,Tirumala
01-02-2018,1.23,29.5,27.4,90.2,117.6,15.4,2.1,29,66,0.97,2.58,0.28,19.7,48,1,119,3,681,,0,21.83,Tirumala
02-02-2018,0.54,40.2,21.5,88.8,110.4,13.7,4.3,34,68,0.76,1.88,0.11,19.9,45,1.4,111,85,680,,0,21.9,Tirumala
03-02-2018,0.37,40.9,21.9,71.8,93.8,12.6,6.8,31,69,0.7,1.95,0.16,18.5,51,1.6,94,85,680,,0,21.31,Tirumala
04-02-2018,0.37,31.1,23,70.8,93.9,13.1,4.6,29,64,0.6,1.5,0.07,17.7,67,1.8,87,79,680,,0,21.43,Tirumala
05-02-2018,0.5,26,30.5,66.3,96.9,13.8,3.3,31,67,0.87,2.07,0.13,17.7,75,1.6,77,72,682,,0,21.25,Tirumala
06-02-2018,0.55,22.2,31.7,56.8,88.6,13.7,2.1,36,71,0.92,2.37,0.2,19.2,79,1.1,102,58,683,,0,23.44,Tirumala
07-02-2018,0.45,25.9,10.1,36.6,46.7,13.3,4.8,29,56,0.68,1.81,0.09,20.3,78,1.4,146,58,681,,53,24.69,Tirumala
08-02-2018,0.58,31.3,26.3,64.1,90.5,13.1,6.9,44,74,0.91,2.42,0.12,20.4,67,1.4,93,52,680,,0,24.91,Tirumala
09-02-2018,0.52,30.4,31.1,73,104.3,14.5,5.5,39,68,1.05,2.85,0.19,21.6,58,1.2,113,78,679,,0,24.43,Tirumala
10-02-2018,0.48,23.8,33.8,52.1,86,12.1,5.4,36,65,0.79,2.68,0.29,20.7,64,1.1,116,60,682,,0,23.54,Tirumala
11-02-2018,0.36,31.3,16,44.2,60.3,13.5,6.4,45,74,0.71,1.82,0.09,19.6,70,1.4,149,72,683,,0,24.31,Tirumala
12-02-2018,0.4,26.8,13.1,33.8,46.9,13.5,3.8,45,77,0.73,2.01,0.19,19.1,82,1.9,72,35,685,,0,23.81,Tirumala
13-02-2018,0.39,31.4,,,,,4.9,52,85,0.7,1.77,0.16,18.8,81,1.9,67,62,687,,0,22.92,Tirumala
14-02-2018,0.43,35.8,,,,,2.8,45,79,0.93,1.81,0.12,19.3,80,2,65,73,687,,0,23.1,Tirumala
15-02-2018,0.43,38.4,16.6,53.7,70.4,10.5,7.6,43,76,1.14,2.2,0.2,20.4,67,2.1,72,87,688,,0,22.56,Tirumala
16-02-2018,0.38,36.7,24.6,67,91.7,9.5,4.4,31,53,0.87,2.03,0.17,20.2,53,1.4,87,85,686,,0,23.62,Tirumala
17-02-2018,0.54,41.8,22.6,79.6,102.3,12.6,9.1,48,85,1.1,2.6,0.29,20.5,61,1.3,114,79,681,,0,24.06,Tirumala
18-02-2018,0.52,46,27.1,88.9,116.1,10.7,5.5,47,73,0.96,2.25,0.15,20.6,53,1.3,117,87,680,,0,23.44,Tirumala
19-02-2018,0.48,50.7,16.3,70.6,86.9,10.2,8.7,42,72,0.73,2.16,0.12,20.1,56,1.5,92,86,680,,0,23.42,Tirumala
20-02-2018,0.47,50.3,15.2,70.1,85.3,10.2,8.4,45,86,0.76,2.17,0.14,20,58,1.5,101,83,680,,0,24.03,Tirumala
21-02-2018,0.46,51.4,17.3,68.8,86.1,10,5.8,42,92,0.68,1.88,0.14,20.4,51,1.5,108,82,679,,0,23.95,Tirumala
22-02-2018,0.43,49.5,17.1,69.6,86.7,9.8,6.7,39,83,0.61,1.9,0.09,21,50,1.5,104,86,678,,0,24.25,Tirumala
23-02-2018,0.45,45.6,22.4,65.8,88.2,10.5,6,36,78,0.64,2.05,0.1,20,55,1.7,88,90,679,,0,23.56,Tirumala
24-02-2018,0.49,23,45.2,58.9,104.2,10.5,6.1,36,70,0.78,2.39,0.13,19.2,72,1.2,102,81,681,,0,23.57,Tirumala
25-02-2018,0.42,16.5,54.8,51.3,106.2,7.3,5.1,25,49,0.76,2.19,0.13,19.6,67,1.4,89,92,682,,0,23.97,Tirumala
26-02-2018,0.44,16.4,56.4,58.3,114.8,6.3,2.8,17,40,0.7,2.25,0.16,21.1,53,1.2,100,94,681,,0,24.91,Tirumala
27-02-2018,0.38,26.1,43.7,64,107.8,7.9,3.7,22,45,0.57,2.03,0.14,21.7,46,1.4,107,93,680,,0,25.3,Tirumala
28-02-2018,0.49,28.6,30.7,70.1,100.9,8.8,8.7,26,54,0.61,1.99,0.1,21.7,46,1.2,131,70,680,,0,25.74,Tirumala
01-03-2018,0.5,41.8,26.7,81.1,107.8,10.1,5.4,38,70,0.7,2.05,0.16,22.1,43,1.2,0,138,88,680,0,25.8,Tirumala
02-03-2018,0.5,46.8,25.3,94.5,119.9,9.5,4.1,42,73,0.7,2.08,0.14,22.2,41,1.2,0,119,91,679,0,25.93,Tirumala
03-03-2018,0.47,39.3,39.2,89.2,128.5,7.1,9.4,29,55,0.75,2.32,0.22,22.4,37,1.2,0,104,98,679,0,26,Tirumala
04-03-2018,0.49,41,32.8,91.4,124.3,8.2,6.5,28,56,0.77,2.16,0.11,23.2,38,1.3,0,112,93,678,0,25.78,Tirumala
05-03-2018,0.43,32.5,38.1,80.3,118.5,7.7,9.1,22,46,0.57,1.89,0.14,22.1,38,1.3,0,117,98,679,0,25.62,Tirumala
06-03-2018,0.38,52.5,15.2,73.8,89,10.4,3.8,31,62,0.58,1.72,0.09,22,41,1.3,-0.1,181,97,680,0,25.93,Tirumala
07-03-2018,0.56,58,8.8,63.8,72.7,14.1,8.7,46,85,0.87,2.25,0.11,21.4,48,1.2,-0.1,174,93,680,0,26.35,Tirumala
08-03-2018,0.53,54.5,13.2,71,84.2,13.6,8.8,44,77,0.7,2.26,0.07,22.2,43,1.3,0,133,90,680,0,26.57,Tirumala
09-03-2018,0.57,43.2,24.3,86.9,111.3,14.5,9.7,55,92,0.84,2.5,0.18,21.7,50,1.2,0,143,75,680,0,26.68,Tirumala
10-03-2018,0.62,52.4,21.3,86.8,108.1,13.9,6.1,50,84,0.96,2.43,0.25,22.1,47,1.1,0,133,69,680,0,27.4,Tirumala
11-03-2018,0.57,54.3,20.1,81.6,101.8,14.3,7.3,55,95,1.06,2.24,0.16,21.8,56,1.3,0,108,80,681,0,27.09,Tirumala
12-03-2018,0.46,30.6,14.9,53.3,68.2,10.5,10.9,29,58,0.76,1.91,0.07,21.4,69,1.3,-0.1,187,76,681,0,27.22,Tirumala
13-03-2018,0.44,26.4,18.2,43.3,61.5,10.3,7.8,32,62,0.73,1.96,0.08,21.5,75,1.1,0,138,41,681,0,27.88,Tirumala
14-03-2018,0.51,23.5,9,36.9,45.9,9.5,3.7,24,60,0.78,1.97,0.05,21.9,74,1.1,0,160,38,679,0,27.92,Tirumala
15-03-2018,0.35,30.9,5.4,35.6,41,9.8,5.4,21,53,0.56,1.38,0.03,23,66,1.3,0,196,84,678,0,28.71,Tirumala
16-03-2018,0.55,22.3,17.7,38.8,56.5,10.1,4.5,26,62,0.7,2.07,0.06,21.9,78,1.1,0,152,33,677,0,29.09,Tirumala
17-03-2018,0.49,24.6,17.9,40.5,58.5,10.6,5.4,27,56,0.52,1.67,0.05,20,82,1.2,0,135,24,679,0,26.44,Tirumala
18-03-2018,0.49,33.4,14.1,44.6,58.7,10.3,15.4,46,83,0.63,1.64,0.04,21,73,1.1,0,148,80,680,0,27.14,Tirumala
19-03-2018,0.46,53.3,11.6,63.2,74.7,9.6,8.3,48,63,0.67,2.03,0.01,21.8,56,1,0,159,83,682,0,26.48,Tirumala
20-03-2018,0.53,44.7,18.3,71,89.3,10.3,4.6,47,,0.84,2.48,0.01,22.9,57,1,0,126,83,680,0,27.1,Tirumala
21-03-2018,0.44,57,2.6,41.6,44.1,11.6,5.3,44,,0.67,1.78,0,23.3,59,0.9,0,157,80,679,0,27.76,Tirumala
22-03-2018,0.47,67.1,6.9,57.6,64.5,13.5,11.6,62,103,0.87,1.92,0.06,24.5,55,1,0,178,56,676,0,29.04,Tirumala
23-03-2018,0.71,56.2,14.9,67.8,82.7,13.4,10.3,62,120,1.15,2.49,0.13,24.2,61,1,0,145,42,676,0,29.29,Tirumala
24-03-2018,0.52,54.9,7.8,53.5,61.3,13.6,7.2,55,116,0.93,2.43,0.15,23.7,64,1,0,177,71,679,0,29.54,Tirumala
25-03-2018,0.5,45.2,11.9,51.7,63.6,11.6,5.6,48,102,0.69,1.87,0.09,22.6,64,1,0,142,76,681,0,28.46,Tirumala
26-03-2018,0.52,34.8,28.9,82.8,111.8,10.2,12.1,47,88,0.79,2.39,0.17,22.8,54,1.1,0,119,75,682,0,28.58,Tirumala
27-03-2018,0.34,32.3,4.2,35.7,39.8,9.3,6.2,25,64,0.51,1.51,0.02,22.7,63,1,0,199,64,680,0,29.84,Tirumala
28-03-2018,0.48,46.7,2.9,36.3,39.2,10.9,7.9,36,84,0.57,1.17,0,23.7,66,1,0,189,62,678,0,30.41,Tirumala
29-03-2018,0.5,50,3.1,38.8,41.9,10.8,5.1,32,87,0.59,1.22,0,24.1,66,1.2,0,200,67,678,0,31.52,Tirumala
30-03-2018,0.51,46.5,5,39.8,44.8,10.7,5.2,32,88,0.7,1.39,0.01,23.4,68,1.1,0.1,197,57,677,0,30.93,Tirumala
31-03-2018,0.64,34.6,10.8,47.8,58.5,11.3,5.1,38,104,0.8,1.86,0.04,23.2,72,1.1,0,176,53,676,0,30,Tirumala
01-04-2018,0.5,36.6,5.2,35.3,40.5,11.4,5.8,36,99,0.53,1.24,0,23.1,73,1.2,,65,676,,0,30.37,Tirumala
02-04-2018,0.52,31.7,8.9,40.2,49.1,10.1,5.7,37,94,0.54,1.55,0.03,22.3,76,1.1,,44,678,,0,30.31,Tirumala
03-04-2018,0.52,31.7,10.5,42.1,52.6,9.4,3.5,37,97,0.66,2,0.14,22.9,74,1.1,,51,677,,0,30.05,Tirumala
04-04-2018,0.46,39.5,3.5,33.7,37.2,10.3,4.5,33,85,0.53,1.56,0,23.3,69,0.9,,76,675,,0,30.06,Tirumala
05-04-2018,0.48,29.3,8.1,42.1,50.2,11.2,3.2,33,89,0.6,1.58,0.01,22.7,69,1,,74,674,,0,29.76,Tirumala
06-04-2018,0.46,32.6,10,43.9,53.9,12.2,2.1,33,88,0.7,1.76,0,23.3,66,1,,79,676,,0,29.86,Tirumala
07-04-2018,0.46,33.1,8.5,45.5,54,12.7,3.8,31,85,0.68,1.9,0.04,23.3,63,1,,52,677,,0,30.26,Tirumala
08-04-2018,0.48,16,19.4,31.9,51.4,12.7,3.3,18,58,0.43,2.09,0.69,22.3,71,1.6,,82,679,,0,29.73,Tirumala
09-04-2018,0.38,23.4,18.1,42.5,60.6,11.7,7.4,31,71,0.5,1.81,0.03,22.1,70,1.2,,78,679,,0,29.25,Tirumala
10-04-2018,0.44,20.8,22.3,37.1,59.4,10.2,9.9,30,76,0.62,2.31,0.08,21.9,73,1.2,,75,677,,0,29.33,Tirumala
11-04-2018,0.43,23,12.7,36.6,49.3,8.5,6.1,17,57,0.49,1.77,0.11,22.6,73,1.3,,64,677,,0,29.86,Tirumala
12-04-2018,0.43,25.7,9.2,36.3,45.5,7.5,8.2,13,50,0.56,1.84,0.05,23.4,69,1.4,,101,676,,0,30.73,Tirumala
13-04-2018,0.44,23.4,7.7,31.9,39.6,7.7,3.6,11,50,0.59,1.9,0.16,22.9,73,1.2,,74,677,,0,31.14,Tirumala
14-04-2018,0.47,19.6,12.2,36.9,49.2,8.4,6.5,14,52,0.55,1.8,0.21,23.5,71,1.2,,70,677,,0,31.31,Tirumala
15-04-2018,0.9,17,11.3,33.4,44.7,8.2,1.8,9,48,0.5,1.53,0.11,23.3,73,1.2,,57,677,,0,31.13,Tirumala
16-04-2018,0.49,22.9,7.8,34.9,42.7,9.1,2.4,18,71,0.59,1.72,0.14,23.7,72,1.2,,48,678,,0,31.73,Tirumala
17-04-2018,0.31,18.7,10.1,34.2,44.3,9.3,3.7,12,56,0.57,1.91,0.25,23.7,70,1.1,,81,679,,0,31.57,Tirumala
18-04-2018,0.31,21.9,1.8,17.9,19.7,10.1,8.8,19,91,0.36,1.49,0.39,21.6,78,0.8,,3,679,,0,32.71,Tirumala
24-04-2018,0.97,16,42.7,83.7,126.5,16.5,3.7,42,106,1.11,3.3,0.75,23.8,65,0.9,,5,672,,0,32.38,Tirumala
25-04-2018,0.95,26,10.2,41.2,51.5,16.2,2.9,31,82,0.58,1.74,0.21,24.5,68,1,,101,672,,0,32.03,Tirumala
26-04-2018,0.5,33.3,6.4,40.9,47.3,12.6,4.5,29,85,0.49,1.45,0.06,24.8,66,1.2,,87,672,,0,32.5,Tirumala
27-04-2018,0.35,29.7,10.1,38.7,48.8,11,8.2,26,82,0.44,1.4,0.02,24.5,66,1.3,,117,675,,0,31.64,Tirumala
28-04-2018,0.37,7.3,7.3,33.7,40.9,9.3,3.1,12,56,0.33,1.1,0.05,24.3,67,1.1,,112,676,,0,31.79,Tirumala
29-04-2018,0.4,29.7,7.4,39.2,46.7,11.1,8.7,24,72,0.52,1.29,0.02,24.6,68,1.1,,101,675,,0,32.53,Tirumala
30-04-2018,0.61,33.9,17.8,52.1,70,10.7,6.5,33,100,0.9,2,0.02,24.4,68,1.3,,78,673,,2,33.34,Tirumala
01-05-2018,0.46,43.9,7.6,40.4,48,11.5,2.1,27,74,0.62,1.37,0.02,25.1,64,1.3,0.1,167,101,675,0,33.8,Tirumala
02-05-2018,0.5,44.7,8.6,49.3,57.9,12,4.7,35,101,0.75,1.77,0.03,24.6,70,1.4,0.1,161,71,675,0,32.43,Tirumala
03-05-2018,0.38,40.4,5,33.4,38.4,12.3,3.8,33,107,0.46,1.04,0,24.6,72,1.3,0.1,177,103,675,0,30.71,Tirumala
04-05-2018,,,,,,,,,,,,,,,,,,,,,28.62,Tirumala
05-05-2018,,,23.3,52.6,76,12,3.6,24,81,0.99,3.09,0,23.8,69,0.8,0,122,2,679,0,29.36,Tirumala
06-05-2018,,,7.9,34.8,42.7,12.9,2.8,,67,0.49,2.13,0.01,24.2,68,1,0,191,114,679,0,29.11,Tirumala
07-05-2018,,,11.3,46,57.3,11.9,8.2,,94,0.73,1.95,0.03,24.7,69,1.1,0,161,73,677,0,30.34,Tirumala
08-05-2018,,,8.4,41.2,49.6,13.8,5.3,,94,0.74,1.82,0.05,24.6,69,1.1,0,162,49,675,0,30.28,Tirumala
09-05-2018,,,4.1,31.5,35.7,13.7,3.9,21,61,0.67,1.66,0,24.5,67,1.1,0,172,88,627,0,30.58,Tirumala
10-05-2018,,,7.1,31.1,38.1,13.6,4.3,13,,0.63,2.07,0.31,24.8,67,1.1,0,180,108,549,0,30.72,Tirumala
11-05-2018,,,7.5,37.6,45.1,14.3,4.1,18,63,0.79,2.32,0.14,25.1,67,1,0,197,104,547,0,30.53,Tirumala
12-05-2018,0.62,20.5,11.2,37.9,49.1,15.2,1.9,20,65,0.93,2.87,0.05,24.7,71,1,0,186,57,547,0,31.66,Tirumala
13-05-2018,0.45,19.7,17.5,38.3,55.9,13.3,5.7,21,64,0.83,2.47,0,24,73,1,0,198,55,547,0,31.04,Tirumala
14-05-2018,0.42,21.5,10.2,35.3,45.6,11.3,7.9,19,63,0.84,2.84,0.01,23.9,73,1,0,192,74,547,0,29.83,Tirumala
15-05-2018,0.38,20.4,14.2,37.5,51.7,10.3,6.1,19,72,0.79,2.58,0.01,23.4,73,1,0,220,67,546,0,29.51,Tirumala
16-05-2018,0.33,24.4,10.2,37.9,48.2,11.2,6.9,19,68,0.89,2.85,0,24,69,1,0,228,103,544,0,30.53,Tirumala
17-05-2018,0.33,24.8,6.9,32.9,39.8,9.8,5.7,15,62,0.88,2.37,0,24.3,69,1,0,202,102,544,0,31.42,Tirumala
18-05-2018,0.49,31.6,14.2,44.5,58.7,11.3,,31,94,1.13,3.03,0,24.5,68,0.9,0,215,53,544,0,32.01,Tirumala
19-05-2018,0.54,37.7,11.1,50,61.1,12.7,,35,119,1.33,3.3,0.01,24.8,67,1.2,0,197,56,543,0,32.21,Tirumala
20-05-2018,0.46,40.3,13.4,47.6,61,13.3,3.5,37,121,1.21,2.99,0.01,24.9,64,1.1,0.1,205,77,542,0,30.54,Tirumala
21-05-2018,0.49,32.2,11.1,44.2,55.3,12,7.3,28,109,1.11,2.96,0.01,24.2,71,1.1,0,206,40,543,0,30.31,Tirumala
22-05-2018,0.51,26,17.2,48,65.2,11.6,2.7,29,118,1.05,3.11,0.02,23.9,71,1,0.1,225,58,554,0,30.21,Tirumala
23-05-2018,0.43,26,10.2,37.1,47.3,11.6,7.7,27,104,1.15,3.39,0.01,23.9,72,1.1,0.1,249,83,575,0,30.54,Tirumala
24-05-2018,0.45,22.4,17,38.8,55.8,10.5,2.5,20,77,1.07,3.56,0,23.8,71,1.1,0,230,54,574,0,31.23,Tirumala
25-05-2018,0.4,13.6,18.4,34.5,52.9,9.3,5.5,16,58,0.96,3.49,0.02,23.4,73,1,0,228,37,573,0,30.05,Tirumala
26-05-2018,0.53,24.4,14.7,43.3,58,9.9,5.6,22,66,1.13,3.71,0.03,24.7,69,1.2,0,212,88,573,0,29.9,Tirumala
27-05-2018,0.4,24.7,10,37.6,47.6,10.1,4.7,24,67,0.91,2.86,0.05,24,71,1.2,0,207,94,573,0,30.25,Tirumala
28-05-2018,0.52,26.7,10.5,37.7,48.2,10.2,5.6,27,83,1.03,3.17,0.09,24.7,70,0.9,0.1,206,85,570,0,30.3,Tirumala
29-05-2018,0.72,25.9,30.4,58.3,88.7,10.2,3.2,28,80,1.75,4.6,0.01,25,68,1.2,0.1,209,90,569,0,32.02,Tirumala
30-05-2018,0.45,33.7,10,40.8,50.8,12.4,3.6,20,60,1.58,3.61,0.02,25,66,1.2,0.1,152,61,572,0,32.29,Tirumala
31-05-2018,0.48,35.7,9.1,41.6,50.7,14.6,6.2,30,95,1.14,3.34,0.03,25.1,67,1,0,193,55,574,0,31.57,Tirumala
01-06-2018,0.54,39.2,10.8,42.4,53.2,14.8,7.9,39,109,1.43,3.75,0.07,24,73,0.8,,196,28,576,2,30.61,Tirumala
02-06-2018,0.47,42.8,8.6,39.7,48.2,15.1,7.5,33,88,1.35,3.81,0.11,23.6,72,1.1,,210,48,576,1,29.21,Tirumala
03-06-2018,0.46,31.6,11.4,43,54.4,13.4,2.6,21,50,0.97,2.87,0.04,24.2,66,1.1,,169,80,574,0,28.86,Tirumala
04-06-2018,0.45,27.6,19.5,44.2,63.8,10.6,4.5,18,43,0.89,2.93,0.06,23.1,69,1.2,,187,65,572,52,28.84,Tirumala
05-06-2018,0.43,24.6,15.9,37.2,53.1,11.6,3.2,12,36,0.95,3.72,0.09,24.6,65,1,,234,92,573,0,29.62,Tirumala
06-06-2018,0.43,19.4,17.4,33.8,51.2,11,2.9,11,32,0.98,4.16,0.1,23.8,71,1.2,,183,83,577,3,29.79,Tirumala
07-06-2018,0.37,17.9,12.7,27.3,40,9.1,4.2,10,34,0.81,3.8,0.03,23.5,70,1.6,,193,85,574,0,28.55,Tirumala
08-06-2018,0.35,17.3,11.2,27.4,38.6,8.8,1.4,7,31,1.06,4.2,0.07,22.9,70,2.1,,201,34,571,0,28.7,Tirumala
09-06-2018,0.35,15.3,17.4,29.9,47.4,7.6,1.1,11,34,1.16,4.07,0.05,21.4,78,1.9,,195,3,569,10,28.39,Tirumala
10-06-2018,0.28,16.2,12.7,23.4,36.1,7.1,2.2,11,51,0.67,2.33,0,22.8,71,2.4,,153,50,571,1,29.41,Tirumala
11-06-2018,0.33,11.4,21.5,26.5,48,6.1,4.1,14,71,0.83,2.88,0.13,23.1,72,1.9,,185,27,572,1,29.38,Tirumala
12-06-2018,0.33,13.8,17,27.1,44.1,5.9,1.7,13,58,0.86,2.72,0.06,23.3,69,2.1,,124,39,573,1,29.44,Tirumala
13-06-2018,0.31,15.2,12.8,27.3,40.1,5.9,3.8,14,57,1.01,4,0.12,23,69,1.5,,133,17,574,0,30.07,Tirumala
14-06-2018,0.32,14.8,17.1,29.3,46.4,5.9,3.7,17,77,0.86,3.97,0.12,23.8,66,1.8,,180,88,575,0,29.76,Tirumala
15-06-2018,0.39,14,18.9,33.1,52,6.4,2.8,18,76,0.79,3.23,0.1,24.2,65,1.7,,192,86,577,9,30.11,Tirumala
16-06-2018,0.38,12.2,28.3,40.5,68.9,6.4,5.4,19,64,1.06,4.12,0.11,24.2,63,1.5,,222,84,579,0,29.21,Tirumala
17-06-2018,0.38,13.8,23.9,36.5,60.4,6.5,4.5,19,66,0.79,2.95,0.07,24.5,60,1.8,,198,98,579,0,29.04,Tirumala
18-06-2018,0.4,13.7,22.5,37.3,59.9,5.9,1.2,21,72,0.73,2.38,0.04,24.2,59,1.8,,179,100,576,0,30.12,Tirumala
19-06-2018,0.3,16.3,15.7,32.6,48.4,6.2,3.9,21,83,0.68,2.24,0.08,23.8,62,1.7,,178,88,575,10,29.97,Tirumala
20-06-2018,0.42,24.4,10.3,37,47.3,5.1,3.9,9,36,0.83,2.67,0.04,24.2,62,1.8,,146,91,575,0,29.29,Tirumala
21-06-2018,0.35,22.3,11.5,32.4,43.8,5.4,1.7,7,28,0.82,2.97,0.03,23.8,66,1.7,,175,79,574,0,29.46,Tirumala
22-06-2018,0.37,19.1,14.2,35.3,49.5,5.6,4.3,13,42,0.8,3.38,0.02,23.1,68,1.6,,164,82,573,0,29.12,Tirumala
23-06-2018,0.5,17,14.3,34.3,48.6,5.3,5.8,13,44,0.76,2.55,0.01,23.4,68,1.3,,159,73,574,0,29.54,Tirumala
24-06-2018,0.27,16.6,16.1,33.9,50,5.5,3,16,55,1.01,4.88,0.02,23.2,67,1.3,,170,37,576,6,29.07,Tirumala
25-06-2018,0.34,15.2,12.9,27,39.9,5.2,3,12,44,0.57,2.22,0.01,22.9,70,1.8,,200,72,574,20,28.92,Tirumala
26-06-2018,0.36,15.7,15.6,31.5,47.1,5.5,2.6,15,61,0.67,2.3,0.05,24.3,61,1.9,,199,118,573,0,29.24,Tirumala
27-06-2018,0.32,16.2,13.1,25,38.1,5.5,2.4,12,59,0.53,1.94,0.05,22.3,69,1.9,,179,35,571,1,29.09,Tirumala
28-06-2018,0.4,16.3,12.5,27.1,39.6,5.2,5.7,10,37,0.67,2.19,0.03,22.2,70,1.6,,185,28,573,0,28.71,Tirumala
29-06-2018,0.4,16.5,19.7,33.9,53.7,6,1.5,14,47,0.9,2.99,0.06,23,67,1.2,,207,27,575,0,28.57,Tirumala
30-06-2018,0.38,17.4,12.6,33.2,45.9,5.8,3.4,13,41,0.89,3.08,0.13,22.7,70,0.9,,190,32,577,1,27.71,Tirumala
01-07-2018,0.44,21.3,17.9,35,52.9,6.3,6.4,19,58,1.22,3.47,0.02,22.5,73,1,0,172,20,578,0,28.49,Tirumala
02-07-2018,0.38,25.1,13.7,30.4,44.1,5.9,3.4,14,38,0.77,2.53,0.06,23.3,69,1.4,0.1,199,87,576,3,29.26,Tirumala
03-07-2018,0.37,19.2,13.3,24.1,37.4,5.3,1.4,13,54,0.59,2.06,0.11,21.1,77,1.6,0.2,176,6,578,45,27.51,Tirumala
04-07-2018,0.23,16.2,11.9,24.7,36.7,4.9,1.7,11,55,0.51,1.86,0.08,23,66,1.8,0.2,200,44,578,0,28.78,Tirumala
05-07-2018,0.36,16,11.6,28.1,39.7,5.2,6.3,12,59,0.59,1.91,0.05,23.8,61,1.9,0.2,225,87,577,0,29.38,Tirumala
06-07-2018,0.33,14.7,11.4,24.5,35.9,5.5,1.5,8,44,0.49,1.78,0.03,22.6,67,1.9,0.1,183,30,574,0,27.92,Tirumala
07-07-2018,0.41,15.1,13.9,29.1,43,5.4,4.7,8,37,0.77,2.43,0.11,22.3,71,1.9,0.1,174,6,626,0,27.64,Tirumala
08-07-2018,0.51,13.7,15.4,31.1,46.5,5.7,3.1,13,55,0.75,2.53,0.12,21.9,73,1.8,0.1,189,16,678,0,27.3,Tirumala
09-07-2018,0.24,19.6,10.6,32.3,42.9,5.3,1.7,12,55,0.9,2.87,0.19,23,67,1.9,0.1,149,26,679,0,28.7,Tirumala
10-07-2018,0.27,18.1,8,25.2,33.1,5.6,3.5,12,56,0.51,1.69,0.12,22.2,72,1.9,0.1,102,22,681,0,28.17,Tirumala
11-07-2018,0.28,17.2,9.2,23.5,32.7,5.3,3.6,10,54,0.5,2.17,0.05,21.6,75,2.2,0.2,202,16,681,3,27.04,Tirumala
12-07-2018,0.29,16.5,7.5,20.8,28.4,5,1.7,7,47,0.41,1.49,0.04,21.6,74,2.3,0.2,107,7,679,1,27.63,Tirumala
13-07-2018,0.28,15.9,9.1,22.6,31.7,5,3.4,10,51,0.44,2.34,0.08,21.8,73,2.1,0.2,157,9,679,1,27.62,Tirumala
14-07-2018,0.25,18.6,8.8,21.4,30.2,5.8,6.7,9,51,0.39,1.3,0.08,22.3,70,2.5,0.2,147,41,678,0,27.92,Tirumala
15-07-2018,0.37,19.7,6.5,19.1,25.6,5.1,6.3,11,74,0.32,0.93,0.06,22.5,69,2.8,0.3,146,23,676,0,28.86,Tirumala
16-07-2018,0.2,19.9,5.9,17.4,23.3,4.4,6.1,9,54,0.3,0.9,0.06,22.6,67,2.9,0.3,163,29,677,0,28.45,Tirumala
17-07-2018,0.29,18.6,9.5,24.1,33.7,4.3,5.7,10,55,0.43,1.4,0.09,22.9,66,2.5,0.2,149,41,679,0,29.27,Tirumala
18-07-2018,0.32,16.9,12.7,29.4,42.2,4.3,6.2,10,58,0.58,1.9,0.12,23.5,65,2.1,0.2,182,81,680,0,29.53,Tirumala
19-07-2018,0.21,18.9,9.9,23.5,33.5,4.7,7.6,9,44,0.48,1.64,0.1,23.2,66,2.1,0.2,180,54,680,0,29.56,Tirumala
20-07-2018,0.27,21.2,7.2,22.8,30,4.7,8,7,37,0.45,1.69,0.08,22.7,68,2.3,0.2,141,44,680,0,29.54,Tirumala
21-07-2018,0.3,21.9,7.2,24.8,32,4.8,6.8,11,52,0.52,1.85,0.1,22.4,69,2.5,0.2,202,19,682,0,29.33,Tirumala
22-07-2018,0.3,18.9,10.8,28,38.8,4.8,7.2,15,68,0.5,1.59,0.09,23,66,2.3,0.2,123,36,681,0,29.86,Tirumala
23-07-2018,0.32,16,12.6,29.5,42.2,4.9,7,13,58,0.55,1.85,0.1,23.2,65,1.7,0.1,124,48,681,0,29.71,Tirumala
24-07-2018,0.31,14.7,14.3,29.9,44.2,4.9,5.9,10,51,0.56,2.02,0.11,23.6,65,1.6,0.1,176,73,683,0,29.97,Tirumala
25-07-2018,0.26,16.5,8.8,22.1,30.9,4.9,6.2,7,38,0.44,1.57,0.09,23.5,65,1.9,0.2,176,89,683,0,29.81,Tirumala
26-07-2018,0.29,14.7,11,25,36,5.1,7.3,8,47,0.49,1.83,0.1,23.6,65,1.6,0.2,202,70,684,0,30.83,Tirumala
27-07-2018,0.26,17.6,7.7,19.7,27.4,5.2,7.8,10,53,0.4,1.46,0.07,23.1,66,1.8,0.2,189,43,684,0,29.82,Tirumala
28-07-2018,0.32,15.7,12.9,28.5,41.4,5.6,6.8,14,63,0.66,2.08,0.12,23.5,65,1.5,0.1,179,45,683,0,30.53,Tirumala
29-07-2018,0.32,15.1,19.1,37.6,56.7,6.4,7.1,14,61,0.73,2.26,0.12,24.3,62,1.5,0.1,227,70,681,0,30.68,Tirumala
03-08-2018,0.45,14.8,13.8,39,52.8,6,7.2,9,58,0.54,1.85,0.07,24.1,61,1.5,0.1,102,3,683,0,29.6,Tirumala
04-08-2018,0.35,13.7,18.1,35.4,53.5,8,7.8,17,90,0.69,2.13,0.13,23.8,65,1.9,0.2,121,95,682,7,28.69,Tirumala
05-08-2018,0.34,12.9,14.9,30.5,45.4,8.4,6.7,12,61,0.56,1.86,0.11,23,69,1.7,0.2,141,64,682,8,28.78,Tirumala
06-08-2018,0.28,14.8,16.9,29.5,46.5,7.2,8.3,16,62,0.54,1.77,0.1,22.9,67,1.8,0.1,165,56,680,1,29.12,Tirumala
07-08-2018,0.31,13.7,18.7,27.5,46.3,7.1,7.2,10,50,0.58,1.87,0.11,21.7,71,1.8,0.1,178,32,678,1.5,28.37,Tirumala
08-08-2018,0.27,15.6,13.5,30.2,43.8,6.8,6.7,8,41,0.56,1.78,0.09,22.4,69,1.7,0.1,159,33,679,0,28.88,Tirumala
09-08-2018,0.28,16.4,12.6,24.5,37.2,6.6,7.7,8,47,0.52,2.07,0.1,23.2,67,1.7,0.2,126,51,682,0,28.57,Tirumala
10-08-2018,0.25,15.6,10.1,18.4,28.5,6.7,7,8,43,0.45,1.62,0.1,22,71,1.8,0.1,172,4,683,0,27.4,Tirumala
11-08-2018,0.21,15.9,6.8,14.1,21,6.1,6.9,6,31,0.27,1.01,0.06,20.2,83,1.9,0.2,163,3,682,25,27.33,Tirumala
12-08-2018,0.27,18.3,6.7,15.5,22.2,5.2,7,6,29,0.33,1.13,0.07,20.9,78,1.9,0.2,162,7,679,0,27.3,Tirumala
13-08-2018,0.25,20.8,4.2,11.3,15.5,4.5,5.8,4,23,0.21,0.75,0.05,20.9,76,2.3,0.2,169,21,680,0,28.57,Tirumala
14-08-2018,0.26,17.9,4.4,12.7,17.1,4,6.8,3,17,0.27,0.98,0.06,20.8,81,1.7,0.2,150,13,679,26,27.55,Tirumala
15-08-2018,0.31,18.8,4.7,13.5,18.2,4,5.9,4,26,0.3,1.08,0.07,20.8,84,1.9,0.2,159,16,678,1,26.44,Tirumala
16-08-2018,0.26,27.1,3.8,13.2,17,3.9,8.1,4,24,0.23,0.74,0.05,21.5,76,2.7,0.3,193,17,678,6,28.06,Tirumala
17-08-2018,0.34,20.9,10,24.3,34.3,3.8,7.1,8,42,0.44,1.29,0.08,22.5,70,2.2,0.2,192,59,678,0,29.36,Tirumala
18-08-2018,0.37,17.7,14.6,28.9,43.5,4,7.3,10,48,0.53,1.69,0.1,22.6,69,2,0.2,156,70,679,0,29.75,Tirumala
19-08-2018,0.35,17,16.5,31.1,47.6,4.1,5.6,11,52,0.47,1.34,0.08,22.2,70,2.1,0.2,161,22,679,0,28.95,Tirumala
20-08-2018,0.32,17.5,13.6,27.2,40.8,4.2,7.2,11,51,0.42,1.23,0.08,22.1,70,2.1,0.2,186,32,680,0,29.41,Tirumala
21-08-2018,0.34,16.8,14.1,29.4,43.5,4.2,7.9,9,50,0.5,1.6,0.1,23,66,1.9,0.1,185,68,682,0,30.68,Tirumala
22-08-2018,0.32,15.4,14.1,30.3,44.5,4.7,6.2,9,54,0.56,1.84,0.11,23.4,64,1.6,0.1,151,78,684,0,29.9,Tirumala
23-08-2018,0.33,12.9,19,29.6,48.6,4.8,6.4,8,39,0.74,2.55,0.23,23.3,66,1.7,0.2,138,64,685,0,30.35,Tirumala
24-08-2018,0.34,11.9,24.3,33.8,58.1,5.2,7.1,10,48,0.71,2.65,0.26,22.9,67,1.4,0.1,128,12,684,0,29.78,Tirumala
25-08-2018,0.35,13.4,21.5,36.5,58,5.7,7.2,12,55,0.95,3.56,0.37,23.1,68,1.3,0.1,125,64,683,6,28.27,Tirumala
26-08-2018,0.39,12.6,24.9,35.5,60.4,5.9,8,13,52,0.81,2.95,0.26,23.3,65,1.5,0.1,158,61,682,0,28.29,Tirumala
27-08-2018,0.31,14,18.6,30.1,48.8,5.6,6.8,8,44,0.59,2.15,0.57,22.2,71,1.6,0.1,158,55,682,6,28.35,Tirumala
28-08-2018,0.37,13.8,18.8,32.7,51.5,5.7,7.6,10,47,0.69,2.57,0.25,22,74,1.4,0.1,195,43,682,91,28.72,Tirumala
29-08-2018,0.31,13.8,18.9,31.9,50.9,5.3,6.4,8,38,0.57,1.99,0.76,22.3,71,1.4,0.1,169,50,684,4,28.49,Tirumala
30-08-2018,0.3,12.8,18.5,32.4,51,5.4,5.4,10,41,0.56,1.98,0.2,23.1,68,1.4,0.1,114,52,683,0,29.14,Tirumala
31-08-2018,0.31,12.9,19.8,31,50.9,5.6,7.9,10,42,0.6,1.96,0.12,22.3,72,1.3,0.1,123,37,684,10.5,27.63,Tirumala
01-10-2018,0.34,5.4,33.7,25.9,59.7,5.5,9,12,33,,,,21.6,80,1.1,,39,678,,0,27.22,Tirumala
02-10-2018,0.34,5.5,25.8,22.6,48.5,5.2,9.7,9,36,,,,21.8,79,1.3,,62,679,,0,27.3,Tirumala
03-10-2018,0.36,8.1,20.8,24.9,45.8,5.1,8.1,7,31,,,,21.5,82,1.5,,54,679,,0,26.9,Tirumala
04-10-2018,0.29,6.1,22.5,23.4,45.9,6.2,6.6,4,25,,,,20.1,89,1.8,,2,678,,0,25.93,Tirumala
05-10-2018,0.22,7.6,17,19.7,36.8,8.4,6.3,5,18,,,,19.9,88,1.9,,8,679,,0,25.66,Tirumala
06-10-2018,0.21,7.5,17,22.4,39.4,14.6,7.6,8,27,,,,20.8,86,1.9,,25,679,,3,25.71,Tirumala
07-10-2018,0.34,9.5,24,43.9,68,18,12.3,39,83,,,,21.1,79,1.7,,67,678,,0,26.65,Tirumala
08-10-2018,0.28,18.1,19.3,38.3,57.7,16.8,6.6,35,79,,,,20.5,84,1.8,,15,677,,0,26.42,Tirumala
09-10-2018,0.34,43.4,18.2,57.9,76.1,15.5,11.2,42,96,,,,22.2,60,1.7,,59,676,,0,27.35,Tirumala
10-10-2018,0.22,59.3,9,60.8,69.8,16.5,12.5,41,87,,,,22.9,52,1.3,,69,675,,0,27.61,Tirumala
11-10-2018,0.23,63.1,7.2,51.2,58.3,13.8,10,29,84,,,,24,45,1.2,,72,675,,0,27.6,Tirumala
12-10-2018,0.29,58.4,8.4,60.8,69.1,16,11.5,38,114,,,,23.6,51,0.9,,74,677,,0,28,Tirumala
13-10-2018,0.34,56.1,6,33.9,40,19.7,7,43,94,,,,22.6,76,1,,71,680,,0.5,27.8,Tirumala
14-10-2018,0.25,43.6,3.1,22.7,25.8,19.3,7.6,42,89,,,,22.9,77,0.9,,60,680,,0,27.69,Tirumala
15-10-2018,0.39,46.8,10.3,34.5,44.8,15.8,8.1,40,86,,,,22.5,74,1.4,,46,681,,0,27.08,Tirumala
16-10-2018,0.27,21.7,11.7,33.4,45.1,13.6,9.6,29,63,,,,21.4,81,0.9,,29,682,,0,26.51,Tirumala
17-10-2018,0.24,18,7.7,21.9,29.6,11.7,8.4,10,31,,,,21.5,80,0.9,,62,681,,0,25.55,Tirumala
18-10-2018,0.26,23.1,14.3,33.9,48.2,11.6,7.4,20,44,,,,20.9,79,1.2,,44,680,,0,25.41,Tirumala
19-10-2018,0.28,29.1,29.2,50.2,79.4,11.3,8.2,27,57,,,,20.9,73,1.5,,66,681,,0,25.61,Tirumala
20-10-2018,0.25,54.3,11.8,39.7,51.6,12.9,9.4,41,102,,,,20.4,77,2.2,,59,682,,0,25.49,Tirumala
21-10-2018,0.22,59.6,8.3,34,42.3,14.3,8.4,54,117,,,,20.2,80,2.6,,35,683,,0,25.64,Tirumala
22-10-2018,0.27,66.3,12.7,52.2,64.9,12.2,10.5,46,103,,,,21.1,62,1.8,,72,683,,0,25.63,Tirumala
23-10-2018,0.28,80.7,8.6,52.2,60.7,14.4,13,49,106,,,,21.3,61,1.9,,68,683,,0,25.7,Tirumala
24-10-2018,0.27,53.9,18.5,57.8,76.4,14.6,8.6,45,87,,,,21,65,1.5,,74,682,,0,25.96,Tirumala
25-10-2018,0.28,54,11.3,42,53.3,14.5,7.3,44,90,,,,20.8,71,1.7,,65,684,,0,25.9,Tirumala
26-10-2018,0.25,76.7,5.4,30.6,36,15.2,7.8,49,97,,,,20.2,78,2.7,,31,684,,0,25.78,Tirumala
27-10-2018,0.23,93.8,6.3,39.1,45.4,12.3,12.2,34,82,,,,20.4,67,3.3,,63,683,,0,25.33,Tirumala
28-10-2018,0.26,101.5,6.8,45.4,52.2,13.6,11.9,39,82,,,,20.7,64,2.8,,68,681,,0,25.07,Tirumala
29-10-2018,0.26,76.1,8.4,51.3,59.6,13,12.2,34,66,,,,20.9,61,2.5,,62,679,,0,25.78,Tirumala
30-10-2018,0.37,65.1,8.4,43.4,51.9,14.5,7.7,39,80,,,,20.8,76,2.6,,54,678,,0,26.19,Tirumala
31-10-2018,0.22,45.9,9.7,32.6,42.3,12.7,8.3,25,56,,,,20.6,81,3.1,,40,678,,0,25.89,Tirumala
01-11-2018,0.34,23.2,37.5,41.2,78.8,9.8,8,14,29,0.75,2.29,0.14,19.3,88,1.4,0,56,3,679,0,25.04,Tirumala
02-11-2018,0.25,27.4,16.1,30.2,46.4,10.5,8.3,7,28,0.54,1.73,0.09,19.9,87,1.5,-0.1,76,11,680,7.5,25.68,Tirumala
03-11-2018,0.22,37.8,10.3,25.9,36.2,13.4,7.2,11,45,0.5,1.64,0.09,20.3,84,1.9,-0.1,120,47,681,21.5,25.45,Tirumala
04-11-2018,0.26,34.9,11.2,26.8,38.1,10.4,6.3,11,36,0.49,2.12,0.08,20.1,86,1.8,-0.1,120,29,682,0,25.92,Tirumala
05-11-2018,0.41,34.8,15.8,34.2,50.1,11.8,10,17,39,0.77,2.32,0.16,20.9,82,1.6,-0.1,153,35,683,5.5,26.15,Tirumala
06-11-2018,0.3,29.5,21.8,36.5,58.4,11,6.7,21,43,0.64,2.02,0.1,20.6,80,1.4,-0.1,135,57,683,0,25.82,Tirumala
07-11-2018,0.16,54.3,8,29,36.9,11.2,7.8,26,46,0.46,1.46,0.07,19.7,76,2.1,-0.1,145,37,682,0,24.98,Tirumala
08-11-2018,0.2,44.7,11.3,31.7,43.1,10.9,7.9,15,37,0.54,1.7,0.09,19.7,80,1.9,-0.1,117,62,682,0,25.05,Tirumala
09-11-2018,0.25,49.1,17.8,44.8,62.7,13.3,7.8,41,71,0.69,2.12,0.11,19.7,80,1.6,-0.1,132,37,681,0,25.11,Tirumala
10-11-2018,0.4,53.2,28,70.8,98.9,14.1,10.1,58,95,0.98,2.26,0.16,20.5,69,1.3,-0.1,124,60,681,0,25.38,Tirumala
11-11-2018,0.35,52.6,21.5,62.1,83.6,14.5,14.5,54,91,0.97,2.16,0.12,20.7,71,1.6,-0.1,183,59,682,0,25.4,Tirumala
12-11-2018,0.47,62.9,12.9,56.9,69.8,14.8,14.2,70,116,1.11,2.15,0.13,20.3,74,1.7,0,234,60,680,0,24.92,Tirumala
13-11-2018,0.58,49.2,31.7,87.7,119.4,13.8,14.3,61,105,1.61,3.19,0.22,21,59,1.4,0,241,76,678,0,24.54,Tirumala
14-11-2018,0.4,65,21,76.2,97.3,14.4,14.9,50,92,1.32,2.91,0.16,20.9,61,1.8,0,243,74,678,0,24.82,Tirumala
15-11-2018,0.27,57.6,7.1,29,36.2,13,8.7,23,51,0.83,1.12,0.06,19.5,86,3.1,0,200,3,679,121.5,25.04,Tirumala
16-11-2018,0.27,36.4,10.4,30.7,41.1,10.7,8.6,18,46,0.64,1.5,0.09,20.2,86,1.7,-0.1,186,9,680,105.5,25.1,Tirumala
17-11-2018,0.43,32.5,35.6,46.6,82.3,11.4,8.9,35,69,1.05,2.83,0.17,20.9,82,1,0,149,30,681,0,25.94,Tirumala
18-11-2018,0.28,19.3,31,31.4,62.5,8.6,8.2,15,37,0.65,2.25,0.11,20.3,86,1.2,-0.1,163,10,682,0,26.5,Tirumala
19-11-2018,0.22,26.9,13,22.1,35.1,8.7,8.3,12,36,0.4,1.44,0.07,20.5,84,1.8,-0.1,174,34,683,0,26.51,Tirumala
20-11-2018,0.23,53.3,7.6,26.3,34,10.7,14.1,33,75,0.53,1.34,0.07,20,81,2.4,-0.1,172,31,683,0,25.28,Tirumala
21-11-2018,0.15,36.9,9.7,25.4,35.2,15.8,6.8,13,31,0.34,0.84,0.04,18.6,89,3,0,102,3,682,94.5,23.41,Tirumala
22-11-2018,0.19,36.2,6.2,19.3,25.5,13.3,6.6,6,18,0.32,0.67,0.04,18.3,89,2.8,-0.1,95,3,683,131.5,23.34,Tirumala
23-11-2018,0.41,52,6.6,31.5,38.1,16.4,5.9,32,61,0.85,1.51,0.1,18.6,173,2.1,-0.1,124,3,682,53.5,24.19,Tirumala
24-11-2018,0.5,65.2,15.4,52.3,67.7,12.7,10,77,139,2.03,2.4,0.14,19.5,85,1.6,0,139,14,686,0,23.95,Tirumala
25-11-2018,0.43,57.1,27.7,69.6,97.3,12.4,17.7,82,133,1.3,2.39,0.14,19.3,81,1.3,0,106,32,685,0,23.49,Tirumala
26-11-2018,0.37,87.3,13.4,57.3,70.8,10.6,11.9,71,118,1.09,2.12,0.12,18.6,80,1.6,-0.1,134,52,683,0,22.19,Tirumala
27-11-2018,0.42,91.4,9.6,52.6,62.2,7.9,8.3,51,89,1.02,1.82,0.11,18.2,76,1.4,-0.1,145,38,684,0,21.64,Tirumala
28-11-2018,0.47,76.4,6.8,40.2,46.9,8,9.3,46,85,1.04,1.67,0.1,18.6,84,1.9,-0.1,147,32,684,0,22.07,Tirumala
29-11-2018,0.46,45.1,13.6,45.3,58.9,7.6,8.7,41,80,1.11,1.89,0.11,18.9,85,1.9,0,123,13,685,0,22.85,Tirumala
30-11-2018,0.51,49.3,16.6,52.6,69.2,7.6,17,43,77,1.19,2.43,0.17,19.6,76,1.8,0,134,67,686,0,22.85,Tirumala
01-01-2019,0.3,66.1,22,94.8,116.8,11.7,13.3,56,98,1.21,1.93,0.13,16.8,73,1.5,205,67,687,,0,19.87,Tirumala
02-01-2019,0.23,97.9,6.3,50.9,57.2,13.1,10.6,50,88,0.98,1.3,0.09,17.1,79,1.6,157,59,688,,0,20.18,Tirumala
03-01-2019,0.25,86,8.5,56.5,65,12.8,10.6,54,94,1.04,1.34,0.08,17.7,77,1.4,176,69,688,,0,20.86,Tirumala
04-01-2019,0.25,74.1,8.5,61.8,70.3,12.6,9.1,55,92,1.07,1.37,0.08,17.4,75,1.6,191,62,688,,0,20.91,Tirumala
05-01-2019,0.29,78.4,6.5,52.2,58.7,12.8,10.4,58,98,1.08,1.31,0.08,17.5,80,2.1,208,39,686,,0,20.86,Tirumala
06-01-2019,0.3,74.7,6.7,53.9,60.6,12.3,9.8,59,101,1.2,1.3,0.07,17.5,80,1.8,195,40,684,,0,20.66,Tirumala
07-01-2019,0.41,46.8,18.4,80.6,99,10.5,9.7,50,90,1.46,1.95,0.12,18.1,75,1.4,179,51,683,,0,21.07,Tirumala
08-01-2019,0.37,66.5,9.4,71.9,81.4,11.2,11.4,49,83,1.13,1.59,0.09,18.7,58,1.8,183,67,683,,0,21.36,Tirumala
09-01-2019,0.46,50,28.4,109,137.4,11,12.4,51,89,1.05,1.85,0.14,18.7,54,1.1,136,72,683,,0,21.39,Tirumala
10-01-2019,0.33,57.6,16,81.7,97.7,14.3,10.5,61,99,0.84,1.8,0.12,17.7,74,1.3,134,63,682,,0,21.7,Tirumala
11-01-2019,0.37,68.4,7.2,49.3,56.5,14.2,9.9,66,113,1.14,1.4,0.09,18,80,1.6,166,52,684,,0,21.76,Tirumala
12-01-2019,0.3,60.8,13,64.6,77.7,12.5,11.2,60,105,1.21,1.49,0.13,17.7,79,1.8,204,61,684,,0,21.28,Tirumala
13-01-2019,0.32,47.4,18.1,76.8,95,11.1,9.6,54,93,1.02,1.56,0.1,17.7,77,1.6,188,67,684,,0,21.33,Tirumala
14-01-2019,0.53,59.3,11.5,74.7,86.3,15.2,14.8,95,149,2.47,2.26,0.09,17.6,75,1.9,210,61,683,,0,21.16,Tirumala
15-01-2019,0.27,78.8,7.5,59.6,67.1,12.2,12.8,56,91,0.99,1.06,0.07,18.3,62,2,180,52,684,,0,21.31,Tirumala
16-01-2019,0.31,66.1,9.6,65.4,74.9,13.7,11.1,67,112,1.1,1.19,0.07,18,74,1.4,157,46,684,,0,22.11,Tirumala
17-01-2019,0.37,62.5,8.4,66.2,74.6,14.8,10.6,78,123,1.17,1.29,0.08,18.5,73,1.2,142,54,682,,0,22.37,Tirumala
18-01-2019,0.41,60.2,10.2,65.7,75.9,15.4,10.2,85,131,1.3,1.27,0.07,17.9,80,1.4,143,50,682,,0,22.05,Tirumala
19-01-2019,0.27,59.7,10.8,65.9,76.8,11.9,10.2,59,101,1.13,1.4,0.09,17.9,75,1.7,160,65,684,,0,21.81,Tirumala
20-01-2019,0.38,57.8,14.3,76.9,91.2,10.2,12.5,48,84,0.84,1.17,0.07,17.9,69,1.3,129,54,685,,0,21.65,Tirumala
21-01-2019,0.34,55.3,19.4,86,105.4,13.7,10.6,68,111,1.07,1.52,0.1,17.4,76,1.4,136,56,684,,0,21.78,Tirumala
22-01-2019,0.34,47.5,15.1,72.9,88,11.8,12.2,57,111,0.92,1.35,0.08,18.4,76,0.9,101,67,683,,0,21.85,Tirumala
23-01-2019,0.24,45.2,12.6,62.4,75,11.2,9.2,46,87,0.9,1.4,0.08,18.9,78,1.2,127,54,683,,0,23.35,Tirumala
24-01-2019,0.29,38.2,12.8,60.3,73.1,10.3,8.8,35,74,0.84,1.22,0.07,19.3,76,1,106,61,684,,0,24.24,Tirumala
25-01-2019,0.33,33.7,11.6,58.9,70.5,10,9.8,30,69,0.88,1.41,0.09,19.6,74,1.1,139,51,683,,0,24.69,Tirumala
26-01-2019,0.31,29.3,12.7,59.5,72.3,9.6,10.6,31,76,0.9,2.04,0.1,19.6,81,1.1,155,17,683,,0,25.19,Tirumala
27-01-2019,0.35,31.6,10,49.8,59.8,9.7,7.2,23,,0.66,1.56,0.08,19,83,1.3,129,3,684,,0,24.64,Tirumala
28-01-2019,0.27,29.9,14.6,52.5,67.1,7.1,7,20,41,0.82,1.53,0.1,17.4,88,1.9,112,5,685,,0,21.93,Tirumala
29-01-2019,0.38,50.2,7.1,44.6,51.7,10.7,9.1,51,89,1.49,1.67,0.1,17.8,83,2.1,144,19,685,,0,22.63,Tirumala
30-01-2019,0.35,53.2,11.2,65.3,76.5,10.9,11.2,51,90,1.31,1.84,0.14,18.4,72,1.9,160,69,685,,0,21.96,Tirumala
31-01-2019,0.35,31.4,7,43,50,4.8,9.1,43,79,0.98,1.42,0.16,19,74,2.1,165,94,684,,0,22.09,Tirumala
01-02-2019,0.26,24.5,14.6,44.1,58.8,2.2,8.9,37,76,0.92,1.4,0.12,18.3,78,1.6,,59,684,,,22.52,Tirumala
02-02-2019,0.38,25.4,21.1,33.5,54.7,3.7,6.6,39,79,1.04,1.93,0.34,18.7,76,1.4,,45,683,,,23.5,Tirumala
03-02-2019,0.4,33,18.1,34.6,52.8,3.7,6.6,37,61,0.84,1.52,0.11,18.9,75,1.7,,62,685,,,24.03,Tirumala
04-02-2019,0.47,56.7,10.1,31,41.1,4.1,7.1,42,72,1.08,1.33,0.1,18.8,80,2.3,,55,687,,,24.7,Tirumala
05-02-2019,0.43,70,14.6,41.5,56.1,5.4,7.5,47,83,1.03,1.49,0.1,19.1,72,1.8,,54,687,,,24.37,Tirumala
06-02-2019,0.45,78.4,21.7,65.8,87.5,5.5,18.1,56,84,0.92,1.33,0.09,19.9,59,1.2,,66,683,,,25,Tirumala
07-02-2019,0.47,77.1,17,65,82.1,7.2,11,59,95,0.99,1.53,0.1,20.4,65,0.9,,66,683,,,25.4,Tirumala
08-02-2019,0.42,57.6,10.5,38.2,48.7,10.2,3,36,67,0.86,1.68,0.1,21.3,73,1.1,,67,683,,,26.74,Tirumala
09-02-2019,0.54,42.6,18.4,38,56.4,10.2,2.3,42,72,0.98,1.88,0.12,20.7,81,1,,18,683,,,27.07,Tirumala
10-02-2019,0.49,36,25.9,40.3,66.2,12.2,4.5,43,67,0.8,1.84,0.12,20.7,80,1.4,,43,685,,,26.08,Tirumala
11-02-2019,0.41,46.2,13.2,30.4,43.7,12.2,1.5,38,65,0.66,1.2,0.08,19.5,82,2,,26,686,,,25.58,Tirumala
12-02-2019,0.42,65.5,9.6,31.2,40.9,11.7,2.7,45,76,0.99,1.39,0.09,19.3,80,2.1,,42,687,,,24.92,Tirumala
13-02-2019,0.42,77.5,16.9,45,62,12.3,4.1,47,91,0.96,1.61,0.12,19.1,74,2.1,,53,688,,,24.42,Tirumala
14-02-2019,0.43,54.2,46.8,57.9,104.9,15.4,4.1,36,64,0.9,2.1,0.14,20.6,61,1,,75,684,,,25.44,Tirumala
15-02-2019,0.44,37.1,27.8,52.2,80.1,11.4,4.8,26,47,0.74,1.74,0.09,21,68,0.9,,59,684,,,26.36,Tirumala
16-02-2019,0.45,62.6,7.2,36.2,43.4,11,5.6,32,69,0.75,2.24,0.09,21.9,67,1.1,,61,684,,,27.66,Tirumala
17-02-2019,0.45,49.5,8.2,37.3,45.6,10.9,4.8,34,65,0.8,1.81,0.1,22,75,1,,48,681,,,28.64,Tirumala
18-02-2019,0.5,54.8,9.2,35.6,44.8,10.6,6.3,41,80,0.94,1.96,0.1,22.1,78,1,,41,679,,,28.8,Tirumala
19-02-2019,0.46,47,11.5,31.7,43.3,10.8,4.6,34,67,0.78,1.82,0.11,21.7,79,1.1,,25,681,,,28.41,Tirumala
20-02-2019,0.4,39,20.5,33.3,53.9,11.2,5.9,32,62,0.7,2.05,0.12,20.7,76,1.2,,57,685,,,27.34,Tirumala
21-02-2019,0.39,33.8,42.5,36.4,79,13.4,3.7,26,53,0.67,1.61,0.1,20.3,69,1.2,,64,687,,,26.33,Tirumala
22-02-2019,0.3,42.8,46.2,46.7,93,15.4,5.4,25,47,0.51,1.46,0.1,21.7,44,1.2,,74,685,,,26.03,Tirumala
23-02-2019,0.35,50.2,37.9,58.9,97,16.5,5,26,49,0.67,2.24,0.43,22.8,40,1.2,,76,682,,,26.4,Tirumala
24-02-2019,0.3,68.1,16.6,56.8,73.4,12.9,5.3,31,63,0.74,1.56,0.09,22.8,46,1.1,,74,680,,,26.39,Tirumala
25-02-2019,0.3,62.4,7.5,41.9,49.3,12.5,3.2,16,60,0.5,1,0.06,23.4,40,1,,78,679,,,27.02,Tirumala
26-02-2019,0.31,66.4,5.4,31.7,37.2,11.9,7.1,20,59,0.57,1.18,0.07,22.9,52,1.2,,70,677,,,27.59,Tirumala
27-02-2019,0.37,50.3,8.8,27,35.8,10.7,4.2,25,58,0.68,1.11,0.08,21.6,77,1.2,,54,676,,,29.45,Tirumala
28-02-2019,0.52,62.2,11.1,43,54.2,10.7,4.7,34,78,0.9,1.78,0.11,23.7,69,1.2,,93,677,,,29.56,Tirumala
01-03-2019,0.38,54.6,8,25.3,33.3,10.7,6.1,33,66,0.6,1.1,0.07,21.6,79,1.5,160,38,678,,0,28.98,Tirumala
02-03-2019,0.35,37.6,18.9,29.9,48.9,11.1,4.2,26,55,0.53,1.44,0.1,20.6,77,1.3,123,41,680,,0,28.14,Tirumala
03-03-2019,0.39,38.5,26.3,36,62.3,11.7,6.4,27,57,0.67,1.6,0.1,21.2,75,1,130,64,679,,0,28.45,Tirumala
04-03-2019,0.31,45.6,5.6,26.3,31.9,11,4.6,20,50,0.52,1.04,0.05,22.4,69,0.9,208,72,677,,0,29.28,Tirumala
05-03-2019,0.4,68.1,2.8,36.5,39.3,14.2,9.9,34,77,0.76,1.34,0.08,24.1,62,1.1,165,65,676,,0,31.03,Tirumala
06-03-2019,0.43,66.4,4.3,46.4,50.7,17.8,6.8,34,88,0.98,1.8,0.1,24.7,60,0.9,149,60,677,,0,31.72,Tirumala
07-03-2019,0.42,70.5,1.1,35.7,36.8,19.4,6.7,27,79,0.94,1.87,0.1,24.4,67,1.1,160,74,677,,0,31.9,Tirumala
08-03-2019,0.38,49.2,3.1,33.6,36.6,22.2,7.5,25,74,0.69,1.42,0.08,23.3,70,1.1,179,66,679,,0,30.33,Tirumala
09-03-2019,0.37,45.3,4.7,35.1,39.8,22.4,3.8,24,71,0.7,1.7,0.1,22.7,74,1,158,61,682,,0,30.33,Tirumala
10-03-2019,0.32,47.6,2.3,32.5,34.9,21.3,3,19,57,0.61,1.32,0.07,22.7,69,1.1,186,71,682,,0,30.18,Tirumala
11-03-2019,0.35,49.2,3.8,40.8,44.6,20.5,3.4,20,64,0.6,1.3,0.09,22.9,61,1,183,74,683,,0,29.57,Tirumala
12-03-2019,0.33,80.7,0.9,39,39.9,20.6,3.2,30,92,0.62,1.12,0.06,23.2,51,1.1,181,78,683,,0,28.91,Tirumala
13-03-2019,0.31,75.7,1.9,46.9,48.8,20.8,4.1,29,87,0.6,1.3,0.08,23.3,45,1.1,207,77,684,,0,28.28,Tirumala
14-03-2019,0.27,75.5,1.2,42.4,43.6,21.2,2.8,26,81,0.5,1.05,0.06,23.8,42,1.1,213,76,684,,0,29.05,Tirumala
15-03-2019,0.35,76.3,6.1,49.1,55.2,21.8,8.9,31,91,0.55,1.17,0.07,23.2,44,1.1,167,76,683,,0,28.64,Tirumala
16-03-2019,0.43,61.8,25.3,65,90.3,23.8,9.7,37,92,0.77,1.58,0.11,22,54,1.1,136,73,683,,0,27.69,Tirumala
17-03-2019,0.42,48.2,18.8,52,70.8,23.7,9.5,37,82,0.8,1.87,0.1,20.9,70,1.1,122,74,682,,0,27.74,Tirumala
18-03-2019,0.34,53.9,2.7,33,35.7,20.4,3.9,17,50,0.52,1.05,0.07,21.5,70,1.1,171,78,682,,0,27.79,Tirumala
19-03-2019,0.37,51.6,3.1,35.4,38.5,20.8,3,19,52,0.64,1.21,0.08,22.1,70,1.2,175,71,679,,0,29.11,Tirumala
20-03-2019,0.38,64.3,1.6,36.6,38.3,22.9,5.9,24,58,0.5,0.81,0.06,22.4,63,1.2,206,73,679,,0,29.3,Tirumala
21-03-2019,0.31,62.4,2.8,48.2,51,22.4,5.9,20,53,0.5,0.94,0.07,22.6,56,1.2,192,71,681,,0,28.84,Tirumala
22-03-2019,0.4,59.1,3.7,49,52.6,23.3,3.7,23,59,0.61,1.26,0.08,22.7,64,1.2,168,69,681,,0,29.61,Tirumala
23-03-2019,0.4,58.7,4.7,49.5,54.2,25.5,5.9,32,73,0.74,1.54,0.09,23.4,68,1.1,168,71,681,,0,30.65,Tirumala
24-03-2019,0.42,66.2,2.9,53.2,56.1,23.2,6.4,25,62,0.65,1.33,0.08,23.9,60,1.1,151,64,680,,0,30.63,Tirumala
25-03-2019,0.32,66.6,2.8,53.1,55.9,22.5,3,19,57,0.63,2.16,0.08,23.6,53,0.9,168,71,680,,0,30.03,Tirumala
26-03-2019,0.3,75.3,1.5,39.5,41,21.3,4.2,24,71,0.54,1.31,0.07,23.6,49,1,166,75,682,,0,29.91,Tirumala
27-03-2019,0.35,77,3.4,55,58.4,23.3,9.1,33,91,0.68,1.48,0.09,23.8,51,1,162,76,683,,0,29.8,Tirumala
28-03-2019,0.33,75.6,4.8,59.8,64.6,23.4,4.1,24,71,0.67,1.53,0.11,24.3,50,1.1,155,72,682,,0,30.05,Tirumala
29-03-2019,0.34,78.7,1.8,51.5,53.3,25.8,7,25,79,0.62,1.25,0.08,24.8,49,1,177,66,679,,0,31.05,Tirumala
30-03-2019,0.43,81.8,2.3,56.6,58.9,27.2,8.2,28,77,0.8,1.58,0.1,25,50,1,184,66,679,,0,31.22,Tirumala
31-03-2019,0.39,94.9,1.3,43.3,44.5,26.7,7.4,31,80,1.01,1.48,0.18,25.3,51,1,194,70,680,,0,32.01,Tirumala
01-04-2019,0.37,82.6,2,50.2,52.2,25.1,8.5,27,78,0.66,1.21,0.08,25.2,50,1,,71,680,,0,31.46,Tirumala
02-04-2019,0.38,59.3,1.9,44.2,46.1,25,7.1,23,69,0.64,1.8,0.08,24.1,60,1.1,,68,679,,0,31.15,Tirumala
03-04-2019,0.38,62.9,2.4,43.9,46.3,26,7.9,26,64,0.63,1.1,0.07,23.3,67,1.1,,64,679,,0,30.31,Tirumala
04-04-2019,0.36,52.8,4.3,39.3,43.6,21.1,4,12,50,0.44,0.87,0.05,23.7,59,1.1,,71,681,,0,30.24,Tirumala
05-04-2019,0.34,61.4,5,32.4,37.4,22.1,7.5,16,63,0.57,1.34,0.08,24.5,59,1,,71,681,,0,31.03,Tirumala
06-04-2019,0.26,41.5,3,17.6,20.6,20.1,3.1,9,38,0.35,0.8,0.04,21.6,66,0.8,,11,681,,0,30.92,Tirumala
08-04-2019,0.45,69.9,6.5,40.2,46.7,22,4.3,24,63,0.6,1.39,0.08,25.8,56,1.1,,81,676,,0,31.31,Tirumala
09-04-2019,0.43,58.9,5.1,31.1,36.3,24.2,5.8,24,58,0.66,1.5,0.17,24.2,66,1,,66,678,,0,31.65,Tirumala
10-04-2019,0.37,58.6,3.9,28.6,32.5,24.2,4.7,19,58,0.54,1.28,0.07,24.4,64,1,,74,679,,0,31.61,Tirumala
11-04-2019,0.37,70.5,4.3,33.1,37.4,23,11.6,25,61,0.55,1.35,0.07,24.8,60,0.9,,75,678,,0,31.6,Tirumala
12-04-2019,0.4,72,6,35.3,41.3,21.2,11.4,21,73,0.63,1.46,0.08,25.2,57,0.9,,78,678,,0,32.02,Tirumala
13-04-2019,0.34,53.7,11.1,39.2,50.4,21.1,7,13,52,0.59,1.9,0.09,24.8,52,1,,76,678,,0,31.71,Tirumala
14-04-2019,0.29,61.4,6.8,38.4,45.2,20.5,5.7,15,55,0.47,1.31,0.06,25.3,46,1,,79,679,,0,31.95,Tirumala
15-04-2019,0.28,68.8,6.2,42.9,49.1,21.2,5.6,20,63,0.47,1.15,0.07,25.3,42,1.1,,81,679,,0,31.58,Tirumala
16-04-2019,0.37,62.4,8,39.1,47.1,21.9,7.5,18,68,0.56,1.4,0.08,24.9,50,1.2,,84,678,,0,31.42,Tirumala
17-04-2019,0.32,46,5.7,34.3,40,22.4,4.4,16,52,0.48,1.13,0.06,25.3,50,1.1,,79,678,,0,32.58,Tirumala
18-04-2019,0.4,30.4,12.7,29.5,42.2,26.4,7.2,18,51,0.63,1.43,0.08,23.7,71,1,,48,678,,0,32.41,Tirumala
19-04-2019,0.36,30.8,9.8,30.3,40.2,25.7,3.1,14,35,0.57,1.48,0.07,23.9,70,1.1,,88,677,,0,32.42,Tirumala
20-04-2019,0.45,27.5,15.3,42.9,58.3,22.4,6,16,36,0.57,1.63,0.09,23.5,70,1,,78,675,,0,30.64,Tirumala
21-04-2019,0.37,29.3,12.1,37.6,49.8,21.8,3.8,13,30,0.44,1.34,0.07,24,69,1.1,,74,674,,0,32.32,Tirumala
22-04-2019,0.36,38.5,9.4,38.4,47.8,21.8,4.2,14,31,0.44,1.34,0.07,23,71,1.4,,41,675,,0,32.46,Tirumala
23-04-2019,0.37,46.9,10.6,42.4,53,22.4,3.6,19,40,0.52,1.8,0.09,24.1,62,1,,89,677,,0,32.13,Tirumala
24-04-2019,0.39,31.7,13.1,36,49.1,23,5.8,24,59,0.63,2.35,0.13,24,66,0.9,,94,678,,0,32.2,Tirumala
25-04-2019,0.33,50.3,7,47.4,54.4,23,3,26,63,0.65,2.16,0.1,24.7,62,0.8,,92,678,,0,31.93,Tirumala
26-04-2019,0.41,53.5,8,48.4,56.4,25.5,5.6,32,78,0.72,2.06,0.1,25.5,56,0.9,,83,676,,0,32.68,Tirumala
27-04-2019,0.37,51,6.9,38.7,45.6,26.2,5.5,27,64,0.68,1.88,0.09,25.7,54,1,,79,676,,0,32.71,Tirumala
28-04-2019,0.35,42.9,6,35.7,41.8,24.8,8.2,22,52,0.54,1.34,0.06,24.5,58,0.8,,53,676,,0,31.85,Tirumala
29-04-2019,0.37,35.4,11,39.4,50.4,23.2,6.4,24,47,0.67,1.63,0.09,24.3,63,0.9,,21,675,,0,32.37,Tirumala
30-04-2019,0.49,48.2,12.6,55.1,67.7,25.2,4,32,78,0.97,2.41,0.14,25.4,61,1.1,,39,673,,0,33.56,Tirumala
01-05-2019,0.41,55.3,10,51.3,61.4,23.6,3.2,21,80,0.79,2.08,0.11,25,58,1.5,0.1,225,29,671,0,31.59,Tirumala
02-05-2019,0.37,46.2,13.6,50.6,64.2,22.8,2.9,20,104,0.71,1.86,0.11,26.3,49,1.5,0.2,240,68,670,0,33.64,Tirumala
03-05-2019,0.46,44.6,17.7,53.2,70.9,24.1,3.2,23,93,0.77,2.01,0.13,26.5,49,1.3,0.1,163,90,673,0,34.12,Tirumala
04-05-2019,0.37,48.3,13.6,53.3,66.9,24.5,4.8,23,99,0.71,1.83,0.1,26.3,51,1.2,0.1,183,71,677,0,33.48,Tirumala
05-05-2019,0.44,69.3,11.5,50.3,61.8,24.4,3.9,24,87,0.76,1.56,0.08,25.8,55,0.9,0,177,45,678,0,33.88,Tirumala
06-05-2019,0.54,61.5,17.4,59.4,76.8,26.3,4.2,27,102,0.94,2.17,0.16,26.4,52,1,0,144,47,676,0,33.07,Tirumala
07-05-2019,0.43,60.5,7.1,40.8,47.9,26.8,5,22,84,0.71,1.61,0.09,26.3,56,1.2,0.1,190,77,675,0,33.03,Tirumala
08-05-2019,0.34,55.9,10.1,45.5,55.6,23.9,2.4,16,67,0.62,1.52,0.09,26.2,52,1.6,0.2,231,89,675,0,30.69,Tirumala
09-05-2019,0.39,52.6,11.9,41.4,53.3,23.2,2.9,19,73,0.6,1.52,0.09,26.4,52,1.5,0.1,218,85,674,0,33.05,Tirumala
10-05-2019,0.45,60.6,12,61.6,73.6,23.7,3.4,22,75,0.78,1.88,0.11,26.8,50,1,0,199,65,675,0,33.37,Tirumala
11-05-2019,0.44,74.7,5.3,43.2,48.6,25.1,3.9,26,84,0.82,1.58,0.08,26.9,57,1.1,0,148,87,676,0,32.77,Tirumala
12-05-2019,0.52,60.5,13.8,63.8,77.6,25.4,6.1,33,108,0.91,1.9,0.08,26.3,57,0.8,0,143,54,676,0,33.13,Tirumala
13-05-2019,0.48,72.2,3.9,35.1,39,25.3,7.2,22,82,0.64,0.93,0.06,24.7,67,0.9,0,188,38,675,0,32.93,Tirumala
14-05-2019,0.55,58.9,15.4,60,75.3,25.3,2.6,22,66,0.8,1.66,0.11,25,62,1,0,155,48,674,0,33.18,Tirumala
15-05-2019,0.47,74.2,4.6,36.1,40.7,24.9,4.9,22,70,0.61,1.19,0.07,25.1,66,0.9,0,152,59,676,0,33.25,Tirumala
16-05-2019,0.57,55,13.6,46.6,60.2,26.2,5.3,28,81,0.8,1.67,0.11,24.9,69,0.8,0,171,63,677,0,31.97,Tirumala
17-05-2019,0.44,55.8,5.2,36,41.1,24.9,3.9,19,77,0.62,1.38,0.07,25.3,67,0.9,0,177,69,677,0,32.33,Tirumala
18-05-2019,0.49,48.9,9.2,47.1,56.3,25,6.1,13,84,0.78,1.71,0.1,26.1,64,1,0,157,96,676,0,33.35,Tirumala
19-05-2019,0.42,63.5,5.1,40.6,45.7,23.9,9.2,21,81,0.57,1.13,0.06,26.6,56,1,0,191,102,676,0,33.99,Tirumala
20-05-2019,0.35,59.4,5.2,36.8,42,23.5,9.5,21,71,0.59,1.32,0.07,26.6,56,1.1,0,189,97,677,0,33.21,Tirumala
21-05-2019,0.33,55.3,4.2,32.6,36.9,23,7.8,20,69,0.48,1.17,0.06,26.2,55,1.1,0,183,97,677,0,31.89,Tirumala
22-05-2019,0.43,57.3,4.6,32.8,37.4,26.9,8.1,26,74,0.65,1.47,0.08,26.1,59,1.1,0,185,88,676,0,32.11,Tirumala
23-05-2019,0.42,44.9,4.9,30.7,35.6,26.3,8.9,27,80,0.54,1.05,0.06,25.4,65,1.1,0,191,92,675,0,32.72,Tirumala
24-05-2019,0.61,47,6.9,35.2,42.1,27,4.4,31,83,0.6,1.39,0.08,25.3,69,1.1,0,181,41,676,0,32.87,Tirumala
25-05-2019,0.5,51.3,11.7,49.1,60.8,27.9,4.7,27,69,0.71,1.78,0.09,26.2,63,1,0,170,67,674,0,32.69,Tirumala
26-05-2019,0.54,57.9,17.6,60.3,78,26.5,3.7,26,66,0.84,1.9,0.12,26.4,58,0.9,0,172,50,673,0,34.68,Tirumala
27-05-2019,0.49,62.5,11.6,61.9,73.4,25.6,5.7,23,66,0.84,1.79,0.11,26.8,58,1.1,0,143,77,673,0,34.23,Tirumala
28-05-2019,0.45,63.6,7.6,41.8,49.4,26.4,4.8,27,71,0.65,1.4,0.09,25.7,64,1.1,0,193,76,672,0,33.28,Tirumala
29-05-2019,0.39,79,5.2,39.6,44.8,24.6,2.7,19,60,0.53,1.18,0.08,25.7,57,1.1,0.1,196,58,671,0,32.73,Tirumala
30-05-2019,0.55,55,14.7,57.6,72.4,26.7,2.7,28,76,0.83,1.8,3.48,24.8,65,1,0,142,7,671,0,32.82,Tirumala
31-05-2019,0.39,72.4,4.9,42.1,47.1,26.1,4.1,22,60,0.62,1.37,0.07,26,62,1,0.1,165,82,671,0,32.42,Tirumala
01-06-2019,0.4,57.2,12.9,58.3,71.2,24.5,4.2,22,62,0.68,1.74,0.11,26,58,1.4,0.1,178,80,673,0,32.87,Tirumala
02-06-2019,0.42,74.3,6.4,42.6,49,23,3.1,20,57,0.55,1.24,0.08,25.5,60,1,0,187,35,672,0,33.52,Tirumala
03-06-2019,0.51,60.4,11,60.6,71.6,23.6,2.7,19,44,0.63,1.55,0.11,25.6,59,1.3,0.1,165,77,672,0,30.9,Tirumala
04-06-2019,0.47,59,9.2,40.9,50.2,23,3.4,19,58,0.64,1.58,0.09,25.1,63,0.9,0,189,37,672,0,31.13,Tirumala
05-06-2019,0.46,69.3,8.2,46.2,54.4,23.7,3,23,58,0.62,1.47,0.11,25.7,63,1.1,0,176,47,672,0,30.38,Tirumala
06-06-2019,0.48,66.3,8.2,49.8,58.1,24.6,5.2,24,73,6.32,16.93,1.79,26,62,1.1,0,156,56,672,0,30.21,Tirumala
07-06-2019,0.42,57.9,4.9,37.5,42.4,26.1,4.5,22,61,0.57,1.3,0.08,24.9,69,1,0,160,46,672,0,30.76,Tirumala
08-06-2019,0.43,63.4,11.7,53,64.8,25.2,3.6,18,58,0.72,1.66,0.12,25.5,61,1.4,0.1,210,88,672,0,30.32,Tirumala
09-06-2019,0.39,68.7,4.9,29.3,34.3,25.2,2,19,56,0.6,1.38,0.07,25.7,62,1.2,0.1,151,86,671,0,32.52,Tirumala
10-06-2019,0.28,42.7,11.7,38.2,49.9,22,3.1,7,27,0.42,1.05,0.06,26.1,57,1.4,0.1,156,93,670,0,31.32,Tirumala
11-06-2019,0.35,36.6,12.9,42.2,55.2,20.8,2.2,7,36,0.44,1.21,0.06,25.8,58,1.6,0.2,144,75,670,0,31.8,Tirumala
12-06-2019,0.35,37.2,12.4,35,47.4,19.8,1.2,6,34,0.32,0.92,0.06,25.2,60,2,0.2,167,90,671,0,32.56,Tirumala
13-06-2019,0.26,27,18.2,31.5,49.8,19.3,4,8,29,0.32,0.88,0.07,24.6,62,1.9,0.2,165,58,672,0,31.64,Tirumala
14-06-2019,0.35,24.6,18.8,35.1,53.9,19.5,2.5,11,33,0.4,1.15,0.08,25,61,1.5,0.1,177,82,672,0,31.85,Tirumala
15-06-2019,0.26,26.9,21.5,41.6,63.1,20.1,3.1,14,52,0.46,1.38,0.08,25.9,56,1.5,0.2,215,106,672,0,33.65,Tirumala
16-06-2019,0.31,25.3,23.3,42.2,65.6,20.7,2.8,14,56,0.46,1.68,0.08,26.2,53,1.5,0.1,251,101,673,0,33.2,Tirumala
17-06-2019,0.33,26.8,22.7,40.5,63.2,19.7,3.2,15,56,0.44,1.29,0.08,25.7,54,1.4,0.1,258,50,674,0,33.1,Tirumala
18-06-2019,0.3,29.6,16.5,34.2,50.8,20.6,2.9,16,52,0.42,1.35,0.07,26.1,53,1.1,0.1,183,84,672,0,31.99,Tirumala
19-06-2019,0.33,27.7,16.7,40.4,57.1,20.7,3.5,16,56,0.5,1.45,0.1,25.9,55,1.4,0.1,241,92,671,0,33.2,Tirumala
20-06-2019,0.39,29.3,14.3,34.3,48.6,20.4,2,15,43,0.49,1.4,0.09,25,62,1.2,0.1,194,52,671,0,32.38,Tirumala
21-06-2019,0.29,27.5,18.8,38.5,57.3,20.7,2.2,18,54,0.47,1.34,0.1,24.1,63,1.2,0.1,186,27,671,0,30.86,Tirumala
22-06-2019,0.39,28.5,20.6,39.4,60.1,21.3,3.1,13,31,0.53,1.53,0.1,24.4,64,1.4,0.1,201,68,670,0,30.59,Tirumala
23-06-2019,0.36,33.9,11.5,37.2,48.7,20.6,2.5,9,16,0.32,1.09,0.07,23.6,69,1.1,0.1,148,78,678,0.5,29.02,Tirumala
24-06-2019,0.51,29.3,22.3,47.5,69.8,21.7,1.4,19,32,0.55,1.75,2.05,25.3,64,0.8,0.1,150,71,682,0,29.19,Tirumala
25-06-2019,0.4,28.3,16.7,39.4,56.1,22.6,2.4,22,48,0.46,1.4,0.09,24.1,69,0.9,0.1,174,69,674,0,29.43,Tirumala
26-06-2019,0.3,29.4,17.4,33.9,51.4,20.1,2.3,15,32,0.42,1.13,0.08,23,72,1.2,0.1,211,36,673,2.5,28.59,Tirumala
27-06-2019,0.28,25.6,18.6,32.3,50.9,20,3,16,36,0.36,1.09,0.08,24,66,1.5,0.1,201,72,671,0,29.94,Tirumala
28-06-2019,0.29,24.6,16.7,28.8,45.6,19.3,2.4,17,51,0.26,0.86,0.07,24.5,61,1.7,0.2,200,88,671,0,28.61,Tirumala
29-06-2019,0.31,23.6,20.4,30.6,51.1,20.1,2.3,16,48,0.34,1.04,0.08,24.3,60,1.8,0.2,166,59,671,0,29.47,Tirumala
30-06-2019,0.32,22.3,19.6,27.9,47.5,19.7,2.2,14,40,0.32,0.84,0.06,23.3,66,2.1,0.2,155,21,670,0,29.54,Tirumala
01-07-2019,0.43,20.3,24.7,39.4,64.2,19.6,3.3,19,47,0.41,1.3,0.09,25.6,57,1,0.1,174,95,669,0,30.87,Tirumala
02-07-2019,0.29,26.2,13.4,28.9,42.3,19,1.9,16,40,0.27,0.78,0.05,24.2,62,1.6,0.1,168,42,670,0,31.12,Tirumala
03-07-2019,0.26,28.6,10.6,27.1,37.8,18.4,2.1,13,30,0.25,0.76,0.06,23.8,63,1.8,0.2,156,35,671,0,30.47,Tirumala
04-07-2019,0.28,26.7,14.8,30.7,45.5,18.1,2.4,13,32,0.32,0.9,0.06,24.3,62,1.7,0.2,164,76,671,0,31.84,Tirumala
05-07-2019,0.24,25.2,16,29.6,45.6,18.1,2.1,14,48,0.33,0.88,0.07,23.6,66,1.8,0.2,144,44,669,0,31.12,Tirumala
06-07-2019,0.31,23.3,16.7,28.9,45.7,18,3.1,13,40,0.39,1,0.07,23.4,65,1.8,0.2,144,9,670,0,30.56,Tirumala
07-07-2019,0.31,25.9,16.1,31.9,48,17.5,1.9,14,45,0.36,0.93,0.07,24.5,60,1.8,0.2,138,70,671,0,31.61,Tirumala
08-07-2019,0.27,25.8,14.6,27.9,42.5,18,2.2,13,31,0.26,0.69,0.06,24.4,60,1.8,0.2,142,90,673,0,31.84,Tirumala
09-07-2019,0.34,23.5,15.5,26.2,41.8,17.9,2.4,11,30,0.27,0.9,0.06,24.1,62,1.6,0.1,152,73,672,0,30.88,Tirumala
10-07-2019,0.22,26.9,13.4,27.3,40.8,18.3,3,11,23,0.26,0.72,0.06,23.2,67,1.7,0.1,162,40,672,22.5,29.74,Tirumala
11-07-2019,0.28,25.5,14.9,27.7,42.7,19,1.7,12,22,0.3,1,0.08,22.7,70,1.3,0.1,211,37,674,2,29.35,Tirumala
12-07-2019,0.35,26.5,20.8,31.6,52.4,19.8,2.6,14,29,0.36,3.78,0.51,24.2,64,1,0.1,196,106,676,0.5,30.47,Tirumala
13-07-2019,0.36,28.5,23.3,27,50.4,20.8,2.2,15,31,0.43,2.98,0.07,22.7,76,0.9,0,153,48,677,14,30.15,Tirumala
14-07-2019,0.31,27.1,12,24.5,36.5,19.5,1.8,11,23,0.26,0.86,0.06,22.4,75,1.2,0.1,178,30,675,9.5,27.63,Tirumala
15-07-2019,0.38,24.9,21.8,33.2,55.1,19.3,2,16,32,0.4,6.41,0.15,23.7,69,1.1,0.1,197,83,673,0,28.79,Tirumala
16-07-2019,0.36,23.1,17.9,28.5,46.5,19.5,1.8,15,38,0.3,1.27,0.07,24.1,66,1,0.1,218,89,673,0,28.95,Tirumala
17-07-2019,0.36,24.5,17.5,31.8,49.4,19.1,2.5,17,38,0.36,1.33,0.08,23.2,71,1.3,0.2,278,31,671,0,29.1,Tirumala
18-07-2019,0.4,26.5,15.5,33.9,49.4,19.4,2.2,19,48,0.41,1.31,0.08,24.1,67,1.4,0.1,260,59,669,0,27.73,Tirumala
19-07-2019,0.41,23,17.4,30.1,47.5,20.6,2.5,20,39,0.42,1.26,0.07,22.4,79,0.9,0.1,241,33,668,3,26.88,Tirumala
20-07-2019,0.48,23.4,19,28.9,48,19.8,2.1,13,21,0.4,1.35,0.07,23.2,73,1.1,0.1,162,76,668,0,28.43,Tirumala
21-07-2019,0.39,25.4,13.9,30.1,44,19.8,1.7,13,24,0.41,1.24,0.06,23.1,74,0.9,0.1,154,93,669,1.5,28.45,Tirumala
22-07-2019,0.38,24.4,13.4,24.3,37.7,19,2.1,12,22,0.4,1.18,0.07,21.8,80,1.1,0.1,169,13,669,1,26.83,Tirumala
23-07-2019,0.31,25.3,12.5,26.2,38.7,18.6,1.5,11,24,0.32,1.15,0.07,22,74,1.3,0.2,187,32,670,0.5,27.49,Tirumala
24-07-2019,0.38,22.4,19.5,30.3,49.8,18.1,1.6,16,33,0.4,1.37,0.09,23.2,71,1.1,0.1,162,91,672,0,29.25,Tirumala
25-07-2019,0.36,22.6,11.3,21.7,33,18.6,2.1,13,25,0.29,1.02,0.07,22.2,79,1,0.1,175,37,674,2,28.62,Tirumala
26-07-2019,0.29,21.3,12,20.1,32.2,18.5,1.5,12,31,0.3,1.06,0.06,22.2,73,1.4,0.1,179,7,673,0,27.67,Tirumala
27-07-2019,0.24,22.1,13.7,20.3,34,18,2.3,14,37,0.31,1.16,0.07,22.9,67,1.6,0.1,177,63,673,0,28.04,Tirumala
28-07-2019,0.29,24.1,13,23.6,36.6,17.4,2.3,15,41,0.29,0.8,0.06,22.3,69,1.7,0.1,174,6,673,0,27.44,Tirumala
29-07-2019,0.27,23.2,13.9,22.8,36.7,17.4,2.6,16,38,0.28,0.69,0.78,22.4,69,1.7,0.1,150,7,673,0,28.4,Tirumala
30-07-2019,0.29,22.2,12.6,21.8,34.5,17.3,1.9,14,34,0.32,0.78,0.06,22.5,69,1.6,0.1,145,13,675,0,28.33,Tirumala
31-07-2019,0.3,24,10.2,22,32.2,17,2.8,13,30,0.24,0.81,0.06,23.8,62,1.7,0.1,146,88,675,0,29.64,Tirumala
01-08-2019,0.32,22.9,9.3,20.5,29.9,16.9,2.9,13,31,0.2,0.64,0.05,22.6,70,1.5,0.1,150,26,674,1,29.28,Tirumala
02-08-2019,0.31,22.5,10.8,19.5,30.4,17.3,2.2,13,27,0.28,0.75,0.07,22.1,68,1.7,0.2,144,4,673,0,28.57,Tirumala
03-08-2019,0.29,22.6,10.8,20.4,31.3,17.4,2.1,12,26,0.29,0.83,0.06,23,65,1.7,0.2,143,19,674,0,29.07,Tirumala
04-08-2019,0.33,22.1,11.6,22.9,34.5,17.3,1.3,13,32,0.29,0.75,0.06,23.2,65,1.7,0.2,135,15,673,0,28.93,Tirumala
05-08-2019,0.26,22,10.7,19.1,29.9,17,2.2,11,19,0.25,0.58,0.05,22,73,1.9,0.2,130,11,671,0,27.09,Tirumala
06-08-2019,0.24,23.8,10.8,17.6,28.4,16.4,1.7,7,18,0.2,0.52,0.05,22,72,2.2,0.2,139,44,670,0,28.04,Tirumala
07-08-2019,0.26,25.4,8.8,17.9,26.7,16,1.8,10,18,0.17,0.45,0.05,22.2,72,2.2,0.2,133,21,669,0,28.11,Tirumala
08-08-2019,0.34,21.8,11.1,18.8,30,16.1,1.7,10,27,0.2,0.49,0.05,22.7,71,2.1,0.2,116,24,668,0,29.5,Tirumala
09-08-2019,0.32,23.8,10.6,21.5,32.2,16.6,1.9,13,25,0.33,0.85,0.06,23.2,68,1.9,0.2,114,45,670,0,29.92,Tirumala
10-08-2019,0.35,21.6,17.4,25.4,42.8,16.2,1.7,13,32,0.28,0.79,0.07,23.3,67,2,0.1,109,53,672,0,29.33,Tirumala
11-08-2019,0.35,18.4,27.3,30.9,58.3,17.1,1.3,14,33,0.4,1.42,0.11,23.9,64,1.5,0.2,207,93,672,0,29.58,Tirumala
12-08-2019,0.36,19.8,18.1,25.9,44.1,17.2,2.6,14,40,0.37,1.42,0.11,23.6,67,1.6,0.2,230,73,672,0,29.37,Tirumala
13-08-2019,0.36,20.5,15.7,25.8,41.6,17.7,2,13,33,0.31,1,0.08,23.5,69,1.3,0.1,198,51,672,0,29.71,Tirumala
14-08-2019,0.33,22.1,14,29.6,43.6,18.3,1.9,15,36,0.32,1.02,0.08,23.3,71,1.2,0.1,157,54,674,1.5,29.28,Tirumala
15-08-2019,0.4,21.5,16.1,29.5,45.6,18.4,1.3,13,25,0.35,1.18,0.08,23.1,71,1.2,0.1,199,72,675,0.5,28.55,Tirumala
16-08-2019,0.43,18.5,17.2,30.2,47.5,18.4,1.4,15,34,0.4,1.45,0.09,23.2,71,1.1,0.1,247,31,675,0,27.54,Tirumala
17-08-2019,0.32,15.4,22.9,29.1,52,18.6,2.6,15,32,0.4,1.34,0.08,21.2,83,1.1,0.1,259,13,675,0,26.82,Tirumala
18-08-2019,0.43,14,29.4,30.4,59.9,18.6,1.6,22,42,0.49,1.56,0.09,21.1,82,1,0.1,257,3,675,19,25.65,Tirumala
19-08-2019,0.43,16.4,20.2,31.2,51.4,17.9,2.2,17,37,0.4,1.25,0.08,21.8,82,0.7,0,184,49,676,4,27.54,Tirumala
20-08-2019,0.41,19,24.4,27.6,52.1,18.8,2.5,18,36,0.42,1.36,0.09,21.7,81,1.2,0.1,253,40,675,6.5,27.03,Tirumala
21-08-2019,0.39,19.5,17.4,24.1,41.5,18.8,2,16,41,0.45,1.39,0.09,22.1,78,1.3,0.1,219,28,674,6.5,25.57,Tirumala
22-08-2019,0.32,18.4,19.7,22.1,41.8,18.8,2.4,15,32,0.36,1.24,0.08,21.2,82,1.4,0.1,242,28,673,22,24.97,Tirumala
23-08-2019,0.32,17,20.4,21.2,41.7,17.8,2.4,16,41,0.3,1.13,0.07,22.1,75,1.4,0.1,209,50,674,0,25.86,Tirumala
24-08-2019,0.33,18.2,15.1,20.7,35.9,17.7,1.8,14,31,0.3,1.06,0.07,22.2,74,1.4,0.2,199,35,675,0,27.03,Tirumala
25-08-2019,0.29,23.5,9.7,23.7,33.5,17.1,2.5,12,29,0.23,0.87,0.06,22.7,70,1.1,0.1,140,83,674,0,26.67,Tirumala
26-08-2019,0.35,23.7,12.4,25.6,38.1,17.6,2.2,13,32,0.3,0.97,0.05,22.7,69,1.3,0.1,161,94,674,0,27.41,Tirumala
27-08-2019,0.34,23.1,12.3,23.5,35.9,17.6,1.3,10,20,0.27,1,0.06,23.1,69,1.2,0.1,141,75,673,0,27.13,Tirumala
28-08-2019,0.35,25.2,11.1,23.8,35,18.1,2.4,14,35,0.34,1.09,0.06,22.7,71,1.1,0.1,152,47,674,0,27.66,Tirumala
29-08-2019,0.36,24.8,9.6,23.9,33.5,18.2,2,14,35,0.32,0.98,0.23,23.5,70,1,0.1,149,81,674,0,27.43,Tirumala
30-08-2019,0.33,22.1,11.6,21.6,33.2,18.4,2,12,30,0.31,1.02,0.06,23,71,1.5,0.2,204,51,671,0,27.13,Tirumala
31-08-2019,0.31,23.6,9.9,21.1,31,17.7,2.7,15,37,0.27,0.84,0.05,22.1,73,1.2,0.1,205,26,670,24.5,26.95,Tirumala
01-09-2019,0.34,19.5,11.7,22.6,34.3,17.6,2.2,13,32,0.28,0.82,0.05,20.8,82,1,0.1,144,5,672,11,26.66,Tirumala
02-09-2019,0.36,18.7,11.2,22.8,34,16.7,2.2,12,23,0.33,0.72,0.05,21.7,78,1.2,0.1,146,18,674,0,26.52,Tirumala
03-09-2019,0.33,20.6,9.9,19.7,29.6,16.6,2.2,9,17,0.22,0.65,0.05,21.5,78,1.4,0.1,153,26,673,0.5,26.76,Tirumala
04-09-2019,0.35,21.2,9.8,19.8,29.6,16.7,2.2,12,25,0.24,0.73,0.06,21.7,77,1.4,0.1,147,16,672,0,25.79,Tirumala
05-09-2019,0.27,21.7,9.7,17,26.7,17,1.8,11,24,0.19,0.61,0.05,22,75,1.9,0.2,148,14,671,2,27.01,Tirumala
06-09-2019,0.28,21.6,9.6,17.2,26.8,16.7,2.2,10,28,0.2,0.55,0.05,22.4,72,1.8,0,131,21,671,0,27.41,Tirumala
07-09-2019,0.32,18.6,14.6,20,34.6,16.8,2.7,12,30,0.25,0.74,0.05,22.5,72,1.5,0.1,119,30,673,0.5,27.72,Tirumala
08-09-2019,0.29,19,11.7,19.2,31,16.7,2,12,28,0.23,0.65,0.06,22.5,71,1.7,0.1,119,19,675,0,28.04,Tirumala
09-09-2019,0.33,21.4,8.5,20.4,28.9,16,2.3,10,27,0.27,0.75,0.95,22.7,73,1.2,0.1,117,22,674,0,27.45,Tirumala
10-09-2019,0.43,22.3,12.3,31.8,44.1,17.3,3.2,17,46,0.45,1.39,0.69,24.9,64,0.8,0,98,113,674,0,28.13,Tirumala
11-09-2019,0.33,15.7,14.2,25.1,39.3,17.7,3.3,15,42,0.46,1.33,0.1,22.7,75,0.9,0,115,32,676,5.5,27.46,Tirumala
12-09-2019,0.42,16.3,19.6,26,45.6,18.7,2.5,19,51,0.45,1.53,0.19,23.1,73,0.8,0.1,213,71,678,3.5,26.01,Tirumala
13-09-2019,0.33,18.7,13.9,21.6,35.5,17.7,2.2,14,33,0.32,1.06,0.07,22.7,75,0.9,0.1,164,65,678,0,26.32,Tirumala
14-09-2019,0.39,22.3,26.9,25,51.9,18.3,3.3,18,44,0.54,1.64,0.14,23.1,73,0.8,0.1,172,75,677,0,27.33,Tirumala
15-09-2019,0.35,16.1,30.2,23,53.3,18.8,2.5,17,43,0.46,1.5,0.08,22.2,78,1,0.1,160,54,677,0,27.37,Tirumala
16-09-2019,0.36,25.3,21.4,24,45.4,17.7,2,11,28,0.38,1.36,0.09,21.7,80,1.3,0.2,242,26,674,0,26.84,Tirumala
17-09-2019,0.4,17.3,22.2,26.6,48.9,16.9,2.3,12,23,0.4,1.34,0.09,21,82,1.3,0.2,241,6,673,0,24.98,Tirumala
18-09-2019,0.44,16.8,25.3,30.6,56,17.1,1.8,14,34,0.54,1.73,0.12,21.7,81,0.8,0.1,220,9,674,0,26.06,Tirumala
19-09-2019,0.44,18.6,24.9,24.5,49.5,17.2,3.2,14,26,0.47,1.59,0.09,21.1,86,0.7,0,205,5,675,0,25.42,Tirumala
20-09-2019,0.39,26.2,30,20.2,50.2,17.3,3.5,14,32,0.4,1.35,0.08,21.4,82,0.8,0.1,198,41,676,0,24.92,Tirumala
21-09-2019,0.58,14.4,33.8,27.9,61.8,19.1,2.9,26,57,0.65,2.03,0.12,21.2,86,0.5,0,201,8,675,0.5,25.85,Tirumala
22-09-2019,0.51,13.1,47.1,30.7,77.9,20.6,1.5,26,58,0.6,1.86,0.12,21.5,84,0.4,0,101,12,676,0,25.51,Tirumala
23-09-2019,0.42,17.6,17.7,32,49.7,20.9,2.6,29,55,0.56,1.77,0.1,22,84,0.5,0,110,16,676,0.5,26.11,Tirumala
24-09-2019,0.49,18.3,25.1,30.8,56,20.6,2.7,28,62,0.7,2.09,0.12,21.2,86,0.6,0,139,10,676,0.5,26.14,Tirumala
25-09-2019,0.34,22.3,8.4,23.5,31.9,18.1,2.9,10,32,0.38,1.13,0.06,21.2,86,0.9,0,147,19,677,1.5,24.99,Tirumala
26-09-2019,0.32,16.9,8.4,18.4,26.8,17.8,1.4,5,20,0.25,0.89,0.05,20.9,84,0.9,0.1,159,20,682,19,25.34,Tirumala
27-09-2019,0.28,19.6,8.4,21.6,30,19.2,1.8,16,32,0.3,1.08,0.05,22.1,80,0.7,0,143,66,685,0,25.49,Tirumala
28-09-2019,0.38,17.3,11,21.5,32.6,18.2,3.2,10,24,0.34,1.1,0.06,22,76,0.7,0,136,77,683,0,25.67,Tirumala
29-09-2019,0.46,16.8,12.7,22,34.7,19.6,3.2,19,39,0.51,1.5,0.06,21.7,80,0.7,0,134,56,684,1.5,25.32,Tirumala
30-09-2019,0.47,15,11.1,22.5,33.6,18.7,3.4,15,36,0.5,1.4,0.06,21.7,81,0.6,0,124,37,683,0,24.73,Tirumala
01-11-2019,0.61,18.4,18.7,28.4,47.2,13.7,4.5,10,31,0.38,1.63,0.09,21,83,0.8,0,143,43,681,0,24.72,Tirumala
02-11-2019,0.73,16.6,30.1,31.2,61.3,14,6.2,14,42,0.52,2.02,0.12,21.2,81,0.9,-0.1,165,47,682,0,24.56,Tirumala
03-11-2019,0.72,21.2,37,41.8,78.9,16.6,11.5,39,82,0.66,1.86,0.13,21,78,1.2,0,214,54,683,0,24.15,Tirumala
04-11-2019,0.7,27.5,29.4,58.5,88,16.9,7.8,48,93,0.81,1.61,0.13,21.1,64,0.7,0,161,75,683,0,24.84,Tirumala
05-11-2019,0.72,30.8,22.5,57.9,80.4,17.2,5.9,49,100,0.84,1.86,0.15,21.6,73,1,0,272,69,681,0,24.95,Tirumala
06-11-2019,0.92,30.3,23.6,61.1,84.7,21.2,5.8,62,122,0.98,2.12,0.17,21.3,76,0.7,0,216,35,678,0,24.96,Tirumala
07-11-2019,1.04,29.4,18.9,46.9,65.8,22.2,4.5,54,113,1.02,1.9,0.18,21.3,78,0.5,0,159,23,678,0,24.81,Tirumala
08-11-2019,0.86,27.5,16.1,36.1,52.3,22.5,4.2,49,111,0.91,1.9,0.15,21.6,78,0.5,0,177,19,679,0,24.58,Tirumala
09-11-2019,0.97,26.6,15.5,38.3,53.9,21.8,5.4,39,98,0.84,1.93,0.14,21.7,79,0.6,0,122,31,679,0,25.66,Tirumala
10-11-2019,0.94,27.4,28.4,57.5,85.9,21.9,5.4,50,114,0.98,2.23,0.17,21.4,77,0.7,0,224,38,680,0,24.58,Tirumala
11-11-2019,0.51,35.8,14.9,41.5,56.5,18.6,6.4,25,67,0.72,1.7,0.11,20.7,78,1.4,-0.1,230,57,680,0,23.95,Tirumala
12-11-2019,0.67,34.5,9,20.7,29.7,18,4.3,13,41,0.54,1.6,0.08,20.4,82,1.6,-0.1,206,56,681,0,24.12,Tirumala
13-11-2019,0.7,36.3,8.3,17.1,25.4,18,4.1,13,42,0.48,1.2,0.07,19.7,85,2.1,-0.1,234,31,682,1.5,23.9,Tirumala
14-11-2019,0.45,24.1,17.9,21.4,39.4,17.3,4.7,6,28,0.52,1.46,0.11,19.4,88,1.6,-0.1,245,9,682,16.5,24.42,Tirumala
15-11-2019,0.7,11.3,35.7,24.1,60,17.3,4.9,10,32,0.67,1.91,0.17,19.6,88,0.9,0,271,4,681,9,24.64,Tirumala
16-11-2019,0.64,21.8,20.9,25,46,17.8,4.5,17,50,0.69,1.88,0.13,20.4,83,1.3,0,267,48,682,0,24.32,Tirumala
17-11-2019,0.3,28.2,22,35.7,57.8,17.6,5,23,54,0.79,1.79,0.15,20.4,74,1.9,0,279,70,682,0,23.65,Tirumala
18-11-2019,0.37,20.5,14.4,16.7,31.1,17.2,4.3,10,30,0.46,1.15,0.09,20.4,86,1.8,-0.1,239,16,682,1,24.65,Tirumala
19-11-2019,0.38,15.6,28.9,24.3,53.3,17,5.1,12,35,0.67,1.94,0.15,19.9,87,1.2,0,252,2,681,7.5,24.9,Tirumala
20-11-2019,0.59,32.7,7.6,14.3,21.9,17.9,4.5,14,43,0.44,1.02,0.06,19.5,89,2.1,-0.1,240,6,680,22.5,24.84,Tirumala
21-11-2019,0.6,43.3,7.4,19.7,27.1,19,4.5,27,69,0.59,1.32,0.09,19.7,85,2.3,0,246,36,682,0,24.22,Tirumala
22-11-2019,0.78,33.1,13.6,26.9,40.5,17.4,4.2,21,57,0.62,1.35,0.11,19.4,85,2,0,269,21,684,0,22.91,Tirumala
23-11-2019,0.66,32.2,18.4,33.1,51.5,18.6,4.6,28,75,0.7,2.12,0.12,18.8,85,1.8,0,246,22,684,0,22.2,Tirumala
24-11-2019,0.58,33.8,15.7,37.8,53.5,18.8,6.4,31,81,0.73,1.76,0.12,19.4,83,1.7,0,239,36,683,0,22.86,Tirumala
25-11-2019,0.51,40.2,8.8,26.1,34.9,18.9,4.5,29,74,0.63,1.31,0.08,19.2,83,2.1,0,256,36,682,0,22.77,Tirumala
26-11-2019,0.55,41.3,8.1,19.2,27.3,18.6,5.9,22,68,0.58,0.93,0.06,19.2,85,2.3,-1.3,247,34,681,0,23.07,Tirumala
27-11-2019,0.57,31.8,10.7,19.4,30.1,19.5,4.6,13,48,0.65,1.2,0.15,19.2,88,1.8,0,231,7,680,6,23.87,Tirumala
28-11-2019,0.49,23.4,10.2,13.6,23.9,16.2,30.8,10,27,0.34,0.85,0.29,19.4,89,2.2,-0.1,242,3,682,4.5,24.38,Tirumala
29-11-2019,0.41,22.5,9.7,13.5,23.2,16.4,3.7,13,31,0.33,0.82,0.09,19.8,88,2.2,-0.1,246,20,682,16,24.21,Tirumala
30-11-2019,0.41,21.5,10.8,15.2,26.1,16.5,4.3,9,23,0.36,0.87,0.08,19.3,89,1.9,0,235,3,681,31,24.13,Tirumala
01-12-2019,0.56,20,19.1,19.7,38.8,16.4,4.4,6,15,,,,19.1,89,1.5,,3,682,,67,24.14,Tirumala
02-12-2019,,20.2,10.5,11.9,22.5,17.2,4,12,27,,,,19.1,89,1.8,,5,682,,4,23.76,Tirumala
03-12-2019,,29,6.8,12.3,19.1,18.5,4.4,27,50,,,,19.5,86,2.2,,9,683,,0,23.56,Tirumala
04-12-2019,,35.5,5.6,10.4,15.9,19.4,4.4,37,65,,,,19.1,85,2.2,,23,684,,0,23.13,Tirumala
05-12-2019,,39.4,6.6,16.9,23.5,20.9,4.6,49,78,,,,18.6,86,2.2,,14,685,,2.5,22.2,Tirumala
06-12-2019,,30.9,9.8,21.6,31.4,20.1,3.4,50,82,,,,18.1,85,2.1,,10,685,,0.5,21.49,Tirumala
07-12-2019,,25.1,24,32.2,56.2,18.4,3.7,20,41,,,,18.2,89,1.6,,4,683,,8,22.57,Tirumala
08-12-2019,,22,16.4,25.1,41.5,17.2,4.5,13,33,,,,18.8,88,1.3,,6,684,,5,22.56,Tirumala
09-12-2019,,24.3,10.6,15.5,26.1,17.5,3.7,9,30,,,,18.5,86,1.8,,20,684,,0,22.09,Tirumala
10-12-2019,,24.6,11.1,13.2,24.3,17.1,4.3,13,34,,,,18.7,85,1.8,,37,682,,0,22.02,Tirumala
11-12-2019,,23,13,15.3,28.3,17.1,6.2,18,40,,,,18.8,81,1.7,,67,681,,0,21.81,Tirumala
12-12-2019,,21.4,16.1,15.2,31.3,17.7,5,20,42,,,,18.8,83,1.5,,51,681,,0,22.15,Tirumala
13-12-2019,0.68,18.6,15.5,15.2,30.8,18.5,4.5,17,41,,,,19.4,84,1.4,,47,683,,0,22.9,Tirumala
14-12-2019,0.61,22.6,10.9,15.5,26.4,18.2,4.3,15,37,,,,18.4,89,1.8,,5,685,,8,23.08,Tirumala
15-12-2019,0.46,24.1,10.7,13.6,24.3,17.7,5.4,20,45,,,,18.8,86,1.6,,27,683,,0,22.66,Tirumala
16-12-2019,0.52,21.1,14.3,15,29.3,17.5,3.3,14,30,,,,18.2,89,1.6,,3,683,,13,22.77,Tirumala
17-12-2019,0.42,32.9,6.2,9.7,15.9,18.4,4.2,36,64,,,,18.4,88,2.3,,12,684,,0,22.24,Tirumala
18-12-2019,0.54,28.6,8,12.1,20.2,18.4,3.9,33,61,,,,18.7,88,1.9,,10,685,,0.5,22.5,Tirumala
19-12-2019,0.38,29.4,8.4,11.6,20,17.9,4,35,63,,,,18.7,86,1.8,,19,684,,0,22.41,Tirumala
20-12-2019,0.6,26.2,12.5,18.2,30.7,18.7,4.5,48,82,,,,18.9,86,1.5,,17,682,,0,22.49,Tirumala
21-12-2019,0.65,28,15.5,22.9,38.4,19.9,4.8,51,88,,,,19.3,83,1.4,,47,683,,0,22.46,Tirumala
22-12-2019,0.46,34.4,10.8,24.5,35.3,20.2,4.2,42,75,,,,18.8,84,1.5,,20,683,,0,22.05,Tirumala
23-12-2019,0.52,27.3,16.7,31.3,48,19.7,5.3,43,73,,,,18.6,83,1.6,,27,683,,0,21.44,Tirumala
24-12-2019,0.65,22.7,23.3,36.8,60.1,20.3,5.5,47,82,,,,18.7,86,1.8,,9,684,,0.5,22.32,Tirumala
25-12-2019,0.57,27.2,16.6,25.5,42.2,19.5,5,36,72,,,,19,86,1.5,,16,684,,0,22.93,Tirumala
26-12-2019,0.57,18.1,31.2,27.9,59.1,18.7,5.1,29,56,,,,18.5,84,0.8,,30,683,,0,22.45,Tirumala
27-12-2019,0.29,21.8,18.4,21.9,40.3,18.2,5.2,18,41,,,,19.2,82,1.2,,46,681,,0,22.3,Tirumala
28-12-2019,0.37,18.8,27.6,25.8,53.5,18.6,4.5,23,48,,,,18.8,82,1.5,,50,682,,0,22.45,Tirumala
29-12-2019,0.51,24.8,22.4,30.6,53.1,20.1,4.7,38,69,,,,18.9,81,1.5,,54,683,,0,22.26,Tirumala
30-12-2019,0.58,26,21,32.3,53.4,19.4,4.8,29,55,,,,18.1,87,1.2,,8,683,,0.5,22.62,Tirumala
31-12-2019,0.36,30.4,11,20.1,31.1,19,5.9,28,,,,,18.9,86,1.6,,29,683,,0,23.03,Tirumala
01-01-2020,0.58,20.2,18.1,17.3,35.5,18.3,6.7,17,24,0.47,1.89,0.15,19.2,87,1.4,-0.1,220,8,685,0,23.57,Tirumala
02-01-2020,0.47,19.2,14.9,19.1,34.1,18.9,4.9,17,14,0.42,1.35,0.08,20.2,84,0.9,0,173,11,686,0,24.16,Tirumala
03-01-2020,0.4,15.1,13.9,20,33.9,18.6,4.7,18,,0.4,1.18,0.06,20.5,82,0.6,0,112,28,684,0,24.44,Tirumala
04-01-2020,0.42,17.7,10.6,15.9,26.6,18.7,4.2,19,55,0.43,1.14,0.07,20.9,83,0.7,0,129,34,681,0,24.77,Tirumala
05-01-2020,0.59,15.1,23.8,24.2,48,18.7,5.1,19,38,0.49,1.33,0.09,19.3,88,0.8,0,137,4,682,2,24.64,Tirumala
06-01-2020,0.33,16.6,25.2,18,43.3,17.9,4.1,12,30,0.43,1.2,0.08,18.7,88,1.3,-0.1,231,10,684,6.5,23.42,Tirumala
07-01-2020,0.39,22.1,16.4,18.5,35,18.2,4.6,19,41,0.44,1.08,0.07,19,88,1.4,-0.1,234,11,684,9,23.15,Tirumala
08-01-2020,0.36,23.8,16.8,22.9,39.7,19.8,3.7,28,54,0.51,1.11,0.08,19.1,84,1.2,0,224,47,684,0,22.51,Tirumala
09-01-2020,0.29,27.7,22.2,34.9,57.1,17.7,1.7,31,54,0.52,1.36,0.1,19.3,72,0.8,0,194,54,683,0,22.53,Tirumala
10-01-2020,0.17,21.7,21.1,26.9,48,18.6,2.2,30,52,0.46,1.35,0.1,18.1,82,1.5,-0.1,264,46,684,0,21.66,Tirumala
11-01-2020,0.31,25.7,14.4,23.2,37.6,18.9,3,32,55,0.47,1.12,0.08,18.5,83,1.6,-0.1,245,47,685,0,21.65,Tirumala
12-01-2020,0.53,22.5,24.8,38,62.8,20.6,4.2,59,91,0.78,1.26,0.12,18.5,85,1.5,0,276,16,683,0,22.23,Tirumala
13-01-2020,0.53,20.1,42.2,51.7,94,20.1,6.1,64,98,0.85,1.43,0.13,18.8,78,0.8,0,171,45,681,0,21.87,Tirumala
14-01-2020,0.63,29.4,28.3,49.2,77.6,21.4,6.4,90,121,1.48,11.34,0.96,18.3,73,1.1,0,178,63,681,0,21.14,Tirumala
15-01-2020,0.21,27,16,28.8,44.7,18.6,2.4,29,46,0.45,0.9,0.06,17.6,80,0.9,-0.1,150,61,682,0,20.87,Tirumala
16-01-2020,0.3,24.9,18.4,31.1,49.6,17.9,3.6,23,38,0.41,0.94,0.06,18.9,76,0.7,0,132,70,682,0,21.97,Tirumala
17-01-2020,0.22,21.8,12.9,26.2,39.1,17.5,5.3,22,39,0.39,0.93,0.07,19.5,77,1,0,153,69,683,0,22.86,Tirumala
18-01-2020,0.28,16.6,20.2,19.3,39.5,17.2,5,19,35,0.41,0.95,0.07,18.9,86,1.6,-0.1,185,10,682,0,23.65,Tirumala
19-01-2020,0.42,17.6,26.4,24.1,50.6,17.7,5.4,23,40,0.44,1.01,0.08,19.4,81,1.4,-0.1,197,53,684,0,23.54,Tirumala
20-01-2020,0.31,24.8,24.8,31.9,56.7,17.7,13.2,27,47,0.47,1.08,0.08,19.5,73,1.1,-0.1,149,66,685,0,23.27,Tirumala
21-01-2020,0.31,26.2,18.9,28.8,47.8,17.8,4.8,26,47,0.37,1.36,0.07,18.5,77,1.6,-0.1,194,67,686,0,22.24,Tirumala
22-01-2020,0.27,27.7,10.6,19.6,30.2,18.4,4.9,27,49,0.4,0.86,0.05,18.6,84,2,-0.1,241,34,687,0,22.44,Tirumala
23-01-2020,0.48,23.8,18.6,29.1,47.8,19.4,4.5,41,64,0.5,1.06,0.08,18.9,81,1.3,-0.1,229,65,685,0,22.86,Tirumala
24-01-2020,0.38,27.6,26.3,39.1,65.4,18.5,11.5,37,63,0.5,1.22,0.09,19.4,62,1.3,-0.1,228,73,685,0,21.98,Tirumala
25-01-2020,0.25,24.2,33.6,46.7,80.4,17.9,5.4,28,47,0.52,1.47,0.1,19.3,54,1.2,-0.1,186,72,684,0,22.18,Tirumala
26-01-2020,0.4,26.4,49.2,60.3,109.6,18.7,6.4,40,64,0.49,1.21,0.1,20.3,55,0.8,0,132,66,683,0,22.5,Tirumala
27-01-2020,0.3,34.1,28.5,49.7,78.3,20.5,7.8,50,80,0.52,0.99,0.06,20.4,64,0.8,0,138,64,682,0,23.2,Tirumala
28-01-2020,0.35,35.7,5.2,20.1,25.3,21.4,9.7,46,72,0.41,0.65,0.05,20.4,71,0.8,0,174,60,682,0,24.07,Tirumala
29-01-2020,0.31,29,7.3,21.5,28.8,20.3,6.6,37,63,0.4,0.74,0.06,20.8,74,0.9,0,159,61,684,0,24.51,Tirumala
30-01-2020,0.24,29.8,9,29.4,38.4,19.4,5.7,31,61,0.44,0.95,0.07,21.3,66,0.7,0,156,66,682,0,24.34,Tirumala
31-01-2020,0.21,29.9,7.6,26.2,33.9,20.1,4.8,31,60,0.41,0.91,0.07,20.7,72,0.6,0,149,65,681,0,24.11,Tirumala
01-02-2020,0.36,23.4,21.8,31.7,53.5,20.6,4.2,33,67,0.38,0.85,1.08,20,79,0.6,0,150,39,682,0,24.38,Tirumala
02-02-2020,0.36,25.6,26.8,33.1,60,30.2,7.2,39,66,0.51,1.21,0.09,19.5,77,0.7,-0.1,148,50,685,0,23.82,Tirumala
03-02-2020,0.8,21.2,27.8,28.3,56.2,14.8,5.3,26,43,0.05,0.06,0.06,19.5,71,0.8,-0.1,182,75,685,0,23.39,Tirumala
04-02-2020,1.45,19.4,23.6,27,50.7,13.3,5.6,29,53,0.02,0.1,0.05,19.4,80,0.6,-0.1,210,45,683,0,23.56,Tirumala
05-02-2020,1.5,25.1,19.5,34.6,54.2,11.4,8.6,33,59,0.03,0.06,0.05,20.2,70,0.5,-0.1,115,73,684,0,23.83,Tirumala
06-02-2020,1.46,26.8,9.2,26,35.3,10.1,4.6,21,49,0.03,0.02,0.04,19.9,71,0.5,0,143,62,683,0,23.69,Tirumala
07-02-2020,0.73,27.3,7.5,20.5,28,10.1,5.1,21,51,0.02,0.04,0.04,20.1,75,0.7,0,157,55,684,0,24.23,Tirumala
08-02-2020,0.28,24.9,9.9,24.2,34.1,10.6,4.7,25,53,0.03,0.02,0.04,20,76,0.6,0,131,43,684,0,24.77,Tirumala
09-02-2020,0.29,25.3,11.9,21.5,33.4,9.8,5.1,24,46,0,0,0.04,19.7,81,1.3,-0.1,179,34,685,0,24.45,Tirumala
10-02-2020,0.45,34.5,9.9,20.6,30.6,9.5,4.2,27,47,0,0.05,0.04,19.2,80,1.6,-0.1,216,45,685,0,24.28,Tirumala
11-02-2020,0.28,33.5,8.2,19,27.2,9.9,5.1,27,43,0,0.02,0.04,19.2,82,2,-0.1,225,45,685,0,24.28,Tirumala
12-02-2020,0.25,26.4,14.1,29.1,43.2,10.6,6.3,29,53,0,0.08,0.04,19.6,80,1.5,-0.1,225,67,687,0,23.67,Tirumala
13-02-2020,0.25,22.5,31.6,47.4,79.1,10.6,6.7,37,61,0.01,0.05,0.05,19.7,69,1.1,-0.1,169,69,686,0,24.31,Tirumala
14-02-2020,0.3,24.1,50.2,68.4,118.7,10.5,5.5,44,76,0.08,0.1,0.04,20.7,56,0.9,0,164,72,683,0,24.13,Tirumala
15-02-2020,0.34,29.7,49.2,72,121.3,10.3,8.2,37,68,0.09,0.14,0.05,21.2,50,0.9,0,164,73,683,0,24.28,Tirumala
16-02-2020,0.23,29,31.6,59,90.7,9.3,6,24,47,0.02,0.12,0.05,20.7,49,1.1,-0.1,146,76,684,0,23.48,Tirumala
17-02-2020,0.35,33.1,30.2,54.6,84.9,9.7,6.9,30,53,0.03,0.05,0.04,20.1,55,0.9,-0.1,143,73,686,0,23.18,Tirumala
18-02-2020,0.63,31.3,15.3,45.4,60.7,12.4,8.3,40,69,0.04,0.03,0.04,19.9,63,0.9,0.1,143,70,685,0,23.87,Tirumala
19-02-2020,0.57,26.4,22.2,46.1,68.4,13,7,45,78,0.03,0.04,0.04,19.6,71,1,0,159,66,685,0,24,Tirumala
20-02-2020,0.51,23.9,19.8,34.4,54.2,11,5.3,32,51,0,0.07,0.04,18.9,74,1.3,-0.1,197,72,684,0,23.54,Tirumala
21-02-2020,0.51,25.1,16.9,29.4,46.3,9.9,5.9,21,39,0,0.03,0.24,19.5,74,1.1,-0.1,148,76,686,0,23.72,Tirumala
22-02-2020,0.74,18.7,19.9,30.5,50.4,10.6,4.4,26,48,0,0.03,0.04,19.8,80,1.4,-0.1,202,50,688,0,24.54,Tirumala
23-02-2020,0.67,26.5,16.1,37.7,53.9,10.4,4.5,31,49,0,0.04,0.04,19.7,81,1.2,0,184,24,686,0,24.88,Tirumala
24-02-2020,0.52,30.2,8.2,33.5,41.7,10.7,6.4,39,61,0.01,0.08,0.04,20.1,74,0.7,-0.1,157,43,683,0,25.59,Tirumala
25-02-2020,0.67,25.8,9.3,23.3,32.6,10,5.5,29,60,0,0.01,0.04,20.9,77,0.8,0,131,62,681,0,26.48,Tirumala
26-02-2020,0.76,33.2,11.9,28.7,40.6,11.8,6.1,33,57,,,,20.7,77,0.9,-0.1,164,45,682,0,26.7,Tirumala
27-02-2020,0.52,25.9,12,33,45,12.5,7.2,49,77,0.9,2.53,0.22,20.4,78,1.1,-0.1,159,59,683,0,26.48,Tirumala
28-02-2020,0.52,27.8,10.6,25.5,36.1,11.4,5.8,38,59,0.73,1.94,0.18,20.2,78,1.2,-0.1,164,46,681,0,26.4,Tirumala
29-02-2020,0.59,31.8,9.6,26.7,36.4,10.8,4.9,30,54,0.61,1.77,0.15,20.5,76,1.2,-0.1,209,67,681,0,26.67,Tirumala
01-03-2020,0.68,73.7,11.9,35,46.9,10.5,6,37,59,0.67,1.65,0.17,20.7,73,1,169,67,681,,0,26.96,Tirumala
02-03-2020,0.67,32.2,10.9,34,44.9,11.1,5.3,42,68,0.67,1.91,0.18,20.9,70,0.8,172,56,681,,0,27.06,Tirumala
03-03-2020,0.6,34.3,11.2,48.8,60,11.5,8.2,49,84,0.92,2.55,0.7,21.6,65,0.7,120,54,681,,0,28.31,Tirumala
04-03-2020,0.42,45.3,6.2,33.4,39.6,12.6,13.5,45,87,1,2.21,0.2,21.9,68,0.8,188,29,679,,0,28.46,Tirumala
05-03-2020,0.18,33.6,5.8,22.4,28.3,12.2,5.3,30,71,0.75,1.72,0.16,22,68,0.9,166,60,678,,0,27.96,Tirumala
06-03-2020,0.32,25.9,6.3,18.3,24.6,13,10.5,32,66,0.48,1.34,0.12,21.3,78,0.8,124,22,679,,0,27.75,Tirumala
07-03-2020,0.61,26.9,9.4,27.1,36.5,13.2,7.1,33,62,0.56,1.87,0.16,22.8,73,1.1,119,55,682,,0,27.59,Tirumala
08-03-2020,0.62,19.9,10.7,26,36.7,9.5,3.9,24,51,0.55,1.2,0.13,20.9,81,0.9,127,44,682,,0,28.26,Tirumala
09-03-2020,0.6,38.4,8.3,21.3,29.7,9.9,5.2,24,48,0.62,1.96,0.13,23.2,65,1.1,138,130,679,,0,28.14,Tirumala
10-03-2020,0.58,28.5,7.5,21,28.4,8.8,4.9,19,39,0.47,2.01,0.15,22.6,70,1,127,99,680,,0,28.45,Tirumala
11-03-2020,0.4,23.8,6.4,17.9,24.3,9.1,4.7,19,44,0.42,1.32,0.11,21.8,71,0.8,126,73,680,,0,28.04,Tirumala
12-03-2020,0.55,23,8.6,21.2,29.8,10,5.2,21,41,0.46,1.46,1.3,21.4,74,0.9,146,53,682,,0,27.95,Tirumala
13-03-2020,0.55,26.9,24,35.9,59.9,9.5,6.1,24,54,0.6,2.4,0.19,22.1,60,0.8,123,80,683,,0,27.37,Tirumala
14-03-2020,0.63,30.1,22,29.7,51.7,10.4,7.6,31,64,0.58,2.96,0.22,21.7,66,1,170,78,681,,0,27.57,Tirumala
15-03-2020,0.56,27.4,19.2,25.6,44.8,10.1,7,30,52,0.52,1.86,0.19,21,75,1.4,179,79,681,,0,27.41,Tirumala
16-03-2020,0.58,21.9,14.6,20.9,35.5,9.1,6.8,32,49,0.44,1.65,0.16,21.2,78,1,145,26,683,,0,28.43,Tirumala
17-03-2020,0.53,25.4,20.8,20.5,41.4,7.7,6.1,22,43,0.51,1.79,0.15,22,65,0.9,117,80,685,,0,28.31,Tirumala
18-03-2020,0.54,35.9,7,23.8,30.8,7.8,4.3,23,52,0.52,1.97,0.17,22.9,61,0.9,171,80,683,,0,28.64,Tirumala
19-03-2020,0.56,36.8,4.6,15.5,20.1,8.2,4.9,20,48,0.54,1.72,0.14,23.1,60,0.9,178,81,681,,0,29.41,Tirumala
20-03-2020,0.49,41.4,2.8,4.2,6.9,9.3,9.9,23,49,0.4,1.04,0.1,23.2,59,0.9,154,70,681,,0,30.04,Tirumala
21-03-2020,0.49,41,2.3,9.1,11.4,8.1,9.2,20,45,0.26,0.85,0.09,22.7,64,1,166,65,680,,0.5,29.94,Tirumala
22-03-2020,0.45,46.1,2.1,5.2,7.3,7,9.9,25,38,0.34,0.55,0.08,22.8,64,0.9,153,75,681,,0,30.31,Tirumala
23-03-2020,0.5,41.5,2.5,6.2,8.7,6,4.8,26,51,0.23,0.81,0.08,22.1,72,0.9,136,72,680,,0,29.67,Tirumala
24-03-2020,0.47,41.8,2.5,7.1,9.7,4.6,6,18,41,0.32,1.32,0.13,22.1,71,0.8,139,78,678,,0,29.32,Tirumala
25-03-2020,0.43,38.5,2.2,5.4,7.7,4.1,4.3,16,31,0.18,1.15,0.09,22.3,65,0.8,163,81,678,,0,29,Tirumala
26-03-2020,0.43,31.7,2.4,5,7.4,4.1,5.3,17,31,0.23,0.68,0.36,21.9,69,1,143,82,679,,0,28.69,Tirumala
27-03-2020,0.39,42.7,2.2,4.7,6.9,4.1,4.7,22,38,0.29,0.75,0.07,22,65,0.9,171,83,682,,0,28.29,Tirumala
28-03-2020,0.29,56.9,2.2,4.2,6.3,3.2,5,18,36,0.23,0.83,0.07,23.1,49,0.8,160,85,680,,0,28.44,Tirumala
29-03-2020,0.34,55.4,2.3,4.4,6.8,3.6,6.6,12,31,0.48,0.88,0.07,23.7,51,0.9,127,83,679,,0,29.47,Tirumala
30-03-2020,0.49,62.1,2.2,5.7,7.9,4,5.9,29,45,0.15,0.7,0.08,23.4,50,1.1,152,82,680,,0,28.89,Tirumala
31-03-2020,0.45,59.8,2.1,4.6,6.7,4.3,5.8,26,44,0.48,1.07,0.09,22.9,58,0.8,145,68,681,,0,29.54,Tirumala
01-04-2020,0.37,57,2.2,4.3,6.5,3.9,6.3,28,40,0.2,0.8,0.1,24.3,47,0,0.7,157,82,680,0,30.33,Tirumala
02-04-2020,0.41,74.1,2.1,4.1,6.3,5.1,7.4,29,51,0.3,3.2,0.4,24.2,53,0,0.8,150,78,678,0,30.81,Tirumala
03-04-2020,0.45,48,2.1,4.7,6.8,5,5.7,31,50,0.4,0.7,0.1,23,66,0,0.8,123,79,679,0,30.15,Tirumala
04-04-2020,0.46,40.7,2.2,5,7.2,4.4,4.2,23,49,0.4,0.6,0.1,22.6,70,0,0.9,151,86,680,0,29.6,Tirumala
05-04-2020,0.41,36.3,2.4,3.9,6.3,4.1,6,18,34,0.3,0.5,0.1,23.3,73,0,1,143,84,681,0,30.7,Tirumala
06-04-2020,0.48,29.3,2.2,5.7,8,4.1,7,22,39,0.2,0.6,0.1,23.4,77,0,0.9,153,45,681,0,31.52,Tirumala
07-04-2020,0.47,39.1,2.3,5.2,7.5,4,6.2,19,30,0.4,0.5,0.4,23.8,70,0,0.9,144,59,679,0,31.31,Tirumala
08-04-2020,0.48,41,2.1,6.3,8.3,4,4.3,22,36,0.3,0.6,0.1,23.6,67,0,0.7,159,42,680,1,32.15,Tirumala
09-04-2020,0.58,38.5,2.4,7.1,9.4,5,5.3,21,30,0.2,0.5,0.1,21.7,79,0,1,165,62,680,1.5,30.27,Tirumala
10-04-2020,0.37,34.9,2.5,9.5,11.9,5.6,6,11,16,0,0.4,0.1,22.3,69,0,0.9,152,68,681,0,29.62,Tirumala
11-04-2020,0.45,34.9,2.3,8.5,10.8,5.7,4.2,17,28,0.1,0.6,0.1,22.6,74,0,0.8,125,79,683,0,29.21,Tirumala
12-04-2020,0.51,36.7,2.2,9.1,11.3,5.2,4.7,16,34,0.3,0.7,0.1,23.5,63,0,0.7,121,90,681,0,29.9,Tirumala
13-04-2020,0.44,63.8,2.2,8.3,10.5,4.5,4,22,42,0.2,0.6,0.1,24.2,48,0,0.8,151,97,679,0,30.57,Tirumala
14-04-2020,0.43,69.5,2.2,7.6,9.8,4.9,5.1,25,44,0.2,0.5,0.1,24,48,0,0.7,170,97,679,0,29.7,Tirumala
15-04-2020,0.46,41.1,2.3,8.2,10.5,4.5,4.3,15,26,0.1,0.3,0.1,23.5,63,0,0.6,140,98,680,0,29.67,Tirumala
16-04-2020,0.47,51.6,2.2,6.9,9.2,4.4,6.6,16,27,0.1,0.2,0.1,24.1,55,0,0.7,149,86,679,0,30.08,Tirumala
17-04-2020,0.51,49.8,2.2,7.2,9.4,5.1,9.1,25,42,0.3,0.3,0.1,24,70,0,0.7,160,80,678,0,31.1,Tirumala
18-04-2020,0.46,44.2,2.2,6.6,8.8,3.9,5.4,13,26,0.1,0.2,0.1,23.7,69,0,0.8,148,90,678,0,31.31,Tirumala
19-04-2020,0.44,37.3,2.1,6.2,8.4,3.4,6.3,13,25,0.1,0.2,0.1,23.5,73,0,0.8,141,86,678,0,31.03,Tirumala
20-04-2020,0.37,32.8,2.2,5.9,8.2,2.6,5.7,5,12,0.1,0.2,0.1,23.6,67,0,0.7,121,98,678,0,30.76,Tirumala
21-04-2020,0.43,35.2,2.3,6.4,8.7,2.3,4.8,6,13,0.4,0.5,0.1,23.7,63,0,0.7,128,101,678,0,31,Tirumala
22-04-2020,0.43,43,2.2,6.5,8.7,3.3,8.8,15,24,0.1,0.2,0.1,24,65,0,0.9,148,93,677,0,31.51,Tirumala
23-04-2020,0.49,44.7,2.2,6.5,8.7,3.1,8,16,22,0.2,0.3,0.1,24.4,69,0,0.8,134,67,677,0,32.7,Tirumala
24-04-2020,0.49,44.2,2.2,6.7,8.9,5.3,8.1,10,29,0.2,0.3,0.1,24.7,63,0.1,0.9,131,84,676,0,32.48,Tirumala
25-04-2020,0.49,49.1,2.1,8.1,10.3,3.7,3.6,12,32,0.2,0.3,0.1,23,75,0,0.8,160,40,676,17.5,31.28,Tirumala
26-04-2020,0.41,54.8,2.2,9.4,11.7,3.5,2.4,11,,0.2,0.3,0.1,22.8,73,0.1,0.4,149,44,677,0,29.15,Tirumala
27-04-2020,0.48,57.2,2.3,8.4,10.8,4.2,2.1,16,,0.2,0.4,0.1,23.9,72,0.1,0.5,160,59,678,0.5,27.46,Tirumala
28-04-2020,0.48,39.4,2.3,7.7,10,5.1,3.1,18,34,0.1,0.3,0.1,23,80,0,0.5,147,59,678,0.5,28.98,Tirumala
29-04-2020,0.4,48.7,2.3,9.3,11.6,4.2,2.5,8,17,0.1,0.3,0.1,22.2,71,0.1,0.4,240,16,677,1,30.13,Tirumala
30-04-2020,0.46,62.4,2.1,9.1,11.2,4.3,3,21,41,0.2,0.4,0.1,24.3,64,0,0.4,177,103,678,0,30.58,Tirumala
01-05-2020,0.44,52.1,2.4,9,11.4,4.8,4.8,27,50,0.3,0.5,0.1,24.5,67,0,0.4,174,63,678,0,30.94,Tirumala
02-05-2020,0.48,27.2,2.3,9.1,11.4,5.3,5.9,29,54,0.4,0.6,0.1,24.7,69,0,0.4,147,69,676,0,31.23,Tirumala
03-05-2020,0.39,44,2.1,7.6,9.8,5.5,4.7,25,52,0.3,0.5,0.1,24.8,63,0,0.5,138,94,676,0,31.41,Tirumala
04-05-2020,0.42,50.1,2.3,8.4,10.7,5.5,6.3,29,62,0.3,4.5,0.5,24.8,66,0,0.5,147,100,678,0,31.92,Tirumala
05-05-2020,0.37,39.4,2.3,7.7,9.9,4.8,3.7,22,44,0.3,0.5,0.1,24.4,65,0,0.5,156,104,677,0,31.76,Tirumala
06-05-2020,0.4,41,2.2,7,9.3,4.8,8.4,20,47,0.3,0.5,0.1,24.6,67,0,0.6,154,93,677,0,31.48,Tirumala
07-05-2020,0.44,41.3,2.2,7.3,9.5,4.5,3.8,25,50,0.3,0.7,0.1,24.1,73,0,0.5,148,73,676,0,31.71,Tirumala
08-05-2020,0.35,43.8,2.1,6.9,9,4.4,3.6,13,31,0.4,0.7,0.1,24.5,68,0,0.6,138,99,677,0,32.36,Tirumala
09-05-2020,0.36,45.4,2.3,7.1,9.3,3.7,4.1,13,33,0.5,0.9,0.1,24.8,66,0,0.7,178,112,677,0,32.23,Tirumala
10-05-2020,0.45,39.7,2.3,6.1,8.4,3,3.1,8,27,0.4,0.7,0.1,24.3,67,0,0.7,189,107,677,0,32.12,Tirumala
11-05-2020,0.35,43.7,2.3,7.6,9.9,3,4.2,12,34,0.3,0.8,0.1,23.8,70,0,0.7,141,103,677,0,31.11,Tirumala
12-05-2020,0.42,30.6,2.3,7.4,9.7,2.7,2,9,22,0.2,0.8,0.1,22.9,75,0,0.6,127,77,677,0,28.23,Tirumala
13-05-2020,0.32,29.5,2.2,6.5,8.7,2.4,2.6,5,16,0.4,0.6,0.1,23.9,69,0,0.6,150,101,675,0,29.55,Tirumala
14-05-2020,0.26,28.9,2.3,5.9,8.3,2.6,1.6,6,22,0.1,0.4,0.1,23.9,68,0,0.8,221,114,674,0,29.73,Tirumala
15-05-2020,0.38,30.3,2.4,6.3,8.7,7.6,1.5,4,16,0,0.3,0.1,22.9,69,0,0.7,164,22,672,0,30.23,Tirumala
16-05-2020,0.39,37.3,2.3,9.9,12.2,7.1,2.1,5,15,0.3,0.7,0.1,24.2,64,0,0.9,279,95,672,0,30.77,Tirumala
17-05-2020,0.43,49,2.2,11.9,14.1,3.6,3.9,9,31,0.4,0.9,0.1,25.1,63,0.1,0.9,278,81,670,0,30.88,Tirumala
18-05-2020,0.42,71.3,2.3,11.8,14.1,3.9,4.9,,51,0.4,0.7,0.1,25,64,0.1,1,247,62,667,1.5,30.82,Tirumala
19-05-2020,0.34,60.1,2.2,10,12.2,3.7,2.8,25,95,0.4,0.5,0.1,25.1,62,0.2,1.4,254,83,666,0,32.51,Tirumala
20-05-2020,0.33,56.5,2.1,9,11.1,3.3,2.4,17,69,0.1,0.5,0.2,25.9,54,0.1,1.2,253,81,668,0,33.59,Tirumala
21-05-2020,0.43,55.1,2.3,9,11.2,3.7,3,18,65,0.3,0.7,0.1,26.5,53,0.1,0.9,194,93,670,0,33.4,Tirumala
22-05-2020,0.46,58.7,2.3,9.1,11.4,4.4,2.1,20,63,0.3,1.2,0.1,26.3,57,0.1,1,202,102,672,0,32.97,Tirumala
23-05-2020,0.51,73.1,2.3,10,12.3,5.1,2.7,28,74,0.5,1.3,0.1,26.7,57,0,0.7,181,84,672,0,33.08,Tirumala
24-05-2020,0.61,70.4,2.1,9.4,11.5,6,3.7,27,70,0.5,1.3,0.1,25.7,69,0,0.7,171,61,674,0,32.65,Tirumala
25-05-2020,0.53,59.9,2.3,9,11.3,6.5,5,36,76,0.5,1,0.1,25.4,70,0,0.7,131,70,675,0,31.62,Tirumala
26-05-2020,0.42,63,2.3,8.7,11,5.9,8.2,35,78,0.4,0.7,0.1,25.3,71,0,0.6,148,85,675,0,31.93,Tirumala
27-05-2020,0.48,60.8,2.1,8.8,11,5.5,3.7,35,75,0.4,0.7,0.1,25.6,71,0,0.5,122,70,674,0,32.61,Tirumala
28-05-2020,0.4,62.2,2.3,9.7,12,4.5,2.9,19,50,0.2,0.7,0.1,25.1,64,0.1,0.6,166,50,672,2.5,33.61,Tirumala
29-05-2020,0.27,52.7,2.1,10,12.1,4.4,2.3,15,43,0.2,3.6,0.4,25.6,60,0.1,0.7,179,64,672,0,31.53,Tirumala
30-05-2020,0.4,67.2,2.2,9.9,12.1,4.8,3.6,20,45,0.3,0.7,0.1,24.9,64,0,0.7,205,49,674,0,31.55,Tirumala
31-05-2020,0.43,45.9,2.3,8.6,10.9,4.5,2.6,21,49,0.3,0.4,0.1,25.1,68,0,0.6,113,92,676,0,29.08,Tirumala
01-06-2020,0.3,34.7,2.4,10.7,13.1,4.1,2.2,15,40,0.4,0.7,0.1,23.1,79,0,0.4,214,25,677,0.5,29.61,Tirumala
02-06-2020,0.22,39.8,2.1,10.1,12.2,6.3,3.4,8,26,0.3,0.8,0.1,24.1,70,0,0.6,132,63,676,0.5,28.8,Tirumala
03-06-2020,0.24,33.6,2.4,8.4,10.9,9.4,4.9,5,16,0.2,0.6,0.1,25.1,61,0,0.6,148,103,675,0,29.44,Tirumala
04-06-2020,,36.3,2.2,5.3,7.5,5.4,6.1,8,21,0.2,5.8,0.5,25.4,60,0.1,0.7,123,79,675,0,28.99,Tirumala
05-06-2020,,41.4,2.4,5.5,7.9,4.9,5.1,14,32,0.2,0.8,0.1,25,64,0,0.5,145,66,675,0,30.62,Tirumala
06-06-2020,,39.5,2.5,5.9,8.4,4.3,6.3,18,44,0.2,0.9,0.1,25.2,61,0.1,0.9,182,105,674,0,30.69,Tirumala
07-06-2020,0.35,30.9,2.5,4.3,6.8,3.2,6,20,49,0.1,0.5,0.1,24.9,60,0.1,1,192,75,673,0,31.28,Tirumala
08-06-2020,0.34,29.8,2.7,5,7.8,3.9,3.9,18,51,0.1,0.6,0.4,25.1,58,0.1,1,233,84,673,0,30.39,Tirumala
09-06-2020,0.39,31.6,3.6,7.5,11.1,5,6.6,19,53,0.3,1.2,0.2,24.8,59,0.1,1.1,211,37,672,0,30.6,Tirumala
10-06-2020,0.42,30.1,3.3,7.4,10.8,4.8,4.2,17,48,0.2,0.7,0.1,23.9,65,0.1,0.9,194,12,670,0,30.17,Tirumala
11-06-2020,0.34,28.1,2.5,4.3,6.7,4.4,4.2,10,23,0,0.2,0.1,21,82,0.1,1.4,219,5,668,6.5,28.14,Tirumala
12-06-2020,0.33,29.2,4,7.3,11.3,4.1,4.6,13,26,0.1,0.5,0.1,21.6,73,0.1,1.3,171,4,667,2.5,29.09,Tirumala
13-06-2020,0.31,34.5,3.3,7.9,11.2,3.8,6.9,13,30,0.1,0.5,0.1,23.7,64,0.1,1.3,108,82,668,0,30.61,Tirumala
14-06-2020,0.33,29.8,3,6.6,9.6,4.1,5.4,12,29,0.1,0.6,0.1,24.6,64,0.1,1.3,121,88,670,0,29.89,Tirumala
15-06-2020,0.33,26.8,3.2,7,10.2,4,6.1,14,32,0.1,0.5,0.1,24.5,63,0.1,1.3,105,60,670,0,31.35,Tirumala
16-06-2020,0.37,29.8,3.4,7.4,10.9,3.9,4.7,16,41,0.2,0.9,0.1,24.6,63,0.1,1.2,108,44,670,0,31.76,Tirumala
17-06-2020,0.34,29.8,3.1,6.3,9.4,4.4,5.5,17,49,0.2,0.6,0.1,24.1,64,0.1,1.3,105,30,671,0,30.94,Tirumala
18-06-2020,0.35,29,3.3,7.3,10.6,4.5,4.6,18,50,0.2,0.7,0.1,23.8,64,0.1,1.1,115,31,673,0,31.48,Tirumala
19-06-2020,0.47,24,3.9,8.5,12.5,4.2,4.6,18,54,0.1,0.8,0.1,24.6,62,0.1,1.1,183,73,673,0,30.08,Tirumala
20-06-2020,0.47,23.5,4.1,6.9,11,4.1,5.3,14,49,0.2,0.9,0.1,24,65,0.1,1,237,11,673,2.5,30.44,Tirumala
21-06-2020,0.34,21.3,2.8,4.4,7.2,4.2,4.8,10,38,0.1,0.5,36.5,23.8,66,0,0.9,227,31,672,1,30.42,Tirumala
22-06-2020,0.51,24.8,4.4,9.1,13.6,4.2,4.2,8,37,0.2,0.9,0.1,24,66,0.1,1,198,63,670,0,29.32,Tirumala
23-06-2020,0.65,29.4,4.1,9.8,13.8,3.7,4.8,11,39,0.2,0.9,0.1,23.7,68,0,0.9,180,71,672,0.5,29.53,Tirumala
24-06-2020,0.78,23.9,4.7,12.2,17,4,5,11,34,0.3,1.7,0.2,22,78,0,0.7,151,34,673,16,28.99,Tirumala
25-06-2020,0.72,28.7,4.5,11.3,15.8,4.5,5.9,14,34,0.3,1.5,0.1,22.1,80,0,0.7,200,28,672,4.5,28.47,Tirumala
26-06-2020,0.68,32.2,3.4,11.5,14.9,6.1,6.1,23,56,0.4,1.6,0.1,22.9,77,0,0.4,121,36,671,0,29.03,Tirumala
27-06-2020,0.72,40.3,3.9,12.9,16.8,4.9,5.7,15,35,0.5,2.2,0.1,22.7,79,0,0.4,158,26,672,10,28.65,Tirumala
28-06-2020,0.74,29.7,4.2,12.5,16.7,3.3,5.6,9,25,0.3,1.3,0.6,22.5,81,0,0.6,195,51,671,6.5,27.21,Tirumala
29-06-2020,0.74,29.8,4.5,12.8,17.3,3.8,5.7,9,21,0.3,1.5,0.2,23,77,0,0.5,161,29,670,0.5,27.4,Tirumala
30-06-2020,0.65,28,4.6,12.5,17.1,3.4,5.5,8,17,0.3,1.3,0.1,22.2,78,0,0.7,200,63,670,19,27.86,Tirumala
01-07-2020,0.64,23.8,3.6,7.5,11.2,3.8,5.5,14,22,0.2,0.9,0.1,22.2,78,0,0.6,201,27,671,28,27.67,Tirumala
02-07-2020,0.57,20.2,3.4,5.1,8.5,3.5,4.6,10,19,0.1,0.6,0.1,21.5,81,0.1,0.9,179,16,670,5,27.05,Tirumala
03-07-2020,0.58,21.5,3.8,7.9,11.7,3.2,7.5,10,22,0.2,0.7,0.1,22.9,72,0.1,1.2,160,75,669,0,26.83,Tirumala
04-07-2020,0.58,25.2,3.6,7.5,11.1,3.1,5.1,13,32,0.2,0.7,0.1,22.2,73,0.1,1.1,155,15,670,1,28.34,Tirumala
05-07-2020,0.58,23.7,2.9,5.4,8.3,3.3,3.7,14,37,0.2,0.6,0.1,21.9,77,0,0.8,130,16,669,0,28.05,Tirumala
06-07-2020,0.62,24.1,3.5,6.9,10.4,3.6,4.2,13,40,0.2,0.7,0.1,22.1,75,0,1.1,161,6,670,0,27.8,Tirumala
07-07-2020,0.62,27.2,3,6.1,9.1,3.3,5.4,11,34,0.2,0.6,0.1,23.4,71,0.1,0.9,151,91,673,0,28.94,Tirumala
08-07-2020,0.61,25.9,4,8.1,12.1,3.2,4.9,10,26,0.2,1.1,0.1,23.1,73,0,0.8,150,88,674,4,27.14,Tirumala
09-07-2020,0.63,25.9,4.2,8.3,12.5,3.2,5,8,19,0.2,1.2,0.1,22.3,77,0,0.9,211,62,673,9,25.75,Tirumala
10-07-2020,0.62,23.5,3.2,6,9.2,3.1,6.4,9,20,0.2,0.8,0.1,21.5,80,0,0.8,179,39,674,32.5,26.5,Tirumala
11-07-2020,0.65,22.4,3.4,6.9,10.3,3.2,5.3,9,23,0.3,1.1,0.5,22.1,77,0,0.7,176,79,673,3,26.73,Tirumala
12-07-2020,0.62,25.2,3.1,7.5,10.6,3.2,5.1,10,22,0.3,1.3,0.1,22.7,75,0,0.8,204,95,672,8,26.92,Tirumala
13-07-2020,0.63,22.5,3.1,6,9.1,2.9,6.7,10,26,0.2,1,0.1,22.1,80,0,0.6,177,61,671,44,26.65,Tirumala
14-07-2020,0.67,22.5,3.9,8,11.8,2.6,4.7,13,29,0.3,1.2,0.1,21.6,82,0.1,0.8,159,3,671,0,26.37,Tirumala
15-07-2020,0.61,31.9,3,5.6,8.6,2.9,5.8,11,21,0.2,0.8,0.1,21.1,82,0,0.8,139,6,670,1.5,25.88,Tirumala
16-07-2020,0.57,19,2.9,4.9,7.8,2.9,6.1,10,20,0.2,0.7,0.1,20.7,86,0,0.8,115,10,669,22,25.97,Tirumala
17-07-2020,0.59,22.4,3.4,5.9,9.3,3.1,4.6,12,24,0.2,0.7,0.1,22.2,77,0.1,0.9,177,88,670,3,26.67,Tirumala
18-07-2020,0.65,22.2,4,8.3,12.4,2.5,5,12,27,0.3,1.1,0.7,22.2,78,0,0.5,211,36,673,0.5,26.81,Tirumala
19-07-2020,0.67,21.5,3.5,7.6,11.1,2.6,4.6,10,22,0.2,0.7,0.1,21.8,83,0,0.5,201,22,673,11.5,25.86,Tirumala
20-07-2020,0.68,32.3,2.6,5.6,8.2,2.9,3.9,15,31,0.2,0.7,0.1,22.5,80,0,0.7,104,90,672,1,26.14,Tirumala
21-07-2020,0.6,39.3,2.6,5.4,8,2.7,5.1,14,30,0.2,0.8,0.1,23.4,74,0,0.6,99,104,674,0,26.49,Tirumala
22-07-2020,0.59,31.6,2.5,4.8,7.3,3.5,4.9,19,35,0.2,0.6,0.1,23,78,0,0.6,84,97,674,0,26.34,Tirumala
23-07-2020,0.63,25.4,2.8,5.6,8.4,3.5,4.9,17,33,0.3,0.9,0.1,22.3,82,0,0.5,156,55,673,18,25.96,Tirumala
24-07-2020,0.61,27.6,2.7,5.5,8.2,2.9,5.3,10,23,0.3,1,0.1,21.6,84,0,0.4,125,36,674,34.5,26.27,Tirumala
25-07-2020,0.65,27.8,3.2,6,9.2,2.9,6,14,25,0.4,1.1,0.1,22.2,79,0,0.6,174,88,676,46,25.74,Tirumala
26-07-2020,0.61,27.9,2.9,5.4,8.4,2.4,4.4,10,22,0.2,0.8,0.1,22.6,73,0.1,0.7,195,66,676,0,26.18,Tirumala
27-07-2020,0.62,39,3,5.3,8.3,2.3,5.9,11,26,0.2,1,0.1,23.1,71,0.1,0.8,172,100,676,0,26.56,Tirumala
28-07-2020,0.6,26.4,2.9,5.4,8.3,2.6,4.7,11,26,0.3,0.8,0.1,22.9,74,0.1,1,202,95,673,0,25.93,Tirumala
29-07-2020,0.65,24.7,3.3,7,10.3,3.1,4.3,15,24,0.3,0.8,0.1,21,86,0,0.4,174,3,671,5.5,26.46,Tirumala
30-07-2020,0.66,35.7,3.2,6.7,9.9,3.7,4.8,14,26,0.4,1.4,0.7,22.7,78,0,0.6,174,63,672,16,26.64,Tirumala
31-07-2020,0.7,32.4,2.6,5.1,7.7,3.7,5.3,16,25,0.3,0.9,0.1,22.6,80,0,0.4,96,94,672,18.5,26.8,Tirumala
01-08-2020,0.63,18.5,3.5,6.2,9.7,2.9,5.5,11,16,0.4,0.8,0.1,21.7,82,0.1,0.9,173,32,672,9.5,25.82,Tirumala
02-08-2020,0.61,32.4,2.9,5.4,8.3,2.6,5.1,10,16,0.4,0.4,0.1,21.9,78,0.1,1.2,146,46,671,16,25.92,Tirumala
03-08-2020,0.67,20.8,2.9,5.4,8.3,2.6,4.5,13,21,0.7,4.7,0.7,21,84,0,1,166,3,669,6,25.89,Tirumala
04-08-2020,0.59,20.3,3.1,4.4,7.6,2.3,4,9,19,0.2,0.4,0.1,21,81,0.1,1.4,166,7,666,0.5,25.75,Tirumala
05-08-2020,0.59,25.3,3.4,5.9,9.3,2.3,5.5,10,20,0.1,0.3,0.1,21.4,77,0.1,1.8,148,7,664,0,26.53,Tirumala
06-08-2020,0.65,26.4,3.1,6.2,9.3,2.4,4.8,12,27,0.2,0.6,0.1,22.1,79,0,1.1,168,27,667,0,27.17,Tirumala
07-08-2020,0.65,20.3,2.9,6.1,9,2.2,5.9,11,22,0.4,0.7,0.1,22.6,77,0,1.1,138,18,672,1,27.54,Tirumala
08-08-2020,0.67,22.2,3.5,7.2,10.7,2.2,5.2,14,23,0.8,0.8,0.1,22.5,77,0,1,157,25,672,0,26.51,Tirumala
09-08-2020,0.62,23.7,3.1,5.7,8.8,2.2,6,12,21,0.2,0.4,0.1,21.5,80,0,1.1,143,5,671,0,25.51,Tirumala
10-08-2020,0.64,31.5,3.1,7.1,10.2,2.2,5.6,14,26,0.6,0.5,0.1,21.6,77,0.1,1.3,157,19,672,0,25.87,Tirumala
11-08-2020,0.66,28.7,3.2,6.8,9.9,2.2,5.6,16,29,0.4,0.7,0.2,22,77,0,1,136,56,674,7.5,26.7,Tirumala
12-08-2020,0.67,24.4,3.1,6.9,10,2,5.1,13,34,0.4,0.7,0.1,21.7,79,0,1,148,7,675,0.5,26.48,Tirumala
13-08-2020,0.66,23,3,5.9,8.9,2,5.2,18,45,0.6,0.8,0.1,22.1,75,0,1.1,162,31,673,0,26.32,Tirumala
14-08-2020,0.59,22.9,3.2,6.3,9.5,2.2,6.1,19,46,0.3,0.7,0.1,22,74,0,1.1,159,37,671,0,27,Tirumala
15-08-2020,0.63,22.7,3.5,6.7,10.2,2.6,5.8,18,39,0.3,0.6,0.1,21.2,74,0.1,1.4,126,4,671,0,26.98,Tirumala
16-08-2020,0.55,20.6,3,4.8,7.8,3.4,5,21,45,0.3,0.6,0.1,20.5,79,0,1.2,107,3,672,0.5,27.36,Tirumala
17-08-2020,0.62,17.5,3,6.2,9.3,2.4,5,16,31,0.4,0.8,0.1,21.3,81,0,0.9,133,21,672,3,26.93,Tirumala
18-08-2020,0.67,19.1,3,6.8,9.8,2.3,5.4,14,30,0.5,0.7,0.1,22.4,76,0.1,1.1,180,58,679,3.5,27.06,Tirumala
19-08-2020,0.67,31.4,3.4,6.3,9.7,2.6,6.4,14,31,0.4,0.7,0.1,22.2,75,0.1,1.1,173,43,671,0.5,27.67,Tirumala
20-08-2020,0.59,19.6,3,6,9,2.4,5.1,14,35,0.3,0.5,0.1,21.8,76,0.1,1.2,159,7,671,0,27.2,Tirumala
21-08-2020,0.7,23.4,2.9,6.8,9.8,2.4,4.7,15,35,0.6,1.1,0.1,22.8,75,0,0.6,130,67,675,0,27.15,Tirumala
22-08-2020,0.72,20,3,6.7,9.8,2.9,5.3,18,35,0.5,1,0.1,22.7,78,0,0.5,133,34,676,0,27.15,Tirumala
23-08-2020,0.75,28.5,3.6,9,12.6,3,5,18,36,0.6,1,0.1,21.8,83,0,0.5,154,6,676,0.5,26.94,Tirumala
24-08-2020,0.66,16.4,3.6,6.9,10.5,2.4,5.4,14,25,0.3,0.6,0.1,21.2,84,0,0.6,151,5,676,9,26.06,Tirumala
25-08-2020,0.69,17.1,3.9,8,11.9,2.7,4.5,19,38,0.8,1.1,0.1,22.3,77,0,0.5,195,39,678,0,26.25,Tirumala
26-08-2020,0.65,17.2,4.1,8.5,12.7,2.8,5.1,19,39,0.7,1,0.6,22.4,78,0,0.5,203,53,677,0,26.3,Tirumala
27-08-2020,0.69,22.1,3.4,8.9,12.3,3,5.1,19,37,0.7,1.3,0.1,22.5,74,0,0.5,178,61,675,0,26.42,Tirumala
28-08-2020,0.67,21.2,3.3,7.9,11.2,3,6.1,19,43,0.5,1.3,0.1,22.9,73,0,0.5,175,73,674,0,27.1,Tirumala
29-08-2020,0.7,29.7,3.1,8.3,11.4,3.7,5.2,28,53,0.9,1.2,0.1,23.3,73,0,0.5,145,83,675,0,27.56,Tirumala
30-08-2020,0.64,26.1,4.3,9.1,13.4,3.4,4.4,18,33,0.4,1.2,0.1,23.3,73,0,0.7,197,75,675,0,27.34,Tirumala
31-08-2020,0.63,22.8,4.4,9.5,13.9,3.4,6.2,13,27,0.2,1.1,0.2,23,73,0,0.9,197,83,676,0,26.97,Tirumala
01-09-2020,0.69,25.4,3.8,12.6,16.4,2.9,5.4,15,32,0.3,2.1,2.2,22.5,75,0,0.8,180,33,676,0,25.95,Tirumala
02-09-2020,0.69,27.5,4.5,14.4,18.8,3,5.2,20,35,0.3,1.6,0.1,21.8,79,0,1.2,223,20,675,1.5,26.1,Tirumala
03-09-2020,0.68,25,4.1,12.3,16.4,4.2,5.2,29,45,0.3,1.2,0.2,21.7,83,-0.1,0.8,238,42,675,0.5,25.96,Tirumala
04-09-2020,0.66,22.3,4.3,10.7,15.1,3.5,6.2,22,36,0.3,1.6,0.2,21.5,83,-0.1,0.9,241,52,675,0,26.15,Tirumala
05-09-2020,0.69,20.5,4.6,11.9,16.5,2.7,5.4,18,33,0.5,1.8,0.1,22.1,80,-0.1,0.7,237,63,674,0,26.65,Tirumala
06-09-2020,0.65,21.4,3.8,11.3,15.1,2.3,5.3,16,26,0.4,1.4,0.6,22.3,79,0,0.7,117,64,674,0,26.3,Tirumala
07-09-2020,0.75,22.7,4.2,12,16.2,2.2,5.9,18,26,0.8,1.9,0.1,21.7,82,0,0.6,188,33,674,0,26.43,Tirumala
08-09-2020,0.76,18.8,4.9,12,16.9,3.7,6.5,19,27,0.6,1.3,0.1,22,81,0,0.4,231,20,675,10,26.88,Tirumala
09-09-2020,0.73,18.9,3.8,9.3,13.1,4.1,4.9,29,39,2.4,2.8,0.4,21.5,85,0,0.4,214,32,674,4,26.98,Tirumala
10-09-2020,0.71,23,3,5.8,8.8,2.4,5,14,24,2.3,1.8,0.2,21.8,80,0,0.6,237,38,671,11,25.93,Tirumala
11-09-2020,0.67,23.9,2.9,5.8,8.7,2.3,5.2,12,24,1,1.5,0.2,21.7,79,0,1,142,17,672,0,25.33,Tirumala
12-09-2020,0.64,33.2,2.9,5.1,8,1.5,6.7,12,20,0.9,1.3,0.1,20.8,82,0,1.1,146,7,674,11,25.94,Tirumala
13-09-2020,0.6,39.8,3.2,4.9,8.1,1.6,4.4,11,18,0.8,1.1,0.1,19.8,86,0.1,1.4,141,6,674,5.5,24.55,Tirumala
14-09-2020,0.54,33.7,3.1,4.1,7.2,2.9,4.9,18,18,1.9,2.5,0.5,19.1,88,0.1,1.5,172,5,672,13,24.93,Tirumala
15-09-2020,0.62,18.1,3.8,8,11.8,7.3,4.5,13,28,0.8,1.2,0.1,21.1,80,0,0.9,206,23,672,0,25.26,Tirumala
16-09-2020,0.65,17.4,6.6,16.3,22.9,10.2,5.5,10,24,1,1.6,0.1,21.2,82,0.1,0.9,176,31,673,15.5,26.19,Tirumala
17-09-2020,0.64,18.9,5.8,16,21.8,9.5,5,11,38,0.6,1.3,0.1,22.5,76,0.1,1,159,62,674,0,26.6,Tirumala
18-09-2020,0.68,18,6.5,17,23.6,8.8,4.9,10,29,1.2,1.3,0.1,22.3,78,0.1,1.1,148,36,672,0,26.47,Tirumala
19-09-2020,0.67,22,7.4,22.8,30.1,7.9,4.3,8,17,0.4,2,0.1,20.3,85,0.1,1.1,159,7,669,18.5,26,Tirumala
20-09-2020,0.59,20.7,4.3,13.9,18.2,7.9,4.6,7,15,0.3,0.4,0.1,20.6,82,0.1,1.6,142,10,668,4,24.87,Tirumala
21-09-2020,0.63,21.7,5.7,15.6,21.3,7.6,6,10,21,0.4,0.6,0.1,21.4,75,0,1.7,116,12,668,0.5,24.69,Tirumala
22-09-2020,0.68,26.2,5,17.2,22.2,8.1,5.1,13,29,0.5,1.3,0.1,21.6,75,0,1.5,78,50,670,0,25.26,Tirumala
23-09-2020,0.68,22.9,4.6,20.8,25.4,8.1,5.3,18,42,0.7,1.6,0.1,22.4,69,0.1,1.2,115,84,674,0,26.02,Tirumala
24-09-2020,0.67,21.3,6.3,22,28.3,8.8,6,15,31,0.8,1.7,0.1,22.9,70,0,0.8,165,85,677,0,26.79,Tirumala
25-09-2020,0.73,28.2,4.6,14.6,19.2,11.3,6,25,42,1.4,2.1,0.1,22.2,81,0,0.5,136,34,676,5.5,25.05,Tirumala
26-09-2020,0.64,16.9,6.6,17.3,23.9,9,4,11,19,0.8,1.1,0.1,20.1,84,0.1,1.2,146,6,676,12,24.49,Tirumala
27-09-2020,0.65,17.7,6.1,17.4,23.5,9.3,4.9,13,29,0.9,1.6,0.1,21.4,79,0,0.9,189,4,677,0,25.51,Tirumala
28-09-2020,0.72,24.7,5.9,21.8,27.7,10,6.7,20,38,1.5,2.3,0.2,21.9,78,0,0.6,256,21,676,0,26.48,Tirumala
29-09-2020,0.65,27.9,5.4,22.6,28.1,10.2,5.3,23,41,0.7,1.8,0.1,21.6,81,0,0.8,249,35,673,6,25.77,Tirumala
30-09-2020,0.71,39.6,4.8,20.7,25.5,9.8,5.2,20,30,1.1,1.9,0.1,21.1,81,0,0.9,249,12,673,0,25.17,Tirumala
01-10-2020,0.68,36.1,5.1,20.9,25.9,8.6,6.1,17,26,0.5,1.4,0.7,21.5,77,0.1,1.5,254,26,673,0,25.68,Tirumala
02-10-2020,0.76,44,5.9,31.4,37.3,10.6,4,32,61,0.9,1.9,0.1,22.7,73,0.1,1,265,60,674,0,26.44,Tirumala
03-10-2020,0.76,35.6,7.6,32.6,40.3,9.5,5.7,28,55,0.9,1.6,0.1,22.4,75,0.1,1.3,255,27,674,0,26.36,Tirumala
04-10-2020,0.74,33.5,7.4,27.7,35.1,8.4,4.5,17,36,1,1.5,0.1,22,76,0.1,1.3,234,31,674,0,25.07,Tirumala
05-10-2020,0.67,32,6.2,24.2,30.4,10,4.9,20,39,0.7,1.7,0.1,22,74,0.1,1.5,256,48,675,0,25.78,Tirumala
06-10-2020,0.71,43.9,4.6,26.3,30.9,12,4.6,35,65,1.2,1.8,0.1,23,70,0,0.9,270,69,675,0,26.25,Tirumala
07-10-2020,0.81,47.5,4.1,24.4,28.5,12.3,6.7,40,69,1.6,2.4,0.2,22.8,74,0,0.6,248,60,676,0,26.86,Tirumala
08-10-2020,0.88,45.4,4.7,30.3,35,14.2,3.3,44,77,1.7,2.6,0.2,22.5,78,0,0.6,202,53,676,0,26.73,Tirumala
09-10-2020,0.83,37.3,5.9,32.4,38.3,15.9,7.5,44,71,1.5,2.3,0.2,21.8,80,0,0.5,185,65,676,6.5,26.18,Tirumala
10-10-2020,0.91,30.4,6.8,28,34.9,14.2,5.6,31,46,1.7,3.4,0.4,21.5,84,0,0.5,226,15,681,4.5,25.42,Tirumala
11-10-2020,0.72,30.5,6.6,24.2,30.8,10.2,4.9,10,17,0.9,1.4,0.2,20.3,84,0.1,0.9,222,4,671,4.5,24.74,Tirumala
12-10-2020,0.87,29.4,6,23.8,29.9,10.2,5.5,13,24,0.5,1.4,0.4,21.3,80,0,0.9,183,22,668,0,25.38,Tirumala
13-10-2020,1.05,18.9,4.9,19.8,24.7,9.3,5.8,9,22,1.2,1.8,0.9,21,82,0.1,1.2,143,26,666,0,25.45,Tirumala
14-10-2020,1.03,25.1,4.1,17.1,21.2,9,6.2,11,23,0.8,1.3,0.1,21.7,77,0,1.2,75,59,668,0.5,25.74,Tirumala
15-10-2020,0.9,21.3,4.9,20,24.8,8.9,7.3,12,27,1.3,2.4,0.2,21.7,78,0,0.8,93,58,671,0,25.88,Tirumala
16-10-2020,1.08,31.5,7,32,39,11.1,6.3,21,45,1.1,3.7,0.3,22.2,78,0,0.6,225,51,672,0,26.35,Tirumala
17-10-2020,1.06,30.1,5.2,23.7,28.8,10.4,4.4,23,44,1.2,3.1,0.2,21.3,81,0,0.5,235,18,674,0,25.17,Tirumala
18-10-2020,0.99,31.8,4.7,25.4,30.1,11.1,4.5,26,50,0.9,2.4,0.2,20.6,85,0,0.4,216,4,675,0,25.51,Tirumala
19-10-2020,1.01,24.3,6.8,26.4,33.2,10.4,4.7,18,33,1,2.8,0.2,21.5,82,0,0.6,233,23,674,0.5,25.43,Tirumala
20-10-2020,0.94,25.7,4.9,19.3,24.2,8.2,5.9,20,32,1.2,3.4,0.3,21,84,0,0.5,236,6,674,0,24.9,Tirumala
21-10-2020,0.77,18.1,4.5,13,17.5,5.9,5.3,9,25,0.9,2.8,0.2,20.6,85,0,0.7,233,6,674,0,24.58,Tirumala
22-10-2020,0.78,21.3,3.9,12,15.9,6.1,4.7,15,23,0.9,2.8,0.2,21.6,82,0,0.5,227,15,674,0.5,25.53,Tirumala
23-10-2020,0.87,25.7,3.5,12.7,16.3,8.2,4.3,40,53,1.3,3,0.2,21.3,85,0,0.4,229,38,674,0,25.77,Tirumala
24-10-2020,0.91,29.2,3.8,17,20.8,8.5,5.4,48,65,1.5,3.9,0.4,21.7,81,0,0.4,237,39,677,0,25.68,Tirumala
25-10-2020,0.93,48.8,3.5,17.5,21.1,9.3,5.8,62,91,1.3,2.5,0.2,21.7,78,0,0.9,256,47,679,0.5,25.62,Tirumala
26-10-2020,0.92,50.4,3.9,21.7,25.7,9.7,7.1,64,94,1.5,2.8,0.2,21.6,71,0,1.1,239,66,680,0,25.06,Tirumala
27-10-2020,0.93,51.1,3.8,18.1,21.9,9.4,5.7,60,86,1.5,2.6,0.2,20.9,80,-0.1,1.4,260,45,679,0,24.44,Tirumala
28-10-2020,0.86,66.5,3.4,17.2,20.6,8.1,6.3,45,78,1.7,2.5,0.2,20.3,71,-0.1,2.2,260,33,679,0,23.91,Tirumala
29-10-2020,0.83,67.2,3.4,17.6,21.1,7.6,7.5,41,66,1.3,1.7,0.1,19.2,77,-0.1,2.5,236,4,680,0,23.5,Tirumala
30-10-2020,0.95,59.8,3.6,28.2,31.7,8.5,8.6,56,101,1.9,3.2,2.6,21.2,65,-0.1,1.4,253,63,679,0,24.26,Tirumala
31-10-2020,1.04,35.5,4,38.4,42.5,9.7,9.3,71,119,2.1,4.1,0.3,21.3,69,0,0.9,234,70,680,0,24.95,Tirumala
01-11-2020,1.08,,5,44.1,49.1,10.8,9.8,79,128,2.1,3.8,0.4,21.6,72,0,0.7,222,58,681,0,24.97,Tirumala
02-11-2020,0.96,46,5.1,35.8,40.9,9.7,14.6,55,88,1.6,3,0.2,21.9,66,-0.1,1,199,75,682,0,25.3,Tirumala
03-11-2020,0.96,47.8,3.9,23.3,27.2,10.1,8.2,58,85,1.5,2.4,0.2,21.5,76,-0.1,1.5,217,55,682,0,25.22,Tirumala
04-11-2020,0.95,32.8,5.8,25.6,31.4,8.6,9.4,38,62,1.6,3.2,0.5,20.9,83,-0.1,1.5,227,11,681,0,24.95,Tirumala
05-11-2020,0.93,36.3,4.6,21.3,25.9,8.9,8,39,57,1.5,7,0.6,20.9,85,-0.1,1.7,219,24,682,0,24.78,Tirumala
06-11-2020,0.72,23.1,6.7,13.8,20.5,6.2,4.5,7,17,0.5,1.6,0.1,20.9,85,-0.1,1.4,243,33,684,0.5,25.16,Tirumala
07-11-2020,0.76,13.7,8.9,19.2,28.2,6.1,4.5,8,20,0.6,2.2,0.2,20.1,87,-0.1,1.6,239,14,684,0,25.3,Tirumala
08-11-2020,0.99,58.5,3.5,18.7,22.2,9.8,4.5,60,84,1.5,1.6,0.1,19.9,88,-0.1,1.9,211,17,684,0,24.71,Tirumala
09-11-2020,0.96,57.1,4.1,23.5,27.6,9.3,6.4,61,94,1.8,3,0.2,19.7,78,-0.1,1.6,218,42,683,0,23.15,Tirumala
10-11-2020,0.94,63.8,4.5,27.2,31.8,8.4,8.3,55,87,2,3.6,0.3,19.2,73,-0.1,1.8,234,80,680,0,21.71,Tirumala
11-11-2020,0.95,45.8,5.1,28.3,33.3,7.3,5.8,39,61,2,3.5,0.3,19.6,81,0,1.9,241,50,680,0.5,22.93,Tirumala
12-11-2020,0.85,19.7,8,20.9,28.9,5.6,4.8,8,18,1.1,2.9,0.2,19.8,87,-0.1,1.2,266,8,681,0,24.11,Tirumala
13-11-2020,0.75,27.9,3.7,12.6,16.3,5.6,5.8,6,13,0.4,1,0.1,19.6,88,-0.1,1.8,222,10,682,0,24.6,Tirumala
14-11-2020,0.78,41.4,3.5,13.7,17.2,6.2,4.2,18,31,0.8,1,0.1,20,87,-0.1,2.2,218,29,681,0,24.43,Tirumala
15-11-2020,0.83,32.2,4.2,16.9,21.1,5.7,5.3,8,14,0.8,1.2,0.1,19.5,89,-0.1,2.1,220,5,679,0.5,24.7,Tirumala
16-11-2020,0.82,21.6,7.1,19.2,26.3,5.3,4.7,7,13,0.6,1.6,0.1,19.3,89,-0.1,1.2,223,6,681,1,24.1,Tirumala
17-11-2020,,20.7,5.5,17.7,23.2,5.5,5.2,11,20,0.6,9.1,0.7,19.4,89,-0.1,1.2,232,11,681,2,24.45,Tirumala
18-11-2020,,20.1,6.8,19,25.9,5.9,4.3,14,26,0.7,2.3,0.2,20.2,87,-0.1,0.9,205,18,681,88.5,24.44,Tirumala
19-11-2020,0.8,19.5,6.1,16.5,22.6,5.7,5.5,15,26,0.6,2.4,0.2,20.2,85,-0.1,1.2,192,46,682,76,24.09,Tirumala
20-11-2020,0.59,18,13,26.4,39.4,5.7,5.8,16,27,1.1,3.5,0.2,19.8,75,-0.1,0.7,184,74,682,0,23.6,Tirumala
21-11-2020,0.72,30.3,9.5,37.5,47,6.2,5.3,24,37,0.9,3.4,1,19.6,61,-0.1,0.8,202,78,682,0,22.12,Tirumala
22-11-2020,0.71,41.7,5.7,27.8,33.5,7.5,8.8,33,46,0.9,2.3,0.2,19.8,69,-0.1,1.3,200,47,681,0,21.21,Tirumala
23-11-2020,0.73,34.6,4.7,17.9,22.6,8.2,5.6,38,49,0.9,1.6,0.2,19.6,85,-0.1,2.4,229,24,682,0,22.03,Tirumala
24-11-2020,0.83,50.4,4.5,20,24.6,9.5,5.4,61,83,1.7,2.3,0.2,19.1,86,-0.1,2.5,262,7,680,0,23.04,Tirumala
25-11-2020,0.73,43.2,5.5,20.4,25.9,7.7,5.4,31,46,1.4,1.5,0.1,17.9,89,-0.1,3.2,249,5,676,35,23.33,Tirumala
26-11-2020,0.58,30.7,5,14.7,19.7,5.7,5.4,6,11,0.4,0.6,0.1,18.1,89,0,3.4,219,6,669,120.5,24.14,Tirumala
27-11-2020,0.68,25.3,8.2,21.5,29.7,5.7,3.9,8,13,0.6,1.8,0.6,17.4,88,0,1.1,201,14,677,43,23.66,Tirumala
28-11-2020,0.77,19.7,10.9,24.5,35.5,5.7,5.3,14,24,1,2.8,0.2,18.8,88,0,0.7,237,9,683,0,23.57,Tirumala
29-11-2020,0.71,19.1,10.2,19.8,30,5.9,4.9,16,26,0.8,2,0.2,19.1,88,-0.1,1.1,245,13,684,0,22.97,Tirumala
30-11-2020,0.76,35.6,5.2,19.8,25,6.7,5.5,31,50,1.2,1.9,0.2,19.1,86,-0.1,1.8,290,17,684,0,23.27,Tirumala
01-12-2020,0.81,47.7,4,20,24,6.8,9,31,49,1.2,1.7,0.1,18.7,84,-0.1,2.2,267,32,684,0,22.43,Tirumala
02-12-2020,0.85,53.6,4.4,20.8,25.2,7.3,4.3,41,61,1.4,2.3,0.2,18.4,83,0,2.4,269,21,681,0,22.49,Tirumala
03-12-2020,0.74,34.1,4.1,16,20.1,5.8,5.6,10,16,1,1,0.1,18.4,89,-0.1,2.2,268,6,679,33.5,23.29,Tirumala
04-12-2020,0.67,28.6,4.4,12.5,17,5.3,5.6,4,9,0.5,3.9,0.7,18.7,89,-0.1,2.4,244,6,678,25.5,23.5,Tirumala
05-12-2020,0.77,31.9,5.6,18.7,24.3,6,4.7,8,13,0.8,1.2,0.1,18.7,89,-0.1,2.2,240,6,679,35,23.56,Tirumala
06-12-2020,0.74,34.7,4.7,16.7,21.4,5.9,6.6,5,9,0.6,0.9,0.1,19,89,-0.1,2.1,241,7,682,34.5,23.83,Tirumala
07-12-2020,0.72,16.5,7,18.3,25.2,5.6,4.5,6,11,0.4,1.2,0.1,19.1,89,-0.1,1,211,6,684,49.5,23.9,Tirumala
08-12-2020,0.75,24.3,6,17.2,23.2,6.1,4.8,10,19,0.6,1.5,0.1,19.1,89,-0.1,1.1,244,8,685,12,23.74,Tirumala
09-12-2020,0.77,23.1,7,21.6,28.6,6.9,6.2,22,38,0.8,2.1,0.1,18.6,89,0,1,236,9,684,6,22.72,Tirumala
10-12-2020,0.75,23.2,13,30.8,43.8,7.4,5.8,30,54,0.9,2.4,0.2,18.2,82,0,0.6,217,60,683,0.5,21.17,Tirumala
11-12-2020,0.82,26.3,12.3,34.3,46.6,9,5.8,48,68,1.1,2.7,0.2,18.5,80,0,0.7,289,70,683,0,20.88,Tirumala
12-12-2020,0.91,20.2,24.6,45,69.7,8.9,5.8,50,72,1.6,3.9,0.4,18.5,80,0,0.6,251,64,683,0,21.16,Tirumala
13-12-2020,0.91,24.3,19.9,46.3,66.2,9.4,5.2,56,82,2,3.8,0.3,18.6,81,0,0.6,237,37,681,0,21.41,Tirumala
14-12-2020,0.87,33.9,7.1,30,37.1,9.2,5.8,49,67,1.5,2.7,0.2,18.8,81,-0.1,0.9,237,58,681,0,21.54,Tirumala
15-12-2020,0.83,37.7,5.3,22.8,28.1,9.1,5.1,45,65,1.3,1.7,0.1,18.7,84,-0.1,1.7,251,32,683,0,21.49,Tirumala
16-12-2020,0.79,28.8,6.6,24.1,30.6,8.3,4.9,31,46,1.2,1.8,0.2,18.7,88,-0.1,2,262,5,684,0,22.58,Tirumala
17-12-2020,0.79,30.4,6,22.8,28.8,8.6,6.4,35,52,1.1,1.6,0.1,18.9,86,-0.1,1.8,235,11,684,0.5,22.58,Tirumala
18-12-2020,0.77,37.5,6.2,23.3,29.5,9.4,4.8,51,67,1.1,7.6,0.6,18.4,87,-0.1,2.2,259,3,684,0,22.31,Tirumala
19-12-2020,0.85,45.6,5.3,26.5,31.7,10.1,5.7,65,79,1.4,1.6,0.1,18.8,84,-0.1,1.8,240,30,684,0,22.07,Tirumala
20-12-2020,0.86,51.2,4.6,26.3,30.9,10.2,6.3,69,90,1.6,1.4,0.1,18.7,88,-0.1,1.8,218,16,684,0,20.89,Tirumala
21-12-2020,0.78,51.1,5.7,33.8,39.5,9.4,10.7,61,83,1.3,1.7,0.1,17.6,77,-0.1,1.7,209,56,683,0,19.44,Tirumala
22-12-2020,0.8,44.6,9.2,45.4,54.6,8.9,9,59,84,1.4,2.5,0.2,17.5,77,0,1.5,212,65,682,0,19.42,Tirumala
23-12-2020,0.85,41.7,10.4,50.7,61.1,9,6.7,57,84,1.5,3.4,0.2,18.3,77,0,1.3,220,77,681,0,19.96,Tirumala
24-12-2020,0.83,50.1,8.6,43.1,51.7,10.1,6.4,63,88,1.5,2.6,0.2,17.5,82,0,1.3,217,61,680,0,20.64,Tirumala
25-12-2020,0.91,40.8,8.8,40.8,49.6,9.4,5.4,58,82,2,3.4,0.2,18.2,82,0,1.1,221,45,681,0,20.4,Tirumala
26-12-2020,0.92,53.6,5.5,34.1,39.6,10.7,6.3,77,104,2.4,2.9,0.3,18.1,81,-0.1,1.8,213,58,682,0,20.12,Tirumala
27-12-2020,1.06,50.5,5.8,43.1,48.9,12.2,7.1,98,125,2.9,2.9,0.2,18.2,83,0,1.5,234,34,681,0,20.05,Tirumala
28-12-2020,1.03,45.6,6.6,38.8,45.4,12.1,7.7,92,121,2.6,3,1.3,18.1,81,0,1.5,229,62,681,0,20.02,Tirumala
29-12-2020,0.92,54.2,5.5,33.4,38.9,11.9,8.6,84,112,2.1,2.5,0.2,18,85,-0.1,1.8,238,18,681,0,20.96,Tirumala
30-12-2020,0.86,52.4,5.3,28.8,34.1,10.2,5.7,57,81,1.5,2,0.2,18.1,87,-0.1,2.1,264,13,681,0,21.92,Tirumala
31-12-2020,0.78,49.2,4.4,23.8,28.3,9.7,4.4,47,65,1.2,1.6,0.1,18,88,-0.1,1.9,249,11,682,1.5,21.88,Tirumala
01-01-2021,0.82,54.5,4.1,22.5,26.6,10.7,6.2,61,86,1.5,1.4,0.1,17.9,85,-0.1,1.9,221,29,682,0,20.65,Tirumala
02-01-2021,0.87,44.5,6,30.6,36.6,10.1,6.9,55,78,1.9,2.5,0.2,17.6,88,-0.1,2,253,6,682,0,21.1,Tirumala
03-01-2021,0.86,34.1,6.6,34.8,41.3,9.8,10.2,55,76,1.6,2.2,0.2,18.2,87,-0.1,1.8,271,17,680,0,21.9,Tirumala
04-01-2021,0.74,32.7,6.9,27.1,34.1,7.9,5,31,48,1.1,1.6,0.1,18.8,84,-0.1,1.7,274,60,681,0.5,22.24,Tirumala
05-01-2021,0.78,24.1,12.2,25,37.2,6.8,6,13,22,1.2,2,0.1,18.4,89,-0.1,1.3,255,5,681,22.5,22.65,Tirumala
06-01-2021,0.74,16,10,20,30,6.2,5.9,6,13,0.7,2,0.3,18.9,89,-0.1,0.8,223,8,680,9.5,23.24,Tirumala
07-01-2021,0.8,18.4,12.5,22.1,34.7,7,4.5,16,25,1,2.1,0.1,18.6,89,-0.1,1,208,6,679,6.5,23.06,Tirumala
08-01-2021,0.76,13,20,20.3,40.4,6.6,3.8,14,30,1.1,2.4,0.2,18.9,87,-0.1,0.8,186,9,678,3,23.4,Tirumala
09-01-2021,0.8,14.4,16.2,21.5,37.7,6.6,5.2,16,31,0.9,2.3,0.2,19.2,86,-0.1,1.1,178,35,680,0.5,22.71,Tirumala
10-01-2021,0.8,23.1,9.4,17.3,26.6,8.6,6.3,38,56,1.2,7.8,0.2,19.5,85,-0.1,1.3,182,25,680,0,22.94,Tirumala
11-01-2021,0.75,14.6,8.3,19.2,27.5,8.2,8.2,33,49,1.1,2.9,0.2,19.3,82,0,1.4,196,29,681,0,22.69,Tirumala
12-01-2021,0.76,26.3,5.6,17.3,22.9,9,6.5,45,58,1,1.9,0.1,18.5,87,-0.1,1.8,220,18,681,0,22.51,Tirumala
13-01-2021,0.95,24.1,6.6,21.3,27.9,9.5,8,65,79,2.7,2.9,0.1,18.6,83,-0.1,1.5,225,46,681,0,22.27,Tirumala
14-01-2021,0.84,24,6.9,21.2,28.1,9.6,7.5,60,84,1.2,2.6,0.1,18.5,86,0,1.5,233,10,681,0,21.82,Tirumala
15-01-2021,0.89,30.7,11.2,29.2,40.3,9.3,6.2,60,80,1.3,3,0.2,18.7,81,0,1,236,65,681,0,21.83,Tirumala
16-01-2021,0.93,24.3,20.3,39.8,60.1,8.5,13.1,57,77,1.4,3.4,0.2,18.9,76,0,0.6,232,63,679,0,21.66,Tirumala
17-01-2021,0.8,27.1,8.6,27.8,36.4,7.7,6,41,57,1.1,2.8,0.2,18.2,80,0,1,236,70,681,0,21.17,Tirumala
18-01-2021,0.73,24,7.8,22.1,30,6.9,6.2,34,48,1,3,0.5,18.2,82,-0.1,1,244,46,681,0,21.31,Tirumala
19-01-2021,0.87,27.6,10.3,29.6,39.9,8.4,5.9,54,77,1.3,3.2,0.2,18.6,82,0,1.1,243,28,681,0,21.25,Tirumala
20-01-2021,0.94,29.9,24.1,46.8,71,7.8,15.9,51,77,1.5,4.1,0.3,19.6,67,0,0.7,246,51,682,0,21.86,Tirumala
21-01-2021,0.95,15.8,23.6,35.9,59.5,6.6,5.5,32,54,1.4,4,0.3,20.6,78,0,0.6,244,68,682,0,23.63,Tirumala
22-01-2021,0.84,28.2,16.3,36.1,52.4,7.9,9,42,65,1.4,5,0.7,20.3,72,0,0.9,247,52,681,0,23.15,Tirumala
23-01-2021,0.78,29.2,16,35.3,51.3,8,6.4,42,62,1,3.8,0.5,19.3,70,-0.1,0.7,247,68,682,0,22.49,Tirumala
24-01-2021,0.82,28.4,17.4,42.3,59.8,8.4,8.7,48,70,1.1,3,0.3,19.4,66,0,0.5,205,70,682,0,21.45,Tirumala
25-01-2021,0.83,25.5,23.4,42.9,66.3,7.8,5.5,44,64,1,2.8,0.2,19.3,74,0,0.5,245,72,683,0,21.45,Tirumala
26-01-2021,0.79,26,16.1,41.4,57.6,7.5,6.1,39,56,0.9,2.8,0.2,19,74,0,0.6,259,75,683,0,21.36,Tirumala
27-01-2021,0.85,37.4,8.7,33.5,42.2,9.7,5.9,63,89,1.1,2.6,0.2,18.6,82,-0.1,0.8,234,63,683,0,20.91,Tirumala
28-01-2021,0.86,28.2,8.7,28.1,36.8,9.3,5.9,59,86,1.1,3.4,0.2,18.8,80,-0.1,1,240,54,683,0,21.82,Tirumala
29-01-2021,0.95,31.4,11.4,31.6,43.1,9.9,5.1,69,98,1.6,4.8,0.2,19.1,80,-0.1,1,236,48,684,0,21.93,Tirumala
30-01-2021,0.94,30.8,18,40.2,58.2,9.2,4.8,62,86,1.6,3,0.2,19.3,75,0,0.9,239,64,683,0,22.16,Tirumala
31-01-2021,0.86,31.3,20.9,38.3,59.2,8.2,5.4,49,75,1.7,2.5,0.2,19.3,71,-0.1,1.1,237,68,683,0,21.7,Tirumala
01-02-2021,0.84,29.5,12.1,35.4,47.5,7.5,7.7,38,60,1.3,2.9,0.2,19.1,78,-0.1,1.4,226,66,686,0,21.57,Tirumala
02-02-2021,0.89,40.5,7.1,27.5,34.7,9.2,6.5,58,84,1.4,2,0.1,19.1,81,-0.1,1.5,235,48,686,0,21.92,Tirumala
03-02-2021,0.86,47.1,9.6,32.5,42.2,8.4,5.9,50,77,1.5,2.4,0.2,18.6,78,-0.1,1.6,230,55,685,0,21.56,Tirumala
04-02-2021,0.75,44.3,9.9,38,47.9,7.6,6.7,39,73,1.2,2.3,0.1,18.1,74,-0.1,1.1,234,56,685,0,20.95,Tirumala
05-02-2021,0.84,33.3,14.6,51.6,66.2,8.2,8.9,45,80,1.6,3.3,0.6,18.2,72,0,1.2,242,68,683,0,20.58,Tirumala
06-02-2021,0.83,43.2,15.4,52.6,68,7.9,6.9,41,75,1.3,2.9,0.2,18.7,64,-0.1,1.2,239,72,682,0,20.8,Tirumala
07-02-2021,0.71,57.4,7.9,39.3,47.2,7.6,13.2,36,64,1,1.8,0.1,19.4,52,-0.1,1.9,231,75,683,0,20.71,Tirumala
08-02-2021,0.86,52.2,9.4,39.7,49.1,9,10.2,47,83,1.3,2.4,0.2,18.6,68,-0.1,1.6,241,60,684,0,20.84,Tirumala
09-02-2021,0.87,52.1,9.7,36.8,46.5,9.2,5.9,50,78,1.5,2.2,0.1,18.5,74,-0.1,1.4,224,67,681,0,20.85,Tirumala
10-02-2021,0.9,46.4,19.6,54.3,73.9,9.4,10,58,90,1.6,3,0.2,18.4,70,0,1,216,73,681,0,20.69,Tirumala
11-02-2021,0.87,44.1,12.7,45.1,57.9,8.6,7.2,45,71,1.4,2.8,0.2,18.3,74,-0.1,0.9,232,73,680,0,20.94,Tirumala
12-02-2021,0.77,34.8,15.6,42.2,57.8,8.2,7,28,47,1,2.2,0.2,17.8,73,-0.1,1.1,234,78,681,0,20.58,Tirumala
13-02-2021,0.82,25.4,27.6,52.2,79.8,8,8.7,32,52,1.1,2.9,0.2,18.3,70,-0.1,0.7,226,76,683,0,20.54,Tirumala
14-02-2021,0.81,21.4,39.3,58.5,97.9,8.3,8.6,31,54,3.3,18.4,4.2,18.7,66,0,0.8,245,75,682,0,21.02,Tirumala
15-02-2021,0.79,36.8,23,62.3,85.4,8.5,7.9,37,58,3,16.8,2.5,20.3,53,-0.1,0.9,256,70,681,0,21.8,Tirumala
16-02-2021,0.84,39.5,26.7,62.3,89.1,8.9,8.5,42,63,2.8,15.5,2,20,53,-0.1,0.8,210,70,681,0,21.87,Tirumala
17-02-2021,0.8,39.1,9.6,39.9,49.5,10.3,10.4,50,79,2.6,14.6,1.8,18.9,72,-0.1,1,212,63,680,0,22.05,Tirumala
18-02-2021,0.81,43,8.4,32.2,40.6,10.8,5.6,57,87,2.2,11.6,1.3,18.6,78,-0.1,1.6,178,56,682,0,22.03,Tirumala
19-02-2021,0.84,27.6,13,32.8,45.9,10.4,5.7,49,72,2.6,12.2,1.4,18.8,83,-0.1,1.4,209,25,682,0,22.81,Tirumala
20-02-2021,0.79,35.4,11,31.4,42.5,8.8,5.1,30,46,2.4,10.1,1,18.4,83,-0.1,2.1,248,29,682,1.5,22.91,Tirumala
21-02-2021,0.83,29.7,10,29,39,7.1,5.2,13,25,2,11.1,1.2,18.3,87,-0.1,1.7,258,12,683,0,22.73,Tirumala
22-02-2021,0.89,28.6,14.3,38.1,52.5,8.2,7.3,28,48,2.5,13.4,1.5,19.5,81,-0.1,1.5,252,29,684,0,23.54,Tirumala
23-02-2021,0.96,29.7,22.6,48.5,71.1,8.5,7.4,38,60,3,14.7,1.7,20.4,70,-0.1,1,240,71,682,0,23.84,Tirumala
24-02-2021,0.95,43.8,25.6,69.2,94.9,8.9,14,53,79,3.1,14.4,1.8,21,56,-0.1,0.8,239,71,681,0,23.71,Tirumala
25-02-2021,0.89,42.1,22.4,79.7,102.2,8.5,9.4,56,78,2.7,13.6,7.5,21.5,47,-0.1,0.8,258,75,681,0,23.97,Tirumala
26-02-2021,0.94,39.1,20.9,74.3,95.3,8.3,9.7,44,76,2.9,14.7,1.9,22.6,49,-0.1,0.8,251,68,679,0,24.58,Tirumala
27-02-2021,0.92,37,36.4,88.8,125.3,8.2,9.3,54,69,2.7,12.1,1.6,23.2,43,-0.1,0.8,182,69,678,0,24.74,Tirumala
28-02-2021,0.82,57.8,21.5,70.3,91.8,12.6,11.5,44,67,2.4,11,1.5,23.2,43,-0.1,0.6,231,115,679,0,24.81,Tirumala
01-03-2021,0.8,40.5,10.2,53.4,63.6,7.4,7.6,36,65,1.7,6.4,0.9,24.4,46,-0.1,0.7,,114,683,0,24.87,Tirumala
02-03-2021,0.77,59.4,6.9,40.2,47.1,10.1,7.9,41,80,1.2,2.4,0.9,22.4,47,0,0.6,199,72,683,0,24.87,Tirumala
03-03-2021,0.77,47.6,16.9,54.7,71.6,11,7.6,36,76,1.1,2.3,0.2,22.3,42,-0.1,0.7,278,76,682,0,24.4,Tirumala
04-03-2021,0.8,34.9,17.2,49.1,66.4,11.2,7.2,36,68,1,1.9,0.2,21,50,-0.1,0.7,259,78,682,0,23.78,Tirumala
05-03-2021,0.84,22.3,19.7,48.3,68.1,10.5,6.9,30,59,0.9,2,0.2,20.9,61,-0.1,0.6,173,83,683,0,24.02,Tirumala
06-03-2021,0.85,26.2,30.8,48.7,79.6,9.9,9,33,62,1.2,2.9,0.3,22.1,55,-0.1,0.7,263,84,683,0,25.15,Tirumala
07-03-2021,0.82,34.5,17.7,48,65.7,10.3,8.3,33,61,1.4,2.2,0.2,22.5,51,-0.1,0.7,273,76,682,0,25.18,Tirumala
08-03-2021,0.88,23,20.4,37.8,58.3,10.4,9,32,61,1.2,2.4,0.6,21.5,66,-0.1,0.6,41,81,683,0,24.95,Tirumala
09-03-2021,0.76,13.4,14.2,25.1,39.4,10.3,7.4,20,42,0.6,1.9,0.8,21,74,-0.1,0.6,,78,683,0,25.13,Tirumala
10-03-2021,0.76,16.5,13.6,24.3,37.9,9.2,7.1,18,42,0.7,2.4,0.9,21.6,72,-0.1,0.8,,81,683,0,26.25,Tirumala
11-03-2021,0.75,17.8,8.5,24.5,33,8.6,6.8,17,38,0.7,2.1,1.6,21.7,71,0,0.6,,80,683,0,26.36,Tirumala
12-03-2021,0.67,27.5,8.5,29.1,37.6,7.9,5.4,14,38,0.6,2,0.3,21.6,54,-0.1,0.7,,85,684,0,24.54,Tirumala
13-03-2021,0.67,31.5,12.8,33.1,45.9,7.5,4.4,18,41,0.6,1.8,0.2,22.1,45,-0.1,0.7,162,79,684,0,25.26,Tirumala
14-03-2021,0.73,24.1,13.1,46.7,59.9,8.1,7.9,24,51,0.8,1.8,0.2,22.5,47,-0.1,0.7,161,79,682,0,25.6,Tirumala
15-03-2021,0.83,37,15.1,48.9,64.1,8.9,4.8,31,53,0.9,1.9,0.2,22.6,49,-0.1,0.6,188,73,681,0,26.41,Tirumala
16-03-2021,0.82,42.8,19.5,50.5,70,9.2,6.7,36,55,0.9,2,0.4,22.9,50,-0.1,0.8,248,80,681,0,26.4,Tirumala
17-03-2021,0.88,50.6,22,55.1,77.2,10.1,6.1,49,80,1.3,2.7,0.3,22.7,51,-0.1,0.5,269,64,680,0,26.68,Tirumala
18-03-2021,0.84,46.6,19,50.9,70,10.5,6.1,52,87,1.2,2.7,0.3,22.2,51,-0.1,0.8,263,71,680,0,25.83,Tirumala
19-03-2021,0.83,38.1,9.2,43.9,53.2,11.3,11.3,53,98,1.3,2.7,0.2,21.6,61,0,0.5,176,73,679,0,25.18,Tirumala
20-03-2021,0.96,39.6,29.4,63.5,92.9,10.1,8.1,51,86,1.3,3.2,0.4,22.6,51,-0.1,0.6,276,73,678,0,26.47,Tirumala
21-03-2021,0.8,43.2,17.9,59.7,77.6,10,8.1,54,123,1,2,0.2,23.2,44,-0.1,0.8,245,69,678,0,27.3,Tirumala
22-03-2021,0.82,40.8,21.3,56.8,78.1,10,10.4,54,116,1.1,2,0.2,23,41,-0.1,0.7,256,78,680,0,27.63,Tirumala
23-03-2021,0.88,29,15.6,41.3,56.9,10.4,8,48,112,5.1,15.9,1.1,22.5,59,0,0.6,240,80,681,0,27.35,Tirumala
24-03-2021,0.93,28.8,26.2,48.7,74.9,11.8,9.2,62,105,2.7,4.7,0.5,23.2,57,-0.1,0.7,239,71,681,0,27.74,Tirumala
25-03-2021,0.86,18,30.5,51.2,81.7,12.5,7.7,102,134,4.7,4.4,0.4,23.8,50,-0.1,0.8,280,79,680,0,28.71,Tirumala
26-03-2021,0.82,51.3,12.5,64.1,76.7,13.3,12.8,93,146,8.1,9.8,0.7,23.8,51,0,0.7,279,73,679,0,28.22,Tirumala
27-03-2021,0.82,42.3,17.1,56.5,73.6,12.1,7.9,64,116,1.8,3,0.3,23.6,60,-0.1,0.6,242,64,679,0,28.46,Tirumala
28-03-2021,0.78,48,7.1,38.4,45.5,12.3,9.3,62,114,2.2,2.7,0.3,23.8,63,0,0.5,239,58,678,0,28.86,Tirumala
29-03-2021,0.77,46.2,5.5,31.9,37.3,12.4,15.2,60,98,1.4,1.8,0.2,23.6,68,0,0.5,174,46,677,0,29.51,Tirumala
30-03-2021,0.77,44.7,11.1,51.6,62.7,10.9,7.7,51,102,1.5,2.6,0.3,24.9,55,0,0.6,146,60,676,0,30.44,Tirumala
31-03-2021,0.74,47.7,8.6,56.7,65.3,10.8,6.8,57,124,1.4,2.3,0.6,26.3,47,0,0.5,145,50,673,0,32.41,Tirumala
01-04-2021,0.71,52.9,11.4,57,68.4,11.2,7.1,47,106,1.3,2.6,0.4,26.3,46,0,0.7,193,71,673,0,32.76,Tirumala
02-04-2021,0.64,46.2,11,61.2,72.3,11.3,7.7,42,115,1.4,2.4,1.6,26.2,49,0,0.9,181,76,674,0,32.81,Tirumala
03-04-2021,0.85,55.7,8.1,49.1,57.2,12.4,16.5,59,127,1.7,2.8,0.4,25.8,57,0,0.5,183,54,675,0,32.88,Tirumala
04-04-2021,0.88,48.1,10.4,56.9,67.3,13.4,12.3,66,132,1.9,3.4,0.3,25.1,64,0,0.7,272,59,677,0,32.22,Tirumala
05-04-2021,0.78,38.9,7.6,30.6,38.2,12.7,4.7,60,124,1.4,2.2,0.2,23.5,76,-0.1,0.7,268,37,678,0,30.81,Tirumala
06-04-2021,0.69,37.9,6.4,33.6,40,11.3,6,48,114,1.2,1.9,0.2,22.8,69,0,0.5,267,63,678,0,29.57,Tirumala
07-04-2021,0.66,48.4,7.2,38.2,45.4,10.2,5.5,44,103,1.2,1.8,0.2,23.8,58,0,0.5,283,71,680,0,29.64,Tirumala
08-04-2021,0.61,51,5,30.6,35.7,10.9,9.3,51,114,1.1,1.6,0.2,23.7,57,0,0.4,301,66,678,0,29.4,Tirumala
09-04-2021,0.66,46.7,5.9,32.6,38.5,11.4,12.8,52,121,1.3,2.3,0.2,23.3,61,0,0.5,213,67,677,0,29.25,Tirumala
10-04-2021,0.62,32.7,8.5,27.2,35.8,9.8,5.6,29,71,1.2,2.2,0.5,22.3,66,-0.1,0.6,266,61,680,0,29.36,Tirumala
11-04-2021,0.64,16.5,11.5,23.7,35.2,10.1,5.8,32,79,0.9,2.1,0.2,22.1,74,-0.1,0.6,241,67,681,0.1,29.57,Tirumala
12-04-2021,0.61,7,8.3,20.8,29.2,10.4,5.9,24,54,0.8,1.9,0.2,22.5,75,-0.1,0.6,249,71,682,0,29.87,Tirumala
13-04-2021,0.55,7.4,5.4,14.6,20.1,9.7,5.4,17,40,0.8,5.9,0.6,22.5,74,0,0.5,90,52,681,0,29.8,Tirumala
14-04-2021,0.56,11.8,6.1,14.1,20.2,9.6,5.1,17,40,0.6,1.4,0.1,22.5,74,0,0.6,165,50,680,0,29.58,Tirumala
15-04-2021,0.57,19.6,10.8,25.7,36.5,8.8,4.7,13,28,0.7,1.4,0.2,21.4,75,0,0.6,209,45,680,0.2,27.49,Tirumala
16-04-2021,0.69,28.4,4.9,25.2,30,9.5,6.2,30,55,1,2.3,0.2,22.9,73,0,0.5,173,42,678,0.1,28.97,Tirumala
17-04-2021,0.65,27.8,4.6,22.6,27.2,10.8,7.3,45,72,0.8,1.8,0.2,23.5,71,0,0.6,200,48,680,0,29.36,Tirumala
18-04-2021,0.64,37.1,4.4,23.3,27.7,10.1,6.4,35,71,1.4,2.1,0.2,23.8,68,0,0.5,138,77,681,0,29.71,Tirumala
19-04-2021,0.65,45.4,5.2,27.4,32.6,10.3,5.3,44,84,1.1,2.2,0.2,24.7,64,0,0.4,233,35,678,0,30.59,Tirumala
20-04-2021,0.76,48.2,4.3,27.5,31.8,11.4,9.3,53,87,1.4,2.3,0.2,24,69,0,0.3,140,22,677,0,30.21,Tirumala
21-04-2021,0.68,44.3,3.8,21.9,25.7,10.8,12,44,80,1.2,1.8,0.1,24.2,70,0,0.5,165,62,677,0,30.67,Tirumala
22-04-2021,0.62,31.6,4.4,19.5,23.9,9.9,7.3,38,74,1.2,3.4,0.4,23.7,72,0,0.5,144,51,679,0,30.56,Tirumala
23-04-2021,0.66,30.9,6.7,20.5,27.3,10.6,5.9,42,74,3,8.7,1.1,23,78,0,0.5,127,176,679,0,30.63,Tirumala
24-04-2021,0.72,29.9,4.1,21.1,25.2,13.5,5.9,48,80,2.5,7.2,0.8,,76,-0.1,0.4,201,,,0,28.16,Tirumala
25-04-2021,0.65,40.8,3.4,15.7,19.1,10.1,7.1,44,76,0.9,2,0.2,,72,-0.1,0.5,252,,,0,30,Tirumala
26-04-2021,0.61,39.7,3.9,17.9,21.7,9.6,6.4,41,74,0.8,1.7,0.2,,73,-0.1,0.5,151,,,0,29.49,Tirumala
27-04-2021,0.62,31.3,4,19.9,23.9,9.1,7.6,43,79,0.9,1.7,0.2,,68,-0.1,0.5,180,,,0,30.26,Tirumala
28-04-2021,0.63,48.5,3.3,17.3,20.6,9.6,9.8,45,86,1,2.1,0.2,27.5,64,-0.1,0.5,228,104,680,0,30.92,Tirumala
29-04-2021,0.5,48.3,2.9,11.5,14.4,9.9,10,42,77,1.4,1.6,0.1,25.9,69,0,0.4,188,179,680,0,30.94,Tirumala
30-04-2021,,,,,,,,,,,,,,,,,,,,,30.98,Tirumala
01-05-2021,,,,,,,,,,,,,,,,,,,,,30.84,Tirumala
02-05-2021,,,,,,,,,,,,,,,,,,,,,30.6,Tirumala
03-05-2021,,,,,,,,,,,,,,,,,,,,,30.55,Tirumala
04-05-2021,0.28,20.9,3.7,10.7,14.4,13.5,4.2,9,34,0.6,1.8,0.1,25.5,74,-0.1,0.7,171,19,676,0.1,30.81,Tirumala
05-05-2021,0.14,27.9,3.4,8.3,11.7,13.9,10.3,11,31,0.6,1,0.1,25.6,71,-0.1,0.6,138,142,678,0,31.19,Tirumala
06-05-2021,0.14,19.7,3,7.2,10.2,10.8,6,9,27,0.6,1.2,0.1,25.3,74,-0.1,0.5,143,122,680,0,31.1,Tirumala
07-05-2021,0.27,20.4,3.1,7.6,10.7,9.2,3.9,8,23,0.5,1.3,0.1,25.1,75,-0.1,0.6,55,115,682,0,30.67,Tirumala
08-05-2021,0.12,14.5,3.2,8.6,11.9,8.8,4.9,13,26,0.9,1.2,0.1,25,76,-0.1,0.6,117,119,681,0,30.28,Tirumala
09-05-2021,0.14,22.8,2.8,6.7,9.6,8.5,6,7,22,0.4,1.2,0.1,25.2,75,-0.1,0.5,120,109,679,0,31.03,Tirumala
10-05-2021,0.12,27.3,3,8.4,11.4,8.9,8.4,18,34,1.1,1.2,0.1,25.9,72,-0.1,0.5,92,129,678,0,32.22,Tirumala
11-05-2021,0.11,35.8,2.7,7.5,10.3,9.1,10.3,21,40,0.8,0.9,0.1,26.6,69,-0.1,0.5,80,132,677,0,32.78,Tirumala
12-05-2021,0.12,27.9,2.9,8.5,11.4,9.1,4.8,22,38,0.4,0.6,0.3,25.4,78,-0.1,0.4,154,88,676,0,32.88,Tirumala
13-05-2021,0.14,34.3,3,11.3,14.3,9.7,5.9,25,44,0.8,1,0.2,25.5,77,-0.1,0.4,133,73,675,0.2,32.7,Tirumala
14-05-2021,0.18,32.5,2.8,7.9,10.7,8.9,5,16,36,0.5,0.6,0.1,26,74,-0.1,0.7,74,139,673,0,31.93,Tirumala
15-05-2021,0.12,29.7,2.8,8.6,11.4,8.5,5.6,13,40,0.5,0.8,0.3,25.7,72,-0.1,0.6,55,118,672,0,30.47,Tirumala
16-05-2021,0.12,35,2.6,7.1,9.7,8.2,6.1,13,34,0.5,0.6,0.1,25.5,71,-0.1,0.6,58,116,674,0,30.22,Tirumala
17-05-2021,0.11,34.9,2.9,7.5,10.4,8.5,6.6,16,37,0.7,2.1,0.4,26.2,71,-0.1,0.5,75,131,677,0,31.09,Tirumala
18-05-2021,0.15,27.5,2.8,7.3,10.1,8.7,5.8,18,43,0.8,0.9,0.1,26.6,71,-0.1,0.6,74,137,677,0,30.54,Tirumala
19-05-2021,0.38,28.4,3,9.6,12.6,9.1,6.5,21,43,0.6,1,0.1,25.6,78,-0.1,0.5,150,94,677,0.1,29.99,Tirumala
20-05-2021,0.54,28.4,3.5,8,11.5,8.6,4.6,6,25,0.3,0.7,0.1,24.8,75,-0.1,0.7,165,147,677,1.8,29.36,Tirumala
21-05-2021,0.7,23.6,3.2,7.6,10.8,7.9,4.9,7,27,0.3,0.6,0.1,24.2,77,-0.1,0.8,144,84,677,0.4,27.86,Tirumala
22-05-2021,0.75,33.9,3.4,10.2,13.6,7.9,4.1,10,29,0.2,0.6,0.7,24.2,75,0,0.9,215,66,676,0,28.09,Tirumala
23-05-2021,0.8,36.1,3.2,9.9,13.1,8.2,4.3,17,51,0.3,0.8,0.1,25.6,71,0,1,159,92,676,0,29.02,Tirumala
24-05-2021,0.79,46.5,3.1,10.4,13.5,8.1,5,21,51,0.3,0.7,0.1,25.7,69,0,1.2,202,63,676,0,27.76,Tirumala
25-05-2021,0.83,50.4,2.8,9.3,12.2,8.1,5.5,24,61,0.5,0.7,0.2,26.2,65,0,1.1,225,81,673,0,27.68,Tirumala
26-05-2021,0.72,44.5,2.8,7.8,10.6,7.6,4,17,59,0.3,0.7,0.1,26.4,62,0,1.4,185,146,672,0,29.85,Tirumala
27-05-2021,0.7,34.2,3.3,10.2,13.5,7.2,2.9,15,60,0.2,0.9,0.2,25.8,61,0.1,1.6,213,118,673,0,29.37,Tirumala
28-05-2021,0.67,30.6,3.5,12.3,15.8,7,4.9,14,56,0.2,0.7,0.1,26.4,60,0,1.1,245,142,675,0,30.57,Tirumala
29-05-2021,0.75,30.3,4,14.5,18.4,7.2,5.6,15,53,0.6,1.1,0.1,27.1,60,-0.1,0.6,203,150,677,0,31.41,Tirumala
30-05-2021,0.76,33.2,3.6,12.9,16.5,7.1,5.7,20,32,0.3,0.8,0.1,27,62,-0.1,0.7,206,149,677,0,30.96,Tirumala
31-05-2021,0.73,33.1,3,10.3,13.3,6.9,6.2,8,21,0.3,0.7,0.1,26.7,65,-0.1,0.6,135,158,675,0.3,30.81,Tirumala
01-06-2021,0.77,29.3,3,10.1,13.1,7,4.7,11,24,0.3,0.7,0.1,25.7,70,-0.1,0.6,232,128,676,0,30.87,Tirumala
02-06-2021,0.81,33.3,3.8,13.6,17.4,7.4,5.1,18,32,0.5,1,0.1,25.9,74,-0.1,0.4,177,82,677,0,30.9,Tirumala
03-06-2021,0.86,41.1,3.1,10.9,14,8,7.2,26,48,0.7,1.5,0.1,25.5,76,-0.1,0.5,181,84,678,0,29.77,Tirumala
04-06-2021,0.76,29.5,3.1,10.4,13.5,7.9,9.9,22,44,0.7,1.5,0.1,25.3,75,-0.1,0.5,104,116,679,0,27.49,Tirumala
05-06-2021,0.73,31.9,3.4,11.2,14.5,7.5,5.2,14,26,0.5,1,0.1,24.9,74,-0.1,0.6,178,140,678,1.1,27.26,Tirumala
06-06-2021,0.76,21.2,3.7,11.2,14.8,6.6,4.2,7,15,0.4,1,0.1,24.8,73,-0.1,0.5,228,110,678,0,28.14,Tirumala
07-06-2021,0.68,24.4,3.4,10,13.4,7.2,4.3,10,30,0.3,1,0.1,25.8,70,-0.1,0.5,191,144,678,0,29.01,Tirumala
08-06-2021,0.68,26.3,3.8,11.5,15.3,6.9,5.2,14,41,0.2,1,0.1,26.1,63,-0.1,0.5,226,146,677,0,29.69,Tirumala
09-06-2021,0.68,26.7,3.5,8.8,12.2,6.7,5,7,23,0.2,0.6,0.1,25.6,66,-0.1,1,154,134,675,0,29.17,Tirumala
10-06-2021,0.7,24.9,3.6,10.7,14.4,6.5,4.6,8,25,0.3,0.7,0.1,25.3,67,0,1,188,111,673,0,28.72,Tirumala
11-06-2021,0.67,26.1,3.5,10.3,13.8,6.3,5,9,33,0.3,0.5,0.1,24.9,66,0,1.2,103,92,673,0,28.01,Tirumala
12-06-2021,0.67,22.6,4,11.5,15.5,6.4,3.2,7,25,0.3,0.5,0.1,25.4,65,0,1.4,73,127,673,0,28.33,Tirumala
13-06-2021,0.67,30.4,3.5,9,12.6,6,5.2,6,18,0.3,0.4,0.1,24.2,69,0,1.8,38,78,672,0,28.45,Tirumala
14-06-2021,0.68,26.1,4.3,9.1,13.5,6.5,5.4,6,21,0.3,0.4,0.1,24.4,69,0,1.6,113,88,672,0,28.12,Tirumala
15-06-2021,0.69,24,3.8,10.8,14.5,6.4,5.3,11,39,0.3,0.5,0.1,24.7,69,0,1.3,112,64,672,0,27.94,Tirumala
16-06-2021,0.69,23.4,3.9,11.4,15.3,6,4.7,16,63,0.2,0.5,0.5,25.1,69,0,1.4,51,118,674,0,29.23,Tirumala
17-06-2021,0.64,23.7,3.9,11.3,15.2,5.9,4.7,15,57,0.2,0.4,0.1,25.1,68,-0.1,1.4,42,106,675,0,28.96,Tirumala
18-06-2021,0.68,25.3,3.9,12.1,16.1,6.3,4.7,24,98,0.3,0.4,0.1,25.4,66,-0.1,1.5,51,130,677,0,28.51,Tirumala
19-06-2021,0.68,24.6,5.1,16.1,21.1,6.1,4.3,28,113,0.5,0.9,0.1,25.9,63,0,1.3,103,173,679,0,28.1,Tirumala
20-06-2021,0.51,28.2,5.4,11.1,16.5,8.2,8,21,81,0.3,0.8,0.1,25.6,64,0,1.4,89,143,679,0,28.18,Tirumala
21-06-2021,0.34,21.9,5.2,16.4,21.6,6.1,5.3,20,73,0.2,0.7,0.1,26.2,62,0,1,176,145,678,0,28.88,Tirumala
22-06-2021,0.36,23.9,4.8,14.9,19.7,6.2,4,26,101,0.3,0.9,0.2,25.7,65,0,1,171,109,677,0,27.38,Tirumala
23-06-2021,0.45,23,5.6,15,20.6,8.8,4.7,23,83,0.3,0.9,0.2,25.4,70,-0.1,0.7,153,129,678,0.1,28.29,Tirumala
24-06-2021,0.39,22.2,5.4,14.7,20.1,7.1,5.4,22,70,0.5,0.9,0.1,24.2,75,0,0.7,141,103,677,1,28.28,Tirumala
25-06-2021,0.42,24,5.2,15.4,20.6,6.8,4.1,25,87,0.4,0.9,0.1,25.2,64,0,0.9,205,107,675,0,28.87,Tirumala
26-06-2021,0.4,22,6.1,15.2,21.3,6.9,4.2,19,58,0.4,0.6,0.1,24.4,68,0,0.9,163,61,674,0,28.98,Tirumala
27-06-2021,0.38,29.1,5.7,16.6,22.3,6.4,4.2,10,23,0.3,0.7,0.1,23.4,78,0,1.2,232,61,676,0,26.32,Tirumala
28-06-2021,0.37,25.6,4.9,15,20,6.8,5,14,41,0.5,0.9,0.4,24.2,76,-0.1,0.6,167,54,677,0,28.27,Tirumala
29-06-2021,0.6,37.1,4.1,16.1,20.2,7.4,5.1,25,61,0.7,2,0.2,25.5,74,-0.1,0.6,102,113,678,0,29.24,Tirumala
30-06-2021,0.39,26.8,4.4,16.6,21,7.8,6.2,16,43,0.5,1,0.1,26.4,70,-0.1,0.6,175,137,677,0,29.69,Tirumala
01-07-2021,0.36,32.8,4.7,16.2,20.9,7.5,5.4,16,35,0.5,0.8,0.1,25.2,73,-0.1,0.5,166,91,675,0,28.65,Tirumala
02-07-2021,0.42,24.6,5.8,14.7,20.5,8.5,7.4,8,21,0.4,0.9,0.4,24.9,72,0,0.9,192,115,675,0,27.72,Tirumala
03-07-2021,0.38,23.2,6.5,19.8,26.3,6.6,3.7,11,34,0.4,1.1,0.2,24.8,74,-0.1,0.7,167,88,677,0,27.15,Tirumala
04-07-2021,0.39,20.9,7.3,19.8,27.1,7.7,4.8,14,32,0.6,1.4,0.2,24.6,77,-0.1,0.5,204,61,677,0,26.6,Tirumala
05-07-2021,0.65,24.6,6.3,19.1,25.4,6.6,4.9,7,16,0.3,0.8,0.2,25.2,72,-0.1,0.8,231,124,676,0,28.07,Tirumala
06-07-2021,1.24,17.9,4.6,20.3,25,7.1,5.5,24,41,0.7,1.2,0.4,24.5,77,-0.1,0.4,223,101,674,0.1,28.23,Tirumala
07-07-2021,1.3,19.8,6.3,23.8,30.2,7.2,5,17,33,0.7,2.1,1,24.5,79,-0.1,0.4,165,79,674,0,27.64,Tirumala
08-07-2021,0.86,18.3,7.1,22.6,29.7,7.2,3,13,27,0.5,10.3,2.5,26.4,72,-0.1,0.5,235,160,674,0,27.25,Tirumala
09-07-2021,0.8,15.9,6.9,17.5,24.5,7.1,4.9,8,19,0.6,1.2,0.3,23.7,82,-0.1,0.5,119,80,672,0.3,26.98,Tirumala
10-07-2021,0.77,17,5.1,15.1,20.2,6.7,4.3,8,22,0.5,0.9,0.3,24,78,-0.1,0.8,137,110,670,0.2,25.93,Tirumala
11-07-2021,0.7,19.9,5.3,15.4,20.7,6.5,4.3,6,21,0.5,0.8,0.2,23.6,75,0,1.1,161,88,670,0,25.88,Tirumala
12-07-2021,0.66,20.3,5.5,14.2,19.7,6.5,3.4,8,23,0.4,0.7,0.3,23.8,73,-0.1,1.2,82,74,670,0,25.3,Tirumala
13-07-2021,0.66,21.1,5.3,12.9,18.2,6.8,5.4,9,31,0.3,0.9,0.2,23.4,75,-0.1,1.2,114,73,671,0,27.08,Tirumala
14-07-2021,0.73,13.9,7.9,14.7,22.6,6.8,3.8,7,22,0.3,1.2,0.2,22.4,84,-0.1,0.8,121,54,672,0.9,26.39,Tirumala
15-07-2021,0.7,15.9,5.4,12.4,17.8,6.4,3.2,6,22,0.4,0.6,0.2,22.4,85,0,1,88,64,673,0.3,27.13,Tirumala
16-07-2021,0.79,13.6,4.7,12.3,17,7.3,3.5,9,23,0.7,1.3,0.2,22.8,85,-0.1,0.3,101,80,688,0,27.29,Tirumala
17-07-2021,0.82,14.8,5.8,15.2,21,7.4,4.5,11,24,0.4,1,0.1,23.4,84,0,0.3,205,110,687,0,26.47,Tirumala
18-07-2021,0.68,15.5,6.7,14.8,21.4,6.6,4.1,6,12,0.3,0.7,0.1,23.3,82,0,0.2,126,107,686,0,26.24,Tirumala
19-07-2021,0.66,19.3,4.8,12.2,17.1,6.5,3.5,8,16,0.3,0.6,0.2,23.8,76,0,0.3,83,133,686,0,26.86,Tirumala
20-07-2021,0.67,16.5,6.3,13.9,20.2,6.3,5.6,11,23,0.5,0.9,0.7,23.1,80,0,0.3,147,119,688,0,26.97,Tirumala
21-07-2021,0.67,12.8,6.5,13.3,19.8,6.2,4.8,9,25,0.3,0.7,0.2,22.7,84,-1.2,0.3,194,62,688,0,26.69,Tirumala
22-07-2021,0.63,17.2,4.8,10.5,15.2,6.1,4.8,13,23,0.3,0.5,0.3,22.3,83,-1.1,0.3,86,45,682,0,25.91,Tirumala
23-07-2021,0.64,23.9,4,11.2,15.2,6,4.9,14,31,0.4,0.5,0.4,23.6,74,0,0.3,161,93,682,0,27.33,Tirumala
24-07-2021,0.71,18.5,5.2,14.5,19.7,6,4.1,11,34,0.3,0.6,0.4,24.7,74,0,0.3,108,146,684,0,28.04,Tirumala
25-07-2021,0.68,17.3,5.3,15.2,20.6,6,4.5,9,29,0.4,0.7,0.3,24.9,73,0,0.3,101,143,686,0,27.7,Tirumala
26-07-2021,0.68,15,5.1,13.9,19,6,4.8,7,22,0.6,1,0.5,24.9,73,-0.1,0.4,140,154,686,0,26.87,Tirumala
27-07-2021,0.7,16.3,5.2,13.8,19,6,4.2,6,25,0.5,0.8,0.3,24.3,73,0,0.3,127,116,687,0,27.66,Tirumala
28-07-2021,0.66,19.7,4.6,12.2,16.7,6,4.4,9,24,0.5,0.9,0.2,24.6,70,-0.1,0.3,76,132,688,0,28.24,Tirumala
29-07-2021,0.63,18.2,6.6,16.1,22.7,6.1,4.1,11,30,0.4,0.6,0.4,24.4,69,-0.1,0.3,80,105,689,0,27.59,Tirumala
30-07-2021,0.65,19.5,5.7,15.7,21.4,5.4,4.7,11,32,0.3,0.6,0.3,24.4,70,-0.1,0.3,104,125,691,0,27.28,Tirumala
31-07-2021,0.69,16.7,8.3,16.6,24.9,5.6,4.4,10,33,0.5,0.6,0.2,23.9,73,-0.1,0.3,174,97,691,0,27.65,Tirumala
01-08-2021,0.74,15.2,8.1,17.9,26,5.6,4.4,13,31,0.5,0.7,0.1,23.9,74,-0.1,0.3,116,87,690,0,27.07,Tirumala
02-08-2021,0.72,17.8,6.3,16.6,23,5.7,4.3,9,35,0.5,0.9,0.1,24.7,68,-0.1,0.3,95,138,690,0,27.63,Tirumala
03-08-2021,0.69,16.7,7.5,16.9,24.4,5.9,4.1,6,28,0.4,0.9,0.1,24.8,70,-0.1,0.3,132,126,692,0,27.61,Tirumala
04-08-2021,0.7,15.4,7.3,16.6,24,6.1,5,6,31,0.3,1,0.2,24.7,71,-0.1,0.3,130,88,692,0,27.81,Tirumala
05-08-2021,0.72,16,7.6,15,22.6,6.5,5.8,10,39,0.4,0.7,0.1,24.7,72,-0.1,0.3,145,128,690,0,28.34,Tirumala
06-08-2021,0.74,16.4,7.7,18.9,26.6,6.3,4.5,10,39,0.4,0.8,0.1,25,71,-0.1,0.3,183,134,689,0,28.33,Tirumala
07-08-2021,0.85,12.6,10.4,21.3,31.7,6.3,5.1,8,34,0.3,1.1,0.2,25.5,70,-0.1,0.3,159,143,690,0,28.39,Tirumala
08-08-2021,0.83,14.5,9.7,22.6,32.3,6.9,5,15,32,0.7,1.8,0.2,25.4,74,-0.1,0.3,215,87,692,0,28.24,Tirumala
09-08-2021,0.84,19.5,8.1,23.7,31.9,7.1,4.7,16,39,0.8,1.9,0.2,25.3,76,-0.1,0.3,192,95,692,0,28.34,Tirumala
10-08-2021,0.73,16.3,9.9,20.8,30.7,6.5,5,8,24,0.5,1.3,0.2,23.5,80,-0.1,0.3,161,111,691,0,25.97,Tirumala
11-08-2021,0.74,17.6,7,19.6,26.6,6.7,3.4,15,42,0.5,1.4,0.2,25.1,72,-0.1,0.3,215,125,691,0,25.58,Tirumala
12-08-2021,0.75,17.4,11.2,21.8,33,6.1,5.7,14,37,0.5,1.3,0.2,24,75,-0.1,0.3,199,67,692,0,26.17,Tirumala
13-08-2021,0.72,20.1,7.6,23.3,31,6.2,5,17,49,0.3,0.8,0.2,24.1,73,-0.1,0.3,248,91,690,0,26.71,Tirumala
14-08-2021,0.77,16.8,9,22.3,31.3,6.2,4.9,15,37,0.3,0.9,0.2,23.9,74,-0.1,0.3,221,87,688,0,26.8,Tirumala
15-08-2021,0.66,15.1,8.5,18.7,27.2,6.2,4.9,12,26,0.3,0.8,0.2,22.8,77,-0.1,0.3,204,32,688,0,25.86,Tirumala
16-08-2021,0.76,14.5,8.2,20.2,28.4,6.6,4.2,15,32,0.6,1.2,0.2,23.5,77,-0.1,0.3,207,77,689,0,26.55,Tirumala
17-08-2021,0.75,13.2,8.5,18.9,27.4,6.8,4.1,10,21,0.8,1.5,0.2,23.9,81,-0.1,0.3,169,66,690,0,27.38,Tirumala
18-08-2021,0.74,15,6.9,19.6,26.6,7.8,3.3,14,29,0.5,1.1,0.3,24.5,72,-0.1,0.3,154,134,688,0,27.27,Tirumala
19-08-2021,0.67,16.5,5.8,16.9,22.7,13,5,9,21,0.3,1,0.2,24.9,71,-0.1,0.3,160,138,688,0,27.08,Tirumala
20-08-2021,0.72,12.9,11.8,19.8,31.6,12.3,5.2,52,26,0.4,1.8,0.2,23.8,75,-0.1,0.3,200,69,689,0,26.39,Tirumala
21-08-2021,0.83,15.2,7.3,21,28.3,12.9,4.1,22,45,0.8,2,0.2,23.2,84,-0.1,0.3,100,52,692,0,24.87,Tirumala
22-08-2021,0.77,36.7,9.2,22.2,31.5,9.7,5,16,34,0.7,1.9,0.5,23.1,82,-0.1,0.3,153,86,692,0,25.53,Tirumala
23-08-2021,0.73,20.6,4.8,17,21.8,9.3,5.5,24,38,0.6,1.1,0.2,23.5,82,-0.1,0.3,145,127,692,0,26.26,Tirumala
24-08-2021,0.74,17.7,6.8,20.9,27.7,8.1,3.6,12,26,0.6,1.4,0.2,24.7,77,-0.1,0.3,224,134,691,0,27.74,Tirumala
25-08-2021,0.79,17,10.9,25,36,7.6,4.8,11,21,0.3,1.4,0.3,24.3,77,-0.1,0.3,186,91,690,0,27.4,Tirumala
26-08-2021,0.8,16,10.1,21.2,31.3,7.5,3.2,12,30,0.5,1.3,0.4,24.4,80,-0.1,0.3,167,71,680,0.4,27.43,Tirumala
27-08-2021,0.76,16.5,10.3,22.5,32.8,7.4,4.1,9,28,0.8,1.8,1.2,24.2,78,-0.1,0.5,211,97,674,0.5,25.93,Tirumala
28-08-2021,0.74,13.4,16,21.6,37.6,6.9,4.1,7,15,0.3,1.2,0.2,22.7,83,-0.1,0.9,176,61,671,0.4,25.31,Tirumala
29-08-2021,0.74,14.7,12.2,19.6,31.9,6.5,4.8,11,27,0.3,0.9,0.2,22.9,82,-0.1,0.9,126,57,670,0,25.91,Tirumala
30-08-2021,0.7,19.4,9.7,21.1,30.8,6.5,4.8,13,38,0.2,0.7,0.2,23.6,76,-0.1,0.9,162,86,672,0,25.64,Tirumala
31-08-2021,0.77,17,11.2,23,34.2,6.3,6,20,47,0.3,1.1,0.2,24.3,74,-0.1,0.6,220,109,675,0,25.34,Tirumala
01-09-2021,0.8,18.1,12.9,23.5,36.4,6.7,5,19,52,0.6,1.7,0.2,24.5,76,-0.1,0.5,182,105,678,0,26.47,Tirumala
02-09-2021,0.81,14.1,17.8,22.9,40.8,6.1,4.2,17,39,0.6,6.6,2.4,22.8,83,-0.1,0.7,177,45,676,3.3,25.34,Tirumala
03-09-2021,0.74,14.8,11.7,19.5,31.2,6.4,4.1,11,26,0.4,1.6,0.2,23.1,82,-0.1,0.8,205,91,675,0.3,24.7,Tirumala
04-09-2021,0.79,13.1,13,17.7,30.7,6.5,4.2,12,28,0.4,1.3,0.2,23.1,83,-0.1,0.8,151,59,676,0,24.59,Tirumala
05-09-2021,0.72,16.5,8.6,16.3,25,5.9,4.4,7,19,0.3,0.9,0.2,23.4,80,-0.1,0.9,136,79,674,0.7,26.07,Tirumala
06-09-2021,0.7,18.3,9.5,17.9,27.4,6,4.1,8,17,0.2,0.8,0.2,22.9,82,-0.1,1.1,144,62,673,0.1,25.7,Tirumala
07-09-2021,0.7,22,6.4,16.1,22.5,6.4,4.4,8,20,0.2,0.8,0.1,23.5,76,-0.1,1.2,55,102,674,0.1,25.47,Tirumala
08-09-2021,0.74,18.8,8.2,20.7,28.9,6.1,5.3,12,25,0.5,1.4,0.2,24.1,75,-0.1,0.9,47,95,677,0,26.55,Tirumala
09-09-2021,0.68,16.8,7.2,16.2,23.4,6,4.3,9,24,0.3,1.2,0.1,24.8,71,-0.1,0.9,122,139,678,0,26.82,Tirumala
10-09-2021,0.69,15.7,8,15,23,6.2,5.3,10,27,0.3,1.2,0.2,24.7,71,-0.1,0.9,179,115,677,0,26.57,Tirumala
11-09-2021,0.69,16.3,8.1,20,28.1,6.1,4.5,11,31,0.2,0.8,0.1,25,70,-0.1,1,109,111,675,0,26.97,Tirumala
12-09-2021,0.7,17.5,7.6,19.6,27.3,5.9,4.3,10,25,0.2,0.6,0.1,24.6,74,-0.1,1,108,88,674,0,26.89,Tirumala
13-09-2021,0.77,20.1,7.6,17.3,25,8,6.9,11,32,0.2,0.9,0.2,24.8,73,-0.1,0.9,77,105,673,0,27.33,Tirumala
14-09-2021,0.78,23,7.1,19.7,26.8,9,3,15,46,0.4,1.2,0.2,26,67,0,0.9,51,122,674,0,27.45,Tirumala
15-09-2021,0.71,17.8,7.5,18.2,25.6,7.9,4.1,15,45,0.4,1.4,0.2,25.6,69,0,0.7,191,136,675,0,27.4,Tirumala
16-09-2021,0.8,18.4,13.5,25.6,39.1,7.5,4.2,22,57,0.7,2,0.2,25.3,71,0,0.5,203,95,675,0,27.41,Tirumala
17-09-2021,0.77,19.8,8.4,21.1,29.5,7,5.4,22,59,0.6,1.7,0.2,25.5,70,0,0.4,217,111,675,0,27.02,Tirumala
18-09-2021,0.77,24.4,7.4,19.6,27.1,7.2,4.3,25,70,0.7,1.8,0.2,25.1,71,0,0.4,163,91,676,0,27.33,Tirumala
19-09-2021,1,19.4,16.3,40.5,56.8,8.9,4.6,34,74,1.2,3.9,0.5,25.9,71,0,0.4,203,90,679,0,27.88,Tirumala
20-09-2021,0.88,25.4,8,25.9,34,7.9,4.2,31,59,0.9,2.3,0.3,24.6,77,0,0.4,164,91,678,0,27.58,Tirumala
21-09-2021,0.79,20,11.7,22.7,34.4,7.4,4.7,13,34,0.5,1.6,0.2,25.2,70,0,0.8,193,124,676,0.6,26.82,Tirumala
22-09-2021,0.75,12.3,18.7,20.3,39.1,7.3,4.2,10,24,0.5,1.6,0.3,23.3,80,-0.1,0.8,188,54,674,0.1,26.64,Tirumala
23-09-2021,0.74,13.9,12.7,15.6,28.3,7.1,5.7,11,26,0.5,1.8,0.9,23.5,82,-0.1,0.5,266,66,674,0.2,26.62,Tirumala
24-09-2021,0.78,13.9,11.7,17.9,29.6,7.3,4.2,13,28,1,2.5,0.7,23.9,81,0,0.5,197,99,675,0.6,26.29,Tirumala
25-09-2021,0.88,14.4,12.7,22.2,35,7.6,3.9,16,30,0.8,2.5,0.3,24,82,-0.1,0.6,210,68,675,1.3,26.65,Tirumala
26-09-2021,0.8,15.2,11.7,21.5,33.3,7.2,5,14,28,0.3,1.1,0.2,23.5,80,-0.1,0.7,167,82,671,0.1,25.73,Tirumala
27-09-2021,0.78,14.7,11.7,18.5,30.2,7.3,4.1,12,24,0.3,1.1,0.2,23.8,75,0,0.9,191,78,669,0,26.76,Tirumala
28-09-2021,0.68,15,7.3,15.7,23.1,7.1,3.7,8,19,0.3,1.6,0.1,23.8,77,-0.1,0.8,146,103,673,1.4,26.13,Tirumala
29-09-2021,0.89,12.1,19.4,28.6,48.1,7.3,5,24,40,0.7,2.4,0.3,24.9,73,-0.1,0.8,288,135,676,0,26.5,Tirumala
30-09-2021,0.87,18.3,19.4,25.6,45.1,7.1,3.8,18,35,0.9,3.3,0.3,23.6,80,-0.1,0.5,246,54,679,0,27.03,Tirumala
01-10-2021,0.83,17.8,13.3,22.9,36.3,7.6,4.6,18,31,0.6,2.3,0.2,23.9,81,-0.1,0.9,286,76,679,0,26.57,Tirumala
02-10-2021,0.69,11.7,11.1,13.3,24.5,7.6,5.3,9,15,0.4,1.9,0.2,23.9,83,-0.1,0.9,302,118,679,0,25.69,Tirumala
03-10-2021,0.73,10.7,11.6,15.3,27,7,4.8,9,19,0.3,1.6,0.2,23.8,83,-0.1,0.9,302,97,678,0,26.47,Tirumala
04-10-2021,0.75,11.9,14.8,16.4,31.2,6.6,5.1,7,18,0.4,1.5,0.2,23.9,82,-0.1,0.7,280,113,677,0,26.47,Tirumala
05-10-2021,0.72,7.4,21.8,20,41.8,6.3,5.4,10,15,0.5,1.9,0.3,22.3,86,-0.1,1.1,251,40,676,0.6,25.21,Tirumala
06-10-2021,0.77,14.7,9.1,16.4,25.5,6.8,4.1,11,21,0.3,5.6,7,22.9,88,-0.1,0.8,230,49,674,0.2,26.1,Tirumala
07-10-2021,0.83,18.5,6,16.8,22.8,7,5.2,21,41,0.7,3.2,0.8,24.2,84,-0.1,0.5,275,96,676,0.9,26.15,Tirumala
08-10-2021,0.78,19.4,7.9,19.4,27.3,7.5,3.5,13,27,0.5,2.3,0.2,24.1,79,-0.1,0.5,197,74,677,0.2,26.96,Tirumala
09-10-2021,1.11,18.7,12.2,26.4,38.7,10.4,3.2,10,22,0.7,2.4,0.4,24.5,76,-0.1,0.8,192,79,677,0,25.66,Tirumala
10-10-2021,0.82,20.7,9.4,22.1,31.4,6,4.1,14,30,0.6,1.6,0.2,24.5,77,-0.1,0.7,116,86,678,0,25.94,Tirumala
11-10-2021,0.87,29.3,5.1,21.3,26.4,7.1,4.5,32,61,0.6,1.5,0.2,24.3,79,-0.1,0.6,125,79,677,0,25.98,Tirumala
12-10-2021,1.01,23.8,14.1,31.1,45.3,7.7,4.7,37,61,0.8,2.4,0.4,23.7,80,-0.1,0.4,184,63,676,0,25.6,Tirumala
13-10-2021,0.92,22,9.4,29.8,39.2,8.2,4.9,33,59,0.7,1.9,0.5,23.6,81,-0.1,0.4,206,63,675,0.1,26.56,Tirumala
14-10-2021,1.04,21.9,12.3,29.4,41.8,8.9,4.7,46,66,0.6,1.8,0.8,23.7,82,-0.1,0.3,196,64,674,1.4,26.47,Tirumala
15-10-2021,1,25.7,6.5,26.2,32.7,8.9,5.3,51,77,0.6,1.7,0.7,24.2,80,-0.1,0.4,150,63,671,0,26.74,Tirumala
16-10-2021,0.88,26.3,4.5,18.9,23.5,8.3,4.5,37,56,0.6,1.1,1.3,24.3,81,-0.1,0.4,236,101,670,0,26.7,Tirumala
17-10-2021,0.9,21.1,7.7,24.5,32.3,8,4,31,47,0.5,1.1,0.7,23.9,80,-0.1,0.4,193,74,672,0,26.74,Tirumala
18-10-2021,0.88,31.6,7.1,24,31,8.3,4.7,43,71,0.7,1.7,1.5,24.5,74,-0.1,0.6,134,90,676,0,26.96,Tirumala
19-10-2021,0.92,28.8,6.1,24.6,30.7,8.5,3.7,42,81,0.9,2.5,1.4,24.7,76,-0.1,0.5,128,95,681,0,26.57,Tirumala
20-10-2021,0.98,30.9,9.5,36.9,46.4,9.1,4.5,51,89,1,2.5,1.3,23.9,81,-0.1,0.5,109,48,683,0,25.98,Tirumala
21-10-2021,0.93,31.3,8.6,25.7,34.4,7.4,6.2,55,91,0.8,2.3,0.7,24.1,80,-0.1,0.5,161,91,684,0,25.76,Tirumala
22-10-2021,0.92,21.9,6.5,15.6,22.2,6.4,4.3,39,61,0.8,2.6,1,24.2,81,-0.1,0.4,177,71,684,2,25.65,Tirumala
23-10-2021,0.84,11.7,10.2,17.7,27.9,5.7,4.8,19,34,0.7,2.6,0.9,23.6,83,-0.1,0.4,196,91,685,0.6,25.41,Tirumala
24-10-2021,0.82,17.2,9.9,21,30.9,6,4.4,25,38,0.7,2.3,0.2,23.3,83,-0.1,0.6,140,67,685,0,25.26,Tirumala
25-10-2021,0.88,32,7.3,24.6,31.9,6.3,4.9,38,57,0.8,2.4,0.2,23,78,-0.1,1,92,77,683,0,24.65,Tirumala
26-10-2021,0.95,33.2,6.4,23.3,29.7,6.3,5.9,48,78,0.8,3.1,0.3,22.9,78,-0.1,0.8,262,77,682,0,24.97,Tirumala
27-10-2021,0.95,39.3,5.8,25.5,31.3,6.4,9.3,61,98,1,3,0.2,22.9,76,-0.1,1.2,340,99,682,0,24.84,Tirumala
28-10-2021,0.95,40.3,5.9,24.7,30.6,6.1,6,60,87,1.1,2.5,0.2,22.3,77,-0.1,1.4,331,59,682,0,24.48,Tirumala
29-10-2021,0.91,18.7,13.3,17.8,31.2,5.1,5.3,25,36,0.9,2.6,0.2,22.4,87,-0.1,0.9,278,50,683,0.9,24.59,Tirumala
30-10-2021,0.77,11.6,8.2,14.8,23.1,4.9,5.1,11,18,0.5,2.1,0.1,21.9,89,-0.1,1.2,322,34,684,0,24.25,Tirumala
31-10-2021,0.8,15.2,6.3,13.7,20,5.1,4.6,10,17,0.4,1.7,0.1,22.1,88,-0.1,1.5,337,44,683,0,24.69,Tirumala
01-11-2021,0.72,13.5,8.6,14.9,23.4,4.9,4,7,12,0.4,2,0.1,21.4,89,-0.1,1.2,323,24,682,1,24.28,Tirumala
02-11-2021,0.75,11.5,7.8,13.5,21.3,4.8,4.3,8,15,0.3,1.9,0.1,21.6,89,-0.1,1,277,31,682,0.1,23.8,Tirumala
03-11-2021,0.8,10.1,9.8,15.4,25.2,4.7,5.1,11,20,0.4,2.6,0.3,21.9,88,-0.1,0.7,247,41,683,1.2,23.66,Tirumala
04-11-2021,0.79,10,9.2,16.3,25.5,4.6,4.4,14,21,0.5,3.5,0.5,22,87,-0.1,0.9,242,46,682,0,23.83,Tirumala
05-11-2021,0.82,11.6,10.8,18.8,29.6,4.5,4.5,10,18,0.5,3.1,0.3,22.1,85,-0.1,1.1,240,81,682,0.9,24.18,Tirumala
06-11-2021,0.85,16,10,19.7,29.8,4.4,4.7,11,18,0.5,2,0.2,21.3,89,-0.1,1.5,248,38,680,0.7,24.48,Tirumala
07-11-2021,0.89,36.2,5.9,22.3,28.2,4.9,4.5,25,35,0.6,1.5,0.2,20.7,89,-0.1,1.7,239,14,680,3,24.77,Tirumala
08-11-2021,1.06,36.8,6.2,22.7,28.9,6,5.6,76,103,1.1,2.5,0.2,20.8,88,-0.1,1.5,257,28,682,0,23.66,Tirumala
09-11-2021,1.02,50.7,5.2,22.8,28.1,5.9,6.5,71,100,1.2,2.6,0.2,20.9,83,-0.1,1.8,314,47,682,0,22.31,Tirumala
10-11-2021,0.98,46.3,6.6,24.8,31.4,5.6,5.8,63,80,0.9,1.8,0.2,20.1,86,-0.1,1.8,349,32,680,0.5,21.53,Tirumala
11-11-2021,0.92,42.7,4.6,16.1,20.8,5,5.6,22,26,0.6,0.7,0.1,20.2,89,-0.1,2.5,223,16,672,4.5,22.54,Tirumala
12-11-2021,0.87,26.3,4.9,14.2,19.2,4.3,4.9,8,13,0.4,0.9,0.1,21.5,89,-0.1,1.1,250,24,676,0.5,24.23,Tirumala
13-11-2021,1,25.6,5.4,14.3,19.8,5.1,4.8,23,35,0.6,1.8,0.2,22.3,86,-0.1,0.6,263,67,679,0,25.06,Tirumala
14-11-2021,1.01,25.5,5.3,11.1,16.4,7,4.3,44,55,0.7,2.2,0.2,22.7,88,-0.1,0.5,206,56,680,0.5,24.84,Tirumala
15-11-2021,0.92,18.8,9.3,17.1,26.4,9.6,5,18,29,0.4,1.2,0.2,22.4,87,-0.1,0.6,100,52,678,0,24.82,Tirumala
16-11-2021,0.86,18.7,6.9,14.7,21.6,4.7,4,16,25,0.3,1.3,0.2,22.4,88,-0.1,0.8,168,53,678,0.1,24.78,Tirumala
17-11-2021,0.83,12.8,8.6,11.4,20.1,4.8,5.3,10,18,0.7,5.9,0.8,22,89,-0.1,1.1,219,34,681,0.6,24.41,Tirumala
18-11-2021,0.8,21,6.1,11.5,17.6,5.1,4.9,8,16,0.9,7.7,1.5,21.5,89,-0.1,2,216,14,676,2.8,24.16,Tirumala
19-11-2021,0.74,19.1,4.4,8.8,13.2,5.2,5.7,7,12,0.7,5.2,0.7,21.7,89,-0.1,1.4,195,22,672,0.5,25.13,Tirumala
20-11-2021,0.79,15.9,4.9,9.2,14.1,6.2,3.7,15,21,0.8,5.2,0.6,21.9,89,0,0.6,108,26,675,0,25.01,Tirumala
21-11-2021,0.82,18.3,6.6,13.6,20.2,7,5.6,17,30,1.2,8.6,0.7,23,81,0,0.5,219,81,680,0,25.05,Tirumala
22-11-2021,0.81,10.3,10,14.6,24.7,6,5.8,13,22,1.6,12.5,1,22,88,0,0.6,290,38,682,0.1,24.62,Tirumala
23-11-2021,0.79,14.1,6.6,12.8,19.4,5.8,5.1,15,23,1.2,9.8,0.7,22.8,84,0,0.9,224,85,682,0,24.72,Tirumala
24-11-2021,0.77,15,5.9,12,17.9,5.7,4.4,17,22,1,6.6,0.4,21.9,87,-0.1,1,212,47,682,0.2,24.25,Tirumala
25-11-2021,0.84,22.4,4.4,10.9,15.3,5.9,2.9,27,42,1.8,8.2,0.9,21.9,87,0,1.7,211,49,682,0.1,24.19,Tirumala
26-11-2021,0.92,26.9,3.7,12.1,15.8,5.8,5.7,37,50,1.3,6.6,0.5,21.4,86,0,2.1,277,46,681,0,23.88,Tirumala
27-11-2021,0.91,28.9,4.4,16.2,20.7,5.9,4.9,32,42,1.6,8.3,0.5,20.9,89,-0.1,1.7,283,25,682,0.3,23.14,Tirumala
28-11-2021,0.78,19.5,5.5,15.1,20.6,5.3,4.5,7,13,1.7,11.8,0.8,21,89,-0.1,1.2,228,21,683,1.7,22.85,Tirumala
29-11-2021,0.8,19.9,4.2,11.7,15.8,5.2,4.2,8,11,1.2,9.3,0.7,21.2,89,0,1.1,158,24,684,0.2,23.1,Tirumala
30-11-2021,0.86,24.1,3.9,11.5,15.3,5.3,4.4,17,22,1.3,8.3,0.6,21.7,88,0,1.1,228,60,685,0.5,23.27,Tirumala
01-12-2021,0.89,39.6,3.9,14.7,18.6,6.2,5,53,60,1.4,5.6,0.4,21.6,87,-0.1,1.3,197,61,683,0,23.49,Tirumala
02-12-2021,0.94,39,6,21.5,27.5,6.1,3.8,55,69,1.6,6.4,0.4,21.5,84,0,1.2,268,79,683,0,22.36,Tirumala
03-12-2021,0.99,32.8,4.9,20.5,25.5,5.6,4.4,51,69,1.8,7.7,0.5,22,79,0,0.8,245,99,682,0,21.49,Tirumala
04-12-2021,1.02,33.7,4.3,19.5,23.8,5.5,4.8,55,71,2,11.2,0.8,22.4,74,0,0.5,238,89,682,0,23.77,Tirumala
05-12-2021,1.05,36.7,3.4,16.4,19.7,6.1,5.8,72,87,1.9,11.3,0.8,22.8,78,0,0.5,185,67,682,0,24.59,Tirumala
06-12-2021,1.17,30.9,7.3,24.4,31.7,6.4,5.1,80,94,2,11,1,22.6,81,0,0.6,221,71,683,0,24.26,Tirumala
07-12-2021,0.95,28.8,5.7,20.1,25.8,5.5,5.7,38,51,1.3,6.6,0.6,22.2,80,0,0.4,228,83,683,0,23.51,Tirumala
08-12-2021,0.86,22.8,5.4,15.8,21.2,7.7,5,21,29,0.7,1.7,0.2,21.8,85,0,1.1,196,61,683,0,23.14,Tirumala
09-12-2021,0.79,17.1,8.1,13.2,21.3,5.4,4.3,12,17,0.4,1.2,0.1,21.7,87,0,1,214,62,685,0.1,23,Tirumala
10-12-2021,0.76,24.9,5.8,16.2,22,5.2,4.6,14,20,0.4,0.8,0.1,21.7,84,0,1.2,317,72,687,0,23.17,Tirumala
11-12-2021,0.78,21.9,6.2,16.5,22.7,5.2,4,12,20,0.4,0.8,0.1,21.7,88,-0.1,1.5,245,38,687,0.1,23.29,Tirumala
12-12-2021,0.77,23.6,5.5,14.5,20,5.2,4.1,16,23,0.4,0.8,0.1,21.4,86,-0.1,1.6,241,58,687,0.3,23.18,Tirumala
13-12-2021,0.78,30.8,4.6,14.5,19,5.1,4.9,22,30,0.6,0.9,0.1,20.8,89,-0.1,1.4,247,39,685,0.7,23.38,Tirumala
14-12-2021,0.81,36.5,4.1,15,19.1,5.2,4.7,33,41,0.6,0.8,0.1,20.5,88,-0.1,1.6,218,37,685,0.1,22.42,Tirumala
15-12-2021,0.92,38.3,5.1,19.9,25,5.5,4.6,61,78,0.9,1.4,0.2,20.6,86,0,1.5,198,56,685,0,22.02,Tirumala
16-12-2021,0.96,43.2,4.7,19.7,24.4,5.8,5.7,84,103,1.1,1.6,0.2,20.3,85,0,1.5,226,68,686,0,21.55,Tirumala
17-12-2021,1.02,41.7,5.7,22.7,28.4,5.8,8.9,92,113,1.2,1.9,0.2,20.4,82,0,1.3,244,95,686,0,21.26,Tirumala
18-12-2021,0.96,43.1,6.1,27,33.1,5.7,13.3,81,104,1.1,2,0.2,20,80,0,1.3,249,93,687,0,20.42,Tirumala
19-12-2021,0.86,45.2,5.3,19.7,25,5.2,6.7,63,80,0.9,1.7,0.2,19.6,80,0,1.3,223,77,687,0,19.56,Tirumala
20-12-2021,0.91,44.3,5.8,23.9,29.7,5.6,7.2,82,104,1.1,1.8,0.2,20,79,0,1.1,184,91,687,0,19.73,Tirumala
21-12-2021,1.02,30.6,6.2,17.6,23.9,5.9,6.5,83,101,1.1,2.3,0.3,20.1,76,0,0.4,172,94,686,0,19.68,Tirumala
22-12-2021,0.98,35.2,2.2,5.5,7.7,3.7,7.2,87,107,1.2,2.1,0.3,20.3,74,0,0.5,184,102,684,0,19.71,Tirumala
23-12-2021,1.02,41.2,2.6,4.4,7,2.5,8,89,110,1.1,2,0.2,20.7,69,0,0.5,181,99,683,0,19.47,Tirumala
24-12-2021,0.83,32.1,2,3.8,5.8,2.4,8.2,51,72,0.7,1.5,0.2,21,62,0,0.4,161,98,683,0,20.17,Tirumala
25-12-2021,0.94,30.4,8.7,31.1,39.8,6.4,10,61,85,0.9,1.9,0.2,21,76,0,0.4,190,98,683,0,20.5,Tirumala
26-12-2021,0.91,34.7,7.7,27,34.6,7,8.1,62,85,0.7,1.5,0.2,20.8,79,0,0.5,154,96,683,0,20.74,Tirumala
27-12-2021,0.86,31.4,9.8,26.3,36.1,6.8,8.6,54,74,0.7,1.7,1.3,20.7,79,0,0.6,155,94,687,0,21.31,Tirumala
28-12-2021,0.81,26.7,7.3,17.8,25.1,7.1,4.9,33,48,0.8,1.7,0.2,21.3,82,0,0.9,229,105,686,0,20.86,Tirumala
29-12-2021,0.84,27.4,6,15.9,21.9,7.5,3.9,40,52,0.7,1.5,0.3,20.7,86,0,0.9,240,50,684,0,21.3,Tirumala
30-12-2021,0.78,26.4,5.7,15,20.8,7.1,5.4,35,44,0.5,1.4,0.2,20,86,-0.1,1.5,230,38,686,0.2,21.29,Tirumala
31-12-2021,0.79,34.6,4.1,10.2,14.3,6.9,4.8,28,39,0.6,1.1,0.1,20.3,89,-0.1,1.9,245,26,688,0.4,22.74,Tirumala
01-01-2022,0.75,31.8,4.7,13.7,18.3,6.8,4.3,18,31,0.5,0.7,0.1,20.3,89,-0.1,1.8,190,26,689,0.1,22.52,Tirumala
02-01-2022,0.77,29.2,5,13.1,18.1,6.5,5.2,23,41,0.5,0.9,0.1,20.6,86,0,1.5,199,71,687,0,21.81,Tirumala
03-01-2022,0.87,33.9,5.9,14.7,20.6,6.8,4,47,66,0.7,1.3,0.1,20.5,84,0,1.2,212,74,686,0,21.52,Tirumala
04-01-2022,0.87,36.8,5.5,18.1,23.6,7,7.2,61,78,0.7,1.2,0.1,20.1,82,0,1,310,79,686,0,20.62,Tirumala
05-01-2022,0.85,28.3,10.2,23,33.3,7,5.3,46,63,0.8,1.4,0.2,20.1,83,0,0.7,259,66,686,0,20.55,Tirumala
06-01-2022,0.82,22.7,10.7,17.6,28.4,6.9,6.3,43,56,0.7,1.6,0.2,20.7,83,0,0.7,268,91,685,0,20.85,Tirumala
07-01-2022,0.81,20.7,7,16.7,23.7,6.8,4.5,20,34,0.6,1.4,0.2,20.7,84,-0.1,0.5,258,44,686,0,21.7,Tirumala
08-01-2022,0.88,21.6,8.6,16.5,25.1,7.2,4.9,20,33,0.6,1.5,0.2,21.1,85,-0.1,0.8,242,76,688,0,21.6,Tirumala
09-01-2022,0.84,22.3,11.5,17.7,29.3,7.4,3.6,29,43,0.6,3.1,0.2,21.1,83,-0.1,0.6,241,78,685,0,21.81,Tirumala
10-01-2022,0.81,24.8,5.2,17,22.3,7.6,7,39,65,0.6,1.6,0.2,21.8,82,-0.1,0.4,277,94,685,0,22.1,Tirumala
11-01-2022,0.87,18.8,8.6,16.2,24.8,7.5,5.2,25,43,0.5,1.8,0.2,21.8,82,-0.1,0.4,248,75,685,0,22.68,Tirumala
12-01-2022,0.82,14.5,7.1,14.4,21.5,7.5,4.6,26,48,0.5,5.1,0.6,21.7,83,-0.1,0.4,315,56,684,0,22.37,Tirumala
13-01-2022,0.82,16,5.3,15,20.3,6.9,4.4,28,50,0.6,1.2,0.1,22.4,83,-0.1,0.5,190,66,683,0,23.08,Tirumala
14-01-2022,0.91,18.3,5.8,16.9,22.7,6.3,5.5,27,43,0.7,1.2,0.1,22.5,82,-0.1,0.4,95,76,683,0,23.41,Tirumala
15-01-2022,0.83,18.5,5.9,13.8,19.7,6.4,4.6,25,42,0.5,1.2,0.1,22.2,83,-0.1,0.7,187,94,684,0,23.57,Tirumala
16-01-2022,0.73,23.9,5.2,12.3,17.5,5.4,4.8,19,29,0.3,0.7,0.1,21.3,84,0,1.3,259,91,685,0,22.74,Tirumala
17-01-2022,0.76,27.3,5.9,16,21.9,5.5,4.6,22,31,0.5,0.9,0.1,20.3,83,-0.1,1.2,258,54,688,0,22.17,Tirumala
18-01-2022,0.84,29.8,7.1,18.3,25.4,5.8,4.5,39,51,0.6,1.1,0.1,20.6,83,-0.1,1,248,78,688,0,21.54,Tirumala
19-01-2022,0.91,28.5,11,25.7,36.7,6,7.7,52,73,0.7,1.6,0.2,21,72,-0.1,0.5,229,109,685,0,21.36,Tirumala
20-01-2022,0.89,34.7,5.3,17.9,23.2,6,7.8,64,86,0.6,1.4,0.2,21.2,76,-0.1,0.3,213,96,683,0,21.06,Tirumala
21-01-2022,0.87,37.8,3.2,17.1,20.3,6.3,5.7,57,88,0.7,1.5,0.4,22.8,73,-0.1,0.4,86,112,682,0,21.71,Tirumala
22-01-2022,0.83,38.3,5.9,19.7,25.6,6.3,7.9,48,76,0.5,0.8,0.1,22.7,62,-0.1,0.3,138,102,681,0,22.59,Tirumala
23-01-2022,1.03,32.9,6.6,22.5,29.2,6.6,7.2,,100,0.8,1.6,0.2,22.6,81,-0.1,0.4,161,80,680,0,23.12,Tirumala
24-01-2022,0.84,27.1,6.1,23.1,29.1,6,5.6,35,77,0.5,0.9,0.1,22.4,76,-0.1,0.5,176,95,680,0,22.8,Tirumala
25-01-2022,0.83,29.1,3.7,15.3,19.1,6,5.8,46,76,0.9,1.3,0.3,22,81,-0.1,0.5,200,84,680,0.4,22.73,Tirumala
26-01-2022,0.76,19,6.8,13.4,20.2,5.8,5.8,22,31,0.3,1,0.2,19.8,89,-0.1,0.4,140,24,681,1.1,22.57,Tirumala
27-01-2022,0.78,22,5.3,13.9,19.2,5.7,7.1,36,59,0.5,1.3,0.2,20.9,84,-0.1,1,235,69,682,0,21.99,Tirumala
28-01-2022,0.75,37.3,4,16.4,20.4,6,7.8,72,146,0.6,0.8,0.1,20.5,84,-0.1,1.7,212,72,684,0,21.4,Tirumala
29-01-2022,0.86,41.1,4.7,21.6,26.3,6.1,9.4,79,140,0.9,1.8,0.2,20.2,83,-0.1,1.4,179,63,686,0,21.4,Tirumala
30-01-2022,0.91,36.5,7.4,22.2,29.7,6.3,7.5,73,119,0.8,1.4,0.2,21.6,79,-0.1,0.7,197,107,686,0,22.25,Tirumala
31-01-2022,0.94,29.9,5.2,17.9,23.1,6,4.9,64,95,0.7,1.4,0.2,21.9,83,-0.1,0.5,182,75,683,0,23.09,Tirumala
01-02-2022,0.96,37.9,5.3,21.9,27.2,6.1,6.4,69,101,0.7,1.5,0.2,21.8,78,-0.1,0.4,111,83,682,0,21.99,Tirumala
02-02-2022,0.86,48.2,5.8,30.5,36.2,6.5,7.1,55,85,0.7,1.5,0.2,22,64,-0.1,0.6,119,120,683,0,21.06,Tirumala
03-02-2022,0.78,34,4.1,19,23.1,12.2,7.9,33,64,0.5,0.9,0.1,21.7,71,-0.1,0.4,118,113,682,0,21.27,Tirumala
04-02-2022,0.92,31.8,7.4,26,33.5,8.4,6.2,46,77,0.6,1.1,0.2,22.9,73,-0.1,0.4,134,112,680,0,23.32,Tirumala
05-02-2022,0.93,33.5,6,21.2,27.2,7.1,5.2,59,88,0.6,1.3,0.2,22.5,80,-0.1,0.5,173,104,681,0,23.67,Tirumala
06-02-2022,0.79,27.7,6.2,18.2,24.4,5.1,6.1,34,54,0.4,1,0.1,21.7,81,-0.1,0.8,293,81,685,0,23.07,Tirumala
07-02-2022,0.82,29.6,7.9,23.2,31.2,3.5,6.2,42,76,0.5,1.3,0.2,21.3,80,-0.1,0.8,229,103,685,0,22.28,Tirumala
08-02-2022,0.81,37.2,6.7,24.9,31.5,3.6,6.3,48,87,0.6,1.1,0.1,21.5,73,-0.1,0.9,115,112,684,0,22.04,Tirumala
09-02-2022,0.78,40.8,4.2,16.3,20.4,4.5,6,37,66,0.4,0.7,0.1,20.7,81,-0.1,1.3,304,112,684,0,21.51,Tirumala
10-02-2022,0.83,33.3,6.2,24.7,31,3.5,7.3,41,68,0.5,0.9,0.1,20.9,75,-0.1,1.1,326,117,684,0,21.03,Tirumala
11-02-2022,0.75,29.6,4.4,19.3,23.8,3.2,9.3,30,51,0.4,0.7,0.1,21.1,72,-0.1,1.4,291,118,683,0,21.93,Tirumala
12-02-2022,0.75,31.9,2.5,20.1,22.6,5.6,7.8,43,71,0.5,0.9,0.2,21.1,76,-0.1,1.2,279,111,683,0,22.43,Tirumala
13-02-2022,0.84,32,2,27.6,29.6,6.2,5.9,45,69,0.5,0.9,0.1,21.1,75,-0.1,1,265,98,682,0,22.41,Tirumala
14-02-2022,0.89,33.5,2,23.1,25.1,7,5.4,55,77,0.5,0.6,0.1,20.9,81,-0.1,1,238,82,681,0,22.76,Tirumala
15-02-2022,0.8,40.7,1.9,19.3,21.2,7.1,5,46,67,0.5,0.7,0.1,20.7,81,-0.1,1.1,233,80,681,0,22.19,Tirumala
16-02-2022,0.89,43.2,1.8,25.5,27.4,5.8,6.1,47,73,0.5,0.7,0.2,20.9,79,-0.1,1,237,99,679,0,22.84,Tirumala
17-02-2022,0.79,43.2,2.1,22.9,25,6.3,4.5,38,59,0.3,0.4,0.2,21.2,68,-0.1,1,217,106,678,0,22.98,Tirumala
18-02-2022,0.86,38.7,2,16.4,18.4,7.3,3.7,39,63,0.4,0.6,0.1,21.1,79,-0.1,1.3,134,108,678,0,23.03,Tirumala
19-02-2022,0.88,35.6,2.1,21.3,23.4,7.3,6.4,47,68,0.5,0.8,0.1,21.3,77,-0.1,0.9,184,107,683,0,23.47,Tirumala
20-02-2022,0.84,39.6,2,25.9,27.9,8,5.5,58,86,0.5,0.8,0.2,22.9,56,-0.1,0.5,92,119,682,0,24.59,Tirumala
21-02-2022,0.83,42.4,2,19.8,21.8,7.7,6.4,52,96,0.4,0.7,0.1,24.3,59,-0.1,0.5,126,111,680,0,25.22,Tirumala
22-02-2022,0.78,38.9,2,16.4,18.4,7.1,8.2,41,75,0.4,1.2,0.1,23.9,62,-0.1,0.6,199,114,683,0,25.28,Tirumala
23-02-2022,0.79,24.1,2,17.8,19.8,11.7,6.4,33,61,0.4,1,0.1,22,76,-0.1,0.8,293,111,687,0,24.33,Tirumala
24-02-2022,0.75,19.1,1.9,18.7,20.6,8.9,7.8,33,49,0.4,1,0.2,21.7,72,-0.1,0.6,279,120,688,0,23.63,Tirumala
25-02-2022,0.85,26.5,1.9,25.9,27.8,8,5.9,39,60,0.5,1,0.2,21.9,62,-0.1,0.7,272,124,686,0,22.74,Tirumala
26-02-2022,0.77,19.3,1.7,20.9,22.6,7.2,6.9,32,58,0.5,1.1,0.2,21,76,-0.1,0.8,206,98,687,0,23.07,Tirumala
27-02-2022,0.78,17.7,1.9,22.2,24.1,7.1,5.6,26,45,0.4,0.9,0.2,21.5,74,-0.1,0.8,110,94,687,0,23.89,Tirumala
28-02-2022,0.75,19.9,1.8,25,26.7,5.9,5.5,21,33,0.4,1,0.2,22.7,57,-0.1,0.7,80,122,686,0,24.03,Tirumala
01-03-2022,0.7,31.1,1.8,25.6,27.4,5.2,3.8,20,32,0.5,0.7,0.1,23.4,45,-0.1,0.8,208,119,686,0,24.44,Tirumala
02-03-2022,0.65,28.7,1.6,23.7,25.3,5.4,5.2,16,28,0.3,0.6,0.1,23.2,43,-0.1,0.8,290,114,686,0,24.03,Tirumala
03-03-2022,0.67,35.7,1.6,20.3,21.8,7.5,9.8,28,48,0.3,0.5,0.1,22.5,54,-0.1,1.2,274,117,684,0,23.89,Tirumala
04-03-2022,0.79,36.4,1.9,14.5,16.4,8.1,8.7,41,70,0.4,0.5,0.1,21.9,76,-0.1,1.5,272,97,684,0,24.29,Tirumala
05-03-2022,0.78,29.9,2,20.8,22.8,6.8,8.1,30,56,0.5,1.6,0.4,22.2,73,-0.1,1.2,275,105,683,0,24.5,Tirumala
06-03-2022,0.73,31.8,2,18.8,20.7,5.9,4.7,23,44,0.4,0.5,0.1,21.6,73,-0.1,1.3,262,95,683,0,24.68,Tirumala
07-03-2022,0.77,40.3,1.9,19.3,21.2,6.8,8.3,35,57,0.3,1.2,0.2,22.3,66,-0.1,1.2,266,100,683,0,24.33,Tirumala
08-03-2022,0.92,33.5,2.4,33,35.3,7.5,17.3,56,89,0.6,1.3,0.3,23.5,59,-0.1,0.6,260,123,683,0,25.63,Tirumala
09-03-2022,0.85,46.4,2.2,32.5,34.8,7.7,12.1,62,101,0.5,0.7,0.2,23.9,54,-0.1,0.6,284,121,683,0,26.24,Tirumala
10-03-2022,0.82,56.8,2.1,30.9,33,7.6,12.5,59,88,0.4,0.5,0.1,24,50,-0.1,0.8,282,123,682,0,25.95,Tirumala
11-03-2022,0.82,44.4,2.6,37,39.6,6.2,9.6,44,94,0.3,0.4,0.1,24,46,-0.1,0.7,242,124,682,0,26.07,Tirumala
12-03-2022,0.75,45.3,2.5,33.4,35.9,8.5,9.2,43,70,0.3,0.5,0.2,24.2,44,-0.1,0.6,137,123,682,0,26.43,Tirumala
13-03-2022,0.87,36.6,3.9,41.8,45.8,22.5,11.7,56,87,0.5,0.4,0.2,24.7,46,-0.1,0.5,53,103,682,0,26.66,Tirumala
14-03-2022,0.99,45.2,2.2,37,39.1,21.5,11.2,70,118,0.6,0.9,0.2,24.7,51,-0.1,0.5,290,115,682,0,27.46,Tirumala
15-03-2022,1.03,49.6,2.3,40.8,43.1,18.8,13.5,75,119,0.5,0.7,0.2,25.1,50,-0.1,0.5,216,124,680,0,27.35,Tirumala
16-03-2022,1.03,49.7,1.9,51,52.9,18.2,10.2,66,106,0.6,0.8,0.2,26,43,-0.1,0.5,199,129,679,0,27.7,Tirumala
17-03-2022,1.01,44.2,2.2,48.4,50.6,15.5,10.4,62,118,0.5,0.8,0.2,26.6,43,-0.1,0.4,298,94,678,0,28.64,Tirumala
18-03-2022,0.87,50.6,2.1,34,36.1,11.7,11.8,51,107,0.4,0.7,0.2,26.2,45,-0.1,0.3,251,121,678,0,28.22,Tirumala
19-03-2022,0.96,36.2,2.2,20.9,23.1,12.7,9.6,60,114,0.5,1,0.2,25.3,65,-0.1,0.4,259,115,677,0,28.82,Tirumala
20-03-2022,1.04,38.9,2.3,24.5,26.9,15.5,8.1,61,94,0.6,1.2,0.3,25.5,65,-0.1,0.4,265,88,677,0,30.44,Tirumala
21-03-2022,1.05,35.4,2.1,26.6,28.7,15.3,6.1,59,101,0.7,1.1,0.2,25.4,66,-0.1,0.4,135,85,677,0.1,30.51,Tirumala
22-03-2022,1.16,35.6,2.3,34.3,36.6,13.1,8.9,63,101,0.7,1.4,0.2,25.9,67,-0.1,0.3,248,98,678,0,29.99,Tirumala
23-03-2022,1.11,34.2,2.2,27.9,30.2,14.3,11.2,77,130,0.7,1.3,0.2,25.2,74,-0.1,0.4,240,49,678,0,29.86,Tirumala
24-03-2022,0.88,26.2,4.8,19.2,24.1,12.9,9.2,54,100,0.5,1.2,0.2,24.9,75,-0.1,0.4,94,105,679,0,29.69,Tirumala
25-03-2022,0.87,22,5.5,18.8,24.4,12.5,7.2,47,82,0.5,0.9,0.2,24.8,74,-0.1,0.5,72,122,680,0,29.32,Tirumala
26-03-2022,0.93,23.8,7.8,26.3,34.1,12.2,10.4,51,86,0.7,1.4,0.2,25.7,71,-0.1,0.4,135,111,683,0,29.54,Tirumala
27-03-2022,0.76,23.2,4.7,17.6,22.3,11.2,13.6,41,76,0.4,0.6,0.1,25.2,71,-0.1,0.4,89,172,683,0,29.95,Tirumala
28-03-2022,0.83,27.7,5.2,21.7,26.9,10.4,12.3,44,78,0.5,0.9,0.1,27.1,62,-0.1,0.4,92,149,680,0,30.67,Tirumala
29-03-2022,0.83,31.1,4.4,22.3,26.7,10.1,10.6,39,71,0.6,1.2,0.2,26.4,68,-0.1,0.4,80,91,680,0,30.63,Tirumala
30-03-2022,0.96,48.3,3.8,26.4,30.2,10.6,9.7,52,97,0.6,1.1,0.2,27.9,58,-0.1,0.4,204,71,680,0,31.07,Tirumala
31-03-2022,0.94,42,4.2,23.8,28,10.2,8.8,46,90,0.7,1.1,0.2,26.9,65,-0.1,0.4,116,104,680,0,30.95,Tirumala
01-04-2022,0.85,25.7,3.4,15.7,19.1,10.6,7.6,36,72,0.5,0.8,0.1,25.3,75,-0.1,0.4,83,112,680,0,29.95,Tirumala
02-04-2022,0.86,27.8,4.5,20.4,24.9,11.7,5.5,41,75,0.5,0.8,0.1,25.4,74,-0.1,0.5,120,115,682,0,30.17,Tirumala
03-04-2022,0.84,22.7,7.4,25.4,32.8,10.3,7.6,40,68,0.5,0.9,0.2,25,72,-0.1,0.4,105,114,681,0,29.85,Tirumala
04-04-2022,0.77,21.8,3.3,15.7,19,11.2,8.8,28,58,0.4,0.7,0.1,24.8,71,-0.1,0.5,86,120,682,0,29.79,Tirumala
05-04-2022,0.76,17.2,5.3,20.6,25.9,8.6,6,21,48,0.4,0.9,0.1,24.8,72,-0.1,0.5,92,119,684,0,29.5,Tirumala
06-04-2022,0.83,21.6,5.7,27.1,32.8,10.9,5.6,25,62,0.4,1,0.2,25.2,65,-0.1,0.5,137,120,684,0,28.92,Tirumala
07-04-2022,0.97,24.9,7.7,26.8,34.6,16.2,6.1,32,75,0.4,1.1,0.2,25.3,66,-0.1,0.6,223,125,683,0,29.46,Tirumala
08-04-2022,0.91,14.9,9.6,27.1,36.7,16.7,10.1,30,65,0.4,1,0.2,24.7,72,-0.1,0.5,190,115,682,0,29.7,Tirumala
09-04-2022,0.84,14.5,12.3,24.4,36.8,11.5,6.6,19,47,0.4,1.1,0.2,25,73,-0.1,0.6,188,124,681,0,29.75,Tirumala
10-04-2022,0.83,14.9,13.8,23.9,37.8,8.4,8.4,14,36,0.3,0.7,0.1,25,69,-0.1,0.7,241,119,680,0,29.51,Tirumala
11-04-2022,0.88,11.5,20.6,22.7,43.3,7.7,5.8,15,34,0.3,0.7,0.1,24.6,74,-0.1,0.7,263,124,679,0,29.6,Tirumala
12-04-2022,0.86,13.1,13.6,23.7,37.4,8.1,8.6,19,43,0.3,0.8,0.2,25,73,-0.1,0.6,210,113,678,0,29.52,Tirumala
13-04-2022,0.87,13.5,13.2,23.1,36.4,8.1,7.5,19,42,0.3,0.8,0.2,24.7,78,-0.1,0.6,132,84,677,0,29.34,Tirumala
14-04-2022,0.76,20.4,6,20.9,26.9,8.2,6.9,20,57,0.3,0.6,0.1,25.7,72,-0.1,0.5,91,130,678,0,30.96,Tirumala
15-04-2022,0.9,28.9,10.6,35.5,46.2,8.4,8.1,32,74,0.5,0.9,0.1,27,61,-0.1,0.6,194,126,677,0,32.51,Tirumala
16-04-2022,1,29.2,6.5,27.3,33.9,9.1,7.7,39,92,0.4,0.7,0.2,26.6,70,-0.1,0.6,188,103,677,0,32.32,Tirumala
17-04-2022,0.96,31.3,9.8,32.7,42.5,9.5,8.7,46,82,0.4,0.7,0.2,26.2,71,-0.1,0.3,235,120,690,0,31.99,Tirumala
18-04-2022,0.97,29,8,30.7,38.8,9.5,10.7,47,81,0.5,1,0.2,26.2,70,-0.3,0.3,251,104,692,0,31.64,Tirumala
19-04-2022,0.84,27.7,7.1,27.3,34.4,9.1,13.1,42,82,0.6,1.3,0.2,26.6,66,-0.1,0.3,234,121,694,0,31.78,Tirumala
20-04-2022,0.89,32.5,4.8,23,27.8,10,9.6,39,80,0.4,0.9,0.2,26.7,69,-0.1,0.3,135,131,694,0,32.06,Tirumala
21-04-2022,0.82,23,4.6,17.8,22.4,9.6,4.5,29,66,0.3,0.7,0.1,25.6,72,-0.1,0.3,77,134,691,0,30.26,Tirumala
22-04-2022,0.79,16.3,7.2,19,26.2,8.3,4.7,17,51,0.3,0.8,0.1,25.1,73,-0.1,0.3,111,140,693,0,30.98,Tirumala
23-04-2022,0.84,15.2,7.5,21,28.5,7.7,6.2,16,50,0.4,1.1,0.2,25.4,71,-0.1,0.3,91,137,693,0,30.09,Tirumala
24-04-2022,0.78,23.6,6.1,22.9,29,8.1,6.9,22,61,0.3,0.7,0.1,26.4,66,-0.1,0.3,168,130,692,0,32.05,Tirumala
25-04-2022,0.8,29.4,4.4,22.8,27.2,8.2,9.6,31,85,0.2,0.5,0.1,26.8,60,-0.1,0.3,76,141,697,0,31.94,Tirumala
26-04-2022,0.9,31.2,5,23.8,28.8,9,11.5,37,84,0.3,0.6,0.2,27,65,-0.1,0.3,123,142,691,0,31.85,Tirumala
27-04-2022,0.92,28.1,5.5,23.2,28.7,9.2,11.8,35,89,0.4,0.8,0.2,26.8,66,-0.1,0.2,127,136,690,0,31.88,Tirumala
28-04-2022,0.87,27.2,4.4,20.2,24.6,8.6,8.2,27,70,0.3,0.6,0.2,26.7,62,-0.1,0.3,123,134,692,0,31.87,Tirumala
29-04-2022,0.83,34.6,7,26.1,33.1,9.1,7.7,39,86,0.4,0.7,0.2,27.3,63,-0.1,0.3,246,133,692,0,32.61,Tirumala
30-04-2022,1.01,41.1,5.2,29.4,34.5,9.8,10.7,51,120,0.5,1,0.3,27.9,61,-0.1,0.3,140,116,690,0,33.72,Tirumala
01-05-2022,1,38,5.6,32.6,38.2,9.5,10.9,56,105,0.4,0.8,0.2,27.3,64,-0.1,0.3,159,98,688,0,32.85,Tirumala
02-05-2022,0.96,41.1,6.1,37.8,43.9,8.8,5.6,45,78,0.4,0.8,0.2,27,58,-0.1,0.3,212,121,687,0,32.63,Tirumala
03-05-2022,1.02,48.6,4.1,22.4,26.5,9.8,9.9,49,88,0.3,0.6,0.2,26.7,65,-0.1,0.3,143,94,689,0,31.84,Tirumala
04-05-2022,0.96,27.5,8.7,23.3,32,10.1,9.6,46,83,0.3,0.6,0.2,25,78,-0.1,0.3,131,71,690,0,30.74,Tirumala
05-05-2022,1.03,30.1,6.3,26.6,32.9,9.8,4.7,46,83,0.2,0.5,0.4,25.8,71,-0.1,0.3,99,88,689,0,29.82,Tirumala
06-05-2022,1.04,22.5,9.3,28,37.3,10.1,9.1,55,97,0.3,0.6,0.2,24.9,77,0,0.3,158,95,688,0,29.5,Tirumala
07-05-2022,1.05,26.9,12.2,40.7,52.9,10.2,4.6,59,96,0.3,0.7,0.2,26.7,66,0,0.3,104,124,687,0,30.34,Tirumala
08-05-2022,1.05,36.8,6.8,34.9,41.6,10.3,7.6,67,121,0.5,0.9,0.2,26.8,67,0,0.3,172,120,684,0,30.77,Tirumala
09-05-2022,0.98,34.3,8.9,39.1,48.1,9.4,6.7,56,107,0.4,0.7,0.2,26.8,61,-0.1,0.3,185,74,682,0,29.65,Tirumala
10-05-2022,0.82,34.5,5.2,19.3,24.5,8,5.3,40,85,0.3,0.4,0.1,23.4,78,0,0.3,189,31,679,0,27.83,Tirumala
11-05-2022,0.84,33.8,5.2,17.1,22.3,8.3,4.3,27,48,0.2,0.3,0.1,22.3,82,-0.1,0.3,181,43,680,0,28.53,Tirumala
12-05-2022,0.8,22.6,5.5,15,20.5,8,4.7,25,44,0.2,0.3,0.1,22,87,-0.1,0.3,108,54,682,0,28.36,Tirumala
13-05-2022,0.81,17.9,8.8,21.3,30.1,8.9,4.7,34,69,0.2,0.5,0.2,24.3,79,0,0.3,161,98,685,0,27.34,Tirumala
14-05-2022,0.99,19.4,10.3,27.3,37.6,9.4,5.1,37,80,0.3,0.7,0.2,25.2,76,0,0.3,162,79,685,0,29.87,Tirumala
15-05-2022,0.88,17.3,9,26.6,35.6,9.5,3.6,38,78,0.3,0.5,0.2,24.7,82,0,0.3,155,73,686,0,28.42,Tirumala
16-05-2022,1.09,16,15.5,28.1,43.6,10.7,5.5,44,80,0.3,0.7,0.2,24.3,83,-0.1,0.3,180,59,686,0,28.28,Tirumala
17-05-2022,0.94,17.3,7.6,24,31.6,10.4,5.9,35,60,0.2,0.5,0.1,24.9,81,0,0.3,147,106,684,0,28.4,Tirumala
18-05-2022,0.89,17.4,6.7,20.7,27.5,9.7,4.5,23,50,0.2,0.4,0.1,25.1,80,0,0.3,72,117,685,0,27.96,Tirumala
19-05-2022,0.72,18.4,6.6,16,22.6,9,4.8,11,27,0.2,0.4,0.1,23.7,82,-0.1,0.3,55,93,685,0,27.68,Tirumala
20-05-2022,0.75,19.5,9.5,19.8,29.3,7.7,5,29,60,0.2,0.3,0.1,23.4,76,0,0.3,104,112,687,0,26.58,Tirumala
21-05-2022,0.82,24,9.5,23.4,33,7.1,4.5,36,79,0.2,0.3,0.1,23.9,72,0,0.3,148,105,686,0,28.65,Tirumala
22-05-2022,0.85,16.9,14.4,25.3,39.8,6.9,4.5,31,75,0.2,0.6,0.2,25.5,68,0,0.3,216,119,684,0,30.08,Tirumala
23-05-2022,0.87,15.1,13.4,25.6,39,6.8,3.6,22,57,0.3,0.7,0.2,26.1,66,-0.1,0.3,257,140,684,0,30.64,Tirumala
24-05-2022,0.86,14.6,16.5,29,45.6,6.8,6.1,25,71,0.3,0.6,0.2,27,63,-0.1,0.4,230,139,682,0,31.66,Tirumala
25-05-2022,0.89,17.8,10.2,27,37.2,7.3,4.9,29,76,0.2,0.6,0.2,25.9,70,-0.1,0.6,238,102,678,0,30.5,Tirumala
26-05-2022,0.8,23.7,9.4,26.5,35.9,7.9,3.8,31,66,0.2,0.5,0.2,25.4,68,-0.1,0.5,141,85,678,0,29.88,Tirumala
27-05-2022,0.84,19.7,14,28.5,42.5,7.8,5.5,32,83,0.2,0.6,0.2,26.6,59,-0.1,0.8,238,131,677,0,28.78,Tirumala
28-05-2022,0.74,17.1,14.9,26.7,41.6,7.8,4.8,31,85,0.3,0.7,0.2,26.7,59,-0.1,0.6,191,134,676,0,29.32,Tirumala
29-05-2022,0.74,18.7,12.3,24.2,36.6,8.4,4.5,26,73,0.3,0.7,0.2,26.9,60,-0.1,0.7,214,138,676,0,30.01,Tirumala
30-05-2022,0.79,19.5,13.8,27,40.8,8.4,5,27,73,0.2,0.7,0.2,27.2,61,-0.1,0.6,198,142,675,0,30.58,Tirumala
31-05-2022,0.82,22.8,11.1,22.7,33.8,8.8,4.4,22,62,0.2,0.4,0.1,26.3,64,-0.1,1,188,188,674,0,28.62,Tirumala
01-06-2022,0.9,23.4,10.1,32.1,42.2,8.7,4.7,29,78,0.3,0.8,0.2,28.3,58,-0.1,0.6,249,147,674,0,29.29,Tirumala
02-06-2022,0.96,22.9,12.4,35.7,48.1,8.3,5.9,40,99,0.4,1,0.3,28.1,59,-0.1,0.6,220,114,674,0,29.11,Tirumala
03-06-2022,0.89,32.7,7.1,29.8,36.9,8.8,5.6,35,80,0.4,0.8,0.2,29.2,55,-0.1,0.4,227,153,674,0,30.28,Tirumala
04-06-2022,0.85,34.2,9.5,27.9,37.4,8.9,4.8,31,80,0.3,0.7,0.2,28,58,-0.1,0.7,186,139,674,0,27.82,Tirumala
05-06-2022,0.95,29.9,9.9,34.9,44.8,9.3,4.2,40,94,0.4,0.8,0.2,28.4,58,-0.1,0.5,215,150,674,0,29.83,Tirumala
06-06-2022,1.03,33.2,12.5,30.1,42.6,9.2,3.6,25,52,0.3,0.6,0.2,26.5,64,-0.1,0.8,243,160,674,0,27.92,Tirumala
07-06-2022,0.89,26.2,10.4,29.7,40.2,9.3,5.1,25,59,0.3,0.5,0.2,27.9,60,-0.1,0.7,200,182,675,0,28.6,Tirumala
08-06-2022,0.94,25,11.6,31,42.6,9.1,5.5,24,51,0.3,0.8,0.2,27.1,61,-0.1,0.9,242,125,674,0,30.12,Tirumala
09-06-2022,0.79,18.8,13.8,26.4,40.2,8.5,5,16,41,0.3,0.6,0.2,26.9,63,-0.1,0.9,244,128,674,0,29.74,Tirumala
10-06-2022,0.81,20.1,13.8,25.6,39.4,8.7,4.3,17,40,0.2,0.4,0.1,27.3,59,-0.1,0.8,100,169,675,0,30.18,Tirumala
11-06-2022,0.79,17.1,13.6,29.2,42.8,7.8,5.1,13,47,0.2,0.5,0.2,27.8,56,-0.1,0.6,81,141,677,0,29.25,Tirumala
12-06-2022,0.81,16,12.7,24.5,37.3,8.1,3,9,34,0.3,0.6,0.2,27,60,-0.1,0.6,169,57,675,0,29.02,Tirumala
13-06-2022,0.75,14.9,10.7,23.3,34.1,8.6,4.3,10,24,0.2,0.6,0.2,26.9,64,-0.1,0.5,258,206,678,0.3,29.34,Tirumala
14-06-2022,,,,,,,,,,,,,,,,,,,,,28.79,Tirumala
15-06-2022,0.82,13.2,13.8,28,41.8,8.1,2.8,25,43,0.3,0.7,0.3,24.9,73,-0.1,0.3,287,10,676,0,27.39,Tirumala
16-06-2022,0.91,10.6,19.8,29.3,49.2,8.5,5.9,26,55,0.3,0.7,0.3,24.9,76,-0.1,0.3,251,63,676,0,27.62,Tirumala
17-06-2022,0.89,17.7,11.8,27.3,39.1,8.1,3.4,21,43,0.3,0.6,0.2,25,75,-0.1,0.5,143,84,676,0.1,27.52,Tirumala
18-06-2022,0.95,16.2,9.9,25.3,35.2,8.9,6.8,32,55,0.3,0.6,0.2,24.5,80,-0.1,0.3,79,59,676,0,27.65,Tirumala
19-06-2022,0.97,9.9,16.2,23.5,39.7,7.4,4.3,13,32,0.3,0.6,0.2,25.8,74,-0.1,0.4,233,128,677,0,27.64,Tirumala
20-06-2022,0.85,9.8,18.3,21.2,39.5,7.1,4.2,12,30,0.2,0.4,0.2,24.8,74,-0.1,0.7,197,123,675,0.1,26.92,Tirumala
21-06-2022,0.78,10.7,13.5,17,30.6,7.7,4.8,13,30,0.2,0.5,0.2,25.2,71,-0.1,0.7,193,113,673,0.1,27.03,Tirumala
22-06-2022,0.7,13.2,12.7,16.5,29.3,8.5,4.3,13,29,0.2,0.5,0.2,25.1,72,-0.1,0.6,138,119,675,0,26.58,Tirumala
23-06-2022,1,13.5,11.7,18.9,30.6,8.6,3,15,36,0.2,0.5,0.2,24.8,75,-0.1,0.5,89,80,677,0,27.5,Tirumala
24-06-2022,0.85,13.3,12.5,22.7,35.2,7.8,3.9,11,26,0.2,0.5,0.2,25.8,67,-0.1,0.7,104,100,676,0.5,26.97,Tirumala
25-06-2022,0.79,18.4,10.3,21.4,31.7,6.7,4.3,14,51,0.2,0.4,0.1,26,65,-0.1,1,54,125,673,0,26.81,Tirumala
26-06-2022,0.83,14,16.3,26.9,43.2,6.3,2.9,22,69,0.2,0.4,0.1,26.7,60,-0.1,1,85,170,675,0,27.35,Tirumala
27-06-2022,0.72,14.3,9.8,16.9,26.8,6.6,4.3,15,50,0.1,0.3,0.5,24.8,68,-0.1,0.8,216,85,677,0,27.77,Tirumala
28-06-2022,0.75,13.5,13.7,19.2,32.9,6.3,6,16,49,0.1,0.4,0.2,24,72,-0.1,0.9,211,59,676,0,28.29,Tirumala
29-06-2022,0.71,15.4,10,15,25,6,4.8,13,39,0.2,0.3,0.1,23.6,75,-0.1,0.9,205,43,674,0,29.28,Tirumala
30-06-2022,0.84,11.9,11.7,21.3,33,6.2,4,15,32,0.2,0.6,0.2,25.8,70,-0.2,0.6,200,30,674,0,28.2,Tirumala
01-07-2022,0.78,11,14.4,19,33.4,6.5,4,17,39,0.2,0.5,0.2,25.1,74,-0.1,0.9,235,135,674,0.1,28.1,Tirumala
02-07-2022,0.73,11.2,15.1,18.6,33.8,6.3,4.8,21,53,0.2,0.5,0.2,25.2,72,-0.1,0.9,174,108,673,0,27.49,Tirumala
03-07-2022,0.77,9.9,18.9,19.9,38.9,6.7,4,28,75,0.2,0.5,0.2,25.2,71,-0.1,0.8,185,75,673,0,28.21,Tirumala
04-07-2022,0.69,11.6,13.2,17.3,30.6,6.8,3.6,16,39,0.1,0.3,0.1,24.3,74,-0.1,1.1,73,63,671,0,27.36,Tirumala
05-07-2022,0.75,11.5,13,18.6,31.7,6.6,4.4,13,27,0.1,0.3,0.1,23.5,79,-0.1,1.1,113,66,671,0,27,Tirumala
06-07-2022,0.8,9.7,15,18.9,33.9,6.2,4.6,18,34,0.2,0.3,0.1,22.9,82,-0.1,0.9,97,47,671,0,26.95,Tirumala
07-07-2022,0.69,10.6,10.1,14.2,24.3,6.2,5.1,15,30,0.1,0.2,0.1,23.2,81,-0.1,1.1,121,50,676,0,27.02,Tirumala
08-07-2022,0.72,10.2,14.8,14.8,29.7,6.2,4.3,17,27,0.1,0.2,0.1,21.7,88,-0.2,1.3,132,33,675,0,26.9,Tirumala
09-07-2022,0.72,9.5,16,18,34,5.7,5.5,23,52,0.2,0.5,0.2,23.1,82,-0.1,1.2,118,64,672,0.1,27.08,Tirumala
10-07-2022,0.72,9.6,18.2,19.8,38,5.7,3.3,22,45,0.2,0.3,0.1,23.5,79,-0.1,1.2,99,61,671,0,27.04,Tirumala
11-07-2022,0.67,14.4,8.2,14.3,22.5,6.3,3.2,20,37,0.1,0.5,0.3,23.5,76,-0.1,1.4,115,67,676,0.1,27.17,Tirumala
12-07-2022,0.66,14.4,8.7,14.7,23.4,5.8,3.3,16,39,0,0.1,0.1,24,73,-0.2,1.6,135,67,675,0.1,27.61,Tirumala
13-07-2022,0.69,14.5,8,13.4,21.4,5.5,3.3,14,35,0,0.1,0.1,23.7,75,-0.2,1.7,120,61,671,0,27.27,Tirumala
14-07-2022,0.67,13.6,9.3,15.4,24.8,5.3,5.1,16,36,0,0.2,0.1,23.9,73,-0.2,1.4,142,74,672,0,27.86,Tirumala
15-07-2022,0.67,14,9.6,15.9,25.5,5,5.6,19,48,0.1,0.2,0.1,24.6,70,-0.1,1.4,211,119,673,0,28.51,Tirumala
16-07-2022,0.66,12.1,10.7,15.1,25.8,5.4,4.2,13,36,0.1,0.2,0.1,24.4,72,-0.1,1.3,184,93,674,0,28.29,Tirumala
17-07-2022,0.73,10.7,14,17.1,31.1,6.1,5.5,11,31,0.1,0.4,0.2,24.7,73,-0.1,1,166,86,675,0,27.49,Tirumala
18-07-2022,0.7,9.5,14,15.3,29.4,6.8,5,9,27,0.1,0.3,0.1,24.2,76,-0.1,0.9,130,59,677,0,26.65,Tirumala
19-07-2022,0.72,11.8,13.8,19.1,33,7.5,4.9,16,53,0.1,0.4,0.1,25,73,-0.2,0.6,186,86,678,0,27.97,Tirumala
20-07-2022,,15.5,13.4,23.6,37.1,8.2,5.2,20,58,0.2,0.6,0.2,25.4,75,-0.2,0.5,202,107,678,0,27.67,Tirumala
21-07-2022,0.78,13.9,9.2,21.5,30.7,8.4,3.6,20,55,0.2,0.4,0.2,26.2,67,-0.2,0.3,247,29,677,0,27.65,Tirumala
22-07-2022,0.79,12.1,14.2,16.2,30.4,8.1,4.1,16,45,0.1,0.4,0.1,24,78,-0.2,0.6,202,52,678,0,26.16,Tirumala
23-07-2022,0.76,11.1,16.9,18.5,35.4,7.8,3.6,17,54,0.2,0.4,0.1,25,71,-0.1,0.6,167,107,678,0,27,Tirumala
24-07-2022,0.8,9.5,19.4,19.6,39.1,7.7,4.2,18,52,0.2,0.4,0.2,24.5,74,-0.1,0.6,193,99,677,0,27.22,Tirumala
25-07-2022,0.79,8.6,16.3,19.5,35.9,8,3.6,13,39,0.2,0.4,0.1,25,73,-0.1,0.6,197,136,678,0.2,27.29,Tirumala
26-07-2022,0.86,8.2,20,20.5,40.6,8.1,4.7,19,39,0.2,0.5,0.2,23.3,80,-0.1,0.6,221,70,680,0,25.32,Tirumala
27-07-2022,0.82,12.6,14.2,20.5,34.7,7.9,4.3,17,32,0.2,0.5,0.1,24.1,78,-0.2,0.8,267,88,679,0,26.36,Tirumala
28-07-2022,0.82,14.8,8.7,16.8,25.5,8.1,4.6,23,43,0.3,0.6,0.2,24.8,78,-0.1,0.6,216,87,680,0,26.85,Tirumala
29-07-2022,0.87,16.4,8.6,20.6,29.3,8.6,5.1,30,55,0.3,0.8,0.2,25.3,76,-0.1,0.5,212,103,679,0,27.14,Tirumala
30-07-2022,0.93,12.9,13.3,22.2,35.5,10.7,5.3,36,58,0.3,0.7,0.3,24.4,82,-0.1,0.4,181,67,678,0.6,27.86,Tirumala
31-07-2022,0.94,15.2,11.1,24.2,35.3,10.7,5.1,38,57,0.3,0.6,0.2,25.1,78,-0.1,0.5,177,86,675,0,27.97,Tirumala
01-08-2022,0.92,13.8,13.2,25.1,38.4,8.4,4.2,26,41,0.2,0.5,0.2,24.7,80,-0.1,0.4,175,65,674,0.2,27.91,Tirumala
02-08-2022,0.91,13.6,15.6,25.7,41.4,8.3,3.1,30,50,0.2,0.6,0.2,24.7,78,-0.1,0.5,249,91,673,0.4,28.11,Tirumala
03-08-2022,0.57,8.8,14,21,35,8.5,3.2,17,31,0.2,0.5,0.1,23.5,85,-0.1,0.3,256,49,672,0.5,26.44,Tirumala
04-08-2022,0.68,11.3,14.6,19.8,34.4,8.9,3.8,18,34,0.2,0.4,0.2,23.5,84,-0.1,0.4,208,45,672,0.9,26.29,Tirumala
05-08-2022,0.71,9.4,14.2,16.6,30.8,8.1,5.8,9,20,0.1,0.3,0.1,22.9,83,-0.1,1,201,49,673,0.5,26.6,Tirumala
06-08-2022,0.74,10.6,12,16,28,7,3.9,9,23,0.1,0.3,0.1,23.3,79,-0.2,1.2,95,63,673,0,26.54,Tirumala
07-08-2022,0.69,10.9,9.8,15.1,25,7,5.2,8,20,0,0.2,0.1,23.3,80,-0.2,1.3,73,52,672,0,26.9,Tirumala
08-08-2022,0.78,9.9,15.6,17.9,33.5,7.1,4.1,12,32,0.1,0.3,0.1,23.5,78,-0.1,1.2,45,50,671,0,27.09,Tirumala
09-08-2022,0.73,11.3,13,17.4,30.4,6.8,4.5,14,41,0.1,0.3,0.1,24,73,-0.1,1.2,55,95,671,0,27.59,Tirumala
10-08-2022,0.78,11,14.1,19.2,33.4,6.3,4.9,14,39,0.1,0.3,0.1,24.4,70,-0.1,1.2,191,102,671,0,27.38,Tirumala
11-08-2022,0.81,10.2,16,18.6,34.6,6.7,5,14,36,0.1,0.3,0.1,24.6,70,-0.1,1,192,113,672,0,27.77,Tirumala
12-08-2022,0.72,9.2,16.7,20.4,37.2,6.8,4.7,12,34,0.1,0.3,0.1,24.8,70,-0.1,0.9,104,96,677,0,28.32,Tirumala
13-08-2022,0.82,8.7,20.2,21.4,41.6,7,5,10,34,0.2,0.5,0.2,25.1,69,-0.1,0.9,194,126,677,0,27.27,Tirumala
14-08-2022,0.82,8.7,19.9,21.9,41.8,7,4.3,11,33,0.1,0.3,0.1,24.1,72,-0.2,0.9,146,62,678,0,28.12,Tirumala
15-08-2022,0.76,9.7,14.5,18.1,32.7,6.9,3.8,9,30,0.1,0.3,0.1,24.4,74,-0.2,0.7,153,91,680,0.1,28.39,Tirumala
16-08-2022,0.78,14,6.8,18.9,25.7,7.5,5.1,18,46,0.2,0.4,0.1,24.8,77,-0.1,0.5,63,130,680,0.9,27.54,Tirumala
17-08-2022,0.9,12.1,12.4,21.3,33.8,7.9,4.6,20,48,0.2,0.6,0.2,24.7,79,-0.1,0.4,187,98,680,0.6,27.29,Tirumala
18-08-2022,0.87,8.6,17.8,20.2,38,7.1,3.5,12,44,0.2,0.5,0.2,25.1,71,-0.1,0.6,218,113,678,0,27.33,Tirumala
19-08-2022,0.79,9.2,15.6,17.4,33.1,7.6,5.2,12,42,0.1,0.3,0.1,25.4,71,-0.1,0.7,207,94,678,0,26.6,Tirumala
20-08-2022,0.77,10.1,15.5,17.1,32.7,8.5,4.3,11,43,0.1,0.3,0.1,25.2,69,-0.1,0.8,157,88,678,0,27.73,Tirumala
21-08-2022,0.77,9.4,16.4,19.3,35.7,7.8,5,10,36,0.1,0.3,0.1,25.6,69,-0.1,0.8,157,127,677,0,27.75,Tirumala
22-08-2022,0.77,8.6,16.1,20,36.1,7.2,4.9,12,32,0.1,0.3,0.1,25.2,70,-0.1,0.8,158,118,676,0,27.73,Tirumala
23-08-2022,0.77,8.1,18.7,20.9,39.7,7.1,5.6,15,49,0.2,0.4,0.2,25.1,71,-0.1,0.7,222,125,677,0,27.88,Tirumala
24-08-2022,0.81,7,17.2,18.8,36,7.6,4.5,13,31,0.2,0.4,0.1,23.8,80,-0.1,0.6,233,72,679,1.3,27.2,Tirumala
25-08-2022,0.83,9.8,14.9,20.2,35.1,7.7,3.7,18,42,0.1,0.4,0.1,24.3,79,-0.1,0.7,207,133,677,0.4,26.57,Tirumala
26-08-2022,0.89,9.5,14.4,19.9,34.3,8,5.8,21,35,0.2,0.4,0.2,23.9,81,-0.1,0.6,244,102,677,0.1,25.69,Tirumala
27-08-2022,0.79,10.7,11.7,18,29.8,8.4,4.5,17,31,1.1,1.7,0.9,24.2,79,-0.1,0.6,221,101,676,0,26.33,Tirumala
28-08-2022,0.9,10.8,18.2,22.5,40.7,8.6,5,21,37,1,4.5,1.6,23.7,80,-0.1,0.7,244,104,676,0,26.22,Tirumala
29-08-2022,0.97,10.8,18.9,23.9,42.8,8.8,3.9,36,60,1.3,4.3,1.2,23.8,83,-0.1,0.6,280,57,678,0.1,26.17,Tirumala
30-08-2022,0.87,14.1,16.8,22,38.8,8.8,6.3,43,64,1,3,0.8,23.9,81,-0.1,0.7,266,103,679,0.1,26.15,Tirumala
31-08-2022,0.82,7.6,17.8,18.8,36.6,7.9,4.8,25,39,0.5,2.1,0.6,23.3,84,-0.2,0.8,202,69,679,0,25.42,Tirumala
01-09-2022,0.92,5.3,34.6,20.4,55.1,7,5.3,19,31,1,3.1,1.1,22.7,85,-0.1,0.5,249,58,678,0.6,25.64,Tirumala
02-09-2022,0.87,10.7,16.6,21.4,38,7.2,6.5,26,42,1,4.8,1.4,23.6,81,-0.1,0.5,237,84,679,0,25.72,Tirumala
03-09-2022,0.91,13.7,8.5,19,27.5,8,5.1,36,53,1.4,5.2,1.2,24.4,80,-0.1,0.5,151,81,679,0,26.97,Tirumala
04-09-2022,0.92,13.2,12.7,22.7,35.4,8.2,4.7,44,67,1.6,4.6,1,24.8,81,-0.1,0.5,180,64,679,0,26.76,Tirumala
05-09-2022,0.88,13.1,9.5,20.5,30,8.2,6,39,55,1.3,4.2,1.8,25.1,79,-0.1,0.6,159,89,678,0,27.24,Tirumala
06-09-2022,0.92,11.5,13.5,22,35.5,7.8,5.2,25,39,1,3.2,1.8,24.5,78,-0.2,0.5,150,104,678,0,26.89,Tirumala
07-09-2022,0.85,7.9,12.7,18.2,30.9,7.3,4.9,13,22,0.8,4,1.1,23.6,80,-0.1,0.5,132,61,678,0,26.12,Tirumala
08-09-2022,0.85,5.8,20,17.6,37.7,7.2,4,11,20,0.9,3.4,1,22.6,86,-0.1,0.7,225,36,676,0.7,25.24,Tirumala
09-09-2022,0.81,6.3,12.3,14.2,26.6,7.7,4.2,9,23,0.8,3.4,1,24,81,-0.1,0.7,114,83,676,0,25.46,Tirumala
10-09-2022,0.8,6.7,14.4,15.4,29.9,7.8,4,9,23,0.9,3.5,1.8,23.6,81,-0.1,1,127,57,675,0.5,26.32,Tirumala
11-09-2022,0.75,7.9,11.2,13.4,24.6,7.9,,11,32,0.6,2.3,0.8,23.8,77,-0.1,1.1,52,67,675,0,26.03,Tirumala
12-09-2022,0.79,9.7,10.1,15.9,26,7.6,3.5,15,42,0.5,2.3,0.6,24.6,71,-0.1,1.2,54,111,675,0,25.92,Tirumala
13-09-2022,0.71,10.8,9.1,15.3,24.5,7.1,5,13,35,0.6,2,0.6,24.7,70,-0.1,0.8,232,124,679,0,26.82,Tirumala
14-09-2022,0.83,7.2,15.2,18.8,34,6.9,6.9,16,44,1.1,3.4,0.8,24.1,78,-0.1,0.6,256,101,682,0.5,26.47,Tirumala
15-09-2022,0.77,6.2,12.7,14.8,27.5,7.1,4.5,18,56,1.2,3.9,0.8,23.5,81,-0.1,0.6,195,62,683,2,25.96,Tirumala
16-09-2022,0.81,7,14.3,16,30.3,7.1,5.1,13,34,0.8,2.7,0.7,25,71,-0.1,0.8,163,124,680,0,26.97,Tirumala
17-09-2022,0.78,6.8,16.4,17.4,33.9,6.6,4,10,29,0.9,3.4,0.8,25.2,70,-0.1,0.8,186,123,680,0.1,27.07,Tirumala
18-09-2022,0.78,7.5,15.9,19.4,35.3,6.7,4.9,12,31,0.9,2.8,0.8,25.3,68,-0.1,0.9,248,118,680,0,26.79,Tirumala
19-09-2022,0.78,7.5,15.9,16.7,32.6,6.8,5.2,14,33,0.5,2.6,1.4,24.3,71,-0.1,0.9,170,79,679,0,26.15,Tirumala
20-09-2022,0.75,10.4,11.7,18.2,30,6.5,5.1,18,47,0.7,2.3,0.8,24.1,66,-0.1,1,165,101,678,0,25.36,Tirumala
21-09-2022,0.72,9.1,12.4,17,29.4,6.9,6,15,36,0.5,2.5,0.9,24.5,67,-0.1,0.9,146,119,679,0,25.58,Tirumala
22-09-2022,0.77,10.9,16.1,22.4,38.5,6.7,3.5,19,49,1,3.5,1.5,24.9,63,-0.1,0.9,244,122,679,0,26.71,Tirumala
23-09-2022,0.75,14.8,13.3,21.3,34.6,6.8,5.1,16,46,1,3.2,1,25,61,-0.1,0.8,228,124,681,0,26.17,Tirumala
24-09-2022,0.84,11.9,17.4,21.3,38.7,7,5.2,14,33,1.1,4,1.4,25.1,65,-0.1,0.9,258,117,679,0,27.12,Tirumala
25-09-2022,0.79,15.7,9.8,15.8,25.6,5.2,3.8,19,41,0.9,3.5,1.2,25,68,-0.1,0.9,228,108,678,0,27.2,Tirumala
26-09-2022,0.94,10.2,7.6,11.9,19.6,5.6,3.5,24,41,1.7,5.2,1.6,23.6,79,-0.1,0.5,245,45,679,0.2,27.44,Tirumala
27-09-2022,0.81,16.9,8.4,17.9,26.4,9.3,5.3,19,35,1,3.8,1.5,24.8,73,-0.1,0.7,249,91,678,0,27.24,Tirumala
28-09-2022,0.95,16.1,10.1,21.5,31.6,8.7,5,28,53,1.4,4,1.3,24.6,76,-0.1,0.6,245,68,677,0,25.15,Tirumala
29-09-2022,0.89,14.3,11.6,19.4,31.1,7.8,5.5,18,36,1.2,3.4,1.1,23.5,78,-0.1,0.9,231,47,676,0,25.77,Tirumala
30-09-2022,0.82,14.5,12,19.6,31.7,8.3,4.3,19,29,1.2,3.8,1.6,22.4,84,-0.1,1,237,50,676,0.3,24.28,Tirumala
01-10-2022,0.79,15,10.1,17.6,27.7,8.4,4.2,26,43,1.1,3.5,1.4,22.6,83,-0.1,1,254,57,676,0.1,24.2,Tirumala
02-10-2022,0.89,16.6,12.4,23.7,36.2,8,5.2,27,47,1.5,6.2,1.7,23.5,76,-0.1,1.1,256,81,676,0,24.91,Tirumala
03-10-2022,0.83,17.9,7.9,17.8,25.7,8.4,3.6,32,57,1.4,5.6,1.5,24.2,76,-0.1,1.1,252,83,676,0,26.44,Tirumala
04-10-2022,0.9,19.6,8.7,23.1,31.8,8,6.2,38,72,1.5,5.2,1.1,24.5,73,-0.1,0.9,256,79,676,0,25.72,Tirumala
05-10-2022,0.99,15.1,10,28.1,38.1,7.5,5.9,39,73,1.8,4.6,1,23.3,79,-0.1,0.6,263,27,676,0,24.55,Tirumala
06-10-2022,0.91,14.3,8.2,19.9,28.1,6.6,4.2,26,38,1.2,3.2,0.8,22.5,83,-0.1,0.7,211,46,676,0.6,25.44,Tirumala
07-10-2022,0.98,10.8,17.7,22.1,39.8,6.2,5.1,26,46,1.2,4.4,1.1,22.8,81,-0.1,0.6,142,56,678,0.3,25.5,Tirumala
08-10-2022,1.08,9.2,26.8,34.9,61.7,7.2,4,31,54,2.3,12.2,4.8,23.2,82,-0.1,0.7,254,72,679,0.1,25.39,Tirumala
09-10-2022,1.13,8.5,38.4,32.4,70.9,7.1,11.4,31,51,2,8.4,1.8,22.4,86,-0.1,0.8,290,41,679,0.1,25.43,Tirumala
10-10-2022,0.97,9.8,24.8,22.2,47.1,6.5,6,20,37,1.4,5.2,0.9,22.8,86,-0.1,0.6,288,53,681,0,25.69,Tirumala
11-10-2022,0.86,12.2,10.4,20,30.5,6.5,4.8,16,29,1.1,3.6,0.7,23.2,83,-0.1,0.6,57,77,682,0.1,25.62,Tirumala
12-10-2022,0.81,13.8,9.5,19.6,29.1,6.3,5.1,21,37,0.8,5.3,0.9,23.7,81,-0.1,0.3,134,92,682,0,25.73,Tirumala
13-10-2022,0.79,15.4,10.6,15.6,26.1,6.8,6.4,21,39,0.7,4.8,0.8,23.9,81,-0.1,0.4,196,98,681,0,25.79,Tirumala
14-10-2022,0.82,7.9,16,19.9,35.9,6,7.5,18,35,0.7,3.9,0.9,23.3,82,-0.1,0.5,176,74,681,0,26.14,Tirumala
15-10-2022,0.94,9.9,26.3,24.3,50.7,6.3,5,21,34,1.4,5.8,1.4,23.2,82,-0.1,0.7,235,81,679,0,25.37,Tirumala
16-10-2022,0.87,10.6,14.1,18.2,32.3,5.9,6.1,13,28,0.6,4.1,0.8,23.1,85,-0.1,0.7,272,57,681,0,25.67,Tirumala
17-10-2022,0.83,7.2,16.8,15,31.8,5.8,4.8,10,23,0.5,4.5,0.8,23.1,85,-0.1,0.8,215,73,685,0,25.98,Tirumala
18-10-2022,0.97,8,23.9,22.7,46.6,5.9,6,22,41,1.4,6.7,1.1,23.8,81,-0.1,0.4,208,82,684,0.1,26.26,Tirumala
19-10-2022,0.95,15.3,18.1,27.1,45.3,6,11.9,32,51,1.4,4.3,0.8,23.5,80,-0.1,0.8,209,95,683,0.2,26.12,Tirumala
20-10-2022,0.94,17.4,13.9,21.6,35.5,5.8,3.7,23,40,1.4,3.5,0.9,23,84,-0.2,1,162,67,684,0,25.18,Tirumala
21-10-2022,0.89,20,10.8,19.5,30.3,5.9,5.2,24,39,1.1,3.6,0.7,22.9,85,-0.2,1.2,109,83,684,0.1,25.31,Tirumala
22-10-2022,1.04,26.3,12.7,29.9,42.6,5.9,5.5,51,77,2.7,6.5,1.1,23.2,79,-0.2,1.3,328,87,686,0,25,Tirumala
23-10-2022,0.99,30.1,11.1,32,43.2,6,6.5,46,74,2,4.9,1.1,23.4,67,-0.1,0.6,282,107,684,0,24.68,Tirumala
24-10-2022,0.78,42.5,6.2,26.1,32.4,5.7,9.3,43,76,1.1,2.5,0.6,23.2,57,-0.1,0.4,260,110,682,0,23.08,Tirumala
25-10-2022,0.75,42.2,5,20.1,25.1,5.5,6.4,38,67,1,2.3,0.6,23.3,55,-0.1,0.4,255,116,683,0,23.71,Tirumala
26-10-2022,0.92,34.1,15.3,38.3,53.7,6.6,11.8,45,77,1.8,3.8,0.9,22.8,59,-0.1,0.6,265,112,685,0,23.77,Tirumala
27-10-2022,0.98,22.6,20.7,32,52.8,6.8,16.6,34,54,1.7,3.4,0.8,22.4,71,-0.1,0.8,251,90,685,0,24.28,Tirumala
28-10-2022,1,19.4,18.8,28.8,47.6,6.9,8.1,33,49,1.6,4.2,1.1,21.5,87,-0.1,1.1,219,53,684,0.7,24.24,Tirumala
29-10-2022,0.89,27.6,9.5,19.5,29,6.7,4,38,55,1.5,3.1,0.8,21.6,87,-0.1,1.5,253,44,683,0.1,24.7,Tirumala
30-10-2022,0.94,32.7,10.9,26.6,37.4,6.7,7.1,63,89,1.8,3.2,0.8,21.9,83,-0.1,1.4,201,46,683,0,24.72,Tirumala
31-10-2022,1.03,34.9,12.6,31.7,44.4,6.9,7.7,67,102,2.1,4.2,1,21.7,78,-0.1,1.1,125,73,683,0,23.34,Tirumala
01-11-2022,0.95,15.1,17.4,24.1,41.5,5.4,4.1,21,30,1.6,3.9,0.8,20.8,89,-0.1,1.1,87,23,684,0.8,23.4,Tirumala
02-11-2022,0.9,14.1,15.1,20.5,35.7,5.5,5.3,14,22,1.3,3.1,0.6,20.7,89,-0.2,1.5,133,26,683,1.5,23.47,Tirumala
03-11-2022,0.92,15.6,16.1,19.4,35.5,6,4.5,18,34,1.5,2.9,0.8,21.7,87,-0.2,0.6,301,48,683,0.2,23.24,Tirumala
04-11-2022,0.88,14.9,11,13.8,24.8,5.9,5.9,14,24,0.4,3.1,0.7,22.2,85,-0.1,0.5,265,76,685,0,23.66,Tirumala
05-11-2022,0.94,14.9,14.8,18.5,33.3,6,5.8,22,38,1.3,4.6,0.8,22.4,84,-0.1,0.3,236,72,687,0,24.29,Tirumala
06-11-2022,0.95,35.2,7.3,20,27.3,6.4,7,54,84,2.1,3.9,0.7,22,84,-0.2,0.7,219,68,688,0,23.75,Tirumala
07-11-2022,1.04,30.4,11.9,28.3,40.2,6.8,8.2,59,94,2.4,6,1.2,21.9,77,-0.2,0.6,165,107,687,0,23.43,Tirumala
08-11-2022,0.98,30.8,10,21.5,31.5,6.8,8.3,64,96,1.9,5.6,1.5,22.1,79,-0.2,0.6,137,88,687,0,23.93,Tirumala
09-11-2022,0.93,32.3,11,25.7,36.8,6.5,10.4,71,104,2.2,4.9,0.9,22.1,78,-0.2,0.8,84,100,686,0,24.12,Tirumala
10-11-2022,0.92,23.4,12.8,22.9,35.7,5.7,4.6,39,61,1.9,4.1,0.8,21.4,86,-0.2,1.5,68,48,685,0.1,24.07,Tirumala
11-11-2022,0.94,31.8,9.3,22.4,31.8,5.9,5,47,66,2.2,2.3,0.6,21,88,-0.2,2.2,187,26,684,1,23.38,Tirumala
12-11-2022,0.79,11.9,13.4,15.5,29,5.2,3.8,7,16,0.8,2.6,0.5,21.4,89,-0.2,1.6,184,22,684,1,24.25,Tirumala
13-11-2022,0.91,10.2,24.2,22.7,46.9,5.3,4.6,16,27,1.3,4.1,0.6,21,89,-0.2,0.9,162,27,686,0.2,23.71,Tirumala
14-11-2022,1.06,19.3,19,29.8,48.9,6.2,5,39,58,2.4,5.6,0.8,21,88,-0.2,0.8,141,33,687,0.4,24.18,Tirumala
15-11-2022,1.17,29.1,15.3,31.8,47.2,6.8,8.3,82,119,3.2,7.2,0.8,21.8,85,-0.2,1.1,109,62,687,0,23.95,Tirumala
16-11-2022,1.17,31.6,13.7,36.3,50,6.5,6.6,91,129,3,6.7,0.9,21.8,82,-0.2,1,94,90,685,0,22.16,Tirumala
17-11-2022,1.03,32,13.7,41.6,55.3,6.3,8.4,71,105,2.3,6.6,0.9,21.6,70,-0.2,0.8,76,111,684,0,20.83,Tirumala
18-11-2022,1.02,38.5,9.2,31.4,40.6,6.1,13.3,73,108,1.8,3.5,0.7,20.9,73,-0.2,0.3,174,90,685,0,21.14,Tirumala
19-11-2022,0.97,35.8,11.1,33.5,44.7,5.9,7.5,57,92,1.9,4.2,0.8,20.8,74,-0.2,0.5,324,110,684,0,20.76,Tirumala
20-11-2022,0.97,31.2,13.4,42.5,55.9,6.5,9.3,70,106,1.7,5.4,0.8,20.8,70,-0.2,0.3,297,98,682,0,19.62,Tirumala
21-11-2022,0.99,22.3,16.9,34.9,51.9,6.2,6.4,51,74,1.7,4.1,0.7,20.1,83,-0.2,0.5,284,48,681,0.3,20.55,Tirumala
22-11-2022,0.98,15.3,15.8,23.5,39.4,6.3,3.4,29,44,1.5,4.4,0.8,20.8,89,-0.2,1.5,330,25,680,0.4,23.25,Tirumala
23-11-2022,0.86,15.4,12.5,18.3,30.9,6.2,4.5,14,25,1.3,3.3,0.8,21.4,89,-0.1,1.6,288,20,680,0.6,24.24,Tirumala
24-11-2022,0.87,16.8,12.7,20.2,32.9,6.1,5.3,30,51,1.6,3.4,0.6,22.1,87,-0.1,0.6,238,51,683,0.1,24.01,Tirumala
25-11-2022,0.92,12.6,19.5,19.6,39.2,6.3,5.4,30,53,1.6,4.3,0.7,22.2,85,-0.1,0.6,231,74,683,0,23.77,Tirumala
26-11-2022,1.03,11.2,33,28.4,61.5,5.8,4.5,35,53,1.7,6.7,1,22.7,77,-0.2,0.5,162,89,684,0,24.14,Tirumala
27-11-2022,1.09,20.8,21.6,35,56.7,7.2,7.5,83,110,1.8,4.2,0.9,22.4,84,-0.2,0.5,233,62,682,0,24.41,Tirumala
28-11-2022,,23.7,14.9,33.8,48.7,7.4,6.8,97,130,2,4.7,0.8,22.1,84,-0.1,0.5,223,63,682,0,23.81,Tirumala
29-11-2022,,27,12.2,29.9,42.1,6.8,7.9,83,116,2.1,7.2,1.6,21.7,79,-0.2,0.8,197,96,684,0,22.17,Tirumala
30-11-2022,1.39,23.5,16.4,34.1,50.5,7.1,10.2,81,110,2.3,6.3,0.8,21.4,80,-0.2,0.7,158,95,684,0,21.89,Tirumala
01-12-2022,1.03,18.7,11.7,25.3,37,6.6,5.2,59,86,2.8,7.3,0.8,21.9,85,-0.2,1.1,124,39,684,0,23.74,Tirumala
02-12-2022,0.95,11.6,14.8,20.6,35.4,6.8,8,39,57,2,8.4,0.7,22.2,85,-0.2,1,92,59,684,0,24.15,Tirumala
03-12-2022,0.85,6.2,16,14.3,30.4,6.7,5.1,15,28,1.2,4,0.7,22.3,85,-0.2,1.2,186,69,684,0,24.01,Tirumala
04-12-2022,0.84,,9.5,17.3,26.7,7.2,5.4,42,60,1.7,4.1,0.7,21.9,85,-0.2,1.3,231,79,685,0,23.38,Tirumala
05-12-2022,1.06,,7.6,20.8,28.4,7.8,5.5,88,118,2.7,3.5,0.6,21.9,85,-0.2,1.1,143,56,686,0,23.64,Tirumala
06-12-2022,1.16,,9,24.4,33.4,7.8,6.7,113,146,3,6.1,0.7,21.5,84,-0.2,1.2,59,54,685,0,22.85,Tirumala
07-12-2022,1.08,,9.4,31,40.4,7.5,7.7,98,133,2.1,3.8,0.6,21,74,-0.2,1.4,193,79,683,0,20.94,Tirumala
08-12-2022,0.89,47.5,8.8,29.7,38.6,6.8,8.8,67,100,1.4,2.7,0.6,20.3,69,-0.2,1.9,305,45,680,0,19.84,Tirumala
09-12-2022,0.99,43.6,10.5,30.2,40.7,6.5,6.5,43,58,2,1.7,0.5,18.4,86,-0.2,2.6,266,19,675,2.4,20.9,Tirumala
10-12-2022,0.9,28.3,8.1,16.3,24.4,7.2,3.8,8,14,1.4,1.6,0.5,19.9,89,-0.2,1.9,214,12,673,4.1,22.68,Tirumala
11-12-2022,0.94,21.5,12.3,21.1,33.4,8.2,7.1,25,37,1.5,2.5,0.6,20.4,89,-0.2,0.7,285,24,680,0.1,23.12,Tirumala
12-12-2022,0.88,20.3,12.7,32.6,45.4,6.8,6.3,18,30,1,1.8,0.5,20.7,89,-0.2,0.7,260,15,682,1.1,23.01,Tirumala
13-12-2022,0.81,15.4,13.2,37.2,50.4,4.4,7.6,19,36,0.4,1.9,0.6,21.4,88,-0.1,0.6,153,49,684,0,23.74,Tirumala
14-12-2022,0.82,13.7,18.9,36,55,3.6,4.3,21,32,1,2.5,0.7,21.5,86,-0.1,0.7,95,67,684,0,23.4,Tirumala
15-12-2022,0.86,19.1,33.2,55.4,88.6,3.2,6.3,33,50,1.4,4.3,0.7,21.2,70,-0.1,0.4,88,99,683,0,22.22,Tirumala
16-12-2022,0.79,32.5,25.7,60.2,85.9,4.1,22.6,46,64,1.2,3,0.8,21.9,55,0,0.4,53,96,682,0,21.89,Tirumala
17-12-2022,0.94,37.3,14.6,42.6,57.2,6.2,13.5,77,100,1.9,3.2,0.7,22,73,-0.1,0.4,256,90,683,0,22.7,Tirumala
18-12-2022,0.98,45.4,8,36.9,45,5.8,8.3,89,115,2.2,2.6,0.6,20.7,88,-0.1,1,158,27,682,0,22.21,Tirumala
19-12-2022,0.93,41.6,11.9,43.7,55.7,6,8.2,59,87,1.8,2.6,0.6,20.3,81,-0.1,1.3,296,68,681,0,20.67,Tirumala
20-12-2022,1.02,29,19.9,50.3,70.3,6.4,8.7,64,93,2.1,3.6,0.7,20.8,82,-0.1,0.9,274,100,680,0,20.76,Tirumala
21-12-2022,0.95,27.7,18.9,51,70,5.3,6.8,54,74,2,3.5,0.7,20.3,79,-0.1,0.9,261,48,681,0,20.35,Tirumala
22-12-2022,0.93,42.5,9.6,39.3,49,6.8,6.6,75,95,1.9,2.6,0.6,20.4,80,-0.1,1.4,261,71,680,0,20.76,Tirumala
23-12-2022,1.01,46.2,10.4,48.7,59.2,6.6,6.8,85,114,1.9,2.3,0.6,20.7,72,-0.1,1.3,270,100,680,0,22.08,Tirumala
24-12-2022,1.01,41.4,10.8,41.2,52,6.9,5.4,80,106,3,3.5,0.7,20.6,84,-0.1,1.5,286,55,681,0,22.86,Tirumala
25-12-2022,0.82,19.7,13.5,34.3,47.8,6,4.8,10,19,1.3,1.5,0.5,21,89,-0.1,1.2,216,21,683,2.1,23.89,Tirumala
26-12-2022,0.84,13.8,18.3,34.4,52.8,6,4.3,14,24,0.8,2.4,0.6,21.2,89,-0.1,0.7,110,35,686,0.7,23.53,Tirumala
27-12-2022,0.87,14.1,22.5,39.9,62.4,5.3,3.9,17,31,1.1,6.4,0.7,21.5,87,-0.1,0.8,62,61,688,0,23.27,Tirumala
28-12-2022,0.86,22.3,29.8,53.2,83,4.8,7.2,33,56,1.7,11,0.8,22.4,75,-0.1,0.5,110,96,689,0.1,23.7,Tirumala
29-12-2022,0.86,17.9,19.7,46.7,66.4,5.2,6.3,23,42,1.3,5.2,0.8,22.4,74,0,0.4,149,95,690,0,22.92,Tirumala
30-12-2022,0.89,19.1,31.5,53.8,85.4,5.4,5.2,36,59,1.7,5.5,0.9,22.1,73,0,0.6,208,96,691,0,22.45,Tirumala
31-12-2022,0.87,25.1,25.3,65,90.3,5.1,10.1,46,69,2.1,4.9,0.8,21.8,68,0,0.5,133,93,689,0,21.79,Tirumala
01-01-2023,0.88,23.9,27.7,54.7,82.4,6.7,5.8,44,68,1.9,15.2,0.7,21.7,66,0,0.5,188,94,688,0,21.5,Tirumala
02-01-2023,0.89,21.5,28.7,53.8,82.6,5.8,4.7,44,71,2,5.8,1,21.2,71,0,0.5,276,93,688,0,21.83,Tirumala
03-01-2023,0.91,19.9,26.2,45.2,71.5,5.2,2.9,41,63,2.4,6.6,1.1,20.9,79,0,0.8,223,96,688,0,21.89,Tirumala
04-01-2023,0.95,26.8,13.2,40.8,54.1,6,4.6,51,75,2.4,4.5,0.8,20.7,82,-0.1,0.9,183,88,688,0,21.87,Tirumala
05-01-2023,0.84,30.4,7.5,28.7,36.3,7,2.7,46,69,2.1,2.3,0.6,20.8,82,-0.1,1.4,186,74,688,0,21.35,Tirumala
06-01-2023,0.9,33,7.2,29.4,36.6,6.1,7.2,62,88,2.8,2.1,0.7,20.4,85,-0.2,1.8,256,71,690,0,21.52,Tirumala
07-01-2023,1.09,35.3,10,35.1,45.1,6.3,6.2,76,103,3.6,3.7,0.8,20.5,84,-0.2,1.5,277,66,690,0,21.35,Tirumala
08-01-2023,1.21,31.3,19.8,53.5,73.3,6.8,6.4,92,132,4.8,6.6,1.1,20.6,77,-0.2,1.1,270,96,688,0,21.26,Tirumala
09-01-2023,0.93,32.2,15.7,48.2,63.9,6.8,10.3,67,96,3,4.2,0.9,19.7,73,-0.1,0.9,251,104,689,0,19.5,Tirumala
10-01-2023,0.89,34.1,12.5,50.4,62.8,6.7,8.9,63,95,2.5,3.8,0.8,19.7,76,-0.2,1.1,189,104,689,0,19.87,Tirumala
11-01-2023,0.95,26.8,18,60.1,78.2,7.7,7.5,55,81,2.3,6,0.8,20.3,69,-0.2,0.7,166,105,687,0,19.97,Tirumala
12-01-2023,0.89,19.2,30.6,67.9,98.5,5.2,8.1,48,74,2.2,6.3,0.9,20.5,62,-0.2,0.4,279,106,685,0,20.24,Tirumala
13-01-2023,0.71,20.5,22.7,54,76.8,5,8.7,35,57,1.5,2.9,0.9,20.5,60,-0.2,0.5,201,101,686,0,20.26,Tirumala
14-01-2023,0.9,21.1,25.8,56.4,82.2,5.9,6.9,52,71,2.6,5.9,1,20.6,67,-0.2,0.4,290,104,686,0,19.99,Tirumala
15-01-2023,0.79,17.4,30,60,90,5.5,6.7,40,57,1.3,3.3,0.9,20.4,66,-0.2,0.6,190,105,685,0,19.64,Tirumala
16-01-2023,0.76,15.9,25.1,45.2,70.3,5.5,5.3,31,48,1.2,3.4,0.8,20.6,70,-0.2,0.9,229,105,686,0,19.4,Tirumala
17-01-2023,0.76,17.1,17.9,40.8,58.8,5.7,6.9,38,54,1,2.5,0.7,20,74,-0.2,0.5,249,104,686,0,20.13,Tirumala
18-01-2023,0.86,16.2,24.4,42.5,67,5.9,5.7,49,67,1.3,3.6,0.8,20,77,-0.2,0.6,216,105,688,0,20.36,Tirumala
19-01-2023,0.78,15.1,18.5,43,61.5,5.9,5.9,49,65,1.3,3,0.7,19.8,78,-0.2,0.6,124,106,689,0,20.63,Tirumala
20-01-2023,0.87,11.6,14.1,36.8,51,5.8,5.4,57,76,1.3,6.5,0.7,20.3,85,-0.2,0.8,148,66,688,0.1,21.54,Tirumala
21-01-2023,0.86,13.3,12.2,36.6,48.8,5.7,6.6,59,81,1.6,2.8,0.7,20.8,81,-0.2,1,290,79,687,0,21.55,Tirumala
22-01-2023,0.85,15.6,10.6,39.4,49.9,5.1,4.9,57,78,2,2,0.6,20.6,78,-0.2,1.1,271,99,686,0,21.03,Tirumala
23-01-2023,0.87,14.2,11.3,36.3,47.6,5.3,3.5,45,66,1.8,1.7,0.6,20.5,85,-0.2,1.3,267,55,684,0,21.92,Tirumala
24-01-2023,0.82,10,12,35.1,47.1,5.6,4.3,32,50,1.2,1.8,0.6,20.9,81,-0.1,1.1,272,92,685,0,22.26,Tirumala
25-01-2023,0.68,8.3,14.9,35.4,50.3,5.5,3.7,46,66,1.4,2.2,0.6,20.1,81,-0.1,0.9,254,83,684,0,21.07,Tirumala
26-01-2023,0.57,8.9,17.5,46.2,63.8,5.5,4.1,77,100,2.1,6.5,0.7,20.4,80,-0.1,0.8,232,94,684,0,21.37,Tirumala
27-01-2023,0.76,13.8,17.2,36.5,53.7,7.2,4.8,56,83,1.9,4.3,0.8,20.6,79,-0.1,1,222,96,684,0,20.99,Tirumala
28-01-2023,0.89,17.1,17.3,45.9,63.3,5.1,9.7,69,92,2.2,5.2,0.9,20.9,70,-0.2,0.8,127,110,684,0,21.03,Tirumala
29-01-2023,0.86,19,9.3,39.3,48.6,5,7.9,63,89,1.6,2.5,0.6,20.6,81,-0.2,1.2,193,78,682,0,22.09,Tirumala
30-01-2023,1,14.4,15.4,36.8,52.2,5.2,4.1,49,68,2.2,4.3,0.8,20.8,87,-0.1,1.1,253,38,682,0.2,22.93,Tirumala
31-01-2023,0.94,17.2,8,33,41,5.3,3.7,50,71,1.8,3.2,0.7,21.2,79,-0.1,1.7,275,85,682,0,22.97,Tirumala
01-02-2023,0.82,21.8,7.8,32.7,40.5,5.3,7.8,41,62,1.5,2.6,0.6,21.5,71,-0.2,1.8,283,90,683,0,23.04,Tirumala
02-02-2023,0.87,23.1,5.8,30,35.8,5.9,11.6,53,78,1.8,3.4,0.6,21.5,72,-0.2,2.1,274,109,683,0,23.02,Tirumala
03-02-2023,0.85,20.2,5.8,29.7,35.5,5.6,6.1,48,73,1.9,4,0.6,21.3,80,-0.2,1.7,276,78,685,0,23.62,Tirumala
04-02-2023,0.9,22.2,13.3,45.5,58.8,5.4,9,65,95,2.4,8.3,1.1,21.8,70,-0.2,0.9,241,109,684,0,23.31,Tirumala
05-02-2023,0.83,18.5,21.2,52.5,73.7,4.1,12.2,55,80,1.9,7,0.9,22.2,59,-0.1,0.8,237,111,684,0,23.5,Tirumala
06-02-2023,0.91,23,17.1,52.1,69.3,5.1,7,55,82,1.7,5,0.8,22.5,60,-0.1,0.6,192,112,684,0,23.31,Tirumala
07-02-2023,0.9,24.1,14.9,50.8,65.7,6.5,10.3,59,93,1.6,4.7,0.8,23,60,-0.1,0.4,178,111,684,0,23.14,Tirumala
08-02-2023,0.88,22.6,16.7,56,72.8,6.1,8.4,54,83,1.6,3.2,0.7,23,60,-0.2,0.5,141,109,684,0,23.55,Tirumala
09-02-2023,0.86,20.7,18.2,55.9,74.1,6.1,6.7,51,76,1.5,3.9,0.8,22.9,57,-0.1,0.5,129,113,685,0,23.24,Tirumala
10-02-2023,0.84,21.4,17.7,58.8,76.5,6.3,8.6,55,81,1.8,3.8,0.9,23.1,55,-0.2,0.5,153,110,687,0,23.66,Tirumala
11-02-2023,0.91,18.2,25.6,63.9,89.6,6.4,18.3,64,99,2.6,10.3,14.4,23.1,57,-0.2,0.6,202,106,687,0,23.64,Tirumala
12-02-2023,0.75,20.2,16.6,56.4,73.1,5.6,10.3,46,77,1.5,2.6,1.2,23.7,50,-0.2,0.6,200,116,687,0,24.11,Tirumala
13-02-2023,0.72,20.3,21.9,52.7,74.7,4.7,9.8,38,67,1.1,2.3,0.8,23.7,47,-0.2,0.6,251,112,688,0,24,Tirumala
14-02-2023,0.92,23.7,20.1,56,76.2,6,14.7,60,97,1.8,3,0.8,22.9,59,-0.2,0.6,216,114,687,0,23.42,Tirumala
15-02-2023,0.85,23,18.8,53.6,72.4,5.5,18.5,52,94,1.7,3.3,0.8,22.6,56,-0.2,0.6,120,115,685,0,23.37,Tirumala
16-02-2023,0.76,25.2,15.4,54.2,69.7,5.5,11.2,43,86,1.2,2.1,0.7,22.9,50,-0.2,0.5,148,115,686,0,23.38,Tirumala
17-02-2023,0.8,28,17.9,58.1,76,6.2,10.9,53,100,1.6,2.9,0.7,22.9,54,-0.2,0.5,148,113,686,0,22.79,Tirumala
18-02-2023,0.81,17.4,20.1,49.6,69.7,6.2,8.2,42,76,1.6,3.5,0.9,22.9,61,-0.2,0.4,160,115,686,0,23.27,Tirumala
19-02-2023,0.78,13.3,12.4,31.5,43.9,6.2,4.7,26,50,1.3,3.3,0.7,22.4,74,-0.2,0.5,139,111,687,0,23.73,Tirumala
20-02-2023,0.74,18.9,17.5,41.6,59.1,5.8,6.7,36,78,0.9,2.4,0.7,22.8,60,-0.2,0.6,234,115,687,0,23.95,Tirumala
21-02-2023,0.85,26.2,15.8,48.5,64.3,6.3,11,64,97,1.9,3.2,0.7,23.3,57,-0.2,0.6,117,111,687,0,24.09,Tirumala
22-02-2023,0.9,34.4,10.2,49.8,60,6.9,14.6,74,107,1.9,2.4,0.7,23.4,54,-0.2,0.5,134,113,686,0,23.91,Tirumala
23-02-2023,0.84,21.8,15.6,57.4,73,5.5,8.4,50,79,1.5,3,0.8,22.9,53,-0.2,0.5,198,120,686,0,23.04,Tirumala
24-02-2023,0.73,18.7,18.3,53.4,71.8,4.9,7.5,31,58,1.2,3,0.7,23.2,50,-0.2,0.6,290,122,687,0,23.55,Tirumala
25-02-2023,0.81,24.9,23.2,66.4,89.7,5.3,9.5,45,73,1.4,3,0.9,23.9,41,-0.2,0.6,187,117,690,0,24.1,Tirumala
26-02-2023,0.85,27.1,23.9,62.9,86.8,5.9,18.7,59,86,1.6,2.6,0.8,22.9,49,-0.2,0.6,197,112,691,0,23.89,Tirumala
27-02-2023,0.81,25.1,14,49.9,63.9,5.7,6.2,35,57,0.9,1.6,0.7,22.6,51,-0.2,0.5,189,114,691,0,23.7,Tirumala
28-02-2023,0.87,25.9,16.8,57.2,74,6,6.6,37,56,1,1.8,0.7,22.5,60,-0.2,0.7,227,115,691,0,24.29,Tirumala
01-03-2023,0.93,21.6,10.8,49.9,60.7,7.8,5.8,39,56,1,1.8,0.6,22.4,75,-0.2,1,180,113,691,0,24.77,Tirumala
02-03-2023,0.71,26.8,7.9,73.5,81.4,6.2,5.8,37,59,0.4,0.6,0.6,22.4,53,-0.2,0.8,175,114,691,0,24.25,Tirumala
03-03-2023,0.77,20.2,11.5,92.4,103.9,3.6,7.9,47,76,0.9,1.5,0.7,23,47,-0.2,0.8,182,115,692,0,24.42,Tirumala
04-03-2023,0.8,18.8,9.2,66.7,75.9,4.2,10,47,74,1.2,1.7,0.7,23.3,49,-0.2,0.8,270,113,692,0,24.83,Tirumala
05-03-2023,0.79,15.5,20.9,72.9,93.8,4.1,7.2,39,74,1.5,2.4,0.8,24,46,-0.2,0.7,259,114,691,0,25.16,Tirumala
06-03-2023,0.71,15.8,11.3,60.5,71.8,3.7,7.8,33,60,0.7,1.2,0.7,23.7,44,-0.1,0.7,268,118,689,0,25.05,Tirumala
07-03-2023,0.81,11.2,25.5,65.6,91.1,3.8,12.3,38,66,1.4,2.6,0.7,23,51,-0.1,0.7,262,121,688,0,25.4,Tirumala
08-03-2023,0.79,15.5,10,52.6,62.6,5.3,7.2,39,69,0.9,1.2,0.6,22.8,59,-0.2,0.9,200,115,688,0,25.16,Tirumala
09-03-2023,0.78,12.5,15.1,57,72.2,4.5,4.1,38,56,1.2,1.4,0.6,22.4,61,-0.2,0.6,268,103,687,0,25.34,Tirumala
10-03-2023,0.79,15.8,8.2,51,59.3,5.1,4.9,40,66,1.3,0.8,0.6,22.4,64,-0.2,0.8,254,100,686,0,25.47,Tirumala
11-03-2023,0.87,12.7,13.2,54.8,68.1,5.8,3.6,41,64,1.4,2.5,0.7,22.2,69,-0.2,0.9,160,111,686,0,25.5,Tirumala
12-03-2023,0.95,10.5,27.1,56.7,83.8,4.5,4.7,37,56,1.9,4,0.8,22.9,68,-0.2,0.7,81,123,686,0,26.21,Tirumala
13-03-2023,1,11.9,25.9,59.2,85.2,4.4,4.8,44,63,1.9,3.4,0.8,23.8,58,-0.2,0.7,202,119,685,0,26.95,Tirumala
14-03-2023,0.84,11.8,24.3,56.5,80.9,4,5.4,43,61,1.2,3,0.7,24.3,49,-0.1,0.6,248,116,682,0,27.2,Tirumala
15-03-2023,0.96,14.5,5.1,43.4,48.4,5.5,6,55,82,1.8,3.3,0.6,24,67,-0.2,0.4,79,110,681,0,27.51,Tirumala
16-03-2023,0.98,10.8,7.1,33.3,40.4,6.9,5.8,37,58,1.3,3.2,0.6,23.4,77,-0.1,0.5,223,86,683,0,27.86,Tirumala
17-03-2023,0.94,8,12.5,33.3,45.8,7.7,3.6,25,42,0.8,2.6,0.7,22.5,81,-0.2,0.7,158,72,684,0.5,26.7,Tirumala
18-03-2023,0.9,6.7,12.1,34.8,46.9,7.4,4.5,26,41,0.7,3.7,0.7,22.7,83,-0.1,0.6,101,71,681,0.1,26.64,Tirumala
19-03-2023,0.89,9,22,38.2,60.3,7.5,3.2,23,33,0.6,3.9,0.7,22.1,84,-0.2,0.4,134,85,680,1.8,26.08,Tirumala
20-03-2023,0.87,9.8,7.8,27.4,35.2,8.3,5.8,22,34,0.3,3.6,0.6,23.5,79,-0.2,0.4,152,106,680,0,26.8,Tirumala
21-03-2023,0.84,11.6,9.2,33.8,43,8.7,5.3,22,39,0.6,3.4,0.7,24.3,75,-0.2,0.4,162,93,680,0,27.47,Tirumala
22-03-2023,0.87,10.3,7,29.9,36.9,8.8,5.5,27,48,0.4,2.5,0.6,24.8,76,-0.2,0.5,90,120,681,0,28.38,Tirumala
23-03-2023,0.87,11.5,5.2,29.7,34.9,8.4,3.9,26,41,0.4,2.4,0.6,24.1,79,-0.2,0.4,121,74,682,0,28.33,Tirumala
24-03-2023,0.81,11,6,29.9,35.9,8,3.2,24,38,0.5,2.7,0.6,24.2,77,-0.2,0.5,95,110,682,0.1,28.2,Tirumala
25-03-2023,0.84,9.4,5.4,25.9,31.3,7.6,4.7,25,38,0.6,2.6,0.6,24.7,78,-0.2,0.5,49,108,683,0,28.32,Tirumala
26-03-2023,0.88,10.7,8.1,32.1,40.2,8.5,7.5,37,52,0.8,3.1,0.7,24.5,80,-0.2,0.5,74,95,683,0.1,28.34,Tirumala
27-03-2023,0.97,10.7,11,38.9,49.9,9.1,8.3,38,62,1.3,4.7,1,25.1,77,-0.2,0.5,130,92,682,0,29.02,Tirumala
28-03-2023,0.88,13.4,7.8,39,46.8,8.4,6.3,41,59,1.3,7.7,1.7,24.8,78,-0.2,0.4,110,106,682,0,28.86,Tirumala
29-03-2023,0.84,11.6,4.9,32.2,37.1,7.9,7.8,41,60,0.5,2.7,0.7,24.9,74,-0.2,0.6,83,124,681,0,28.78,Tirumala
30-03-2023,0.85,11.1,5.1,31.2,36.3,8.1,10.9,49,72,0.8,3.3,0.6,25.1,74,-0.2,0.5,58,117,682,0,28.54,Tirumala
31-03-2023,0.93,11.1,7,35.7,42.7,7.4,4.9,40,60,1.2,3.1,0.7,25.3,74,-0.2,0.5,113,109,681,0,29.01,Tirumala
01-04-2023,0.81,9.9,5.4,26.5,32,7.3,5.6,28,47,0.5,3,0.6,24,78,-0.2,0.6,150,99,681,0.9,28.8,Tirumala
02-04-2023,0.8,12.9,8.3,36.3,44.6,7.4,5.2,26,43,0.8,2.6,0.7,24.1,78,-0.2,0.6,281,103,681,0.4,29.21,Tirumala
03-04-2023,0.85,13.9,5.1,27.1,32.2,8,14,24,46,0.6,1.6,0.6,24.9,76,-0.2,0.6,274,116,681,0,29.09,Tirumala
04-04-2023,0.8,11.7,4.7,28.4,33.1,7.1,8.1,21,38,0.7,1.4,0.6,24.9,74,-0.2,0.6,304,120,683,0,29.13,Tirumala
05-04-2023,0.83,10.4,5.7,31.3,37,7.8,6.9,21,44,0.7,1.8,0.7,25.7,72,-0.2,0.5,271,113,683,0,28.96,Tirumala
06-04-2023,0.82,8.3,7.3,31,38.3,7.8,9.9,29,51,0.7,1.9,0.7,25.2,73,-0.2,0.6,248,119,683,0,29.02,Tirumala
07-04-2023,0.83,6.6,12.3,36.7,49,7.2,5.7,21,41,0.9,3.4,0.9,24.6,74,-0.2,0.4,181,115,686,0,28.92,Tirumala
08-04-2023,0.86,7.6,17.8,41.9,59.8,6.8,6.3,31,58,1,3.4,0.9,24.3,71,-0.2,0.6,124,124,688,0,28.22,Tirumala
09-04-2023,0.86,7.2,18.1,36.5,54.7,6.8,11.6,39,65,0.6,1.5,0.7,23.9,75,-0.2,0.6,51,120,688,0,28.26,Tirumala
10-04-2023,0.89,9.3,24,47.3,71.3,6.7,9.9,43,72,1,2.3,0.8,24.7,66,-0.2,0.5,78,131,687,0,28.5,Tirumala
11-04-2023,0.79,13.7,14.3,53.8,68.1,5.6,10.1,47,87,0.5,1.5,0.7,25.8,44,-0.2,0.7,97,132,686,0,28.9,Tirumala
12-04-2023,0.78,12.6,16.1,57.4,73.5,4.4,7.2,38,76,0.8,2.2,0.7,26.7,44,-0.2,0.5,59,132,686,0,29.43,Tirumala
13-04-2023,0.77,14.9,6.1,41.4,47.6,5.9,4.9,33,68,0.8,4.8,0.9,27.2,46,-0.2,0.4,98,132,685,0,30.85,Tirumala
14-04-2023,0.7,15.6,5.5,40.4,45.9,7.1,4.5,31,68,0.9,3.9,0.8,27.2,45,-0.2,0.4,60,130,685,0,30.76,Tirumala
15-04-2023,0.89,18.9,13.1,56.5,69.6,10.6,16.6,58,98,1.6,3.9,1,27.2,47,-0.2,0.6,199,129,685,0,31.17,Tirumala
16-04-2023,0.9,22.1,14.1,58.2,72.3,9.2,9.1,41,83,1.3,2.9,0.8,27.3,43,-0.2,0.5,277,135,682,0,30.03,Tirumala
17-04-2023,0.79,22.4,4.7,47.1,51.8,9,23.7,42,94,1.2,2.8,0.8,27.1,46,-0.2,0.4,308,134,683,0,31.09,Tirumala
18-04-2023,0.89,23.7,6.1,48.6,54.8,9.5,10.3,43,77,1.6,3.2,0.9,27.4,47,-0.2,0.4,256,136,684,0,30.67,Tirumala
19-04-2023,0.87,26.1,3.7,37.2,40.9,11.5,11.8,52,88,1.2,2.9,0.8,26.9,55,-0.2,0.4,271,130,684,0,30.8,Tirumala
20-04-2023,0.93,24.8,3.8,33.3,37,12.2,13.8,46,83,1.2,1.8,0.8,27.3,60,-0.2,0.5,232,130,678,0,31.85,Tirumala
21-04-2023,0.95,22.7,6.5,36.3,42.9,11.7,13.6,48,78,1.2,2,0.8,25.8,67,-0.2,0.6,245,94,678,0,32.84,Tirumala
22-04-2023,0.93,20.7,6.5,41.2,47.7,10.3,6.1,42,66,1.5,3,0.8,26.4,63,-0.2,0.4,193,120,679,0,32.37,Tirumala
23-04-2023,0.9,18.6,6,37.7,43.8,10.5,7.3,37,57,1.2,1.9,0.7,25.1,73,-0.2,0.6,221,109,679,0.1,31.55,Tirumala
24-04-2023,0.84,12.7,5.8,28.9,34.7,9.2,4.1,19,33,0.1,1,0.7,25,75,-0.2,0.7,117,131,682,0,30.24,Tirumala
25-04-2023,0.82,10.5,8,32.1,40.2,8.6,2.6,21,32,0,1,0.6,25.1,76,-0.2,0.7,56,104,683,0,29.78,Tirumala
26-04-2023,0.89,11.1,12.1,32.7,44.9,8.7,6.1,34,56,0.2,1.4,0.7,25.2,73,-0.2,0.6,121,121,683,0,29.96,Tirumala
27-04-2023,0.88,13,7.6,33.5,41.2,8.2,5.8,47,73,0.5,2.2,0.7,25.2,71,-0.2,0.5,90,129,683,0,30.53,Tirumala
28-04-2023,0.79,8.9,9.5,31,40.5,7.7,4.2,24,43,0.4,1.7,0.8,25.4,73,-0.2,0.5,90,119,683,0,30.87,Tirumala
29-04-2023,0.79,10.3,7.8,31.1,39,7.6,3.7,18,36,0.4,2.4,1,25.1,75,-0.2,0.5,66,116,683,0,30.19,Tirumala
30-04-2023,0.78,10.7,6.8,29.2,36,7.8,4.7,21,31,0.5,2.7,0.8,25.2,74,-0.2,0.6,253,116,680,0,30.53,Tirumala
01-05-2023,0.86,11.2,11.5,33.8,45.2,6.9,9.2,23,28,0.8,4.6,1,24.2,78,-0.2,0.7,241,97,680,0,28.04,Tirumala
02-05-2023,0.76,8.7,10.9,32.3,43.2,6.7,4.3,11,19,0.1,1.4,0.6,23.7,81,-0.1,0.6,227,94,681,0,27.55,Tirumala
03-05-2023,0.78,10.1,10.2,34.6,44.7,6.7,4.5,13,25,0.4,2.1,0.7,24.3,79,-0.2,0.6,197,71,682,0.4,26.57,Tirumala
04-05-2023,0.83,10,16.6,41.8,58.4,6.6,5.3,30,47,0.5,2.3,0.7,24.5,79,-0.2,0.5,127,84,681,0.3,28.7,Tirumala
05-05-2023,0.88,11.3,8.2,34.3,42.5,7.8,2.9,23,41,0.7,2.9,0.8,24,81,-0.2,0.4,112,61,679,0,27.59,Tirumala
06-05-2023,0.91,8.3,25.7,51.1,76.9,6.8,4,28,46,1.7,7.6,1.9,23.4,82,-0.2,0.4,178,33,679,1,28.83,Tirumala
07-05-2023,0.86,11.5,11.1,38.9,50,6.7,3.1,21,40,1,3,0.8,24.8,77,-0.2,0.6,283,88,679,1.6,27.77,Tirumala
08-05-2023,0.88,6.2,14.3,48.3,62.6,7,5.1,29,46,0.7,2.7,0.8,25.4,76,-0.2,0.6,230,116,679,0.2,28.52,Tirumala
09-05-2023,0.88,3.1,9.8,46.1,56,6.8,6.7,38,61,0.9,4,0.8,26.1,73,-0.2,0.7,167,116,679,0,29.62,Tirumala
10-05-2023,0.83,4.3,9,53.9,62.9,7,11.8,57,76,0.9,3.8,0.9,26.5,63,-0.2,0.7,120,119,680,0,29.13,Tirumala
11-05-2023,0.9,4.9,13.5,49.6,63.2,7,10.8,56,84,1.4,4.1,1,26.7,58,-0.2,0.7,68,113,680,0,30.15,Tirumala
12-05-2023,0.87,5.4,5.7,40.6,46.3,6.4,8,48,71,1,2.8,0.8,27,63,-0.2,0.4,89,90,681,0,31.78,Tirumala
13-05-2023,0.95,5.4,12.8,48.5,61.4,7.1,5.7,40,73,1.5,4.3,1,27.1,64,-0.2,0.7,260,78,680,0,32.67,Tirumala
14-05-2023,0.91,6,16,52.5,68.5,6.3,5.3,34,76,1.8,5.1,0.9,27.8,59,-0.1,1.2,269,126,678,0,33.45,Tirumala
15-05-2023,0.87,6.7,14.7,50.7,65.4,7.2,6,32,72,1.7,7.2,1,28.7,55,-0.2,0.9,238,132,680,0,33.43,Tirumala
16-05-2023,0.85,17.6,10.9,57.5,68.4,7.4,6,30,66,1.5,5.2,0.9,28.9,53,-0.2,0.7,236,137,682,0,33.87,Tirumala
17-05-2023,0.85,34.9,5.3,50.5,55.8,7,7.5,36,77,1.3,4,0.8,28.6,56,-0.2,0.5,171,135,683,0,33.83,Tirumala
18-05-2023,0.98,23.9,15.9,53,68.9,7.6,5.7,46,78,1.4,3.8,1,26,73,-0.2,0.6,122,95,685,1.7,32.67,Tirumala
19-05-2023,0.84,36.4,3,34.9,37.9,7.6,3.3,36,62,1,2.4,0.7,27.5,64,-0.2,0.5,133,130,682,0,32.78,Tirumala
20-05-2023,1.09,21.7,12.5,54,66.6,7.7,3.9,46,84,1.9,4.7,1,27.2,67,-0.2,0.4,141,101,681,0,32.78,Tirumala
21-05-2023,0.93,23.6,5.4,40.5,45.9,7.8,4.5,38,66,1.5,2.5,0.7,26.3,76,-0.2,0.4,113,99,683,0,31.86,Tirumala
22-05-2023,0.91,27.7,4.2,37.8,42,8.3,9.1,37,66,1.2,2.4,2.3,26.2,74,-0.2,0.4,125,79,684,0,31.78,Tirumala
23-05-2023,0.93,25.6,5.7,46.2,51.9,7.1,5.5,38,70,3.2,17.2,3.8,26.5,73,-0.2,0.4,128,78,684,0,32.61,Tirumala
24-05-2023,0.92,33.3,5.5,42.2,47.7,7.6,4.4,35,63,2,13.1,1.9,27.3,64,-0.2,0.5,186,130,683,0,34.1,Tirumala
25-05-2023,0.88,26,9,47.6,56.6,6.8,4.5,26,56,1.7,12.5,2.1,27.7,60,-0.1,0.8,233,136,682,0,33.17,Tirumala
26-05-2023,0.83,20.8,10.5,48,58.5,6.6,4.6,26,65,1.6,11.1,1.9,27,61,-0.1,0.8,240,130,683,0,34.09,Tirumala
27-05-2023,0.98,19.4,15.4,50.9,66.4,6.9,6.1,32,67,2.1,12.1,2,27,65,-0.2,0.7,217,138,682,0,33.39,Tirumala
28-05-2023,0.84,25.6,8.4,45.1,53.5,7,5.6,28,61,1.3,9.5,1.6,27.5,60,-0.2,0.4,185,99,681,0,32.36,Tirumala
29-05-2023,0.93,33.5,7.2,47.3,54.5,8,6.3,38,70,1.6,9.9,1.7,28.1,60,-0.1,0.4,156,127,681,0,33.2,Tirumala
30-05-2023,0.89,25.9,5,40,45.1,8.8,5.4,33,57,1.8,10.9,2,25.1,76,-0.1,0.4,123,91,682,0,31.15,Tirumala
31-05-2023,0.85,33,6.1,44.5,50.6,8.5,5.9,26,41,1,8.6,1.6,26.7,61,-0.2,0.4,103,124,680,0,29.91,Tirumala
01-06-2023,0.91,31.2,4.4,43,47.4,8.9,3.7,35,57,1.6,8.2,1.5,27.3,65,-0.2,0.5,117,123,680,0,32.27,Tirumala
02-06-2023,0.91,25.7,8.3,58.3,66.6,7.6,5.3,33,65,1.8,9.8,1.9,28.2,58,-0.2,0.8,215,129,680,0,32.4,Tirumala
03-06-2023,0.91,18.5,10.4,49.3,59.7,8.9,5.6,31,71,2.1,11.1,2.1,28.4,58,-0.1,0.7,231,124,679,0,33.24,Tirumala
04-06-2023,0.85,11.6,14.8,43.7,58.6,9.3,5.8,27,63,1.7,9.9,1.8,26.7,61,-0.2,1,235,66,679,0,32.92,Tirumala
05-06-2023,0.83,12.3,8.7,32.9,41.5,7.3,5,23,57,1.3,8.4,1.7,27.8,58,-0.1,0.8,236,127,678,0,32.15,Tirumala
06-06-2023,0.84,11.8,8.1,33.9,42,12,4.5,24,67,1.3,8.6,1.7,27.7,61,-0.1,0.8,205,132,678,0,32.57,Tirumala
07-06-2023,0.83,11.8,16.1,42.6,58.7,13.6,2.4,23,60,1.3,8.2,1.6,27.4,61,-0.1,0.7,187,80,678,0,30.65,Tirumala
08-06-2023,0.79,13.5,12.7,44.5,57.3,10,5.1,17,47,1,7,1.4,27.7,58,-0.1,1,215,119,678,0,32.04,Tirumala
09-06-2023,0.8,14.9,13,40.1,53.2,10.2,2.7,12,37,1.2,7.3,1.2,27.8,60,-0.1,1,232,136,676,0,31.23,Tirumala
10-06-2023,0.81,13.2,15.6,38.8,54.3,11.6,4.4,13,38,1.1,6.8,1.4,27.3,62,-0.1,0.9,185,133,675,0,30.85,Tirumala
11-06-2023,0.76,10,17.6,39.4,57,10.1,5.5,11,35,0.9,5.9,1.2,27.2,61,-0.1,1,186,131,676,0,31.81,Tirumala
12-06-2023,0.73,9.5,16.7,35.5,52.3,10.8,3.9,13,36,0.5,5.2,1.2,27.3,61,-0.1,0.9,178,141,675,0,31.42,Tirumala
13-06-2023,0.76,9.1,16.6,38.1,54.7,10.3,3.8,16,48,0.9,5.5,1.2,27.1,62,-0.1,0.9,234,139,677,0,30.96,Tirumala
14-06-2023,0.76,9,18.9,39,58,10.1,6.2,20,53,0.7,5.7,1.4,27.3,59,-0.1,0.9,216,132,679,0,30.55,Tirumala
15-06-2023,0.77,8.7,22.7,40.1,62.9,9.9,5,20,72,1.1,9,1.4,27.9,56,-0.1,1,261,134,679,0,31.29,Tirumala
16-06-2023,0.77,9.3,21.5,41.7,63.3,10.9,3.7,18,60,1.4,10.7,1.5,28.2,55,-0.1,0.9,269,139,678,0,31.89,Tirumala
17-06-2023,0.77,12,19,34.3,53.3,10.7,4.1,18,61,1,8.2,1.4,26.6,63,-0.1,1,228,82,679,0,30.37,Tirumala
18-06-2023,0.76,11.1,15.4,32.6,48,10.9,5.5,17,59,0.3,6,1.1,26.3,66,-0.2,1,261,75,678,0,28.15,Tirumala
19-06-2023,0.79,8.5,16.6,34.1,50.8,11.6,4.4,20,56,0.2,6.6,1.1,24.4,76,-0.1,0.8,249,33,679,0.1,28.66,Tirumala
20-06-2023,0.8,11.7,10.7,31.9,42.6,12.4,5.8,24,61,0.5,5.5,1.1,25.7,73,-0.1,0.8,172,97,678,0,28.86,Tirumala
21-06-2023,0.82,10.2,17.2,38.1,55.3,11.1,3.6,23,54,0.7,5.6,1.1,23.4,82,-0.2,0.8,231,45,677,0.5,27.27,Tirumala
22-06-2023,0.88,10.6,13.9,35.7,49.6,10.9,5.2,22,63,0.4,5.4,1.1,25.5,71,-0.1,0.7,192,94,677,0,28.12,Tirumala
23-06-2023,0.77,10.5,13.8,35.3,49.2,10.6,4.6,17,40,0.2,6.2,1.1,25.4,71,-0.1,0.6,172,86,678,0,28.93,Tirumala
24-06-2023,0.79,9.5,15.7,33,48.7,10.2,4.2,13,28,0.5,4.9,0.9,24.9,75,-0.1,0.6,149,103,679,0.2,28.15,Tirumala
25-06-2023,0.75,10.1,12.3,30.4,42.8,10.5,3.2,14,35,0.1,3.6,0.8,24.8,76,-0.3,0.3,139,92,696,0,28.15,Tirumala
26-06-2023,0.64,9.7,13,29.9,42.9,9.9,4.7,13,32,0.3,3.6,0.9,25.2,71,-0.1,0.5,126,94,684,0,29.23,Tirumala
27-06-2023,0.43,10.9,12.4,33.1,45.5,10.1,4.3,17,49,0.1,3.7,0.9,25.4,66,-0.1,0.7,94,87,677,0,29.22,Tirumala
28-06-2023,0.39,10.6,15.6,39.6,55.2,9.5,4.5,9,30,0.2,4.3,1,26.1,66,-0.1,0.9,201,130,679,0,29.57,Tirumala
29-06-2023,0.53,8,14.2,34.1,48.4,9,3.9,9,29,0.1,3.8,0.9,26,66,-0.1,1,155,135,679,0,28.69,Tirumala
30-06-2023,0.74,4.1,11.2,32.2,43.5,9.7,3.9,12,35,0.2,2.9,0.8,27.2,61,-0.1,1,79,185,678,0,29.53,Tirumala
01-07-2023,0.73,3.5,16,33.5,49.5,8.9,4.4,14,40,0.5,3.3,0.9,25.8,68,-0.1,0.9,175,96,679,0,29,Tirumala
02-07-2023,0.7,4.6,13.7,27.4,41.2,8.9,3.8,13,31,0.1,2.4,0.7,24.8,73,-0.1,0.9,144,60,678,0,27,Tirumala
03-07-2023,0.76,4.2,13.1,29.1,42.3,8.9,2.1,10,27,0.2,2.5,0.7,25,74,-0.1,0.9,146,85,675,0,27.24,Tirumala
04-07-2023,0.71,5,11.4,28.7,40.2,8.6,4.6,9,24,0,1.9,0.6,23.9,78,-0.1,1,178,77,673,0,26.69,Tirumala
05-07-2023,0.7,6.5,10.5,28.2,38.7,8.3,5.4,8,21,0,1.2,0.6,23.5,78,-0.1,1.2,112,46,670,0,28.14,Tirumala
06-07-2023,0.67,7.8,8.8,27.9,36.7,8.3,3.8,19,23,0,1.4,0.6,23.6,75,-0.1,1.2,97,51,674,0,27.78,Tirumala
07-07-2023,0.65,4.2,14,31.3,45.4,12.5,2.8,10,29,0.1,3.4,0.7,25.1,71,-0.1,0.9,285,98,673,0,28.26,Tirumala
08-07-2023,0.71,4.1,12.3,29.2,41.6,10.7,3.8,11,26,0,2.7,0.7,24.2,74,-0.1,1,96,52,680,0,28.41,Tirumala
09-07-2023,0.73,7.1,18.1,35.1,53.3,8.9,3.7,12,27,0.2,3.2,0.9,25.9,68,-0.1,0.9,153,123,679,0,28.58,Tirumala
10-07-2023,0.78,5.6,18,32.9,50.9,8.9,2.9,10,30,0.4,9.4,0.8,24.5,76,-0.1,0.7,181,55,678,0,28.32,Tirumala
11-07-2023,0.73,4.3,13.1,29.7,42.9,8.8,4,13,39,0.1,5.1,0.8,24.6,74,-0.1,0.8,135,68,677,0,27.49,Tirumala
12-07-2023,0.78,16.3,12.6,33.1,45.7,8.9,4.1,15,44,0,5,0.6,24.2,76,-0.1,0.7,168,70,678,0,28.15,Tirumala
13-07-2023,0.7,27.4,11.2,32.9,44.1,8.8,2.8,12,32,0.1,3.9,0.6,25,72,-0.1,0.6,109,111,678,0,29.16,Tirumala
14-07-2023,0.64,21.6,15.1,32.6,47.8,8.9,4.4,12,26,0.3,3.9,0.8,25.5,69,-0.1,0.8,129,113,678,0,29.32,Tirumala
15-07-2023,0.41,19.4,14.9,30.9,45.9,9.3,3.5,11,37,0.3,3.9,0.7,26.1,66,-0.1,0.9,191,127,679,0,28.87,Tirumala
16-07-2023,0.49,22.3,16,34.6,50.7,8.7,3.6,13,46,0.4,3.7,0.6,25.8,67,-0.1,0.8,202,107,678,0,29.19,Tirumala
17-07-2023,0.43,24.3,11.5,27.9,39.5,8.7,3,14,44,0.1,2.5,0.5,25.3,67,-0.1,1,116,99,677,0,29.22,Tirumala
18-07-2023,0.42,23.7,10.1,22.3,32.4,7.9,4.8,13,44,0.1,1.4,0.7,25,69,-0.1,1.1,154,75,675,0,29.63,Tirumala
19-07-2023,0.43,27.7,10.5,22.9,33.4,7.7,6,12,39,0,1,0.6,24.1,72,-0.1,1.2,111,47,673,0,28.35,Tirumala
20-07-2023,0.35,25.9,8.6,21.9,30.6,8.2,3.7,13,46,0,0.3,0.5,24.6,69,-0.1,1.5,78,70,672,0,28.87,Tirumala
21-07-2023,0.43,19.2,9.9,21.3,31.3,7.5,3.4,17,63,0,0.7,0.6,24.6,69,-0.1,1.5,139,60,674,0,28.84,Tirumala
22-07-2023,0.47,22.5,10.2,21.4,31.6,7.2,4,12,36,0.1,1.1,0.6,23.7,76,-0.1,1.3,107,44,676,0,28.5,Tirumala
23-07-2023,0.35,20,10.1,21.1,31.2,7.4,4.5,10,21,0.1,0.2,0.6,23.2,79,0,1.3,111,40,676,0,28.52,Tirumala
24-07-2023,0.33,20.9,14.4,27.1,41.5,7.7,4.7,9,21,0.2,0.9,0.5,23.2,80,-0.1,1.1,103,38,675,0,26.93,Tirumala
25-07-2023,0.48,18,16.7,25.3,42,7.1,2.7,7,19,0.2,0.8,0.5,21.9,89,-0.2,1.3,153,28,676,0.1,26.13,Tirumala
26-07-2023,0.43,19.5,12.8,24.2,37,7,2.9,5,16,0.1,0.6,0.5,22,88,-0.1,1.3,156,35,677,0.1,26.37,Tirumala
27-07-2023,0.35,22,9.4,21.2,30.6,7,4.5,7,22,0.3,0.2,0.5,23.1,79,-0.2,1.3,131,60,679,0,27.69,Tirumala
28-07-2023,0.44,23.7,14.7,28.1,42.8,7.3,3,10,42,0.1,1.3,0.6,24.7,72,-0.1,1.1,118,116,679,0,29.4,Tirumala
29-07-2023,0.39,23,18.2,33.8,52,7.2,4.3,13,45,0.3,2.4,0.8,24.5,72,-0.1,0.9,171,67,679,0,29.75,Tirumala
30-07-2023,0.51,22.4,16.4,31.8,48.2,7.2,3.5,13,39,0.1,1.8,0.6,24.4,72,-0.1,1,189,49,678,0,29.95,Tirumala
31-07-2023,0.84,22.3,12.8,30.2,43.1,7.6,3,11,44,0.1,1.1,0.6,25.3,69,-0.1,0.9,117,103,678,0,30.17,Tirumala
01-08-2023,0.44,24.1,14.6,29.4,44.1,7.4,5.4,14,48,0,1.3,0.6,25.5,67,-0.1,1,138,110,678,0,30.29,Tirumala
02-08-2023,0.36,21.9,12.5,26.7,39.2,7.7,4.3,15,53,0,0.5,0.6,25.4,64,-0.1,1.1,107,112,679,0,29.98,Tirumala
03-08-2023,0.24,23.2,11.6,26.1,37.7,7.6,4.2,12,44,0,0.2,0.6,25.5,65,-0.1,1,193,120,679,0,30,Tirumala
04-08-2023,0.25,34,10.8,25.7,36.6,7.9,6.4,10,39,0.1,1.1,0.7,25.7,65,-0.1,0.8,119,104,682,0,30.2,Tirumala
05-08-2023,0.27,19.2,19.3,33.3,52.6,7.9,4.5,18,53,0.3,2.6,0.9,26.2,64,-0.1,0.7,184,118,683,0,30.15,Tirumala
06-08-2023,0.26,22.6,16.3,33.2,49.6,9.1,5.8,19,52,0.1,1.9,0.8,26.2,66,-0.1,0.6,162,112,682,0,30.54,Tirumala
07-08-2023,0.23,19.2,14.4,33.2,47.6,9.1,4.8,14,54,0,2,0.8,26.3,63,-0.1,0.7,136,123,680,0,30.19,Tirumala
08-08-2023,0.24,19.8,15.6,32.5,48.2,9.1,5.1,16,57,0.2,2,0.7,25.7,66,-0.1,0.6,150,99,680,0,30.29,Tirumala
09-08-2023,0.23,17,14,35.4,49.4,9.1,4.7,22,65,0.2,2.8,0.8,25.9,68,-0.1,0.6,101,115,682,0,29.88,Tirumala
10-08-2023,0.24,26.9,12.6,36.3,48.9,9.1,3.6,22,54,0.6,4.4,1,25.4,71,-0.1,0.6,203,91,683,0,28.54,Tirumala
11-08-2023,0.23,26.6,12,37.1,49.1,9,3.5,19,49,0,1.2,0.6,25.2,71,-0.1,0.7,206,93,681,0,28.15,Tirumala
12-08-2023,0.22,28.7,11.4,34.7,46.1,9.5,4.8,22,64,0.1,1.9,0.7,25.5,71,-0.1,0.6,180,115,681,0,29.39,Tirumala
13-08-2023,0.22,18.2,15.6,35.7,51.3,9.2,4.3,19,62,0,1.9,0.6,25.8,67,-0.1,0.6,205,112,679,0,28.96,Tirumala
14-08-2023,0.26,16.8,14.4,37.5,51.9,9.2,3.6,20,58,0,0.5,0.6,25.6,69,-0.1,0.5,137,94,680,0,28.41,Tirumala
15-08-2023,0.29,23.3,14.9,37.9,52.8,10.1,5.2,25,57,0.2,2,0.7,25.6,69,0,0.5,156,111,680,0,28.7,Tirumala
16-08-2023,0.3,29.7,9.2,31.3,40.6,12.4,3.8,22,59,0,1.3,0.6,25.9,70,0,0.5,144,111,680,0,29.13,Tirumala
17-08-2023,0.25,26.8,14.6,33.1,47.8,11.9,3.9,18,56,0,1,0.5,26,67,0,0.6,174,114,679,0,28.34,Tirumala
18-08-2023,0.24,18.2,17,33.5,50.6,11.2,3.4,17,59,0.4,3.4,0.9,25.8,63,0,0.8,163,92,677,0,28.73,Tirumala
19-08-2023,0.24,17.8,13.3,27.2,40.6,9.8,2.4,13,43,0.2,3,1,24.7,71,-0.1,1,112,102,676,0,29.01,Tirumala
20-08-2023,0.24,17.8,15.9,33.7,49.6,9.2,4.6,23,55,0.1,1.8,0.6,25.4,66,-0.1,0.7,162,103,677,0,29.65,Tirumala
21-08-2023,0.23,22.7,16,39.6,55.7,9.8,4.1,26,71,0.7,4.9,1.1,26.1,66,-0.1,0.6,150,113,677,0,29.95,Tirumala
22-08-2023,0.23,43.2,6.6,31.5,38.2,11.5,5.3,25,67,0.2,3.3,1.3,25.8,72,0,0.5,231,111,677,0,29.46,Tirumala
23-08-2023,0.23,33.2,12.4,34.9,47.3,11.1,3.2,22,58,0.4,3.2,1,25.9,70,0,0.5,195,109,678,0,27.9,Tirumala
24-08-2023,0.23,27,10.9,33.3,44.2,10.4,2.3,19,49,0,0.6,0.6,25.7,72,-0.1,0.4,226,96,678,0,27.66,Tirumala
25-08-2023,0.23,30,11,34,45.1,10.9,3.6,22,50,1.4,3.6,2.5,26.1,67,0,0.5,189,108,678,0,27.92,Tirumala
26-08-2023,0.24,26.1,21.1,39.4,60.5,10.6,6.5,19,45,0.4,2.4,1.3,25.2,74,0,0.5,146,94,680,0.1,28,Tirumala
27-08-2023,0.24,21.1,12.8,33.5,46.4,9.4,2.8,12,27,0,1,0.7,24.4,78,-0.1,0.4,135,79,681,0.2,27.81,Tirumala
28-08-2023,0.26,24.5,12.8,32.5,45.3,8.4,3.9,14,38,0,0.3,0.7,26.1,68,-0.1,0.5,151,109,679,0,28.64,Tirumala
29-08-2023,0.17,21.4,17.1,37.6,54.8,9.2,5.3,17,48,0,0.1,0.7,25.5,70,-0.1,0.7,34,120,678,0.4,28.24,Tirumala
30-08-2023,0.35,22.6,15.6,37.3,52.9,10.2,3.7,20,43,0,0,0.6,24.9,75,-0.1,0.6,130,90,679,0,27.93,Tirumala
31-08-2023,0.25,25.5,11.4,35.3,46.7,9.8,5.9,26,54,0.2,1.9,0.8,24.7,77,-0.1,0.4,129,62,678,0,27.56,Tirumala
01-09-2023,0.24,34.6,8.5,32,40.5,9.2,4.6,19,39,0.1,0.5,0.7,24.4,75,0,0.5,211,67,678,0,28.71,Tirumala
02-09-2023,0.24,31.1,13.3,36.6,49.9,9.5,4.1,19,40,0.1,0.5,0.7,24.9,74,0,0.7,196,92,677,0,26.62,Tirumala
03-09-2023,0.23,24.2,13.5,35.3,48.9,9.1,4,14,31,0,0.2,0.7,24,79,-0.1,0.8,189,78,676,0.1,26.2,Tirumala
04-09-2023,0.23,23.8,14,28,42,8.9,5.6,15,31,0,0,0.4,23.3,79,0,1.1,239,46,676,0,25.71,Tirumala
05-09-2023,0.22,22.8,12,29.1,41.1,8.1,3.7,18,37,0,0.2,0.5,22.4,79,0,1.1,227,31,672,0,26.2,Tirumala
06-09-2023,0.17,16.3,15.6,29.6,45.3,8.4,4,11,25,0,0,0.4,24.4,73,0,0.8,142,89,674,0,27.14,Tirumala
07-09-2023,0.25,12.6,10,27.1,37.1,8.1,3.9,9,24,0,0,0.6,24.8,74,-0.1,0.7,118,104,676,0,27.71,Tirumala
08-09-2023,0.3,17.4,11.3,28.8,40.1,8,4,12,30,0,0.3,0.8,24.7,73,0,0.8,90,96,677,0,27.63,Tirumala
09-09-2023,0.39,18.2,15.1,34.9,50,7.2,5.2,13,35,0,0.9,0.7,25.7,68,-0.1,0.8,151,115,676,0,27.59,Tirumala
10-09-2023,0.35,15.6,17.1,33.8,50.9,7.7,4.2,16,38,0,0,0.5,24.9,71,0,0.8,159,76,675,0,26.5,Tirumala
11-09-2023,0.36,15.3,14.1,32.9,47,7.8,4.1,11,28,0,0,0.5,24.8,72,-0.1,0.8,184,67,676,0,26.9,Tirumala
12-09-2023,0.37,17.7,14.1,33.2,47.3,8.2,4.9,13,36,0,0,0.5,25,68,-0.1,0.9,182,85,677,0,27.69,Tirumala
13-09-2023,0.35,16.8,14.1,33.4,47.6,7.5,2.9,11,32,0,0.4,0.5,25.6,67,-0.1,0.6,205,121,677,0,28.28,Tirumala
14-09-2023,0.35,16.1,10.8,32.6,43.4,7.5,3.4,12,38,0,0,0.6,25.4,67,-0.1,0.7,169,103,677,0,28.63,Tirumala
15-09-2023,0.67,16,13.3,30.4,43.7,7.7,4.3,9,21,0,0.6,0.5,24.6,74,0,0.7,149,103,677,0.1,28.42,Tirumala
16-09-2023,0.78,16.1,10.8,27.7,38.5,8,3.4,8,19,0,0.9,0.6,24.8,75,0,0.7,113,87,677,0.5,27.5,Tirumala
17-09-2023,0.77,12.8,12.8,26.3,39.1,8.8,2.9,7,17,0,0,0.5,24.3,78,-0.1,0.7,178,93,677,0.1,27.87,Tirumala
18-09-2023,0.73,18.6,8,24.1,32.2,9.5,6,7,23,0,0,0.5,25.3,71,-0.1,0.7,181,117,677,0,27.48,Tirumala
19-09-2023,0.73,16.5,8.1,28.4,36.6,8.5,4.6,10,31,0,0.3,0.6,25.5,69,-0.1,0.7,234,121,679,0,27.14,Tirumala
20-09-2023,0.75,15,10.3,32.3,42.6,8.6,2.9,10,29,0,0,0.8,25.4,71,-0.1,0.6,185,107,679,0,27.24,Tirumala
21-09-2023,0.77,20.1,8.2,30.3,38.6,9.3,3.4,11,32,0,0,0.8,24.4,77,-0.1,0.5,103,55,680,0,25.71,Tirumala
22-09-2023,0.85,25,22.9,35.2,58.1,12.1,3.5,20,41,0,0.5,0.3,25,78,-0.1,0.5,112,107,680,0.6,27.18,Tirumala
23-09-2023,0.84,21.4,10.6,46.2,56.8,13.1,4.5,14,25,0.1,1.5,0.6,24.8,77,-0.1,0.5,104,121,679,0.9,27.39,Tirumala
24-09-2023,0.84,17.4,12.6,66.2,78.8,9.3,3.3,10,27,0.1,1.7,0.6,24.7,77,-0.1,0.7,154,107,679,0.2,26.36,Tirumala
25-09-2023,0.76,20.2,13,45.4,58.4,8.3,3.7,8,22,0,1.7,0.6,24.3,77,-0.1,0.7,201,99,677,0,25.09,Tirumala
26-09-2023,0.8,17,13.7,40.5,54.2,10.1,4.1,13,30,0.1,1.7,0.6,24.5,78,0,0.7,154,82,677,0,26.48,Tirumala
27-09-2023,0.79,18,12.6,30.8,43.4,12.7,2,8,22,0,1.2,0.6,24.5,77,0,0.6,191,106,677,0.1,26.88,Tirumala
28-09-2023,0.75,20.4,12.4,33.2,45.6,8.7,3.3,10,22,0,0.6,0.5,25.3,71,0,0.6,113,125,677,1,26.92,Tirumala
29-09-2023,0.82,20.4,13.3,37.2,50.5,8.7,3.1,10,23,0,0.4,0.5,23.9,80,-0.1,0.6,92,104,677,0.6,26.45,Tirumala
30-09-2023,0.76,17.2,14.9,35.9,50.8,8,3.5,12,28,0,1.1,0.6,24.4,74,-0.1,0.9,175,93,678,0,25.79,Tirumala
01-10-2023,0.76,19.6,15.8,33.7,49.6,9.8,3.6,11,25,0.2,2.7,0.7,24.7,74,-0.1,0.8,162,84,678,0,26.2,Tirumala
02-10-2023,0.8,37.2,4.2,10.6,14.8,15.4,4.1,21,47,0.2,3.2,0.7,24.6,71,-0.1,1,93,120,679,0,26.27,Tirumala
03-10-2023,0.9,43.5,6.2,12.3,18.5,16.8,6.2,39,81,1,4.8,0.8,25.5,68,-0.1,0.6,163,108,680,0,27.46,Tirumala
04-10-2023,0.93,37.1,3.8,8.6,12.3,11.8,4,42,83,1.4,5.5,0.9,25.2,73,-0.1,0.5,214,94,681,0,27.72,Tirumala
05-10-2023,0.96,42.3,2,14.3,16.3,5.5,5,44,96,2,8.5,1.1,25.2,70,-0.1,0.4,269,72,681,0,27.53,Tirumala
06-10-2023,0.92,50.1,2,14.7,16.7,5.8,7.1,44,92,1.8,7.7,1.3,25.5,68,-0.1,0.4,228,105,679,0,27.45,Tirumala
07-10-2023,0.99,41.9,2.8,28.2,31,10.1,2.9,46,97,2,6.9,1.1,25.5,69,0,0.3,189,80,680,0,27.5,Tirumala
08-10-2023,0.88,39.8,1.8,13.4,15.2,5.4,2.7,42,74,1.2,5,0.9,24.9,76,0,0.4,83,83,682,0,27.24,Tirumala
09-10-2023,0.88,30.2,1.8,17.3,19.1,16.1,3.5,40,69,1.3,5.2,1,25.1,78,0,0.3,169,68,684,0,26.82,Tirumala
10-10-2023,0.93,34.7,2.3,13.4,15.7,18.4,2.7,42,70,1.6,7.6,1.3,25.3,76,0,0.4,146,89,683,0,26.9,Tirumala
11-10-2023,0.95,31.6,3,13.5,16.5,7.5,2.4,49,75,1.7,7.2,1.2,25.1,73,0,0.6,196,113,683,0,26.32,Tirumala
12-10-2023,0.76,35.1,3,12.7,15.8,9.3,5.3,46,85,1.1,6.3,1.1,24.2,64,0,0.7,274,114,684,0,25.73,Tirumala
13-10-2023,0.85,28.3,2.9,12.8,15.7,9.2,6,47,83,1.4,7.1,1.3,23.3,74,0,0.7,235,106,685,0,25.31,Tirumala
14-10-2023,0.91,20.4,27.6,12.9,40.6,12.5,2.4,49,78,1.7,7.8,1.3,23.5,78,0,0.6,225,74,684,0,26.11,Tirumala
15-10-2023,0.86,19.3,43.7,13.5,57.3,13.1,4.5,41,64,1.4,7.6,1.2,24,77,0,0.6,192,109,683,0,26.22,Tirumala
16-10-2023,0.87,29,21.3,13.1,34.4,11.7,3.7,35,54,0.7,6.4,1.3,23.7,81,-0.1,0.9,128,91,683,0,26.4,Tirumala
17-10-2023,0.83,29.2,28,12.8,40.9,12.6,5.5,44,74,1,6.4,1.1,23.7,70,0,0.8,78,106,684,0,26.42,Tirumala
18-10-2023,0.87,44.5,21.9,31,53,9.1,7.4,58,105,1.6,6.7,1.9,23.5,69,-0.1,0.8,213,104,685,0,26.07,Tirumala
19-10-2023,0.89,52.1,28.6,62.2,90.8,4.5,9.7,75,122,0.5,0.8,0.7,23.5,72,-0.1,0.9,293,104,685,0,26.05,Tirumala
20-10-2023,0.88,41.4,9.6,43.4,53,7.4,5.2,57,86,0.7,1.2,0.6,23.7,71,-0.1,0.9,198,104,685,0,26.37,Tirumala
21-10-2023,0.97,44.8,8.3,33.7,42,4.5,11.1,57,90,1.6,1.9,0.7,23.4,80,-0.1,1.2,190,77,685,0,26.28,Tirumala
22-10-2023,1.02,32.9,18,40.4,58.5,4.7,11.1,59,97,1.6,3.1,0.8,23.9,74,-0.1,0.9,320,99,685,0,26.83,Tirumala
23-10-2023,0.83,45.4,12.6,40.8,53.5,4.5,7.3,42,78,1,3.7,0.8,24.2,54,-0.1,0.8,320,109,684,0,25.89,Tirumala
24-10-2023,0.88,48.2,16,44.7,60.8,4.7,12.5,53,92,1,2.8,0.6,24,57,-0.1,0.4,248,105,683,0,25.39,Tirumala
25-10-2023,0.89,45.9,13.4,41.4,54.9,4.3,12.7,54,88,0.9,2.8,0.6,24.1,62,0,0.5,187,99,685,0,25.97,Tirumala
26-10-2023,0.91,37.6,21.4,42.7,64.1,4.5,8.9,51,77,0.7,3,0.7,23.9,64,-0.1,0.6,225,106,685,0,25.95,Tirumala
27-10-2023,0.87,38.7,11.9,34.9,46.8,4.3,6.5,45,67,0.3,10.8,0.7,23.3,76,-0.1,0.8,294,88,684,0,26.16,Tirumala
28-10-2023,0.88,19.9,13.8,31.3,45.1,4.2,3.7,22,36,0.3,17.2,0.8,23.1,83,-0.1,0.8,275,77,684,0,26.44,Tirumala
29-10-2023,0.85,28.7,10.7,32.6,43.3,4.2,2.6,27,39,0.1,8.4,0.6,22.8,84,-0.1,0.9,242,94,684,0,26.06,Tirumala
30-10-2023,0.91,31.6,12.2,34.5,46.7,4.5,4.1,49,66,0.3,3.9,0.6,22.6,85,-0.1,0.8,239,67,684,0,25.34,Tirumala
31-10-2023,0.93,51.3,7.5,32.7,40.2,4.1,5.3,57,80,0.6,6.5,1,22.7,83,-0.1,1.4,135,61,685,0,25.11,Tirumala
01-11-2023,0.92,46.4,8.1,33.6,41.7,4,12.7,51,71,0.8,3.8,0.8,22.9,82,-0.1,1.5,198,85,685,0.1,25.96,Tirumala
02-11-2023,0.85,18.5,12.3,30.2,42.5,4.1,5.9,14,24,0.2,5,0.8,23.1,84,-0.1,1.2,266,68,683,0,26.69,Tirumala
03-11-2023,0.78,16.9,12.1,29.7,41.8,4.2,3.4,10,18,0,3.2,0.6,22.7,86,-0.1,1.1,231,53,682,0.3,25.47,Tirumala
04-11-2023,0.84,14.9,18.9,32.2,51.1,4.2,3.5,12,19,0.2,3.8,0.7,22.5,86,-0.1,0.9,189,61,682,0.9,25.5,Tirumala
05-11-2023,0.82,15.4,18.1,34.2,52.4,4.1,3.2,12,19,0,3.4,0.7,22.8,85,-0.1,0.8,186,67,683,0.6,25.28,Tirumala
06-11-2023,0.93,13.7,23.6,35.2,58.9,4.4,3.7,20,32,0.4,8.2,0.9,22.1,88,-0.1,0.6,165,34,685,2,25.7,Tirumala
07-11-2023,0.83,14.3,18.1,32.8,50.9,4.1,3.7,14,26,0.1,4.3,0.7,22.4,87,-0.1,0.9,159,63,685,0.1,25.42,Tirumala
08-11-2023,0.9,21.9,13,33,46,4.3,5.7,32,43,0.2,2.5,0.6,23.1,84,-0.1,0.9,106,77,685,0,25.32,Tirumala
09-11-2023,0.91,27.4,11.5,37.3,48.8,10.7,4.5,43,59,0.2,1.7,0.6,22.5,87,-0.1,1.1,131,46,686,0.1,24.94,Tirumala
10-11-2023,0.72,48.7,6.3,39.2,45.6,15.1,6.5,63,95,0.3,4.1,0.6,22.8,81,-0.1,1.3,304,88,687,0,24.96,Tirumala
11-11-2023,0.57,56.5,4.8,39.4,44.3,14.5,10.1,72,106,1,2.8,0.6,22.8,78,-0.1,1.5,204,112,687,0,24.38,Tirumala
12-11-2023,0.58,66.2,4.2,37.1,41.3,14.3,8.7,82,120,1.2,0.3,0.5,22,80,-0.1,1.5,214,74,687,0,24.68,Tirumala
13-11-2023,0.68,70.9,2.8,34.9,37.7,14.4,10.4,94,136,1.8,0.6,0.5,22,83,-0.1,1.7,160,58,686,0,24.89,Tirumala
14-11-2023,0.61,52.2,5.1,40.7,45.8,13.7,6.2,74,103,1.7,0.7,0.5,21.4,87,-0.1,1.9,285,25,685,0.1,23.97,Tirumala
15-11-2023,0.63,50.8,7.2,48,55.2,14.5,5.8,73,99,1.4,0.9,0.6,21.7,79,-0.1,1.6,166,51,685,0,23.94,Tirumala
16-11-2023,0.75,47.8,11.2,60.9,72.1,18.2,13.8,93,129,2,2.6,0.7,23,75,-0.1,0.5,280,98,685,0,24.97,Tirumala
17-11-2023,0.57,33.2,11.8,50.8,62.7,13.9,9.8,46,66,1.2,3.9,0.6,22.7,81,-0.1,0.7,322,71,686,0.1,25.02,Tirumala
18-11-2023,0.49,30.6,14.5,42,56.6,13.4,8.8,32,47,0.4,1.5,0.6,22.5,82,-0.1,1.2,225,85,686,0,25.1,Tirumala
19-11-2023,0.4,37.4,7.8,35.1,42.9,10.9,7.5,29,39,0,0.2,0.5,22.3,80,-0.1,1.6,180,94,686,0,25.32,Tirumala
20-11-2023,0.43,31.6,8.9,38.2,47.2,11.7,5.8,28,39,0.1,0.5,0.5,21.3,88,-0.1,1.7,254,35,685,0,24.68,Tirumala
21-11-2023,0.49,15.4,20.3,52.3,72.6,14,4.7,14,23,0.2,1.8,0.6,22,88,-0.1,0.9,322,36,684,1,25.71,Tirumala
22-11-2023,0.51,14.6,20.1,43.7,63.9,12.5,3.8,12,22,0,0.8,0.8,21.3,89,-0.1,0.8,254,32,684,0.2,25.11,Tirumala
23-11-2023,0.48,14.8,18,50.1,68.2,13.5,3.2,15,27,0,0.7,0.6,22,87,-0.1,0.6,183,53,683,0.2,25.36,Tirumala
24-11-2023,0.46,16.8,14.9,36.8,51.8,11.8,5.1,12,20,0,3.8,0.6,22.3,87,0,1,331,49,684,0,25.19,Tirumala
25-11-2023,0.53,29.5,10.2,36.9,47.1,12.2,5.3,31,44,0,3.3,0.7,22.3,88,-0.1,1.3,275,44,686,0,24.84,Tirumala
26-11-2023,0.51,44.1,3.2,29.2,32.4,10.9,5.1,49,65,0,0,0.5,22.1,85,-0.1,1.4,203,70,687,0,24.61,Tirumala
27-11-2023,0.42,28,8.3,41.1,49.5,10.7,5,14,23,0,0,0.5,21.6,89,-0.1,1,114,38,685,0.9,24.59,Tirumala
28-11-2023,0.49,24.5,11,36.8,47.8,10.6,5.6,15,24,0,0.2,0.5,22.1,87,-0.1,1,324,53,684,1.1,24.78,Tirumala
29-11-2023,0.42,20.3,17.1,43,60.1,12.7,5.3,11,17,0,0.3,0.5,21.2,89,-0.1,1.1,240,36,685,1.4,24.28,Tirumala
30-11-2023,0.35,20.4,11.7,38.3,50,11.1,5.2,9,14,0,0,0.5,21.3,89,-0.1,1.1,160,34,685,0.5,23.97,Tirumala
01-12-2023,0.49,26.9,10.2,35.8,46,11.1,5.2,26,36,0,0,0.5,21.6,89,0,1.4,60,35,683,0.1,24.25,Tirumala
02-12-2023,0.51,32.7,10.9,38.4,49.4,12.4,3.5,34,46,0.2,0.1,0.5,21.1,89,-0.1,1.8,190,19,681,0.3,24.07,Tirumala
03-12-2023,0.39,23.1,14.9,33.9,48.8,10.4,4.1,10,15,0,0,0.5,21.1,89,-0.1,2.2,209,18,680,2.5,24.21,Tirumala
04-12-2023,0.41,30.4,7.7,30.7,38.4,9.2,5.6,9,13,0,0,0.5,20.5,89,-0.1,2.2,147,10,673,2,22.87,Tirumala
05-12-2023,0.44,23.1,9.1,33.7,42.8,10.4,4.5,13,19,0,0.2,0.5,25.8,89,0,1.1,122,17,675,3.3,24.54,Tirumala
06-12-2023,0.61,22.9,13.1,45.4,58.5,12.1,5.1,23,36,0,0.7,0.6,23.3,83,0,0.3,166,72,681,1.3,25.24,Tirumala
07-12-2023,0.6,27.3,13.1,50.4,63.5,13.7,5,41,57,0,0.2,0.5,22.9,86,0,0.3,194,50,683,0.1,25.07,Tirumala
08-12-2023,0.73,29.8,18,54.7,72.8,14.8,6.7,48,63,0,0.1,0.5,22.4,86,0,0.3,195,59,684,0,24.43,Tirumala
09-12-2023,0.98,25.7,25.7,53.7,79.5,14.1,6.5,43,60,0,0.2,0.5,22.3,84,0,0.3,118,70,686,0,23.53,Tirumala
10-12-2023,0.96,28.9,22.4,52.1,74.6,13.4,13.6,45,62,0,0.1,0.5,21.5,84,0,0.3,271,74,685,0,22.84,Tirumala
11-12-2023,0.91,29.7,21.2,60.7,82,13.6,10.2,46,63,0,0,0.5,21.1,82,0,0.3,267,56,686,0,22.19,Tirumala
12-12-2023,0.91,30.8,18.4,59.9,78.3,12.4,5.2,50,66,0,0.3,0.6,21.1,80,0,0.3,238,91,684,0,21.34,Tirumala
13-12-2023,0.91,28,17.1,47.7,64.8,12.5,5.7,52,67,0,0.1,0.5,20.8,83,0,0.3,157,72,685,0,20.9,Tirumala
14-12-2023,0.91,34.9,12.8,47.7,60.5,9.6,4.7,62,83,0,0.2,0.5,20.4,86,0,0.9,252,50,687,0,21.11,Tirumala
15-12-2023,0.98,36.3,12.4,49.2,61.7,8.5,4.8,44,58,0,0.2,0.5,20.2,89,0,1.1,131,16,687,0,22.61,Tirumala
16-12-2023,0.98,29.3,12.3,43,55.3,7,5,23,35,0.2,0.6,0.5,20.7,89,-0.1,1.3,253,16,686,0,23.69,Tirumala
17-12-2023,0.92,27.7,9,36.1,45.2,7.1,4.3,40,58,0.1,0.1,0.5,21,88,0,1,159,42,685,0,22.99,Tirumala
18-12-2023,0.93,46.3,7.8,41.4,49.3,9.5,3.5,72,97,0.1,0.1,0.5,20.8,87,0,0.9,274,45,687,0,22.67,Tirumala
19-12-2023,1.03,56.1,7.8,45.5,53.3,10.5,7.1,97,124,0.7,0.2,0.5,20.6,84,0,1,256,59,688,0,22.07,Tirumala
20-12-2023,1.12,50.2,8.6,49.9,58.6,11.8,6.8,106,136,0.3,0,0.5,20.7,86,0,0.7,174,67,688,0,21.76,Tirumala
21-12-2023,1.18,42.2,13.6,60,73.7,13.4,4.6,110,143,0,0,0.5,20.7,86,0,0.5,161,44,687,0,21.91,Tirumala
22-12-2023,1.14,41.9,13.7,54.7,68.4,13.7,3.6,107,138,0,0.2,0.5,20.7,83,0,0.3,150,59,687,0,21.1,Tirumala
23-12-2023,1.11,39.7,14,56.2,70.2,13.4,7.2,95,126,0.2,0.4,0.5,20,82,0,0.5,97,89,688,0,20.37,Tirumala
24-12-2023,1.11,37.8,19.1,53.4,72.5,13.2,5.5,82,109,0.5,0.7,0.6,20.2,86,0,0.9,102,69,690,0,21.51,Tirumala
25-12-2023,1,32.1,13,43.4,56.4,10.5,6.5,57,75,0.3,1,0.7,21.2,85,0,0.9,335,54,689,0,22.19,Tirumala
26-12-2023,0.97,30.5,18,46,64.1,11.3,5.2,61,81,0.6,1.1,0.7,20.7,83,0,0.9,291,81,689,0,21.28,Tirumala
27-12-2023,0.9,34.5,10.7,38.2,48.9,9.1,5.8,46,62,0.1,0.3,0.6,20.8,82,0,1.2,256,84,690,0,21.03,Tirumala
28-12-2023,0.92,31.1,13.8,40.1,54,9.7,4.1,48,65,0.1,0.3,0.6,20.9,83,0,1,214,75,688,0.2,21.9,Tirumala
29-12-2023,0.91,27.3,16,41.9,58,9.6,5.2,42,59,0.1,0.3,0.6,20.9,84,0,1,163,68,688,0,22.36,Tirumala
30-12-2023,0.94,29.4,17,43.9,60.9,11.2,6.1,50,69,0.2,0.8,0.6,21.1,83,0,0.8,86,73,688,0,21.23,Tirumala
31-12-2023,1.02,29.9,19.8,52,71.8,13.1,3.7,61,83,0.8,1.6,0.7,20.6,82,0,0.8,162,83,687,0,21.11,Tirumala
01-01-2024,1.06,25,17.6,46.9,64.5,12.9,4.2,77,98,1,1.1,0.7,20.7,81,0,0.7,269,88,687,0,21.31,Tirumala
02-01-2024,0.91,34,10.9,41.8,52.7,11.5,5.2,64,82,0.2,0.1,0.5,20.7,82,0,0.9,237,75,686,0,21,Tirumala
03-01-2024,0.92,39.4,9.9,39.1,49,10.3,2.9,63,83,0.3,0.8,0.6,21,83,0,0.9,176,76,685,0,21.73,Tirumala
04-01-2024,0.99,32.6,11.7,35.6,47.3,10.2,4.7,58,77,0.1,1.2,0.5,21,85,0,0.9,63,66,685,0,22.09,Tirumala
05-01-2024,0.91,31.3,15,40,55,10.2,5.6,41,61,0.1,2.1,0.6,20.9,84,0,0.9,101,63,685,0,22.34,Tirumala
06-01-2024,0.94,24.3,13.5,36.9,50.5,9.1,4.1,36,55,0.1,0.8,0.5,20.6,88,0,1,308,27,686,0,22.37,Tirumala
07-01-2024,0.89,31.7,8.7,30.3,39,8.4,5.3,36,53,0,0.1,0.5,20.8,88,-0.1,1.5,145,43,686,0,22.24,Tirumala
08-01-2024,0.86,35.4,8.4,30.6,39,7.2,4.3,13,28,0,0.1,0.4,20.5,89,-0.1,1.4,137,12,687,1.1,22.83,Tirumala
09-01-2024,0.9,39.2,4.2,23.1,27.3,6.6,3.9,45,67,0.1,0,0.5,21.1,85,-0.1,1.5,195,65,687,0,22.65,Tirumala
10-01-2024,0.89,35.3,1.9,20.9,22.8,3.8,4.8,51,71,0,0.3,0.5,21.2,83,0,1,216,83,687,0,21.95,Tirumala
11-01-2024,0.91,37.2,9,24.5,33.6,4.5,5.5,50,71,0,0,0.5,21.3,77,0,0.8,177,94,688,0,21.82,Tirumala
12-01-2024,0.98,41.9,22.2,26.3,48.5,5.8,4.5,61,83,0.1,0,0.5,21.1,81,0,0.6,280,91,687,0,22.46,Tirumala
13-01-2024,1.07,30.7,35,34,69.1,7,4.5,79,105,0.3,0.6,0.5,21.5,82,0,0.4,227,84,687,0,22.67,Tirumala
14-01-2024,1.22,32.3,37.7,39.1,76.9,8,11.4,102,129,0.9,0.9,0.5,21.8,72,0,0.5,217,92,687,0,22.43,Tirumala
15-01-2024,1.01,41.9,30,31.9,62,5.6,6.9,78,101,0,0.1,0.5,21.5,72,0,0.5,126,97,686,0,22.48,Tirumala
16-01-2024,0.92,44.9,26.1,27.1,53.2,4.3,6.7,60,80,0,0,0.5,21.1,72,-0.1,0.4,114,94,684,0,21.71,Tirumala
17-01-2024,0.88,27,33.2,28.8,62.1,4.5,4.3,34,52,0,0,0.5,21,75,-0.1,0.3,68,96,684,0,21.95,Tirumala
18-01-2024,0.92,22.9,39.3,33.5,72.9,5.1,4.1,38,57,0,0,0.5,21.4,80,-0.1,0.3,119,92,685,0,22.56,Tirumala
19-01-2024,0.87,24.2,39.1,32.4,71.6,5.6,4.4,41,61,0,0.1,0.5,21.7,77,0,0.4,88,94,685,0,23.03,Tirumala
20-01-2024,0.89,28.9,33.3,28.1,61.5,5.4,4.2,37,56,0,0.1,0.5,21.4,76,0,0.5,53,96,685,0,22.78,Tirumala
21-01-2024,0.83,32,31.5,34.8,66.4,5,7.7,37,58,0,0.2,0.5,21.9,72,0,0.4,87,98,686,0,22.76,Tirumala
22-01-2024,0.83,31.4,29.3,31.8,61.2,4.8,12.9,40,63,0,0,0.5,21.9,69,0,0.4,103,97,688,0,22.77,Tirumala
23-01-2024,0.86,32.9,22.2,30.1,52.4,4.6,3.8,39,62,0,0,0.3,21.6,75,0,0.3,60,71,687,0,22.95,Tirumala
24-01-2024,0.85,26.8,17.1,26.2,43.3,4,4.4,35,55,0,0,0.4,21.9,76,0,0.3,112,92,686,0,23.1,Tirumala
25-01-2024,0.96,20.9,25,35.6,60.6,4.8,4.2,35,55,0,0.1,0.4,22.1,73,0,0.4,160,96,686,0,22.89,Tirumala
26-01-2024,0.95,18.1,65.1,47.3,112.5,7.9,5,38,58,0,0.1,0.5,21.4,77,-0.1,0.4,185,83,691,0,22.5,Tirumala
27-01-2024,0.95,24.8,45.7,45.9,91.6,7.2,3.1,38,59,0,0,0.5,21.3,81,0,0.9,196,71,690,0,22.87,Tirumala
28-01-2024,0.92,24.7,33.4,38.5,72,6.4,4.7,40,59,0,0,0.5,21.5,81,-0.1,0.8,98,85,690,0,22.59,Tirumala
29-01-2024,0.91,26.3,32.8,43,75.8,6.8,6,58,80,0,0,0.5,20.8,79,-0.1,0.8,210,85,689,0,21.81,Tirumala
30-01-2024,0.94,31.5,46.2,52.8,99.2,7.1,4.9,44,67,0,0.3,0.5,20.8,77,0,0.5,169,88,688,0,21.7,Tirumala
31-01-2024,0.93,23.8,51.1,40.8,92,6.1,3.3,35,56,0,0.2,0.6,22.2,75,0,0.4,87,100,687,0,23.27,Tirumala
01-02-2024,0.91,24.5,18.2,28.4,46.7,3.7,5.3,31,55,0.1,0.5,0.7,22.7,82,0,0.4,72,68,687,0,24.58,Tirumala
02-02-2024,0.92,25.8,18.1,28.5,46.7,3.9,3.8,29,54,0,0.1,0.5,23.2,81,0,0.4,100,89,687,0,25.26,Tirumala
03-02-2024,0.94,25.8,26.3,29,55.4,4.8,4.7,37,63,0,0.9,0.6,22.7,77,-0.1,0.5,163,93,688,0,24.81,Tirumala
04-02-2024,0.88,28.9,43.1,35.9,79.1,5.9,5.9,44,69,0,2.3,0.6,22.5,63,-0.1,0.5,154,98,689,0,23.91,Tirumala
05-02-2024,0.88,21,42.6,37.2,80,5.9,3.2,43,65,0.1,0.2,0.5,22.4,64,-0.1,0.4,214,100,691,0,23.91,Tirumala
06-02-2024,0.94,27.4,29.1,34.1,63.3,6.2,5.5,53,78,0,0.1,0.5,22.5,69,-0.1,0.5,122,101,690,0,23.98,Tirumala
07-02-2024,0.83,21.8,47.5,28.6,76.2,5.2,4.5,30,52,0.2,0.9,0.7,23.7,52,0,0.4,56,102,689,0,24.2,Tirumala
08-02-2024,0.82,30.8,44.1,30.4,74.6,5.2,5.7,33,62,0.3,0.9,0.7,24.4,51,0,0.4,81,99,688,0,24.51,Tirumala
09-02-2024,0.88,36.4,25.8,26.7,52.6,5,5.3,40,74,0.2,1.2,0.6,23.2,67,0,0.4,170,102,689,0,24.14,Tirumala
10-02-2024,0.94,27.5,26,24.2,50.2,5.6,5.7,51,77,0.1,0.5,0.5,22.4,79,-0.1,0.6,145,86,691,0,24.64,Tirumala
11-02-2024,0.96,34.6,23.6,24.8,48.5,5.3,4.6,48,78,0,2.5,0.5,22,80,-0.1,0.7,146,92,691,0,23.98,Tirumala
12-02-2024,0.87,37.2,28.7,28.2,56.9,4.5,4.6,33,58,0,1.4,0.5,21.3,76,-0.1,0.7,189,102,690,0,23.25,Tirumala
13-02-2024,0.88,26.6,26.9,25.5,52.4,4.2,3.4,23,42,0,0,0.5,21.6,82,0,0.6,102,64,690,0,23.83,Tirumala
14-02-2024,0.93,21.7,32.7,27.1,60,4.5,3.9,30,51,0,2.1,0.5,22.1,78,0,0.6,137,98,688,0,24.29,Tirumala
15-02-2024,0.88,25.1,35.8,30.1,66,4.5,4.3,35,60,0,3.1,0.5,21.7,73,-0.1,0.7,255,101,689,0,23.56,Tirumala
16-02-2024,0.9,25,36,32,68.1,4.5,3,34,56,0,2.1,0.5,21.9,75,-0.1,0.6,224,104,689,0,23.48,Tirumala
17-02-2024,0.84,29.5,42.7,34.9,77.7,4.8,5.3,35,58,0,0.3,0.5,22.4,60,0,0.5,131,102,687,0,23.72,Tirumala
18-02-2024,0.85,34.9,44,36.8,80.9,5.3,8.1,36,59,0.2,2.5,0.7,23.1,52,-0.1,0.5,88,106,686,0,24.34,Tirumala
19-02-2024,0.85,23.8,28.8,37,65.8,4.4,4,32,59,0,0.9,0.5,23.3,59,-0.1,0.4,145,100,686,0,24.98,Tirumala
20-02-2024,0.77,34.9,19.2,33,52.2,4.2,4.5,32,60,0,0,0.4,23.7,60,0,0.3,119,100,686,0,25.68,Tirumala
21-02-2024,0.82,37.2,17.5,30.8,48.4,4.5,4.5,39,68,0,0,0.5,24,63,0,0.3,139,100,686,0,26.17,Tirumala
22-02-2024,0.86,42.9,14,24.4,38.4,4.3,9.4,48,86,0,1.6,0.5,24.7,65,-0.1,0.4,78,96,684,0,27.4,Tirumala
23-02-2024,0.96,36.5,14.1,23.4,37.6,4.7,5.1,47,82,0,0.2,0.4,24.7,72,-0.1,0.3,126,98,684,0,28.21,Tirumala
24-02-2024,0.91,26.6,16.2,23.1,39.3,4.9,4.6,42,74,0,0.7,0.4,23.7,78,0,0.4,98,80,684,0,27.62,Tirumala
25-02-2024,0.86,26.8,20,22.2,42.3,4.3,4.3,34,59,0,0.4,0.5,23,77,-0.1,0.5,161,94,684,0,26.78,Tirumala
26-02-2024,0.82,19.7,19,18,37.1,3.9,5,26,45,0,0.2,0.5,22.2,81,-0.1,0.8,190,58,685,0,26.14,Tirumala
27-02-2024,0.84,22.8,24.2,20.8,45,4.3,4.5,30,50,0,0,0.4,22.5,79,-0.1,0.8,256,72,686,0,25.95,Tirumala
28-02-2024,0.86,20.5,44.6,24.2,69,4.9,4.4,26,47,0,0.6,0.6,22.9,69,-0.1,0.6,151,108,685,0,25.4,Tirumala
29-02-2024,0.85,25.4,49.9,27.2,77.3,5.1,5,27,52,0.1,1.4,0.6,23.4,55,-0.1,0.5,196,107,685,0,25.77,Tirumala
01-01-2018,0.76,89.2,0.9,20.6,21.5,18.4,26.6,60,109,0.2,3.2,0.1,28.1,62,2.7,143,70,755,-0.1,0,25.19,Vellagapudi
02-01-2018,0.79,82,1.4,21.1,22.5,19.9,13.3,63,112,0.2,4,0.1,26.9,72,2.5,142,71,755,0,0,25.19,Vellagapudi
03-01-2018,0.84,79.4,1.9,35.6,37.4,18,17.2,73,153,0.2,6.6,0.1,27.1,66,2,140,73,757,0,0,25.2,Vellagapudi
04-01-2018,0.96,73.8,3.5,51.6,55.1,19.9,16.8,93,167,0.3,7.2,0.2,26.3,65,1.9,128,75,758,0,0,24.63,Vellagapudi
05-01-2018,0.92,71.9,4.2,54.2,58.4,21.7,12.6,93,164,0.3,7.9,0.2,25.9,68,1.6,179,76,757,0,0,24.3,Vellagapudi
06-01-2018,0.89,96.1,8.6,58,66.7,18.9,12,84,150,0.2,7.1,0.2,25.5,67,1.6,172,76,757,0,0,23.79,Vellagapudi
07-01-2018,0.83,97.8,6.1,45.5,51.6,20.2,9.7,81,145,0.2,7.3,0.1,25.4,69,1.9,154,72,758,0,0,23.74,Vellagapudi
08-01-2018,0.91,121.1,1.6,31.1,32.7,21.2,13.4,82,131,0.3,6,0.2,25.8,70,2.7,106,72,759,0,0,24.05,Vellagapudi
09-01-2018,0.79,136.1,1.4,32.7,34.1,17.8,18.2,80,153,,,,26.3,65,2.7,99,73,761,0,0,24.08,Vellagapudi
10-01-2018,0.71,132.6,1.5,33.1,34.6,22.8,13.3,86,148,0.2,3.9,0.1,27.1,69,2.7,129,73,761,0,0,24.83,Vellagapudi
11-01-2018,0.98,107.6,1.6,41.4,43,23.2,34.9,88,157,0.2,6.7,0.1,27.8,71,1.7,156,73,760,0,0,25.89,Vellagapudi
12-01-2018,1,82.7,2.1,49.4,51.5,24.6,46.3,110,180,0.3,8.5,0.1,28.1,73,1.5,150,64,759,0,0,26.04,Vellagapudi
13-01-2018,1.09,72.5,1.5,32.8,34.3,20,16,77,125,0.2,7.1,0.1,27.7,76,2,142,71,758,0,0,25.87,Vellagapudi
14-01-2018,1.01,62.6,1.2,25.2,26.4,21.2,5,87,129,0.2,7,0.1,27.6,77,1.7,139,62,758,0,0,25.7,Vellagapudi
15-01-2018,1.04,70.5,0.5,18.2,18.7,20.2,9.1,76,115,0.2,7.7,0.1,27.8,72,1.8,140,69,759,0,0,26.15,Vellagapudi
16-01-2018,0.77,55.2,0.8,17.3,18.1,18.9,4.8,67,100,0.1,6.5,0.1,27.3,73,2.1,135,71,758,0,0,26,Vellagapudi
17-01-2018,0.95,46.2,1.4,24.7,26.1,20.3,6.5,69,107,0.2,6.6,0.1,27.1,73,2,148,70,758,0,0,25.17,Vellagapudi
18-01-2018,0.93,45.9,5.2,42.1,47.3,21.3,7.3,65,116,0.2,6.8,0.1,26.4,73,2,148,75,758,0,0,24.89,Vellagapudi
19-01-2018,0.86,50,5.4,45.6,51,21.4,9.3,67,120,0.2,6.8,0.1,26.5,72,1.9,151,74,759,0,0,24.46,Vellagapudi
20-01-2018,0.82,53,6.1,50.9,56.9,21.3,10.1,76,133,0.2,6.5,0.1,26.4,70,1.9,167,76,759,0,0,24.62,Vellagapudi
21-01-2018,0.56,62.1,2.5,34.3,36.8,19.4,11.3,80,141,0.1,5.8,0.1,26,69,2.3,162,76,758,0,0,24.67,Vellagapudi
22-01-2018,0.77,57.6,3.7,44,47.7,19.2,10.4,80,148,0.2,5.6,0.1,25.6,69,2.3,160,76,757,0,0,24.36,Vellagapudi
23-01-2018,0.94,59.4,3.2,40.6,43.8,20.9,10.3,78,134,0.2,5.8,0.1,26.2,69,2.6,127,75,756,0,0,24.57,Vellagapudi
24-01-2018,0.73,50.3,5.2,45.9,51,20.8,7.4,76,134,0.2,6.4,0.1,26.7,72,2.3,166,76,755,0,0,25.27,Vellagapudi
25-01-2018,0.86,41.2,6.5,57.7,64.2,23.7,12.1,80,160,0.2,7.5,0.1,27.1,69,1.5,150,70,755,0,0,25.33,Vellagapudi
26-01-2018,0.69,45.5,4.2,41.5,45.7,27.1,8.6,79,140,0.2,7,0.1,27.1,72,2.3,145,68,756,0,0,24.98,Vellagapudi
27-01-2018,0.84,44,3.4,40.4,43.8,24.7,7.4,79,133,0.2,6.6,0.1,27.3,73,2,127,70,756,0,0,25.29,Vellagapudi
28-01-2018,0.71,47.1,3.9,32.6,36.5,21.9,7.5,75,131,0.1,4.4,0.1,27.1,72,2.5,123,72,756,0,0,25,Vellagapudi
29-01-2018,0.71,52.4,2,34,36,20.4,7.8,76,140,0.2,4.2,0.1,27.1,70,2.3,109,73,759,0,0,25.29,Vellagapudi
30-01-2018,0.55,45.1,2.9,43.3,46.2,21.5,7.8,77,139,0.2,4.8,0.1,27.3,70,1.9,129,76,759,0,0,25.18,Vellagapudi
31-01-2018,0.6,37.1,4.8,56.2,61,19.3,14,70,149,0.2,5.1,0.1,27,67,1.9,160,81,759,0,0,25.11,Vellagapudi
01-02-2018,0.57,35,6.8,59.1,65.9,19,9.1,60,152,0.2,4.6,0.1,27.5,61,2,159,86,758,0,0,24.96,Vellagapudi
02-02-2018,0.54,41.3,3.8,42,45.9,20.1,10.6,50,125,0.2,3.8,0.1,27.2,57,2.6,140,83,758,0,0,24.92,Vellagapudi
03-02-2018,0.55,32.1,3.9,34.1,38.1,22.3,5.5,46,126,0.1,3.5,0.1,25.7,67,3.3,154,77,759,0,0,24.42,Vellagapudi
04-02-2018,0.8,32.9,7.6,34.4,41.9,11,8.7,49,108,0.1,3.2,0.1,25.3,66,2.6,145,82,759,0,0,24.12,Vellagapudi
05-02-2018,0.68,32.2,5,30.9,35.9,13.5,8.6,43,103,0.1,2.8,0.1,25.6,68,2.8,151,84,761,0,0,23.5,Vellagapudi
06-02-2018,0.69,29.1,3.3,29,32.3,17,5.8,39,100,0.1,3.1,0.1,26.5,66,2.7,138,87,760,0,0,24.75,Vellagapudi
07-02-2018,1.05,23.6,7.2,37.9,45.1,11.2,4.8,52,124,0.1,4.3,0.1,27.2,67,1.6,153,71,759,0,0,26.04,Vellagapudi
08-02-2018,0.87,34,1.5,25.5,27,12.4,16.2,52,111,0.1,2.3,0.2,29.3,65,3.4,179,63,757,0,0,27.62,Vellagapudi
09-02-2018,0.63,23.1,2.1,20,22,11.4,8.4,25,61,0.1,3,0.1,28.8,72,4,131,81,756,0,0,26.9,Vellagapudi
10-02-2018,0.64,25.5,2.2,16.4,18.5,11.9,5.7,36,71,0.1,2.6,0.1,28.8,72,3.7,122,77,758,0,0,26.67,Vellagapudi
11-02-2018,0.67,31.6,0.4,11.6,12,12.9,7.3,70,111,0.1,2.1,0,27.9,75,4.7,121,48,760,0,0,25.85,Vellagapudi
12-02-2018,0.71,30.6,0.5,13.1,13.6,12,7.5,58,98,0,1.9,0,27.8,73,5,127,71,761,0,0,26.52,Vellagapudi
13-02-2018,0.7,36.9,0.4,13.8,14.2,11.6,6.2,57,98,0.1,1.9,0,27.7,72,3.8,102,66,763,0,0,25.79,Vellagapudi
14-02-2018,0.77,48.4,0.3,16.9,17.2,11.2,12.5,57,110,0.2,2.3,0.1,27.8,66,3.6,97,78,763,0,0,25.91,Vellagapudi
15-02-2018,0.76,33.5,1.4,25.7,27.1,21.7,10.9,50,119,0.2,3.8,0.1,26.8,65,2.2,168,75,763,0,0,26.37,Vellagapudi
16-02-2018,0.78,30.4,2,24.5,26.4,32,9.1,57,128,0.1,3,0.1,26.2,69,2.2,186,77,761,0,0,26.56,Vellagapudi
17-02-2018,0.68,29.1,1.5,16.2,17.7,22.1,7.8,43,96,0.1,2.5,0.1,26.2,71,2.7,139,76,758,0,0,26.6,Vellagapudi
18-02-2018,0.5,31.6,2.8,11.6,14.3,24.2,10.1,44,81,0.1,3,0,26,72,3.4,134,82,757,0,0,26.29,Vellagapudi
19-02-2018,0.6,29.8,3.1,13.4,16.5,22.7,8.4,55,95,0.1,2.2,0,25.5,73,3.8,150,78,757,0,0,26.04,Vellagapudi
20-02-2018,0.65,26.4,4.7,16.2,20.8,22.9,10,49,99,0.1,2.5,0.1,25.7,73,3.9,146,84,757,0,0,26.43,Vellagapudi
21-02-2018,0.61,26.6,3.9,16.5,20.4,18.9,10.9,38,107,0.1,2.7,0.1,26,71,3.5,123,83,756,0,0,26.64,Vellagapudi
22-02-2018,0.59,24.5,7,17.4,24.3,17.8,11.3,31,106,0.1,3.3,0.1,26.5,66,2.9,155,83,756,0,0,26.96,Vellagapudi
23-02-2018,0.67,24.1,5.8,17.9,23.7,16.8,10.9,39,112,0.1,2.9,0.1,26.1,70,3.8,142,85,757,0,0,26.43,Vellagapudi
24-02-2018,0.86,20.9,7.4,19.4,26.9,21.8,10.1,58,124,0.2,2.6,0.1,25.5,66,3.2,136,88,759,0,0,25.68,Vellagapudi
25-02-2018,,16.9,11,17,28,16.2,9.4,45,112,0.1,2.7,0.1,25.7,60,2.7,162,96,759,0,0,26.11,Vellagapudi
26-02-2018,,15.6,9.4,21.6,30.9,15.6,9.8,35,114,0.1,2.5,0.1,26.4,57,2.2,172,98,757,0,0,26.47,Vellagapudi
27-02-2018,0.79,19.3,18.4,20.5,39,18.6,11.9,38,107,0.1,2.6,0.1,26.6,56,2.9,149,85,756,0,0,26.95,Vellagapudi
28-02-2018,0.82,26,4.9,18.1,23,24,13,42,115,0.1,2.1,0.1,27.4,64,3.1,141,84,756,0,0,27.66,Vellagapudi
01-03-2018,0.82,22.1,6.6,22.5,29.1,17.4,14.2,38,99,0.1,2.1,0.1,27.2,64,2.7,155,86,756,0,0,27.84,Vellagapudi
02-03-2018,0.72,21.2,5.3,18.5,23.8,14.9,8.8,33,80,0.1,2,0.1,27.2,67,3.5,146,84,755,0,0,28.27,Vellagapudi
03-03-2018,0.73,24.3,4.2,20.5,24.7,12.7,10.5,34,84,0.1,2.4,0,27.6,60,4.2,146,95,754,0,0,28.54,Vellagapudi
04-03-2018,0.69,20.6,4.5,22.9,27.4,11.7,11.9,36,80,0.1,2.1,0.1,26.5,63,3.8,155,86,755,0,0,28.15,Vellagapudi
05-03-2018,0.8,17,12.8,26,38.9,12.5,9.1,31,88,0.1,1.9,0.1,26.6,63,3.7,151,89,756,0,0,27.67,Vellagapudi
06-03-2018,0.82,17,17.8,25.4,43.3,14.1,9.7,40,99,0.1,2.4,0.1,26.3,69,3.7,160,84,756,0,0,27.71,Vellagapudi
07-03-2018,0.77,23.1,6.3,19.2,25.6,13.7,7.8,40,85,0.1,2.2,0,26.5,71,3.1,174,77,756,0,0,27.75,Vellagapudi
08-03-2018,0.86,22.2,10.5,29,39.6,13.9,10.1,58,119,0.1,2.2,0.1,26.7,66,3.9,128,83,756,0,0,27.51,Vellagapudi
09-03-2018,0.93,26.2,7.6,21.8,29.4,17,12.4,62,114,0.1,2.2,0.1,27.3,70,3.5,123,79,757,0,0,27.8,Vellagapudi
10-03-2018,0.6,26.8,5.5,19.8,25.4,13.9,6.6,48,99,0.1,2.5,0,27.9,68,3.3,129,78,756,0,0,28.71,Vellagapudi
11-03-2018,0.79,30,2.7,13.4,16.1,13.6,8.5,42,81,0.1,2.1,0,27.7,70,3.9,116,79,757,0,0,28.29,Vellagapudi
12-03-2018,0.68,21,6.4,19.2,25.6,12.6,7.7,31,76,0.1,2.7,0.1,27.6,70,3.2,154,75,758,0,0,28.45,Vellagapudi
13-03-2018,0.71,16.5,10.8,20.8,31.6,11.6,9.3,26,80,0.1,2.2,0.1,28.2,68,3.3,158,86,757,0,0,28.67,Vellagapudi
14-03-2018,0.7,13.8,6.1,13.6,19.7,15.3,9.2,24,58,0,2.1,0,27.6,75,4.4,137,79,756,0,0,28.76,Vellagapudi
15-03-2018,0.72,15,5,11.7,16.7,13,10.7,25,56,0,1.6,0,28.7,72,5.6,137,76,755,0,0,29.51,Vellagapudi
16-03-2018,0.64,11.5,4.5,8.1,12.6,11.5,5.9,18,40,0,1.6,0,28.3,74,4.7,116,50,754,0,0,29.47,Vellagapudi
17-03-2018,0.76,19.8,4.9,20.9,25.8,13.2,13.1,53,89,0.1,2.3,0.1,26.3,74,3.3,184,37,756,-0.1,0,28.79,Vellagapudi
18-03-2018,0.76,23.1,5.2,18.8,24,13.7,10.6,42,76,0.1,2.6,0.1,28,65,3.6,132,90,756,0,0,28.78,Vellagapudi
19-03-2018,0.72,22.4,4.8,15.4,20.3,13,9.3,40,77,0.1,2.7,0,28.3,67,3.3,150,84,757,0,0,28.74,Vellagapudi
20-03-2018,0.66,18.1,5.1,15,20.1,14.1,8.7,38,79,0.1,2.5,0,28.5,68,3.1,130,73,756,0,0,29.47,Vellagapudi
21-03-2018,0.91,19.6,4.4,11.9,16.3,13.9,11,45,84,0,1.9,0,28.9,68,4.5,159,79,754,0,0,30.13,Vellagapudi
22-03-2018,0.6,18.8,4.2,14.6,18.8,15,16.4,52,92,0,1.5,0,29,71,4.1,134,76,752,0,0,30.53,Vellagapudi
23-03-2018,0.61,20.5,3.8,14.3,18.2,14.8,15.1,45,93,0,1.6,0,30,69,3.5,140,79,752,0,0,30.77,Vellagapudi
24-03-2018,0.75,23.3,3.2,8.8,12,14.9,9.5,44,78,0,1.3,0,29.5,73,4.9,127,85,755,0,0,30.18,Vellagapudi
25-03-2018,0.69,27.1,2.5,7.4,9.9,13.4,3.5,36,73,0,1.7,0,28.8,73,4.3,129,77,757,0,0,29.43,Vellagapudi
26-03-2018,0.7,23.3,3,9.8,12.8,11,7.4,39,80,0,2.2,0,28.5,72,3.3,160,76,757,0,0,29.59,Vellagapudi
27-03-2018,0.6,20.7,4.5,11.6,16.1,11.1,12.5,30,67,0,1.7,0,28.7,70,4.1,153,92,755,0,0,30.18,Vellagapudi
28-03-2018,0.82,21.3,3.9,9.9,13.8,11.7,14.4,30,59,0,1.7,0,29.1,73,5.4,142,85,754,0,0,30.58,Vellagapudi
29-03-2018,0.72,24.1,3.2,7.9,11.2,11.6,13.2,27,53,0,1.3,0,29.6,74,6.1,133,81,753,0,0,30.97,Vellagapudi
30-03-2018,0.6,24.4,3,8.3,11.3,9.3,18.9,27,53,0,1.4,0,30.5,75,6.1,132,75,753,0,0,31.06,Vellagapudi
31-03-2018,0.65,24.1,2.6,6.7,9.3,10.4,12.9,28,55,0,1.4,0,32.6,75,6.6,123,74,753,0,0,29.38,Vellagapudi
01-04-2018,0.57,23.7,2.2,6,8.1,7.6,8.9,22,46,0,1.4,0,32.1,72,6.7,151,93,753,0,2,29.87,Vellagapudi
02-04-2018,0.56,22.6,4.1,14.1,18.2,8,8.9,24,53,0,1.4,0,31.2,71,5.1,132,98,754,0,0,28.77,Vellagapudi
03-04-2018,0.69,19.3,3.9,11.1,15,11,8,23,54,0,1.8,0,32.4,73,4.5,142,86,754,0,0,28.93,Vellagapudi
04-04-2018,0.73,19.7,4.3,9.4,13.8,12.5,8.7,25,54,0,1.5,0,32.4,73,5.1,134,87,752,0,0,29.34,Vellagapudi
05-04-2018,0.6,20.2,3,6.6,9.6,8.7,7.5,22,54,0,1.4,0,32.4,71,5.5,162,98,752,0,0,29.37,Vellagapudi
06-04-2018,0.87,17,5.4,11.1,16.5,9.7,8.9,29,70,0,1.6,0,32.1,71,4.4,136,93,753,0,0,29.71,Vellagapudi
07-04-2018,0.79,16.3,4.5,10.3,14.8,10.3,7.2,24,71,0,1.1,0,32.2,69,4.9,147,100,752,0,0,30.13,Vellagapudi
08-04-2018,0.63,32.1,3.6,13.5,17.1,9.6,10.8,20,76,0,1.1,0,31.7,63,5.4,146,97,756,0,0,29.92,Vellagapudi
09-04-2018,0.71,19.6,3.6,8.6,12.2,11.3,6.5,24,58,0,1,0,31.8,69,4.9,116,84,756,0,0,29.08,Vellagapudi
10-04-2018,0.5,14.7,4.5,8.2,12.8,9.7,7.2,23,53,0,1.1,0,31.9,68,5,136,109,755,0,0,29.26,Vellagapudi
11-04-2018,0.68,15.8,4.3,7.9,12.2,9.7,7.4,14,42,0,0.9,0,32.7,67,5.2,121,113,754,0,0,30.1,Vellagapudi
12-04-2018,0.59,15.5,4.2,7.6,11.8,10,6.6,10,36,0,1,0,32.8,68,4.8,144,112,754,0,0,30.44,Vellagapudi
13-04-2018,0.59,13.4,3.5,5.6,9.1,8.5,6.6,7,27,0,1,0,33,68,5.9,132,100,754,0,0,30.83,Vellagapudi
14-04-2018,0.62,10.5,3.9,6.4,10.2,8.4,5.9,8,34,0,1,0,33.2,68,5.9,150,103,753,0,0,31.08,Vellagapudi
15-04-2018,0.47,11.4,2.3,3.6,5.9,8.3,5.9,6,24,0,0.8,0,33.4,69,5.7,136,92,752,0,0,31.34,Vellagapudi
16-04-2018,0.51,17,3.3,5.9,9.2,7.4,7,7,34,0,1.1,0,34.3,66,4.3,145,111,754,0,0,31.87,Vellagapudi
17-04-2018,0.52,11.4,4.3,5.8,10.1,7.3,6.9,9,31,0,1,0,33.8,68,5.1,152,107,755,0,0,31.86,Vellagapudi
18-04-2018,0.62,18.4,3.5,6.1,9.6,7.2,8.4,13,41,0,1,0,34.1,68,4.8,172,106,754,0,0,32.28,Vellagapudi
19-04-2018,0.56,21.2,3,4.9,7.9,8.8,10.3,16,46,0,0.7,0,34.6,68,7.3,150,101,752,0,0,32.86,Vellagapudi
20-04-2018,0.64,22.9,2.8,5.9,8.7,7.8,10.9,17,50,0,0.8,0,34.7,69,6.4,151,96,751,0,0,33.4,Vellagapudi
21-04-2018,0.66,23.2,2.6,5,7.6,6,7.4,20,50,0,0.7,0,34.4,71,6.7,143,90,752,0.1,0,32.18,Vellagapudi
22-04-2018,0.48,20.8,2.4,3.4,5.8,5.8,6.8,12,39,0,0.8,0,34.3,67,6.5,156,110,752,0,0,32.18,Vellagapudi
23-04-2018,0.58,23.7,2.9,6.2,9.1,6.1,8.4,20,54,0,0.8,0,34.4,70,5.4,143,97,753,0,0,32.16,Vellagapudi
24-04-2018,0.55,23.3,3.3,6.3,9.5,6.3,8.4,20,65,0,0.9,0,34,66,7.4,143,95,753,0,0,32.23,Vellagapudi
25-04-2018,0.74,17.8,3.7,10.3,14,7.4,8.8,19,61,0,0.9,0,33.5,64,4.7,151,107,752,0,0,32.03,Vellagapudi
26-04-2018,0.55,21,3.3,7.2,10.5,7.7,9.2,19,54,0,0.9,0,34.3,67,6.1,150,106,751,0,0,31.96,Vellagapudi
27-04-2018,0.51,15.3,3.3,5.2,8.5,6.7,6,12,38,0,0.7,0,34.2,68,6.1,144,108,753,0,0,31.77,Vellagapudi
28-04-2018,0.66,10.9,3.5,5,8.4,5.7,7.3,10,34,0,0.7,0,33.6,66,5.7,154,106,754,0,0,31.58,Vellagapudi
29-04-2018,0.69,10.9,3,4.8,7.7,5.5,6.5,13,39,0,0.8,0,33.2,68,6,153,96,752,0,0,31.92,Vellagapudi
30-04-2018,0.5,21.9,3.1,6,9.1,5.2,5.8,21,49,0,0.7,0,34.4,70,6.5,139,105,750,0,0,33.55,Vellagapudi
01-05-2018,0.81,26.9,2.7,7.9,10.6,5.7,6.6,23,52,0,0.2,0,33.3,73,7.1,135,93,751,0,81.5,33.09,Vellagapudi
02-05-2018,0.81,22,3.9,22.3,26.2,9.2,7.3,29,57,,,,32.8,74,4.2,117,105,752,0.1,0,31.53,Vellagapudi
03-05-2018,0.54,18.2,3,14.1,17.2,12.7,6,18,38,,,,30.3,80,5.8,181,62,753,0,38.5,31.14,Vellagapudi
04-05-2018,0.72,23.5,4.4,21.2,25.6,14.4,8.2,28,50,,,,32,73,2.9,134,100,754,0,0,30.73,Vellagapudi
05-05-2018,0.54,17.2,3.6,10.7,14.3,11.9,6.7,18,46,0.6,19.4,1.8,33.3,71,4.5,149,120,754,0,0,31.04,Vellagapudi
06-05-2018,0.48,30.2,3.2,7.9,11.1,12.6,8.9,16,39,0.4,14.2,0.1,33.7,68,4.7,152,120,754,0,0,31.62,Vellagapudi
07-05-2018,0.49,39,3.6,9.8,13.4,11.7,8.8,26,58,0.4,8.7,0,34.8,68,4.3,161,121,752,0,0,32.11,Vellagapudi
08-05-2018,0.54,44.6,3.2,9.3,12.5,10.1,8.7,24,58,0.1,4.5,0,35.3,66,5,144,114,751,0,0,32.19,Vellagapudi
09-05-2018,0.51,39.2,3.6,7.5,11.1,9.2,9.5,18,46,0.1,2.1,0,34.7,69,5.7,145,99,752,0,0,32.46,Vellagapudi
10-05-2018,0.51,41.8,4.1,8,12.1,8.6,8,16,37,0.1,0.7,0,34.6,67,6.2,159,102,753,0,0,32.87,Vellagapudi
11-05-2018,0.61,50.4,4,10.8,14.8,6.1,6.6,22,53,0,0.1,0,34.6,69,4.5,140,105,752,0,0,32.91,Vellagapudi
12-05-2018,0.53,42.8,3,6.6,9.6,7.2,7.3,15,40,0.2,0.3,0,34.9,68,6.3,152,110,752,0,0,32.7,Vellagapudi
13-05-2018,0.5,44.4,2.4,6.4,8.8,7.9,7,18,46,0.2,0.5,0,34.7,67,5.4,139,112,752,0,0,32.44,Vellagapudi
14-05-2018,0.77,44.6,3.3,10.3,13.7,9.2,11.3,20,60,0.6,0,0,34,66,5.1,158,103,752,0,0,31.63,Vellagapudi
15-05-2018,0.66,44.3,3.5,13,16.5,8.8,9.9,23,57,0.9,0,0,33.8,62,4.9,161,96,752,0,0,31.63,Vellagapudi
16-05-2018,1.19,36.5,4.4,10.8,15.2,8.5,6.7,19,49,3.6,0.8,0,34.1,67,4.8,157,105,751,0,0,31.9,Vellagapudi
17-05-2018,1.23,75.7,4,8.6,12.6,9.3,6.6,14,44,2.1,0,0.2,34.1,70,5.2,163,102,750,0,0,31.61,Vellagapudi
18-05-2018,0.67,94.4,3.3,11.8,15.1,13.3,10.7,28,63,0.5,0,0,35.4,66,4.2,138,110,750,0,0,32.83,Vellagapudi
19-05-2018,,57.3,2.5,8.5,11,10,12.3,34,77,1.2,0,0.1,36,64,6.5,156,108,749,0,0,32.95,Vellagapudi
20-05-2018,,55.8,2.2,9.4,11.6,9.7,10.5,33,81,0.5,0,0,35.8,62,5.6,145,109,749,0,0,32.28,Vellagapudi
21-05-2018,,40.9,3.2,9.1,12.4,8.4,6.8,22,67,0.3,0,0.2,35.6,64,5.9,145,107,750,0,0,30.79,Vellagapudi
22-05-2018,,42.8,3.1,9.2,12.2,10.2,6.3,24,63,0.1,0,0,35.5,64,4.6,163,92,750,0,0,31.61,Vellagapudi
23-05-2018,0.27,59.9,3.1,12.9,16,13.1,7.7,21,54,0.1,0,0,34.1,68,4.2,141,94,750,0,2,31.63,Vellagapudi
24-05-2018,0.48,44.8,3.6,13.5,17.2,10.8,6.8,26,56,0.4,0.3,0.4,34.7,67,4.1,156,94,749,0,0,31.97,Vellagapudi
25-05-2018,0.5,23.4,3.9,11.2,15.1,10.5,7.6,19,43,7.9,0.4,0.9,34.5,69,4.9,147,87,749,0,0,31.93,Vellagapudi
26-05-2018,0.49,26.2,3.5,9,12.5,9.8,5.8,14,38,25.1,5.1,0.1,34.6,68,5.2,128,98,749,0,0,31.74,Vellagapudi
27-05-2018,0.41,61.6,3,7.1,10.1,9.1,6.5,17,42,16.3,0.2,0.1,35.1,66,4,142,117,749,0,0,31.74,Vellagapudi
28-05-2018,0.35,68.6,3.3,8,11.3,11,5.8,22,47,7.3,0.8,0.4,34.8,66,5.4,154,102,747,0,0,32.08,Vellagapudi
29-05-2018,0.35,89.8,3.2,10.5,13.7,10.9,9.7,30,73,,,,35.9,67,5.1,157,108,745,0,0,33.66,Vellagapudi
30-05-2018,0.29,97,2.7,10.3,13,9.6,6.1,32,82,,,,36.8,65,4.7,143,106,746,0,0,33.85,Vellagapudi
31-05-2018,0.33,104.1,2.8,9.7,12.5,9.9,9.2,32,75,,,,36,67,5.7,129,99,748,0,0,33.54,Vellagapudi
01-06-2018,0.36,85.1,2.8,11.4,14.2,10,4.2,37,79,,,,35.2,67,4.6,139,93,750,0,0,32.17,Vellagapudi
02-06-2018,0.24,60.7,3.8,15.9,19.7,9.6,6.8,26,54,20.4,20.8,0,31.6,79,4.2,169,49,750,0,32.5,32.06,Vellagapudi
03-06-2018,0.33,79.9,3.2,18,21.2,7.9,6.9,29,58,4.6,0.1,0,34.5,67,3.5,192,115,748,0,0,31.37,Vellagapudi
04-06-2018,0.41,81.5,2.1,10.9,13.1,8.6,7.5,31,72,,,,36.6,58,5.4,243,116,746,-0.1,0,32.83,Vellagapudi
05-06-2018,0.39,,2.2,14.3,16.5,10.9,7.2,29,68,,,,35.2,65,4.8,185,101,747,-0.1,14,32.46,Vellagapudi
06-06-2018,0.33,43.6,2.9,18,20.9,14.3,6.2,32,55,,,,32,78,3.8,168,40,749,0,50,30.98,Vellagapudi
07-06-2018,0.43,66.3,2.4,13.9,16.3,17,5.6,19,30,,,,31.5,81,3.9,212,59,748,-0.1,111,29.54,Vellagapudi
08-06-2018,0.32,64.3,2.3,10.4,12.7,15.2,6.5,16,30,,,,32.9,73,5.5,268,76,745,-0.3,0,29.69,Vellagapudi
09-06-2018,0.43,71.9,1.8,9.3,11.1,10.3,5.8,13,26,,,,33.1,69,5.6,263,97,744,-0.3,0,30.33,Vellagapudi
10-06-2018,0.46,59.8,1.9,5.7,7.6,9.1,6.9,13,35,,,,34.3,63,8.7,273,101,744,-0.6,0,30.28,Vellagapudi
11-06-2018,0.5,46.8,3.5,10.3,13.8,9.8,4.9,19,48,,,,32.4,70,8,248,49,745,-0.4,27,31.11,Vellagapudi
12-06-2018,0.8,46.5,5.5,13.7,19.1,10.1,7,23,58,,,,31.5,77,3.3,263,60,746,-0.3,16.5,31.73,Vellagapudi
13-06-2018,0.61,38.6,5.5,15.4,20.9,9.5,6,26,74,,,,34,69,6.1,240,106,746,-0.3,0,31.86,Vellagapudi
14-06-2018,0.34,47.9,3.4,11.8,15.3,11.3,8,31,106,,,,35.7,62,5.7,238,110,747,-0.3,0,32.14,Vellagapudi
15-06-2018,1.01,61.3,3.6,14.6,18.2,13.8,8.7,31,105,,,,34.9,64,5.2,237,114,748,-0.2,0,32.5,Vellagapudi
16-06-2018,0.73,61,2.5,9.9,12.4,10.6,4.9,23,70,,,,34.5,60,5.9,260,103,749,-0.3,3,31.71,Vellagapudi
17-06-2018,1,59,2.6,8.5,11.1,10.7,9.4,24,81,,,,35.5,60,5.6,248,112,749,-0.3,0,32.68,Vellagapudi
18-06-2018,0.41,54,3,7.4,10.4,10.7,6.1,17,65,,,,36.4,52,8.3,280,109,748,-0.6,0,32.64,Vellagapudi
19-06-2018,0.91,54.9,4.3,9.6,13.8,9.4,6.1,17,57,,,,35.5,56,7.2,257,116,748,-0.4,0,32.9,Vellagapudi
20-06-2018,1.04,63.7,4.3,11.1,15.4,10.2,5.3,19,59,,,,35.4,63,4.4,194,109,747,-0.1,0,32.94,Vellagapudi
21-06-2018,1.02,62,3.4,11.9,15.4,11.3,5.4,18,54,0.2,0.2,0,34.4,68,3.8,165,100,747,0,0.5,32.51,Vellagapudi
22-06-2018,0.54,62.9,3.6,15.1,18.8,12.5,7.4,20,55,0.4,0.2,0,33.8,68,3.4,161,78,748,0,0,31.09,Vellagapudi
23-06-2018,1.11,62.8,2.9,11.3,14.2,11.6,6.7,18,42,0.4,0.2,0,33.3,70,3.5,215,66,748,-0.1,0.5,31.2,Vellagapudi
24-06-2018,1.01,65.4,2.5,6.8,9.3,9.2,6,18,46,0.4,0.2,0,34.8,64,5.7,243,98,748,-0.3,0.5,32.04,Vellagapudi
25-06-2018,0.52,49.9,3.4,7.5,10.9,11,6.5,19,62,0.4,0.3,0,35.7,58,7.5,242,116,747,-0.4,0.5,31.61,Vellagapudi
26-06-2018,0.53,49.9,3,8.7,11.6,9.6,7.2,17,49,0.4,0.2,0,35.1,58,7.4,274,100,746,-0.4,0,30.51,Vellagapudi
27-06-2018,0.6,43.7,4.7,10.2,15,11.2,7.3,17,52,0.4,0.2,0,33.4,64,6.8,230,51,746,-0.3,7,30.6,Vellagapudi
28-06-2018,0.63,39,5.6,17.7,23.4,11.6,4.4,17,35,0.5,0.5,0.1,29.9,84,2.7,135,53,748,0,24,30.61,Vellagapudi
29-06-2018,0.37,48.9,3.8,13.7,17.5,13.5,5.3,19,50,0.4,0.3,0,32.5,76,2.8,174,76,749,0,0,30.98,Vellagapudi
30-06-2018,0.52,61.1,3.3,13.8,17.2,12.9,7.9,21,49,0.4,0.3,0,32.1,76,3.6,176,101,750,0,13,29.51,Vellagapudi
01-07-2018,0.51,47.5,3.1,15.6,18.7,14.9,5.1,24,46,0.3,0.3,0,30.9,83,3.1,166,44,750,0,0.5,30.01,Vellagapudi
02-07-2018,0.52,52.7,4.1,16.4,20.5,13.7,6.4,20,41,0.3,0.3,0,32.2,77,3.6,162,87,749,0,46,31.41,Vellagapudi
03-07-2018,0.43,44.1,4.7,13.4,18.1,10.4,4.8,16,42,0.3,0.2,0,31.6,75,4.9,221,59,750,-0.3,23,29.44,Vellagapudi
04-07-2018,0.39,47.3,5,12.7,17.7,11,5.4,19,69,0.3,0.2,0,34.1,66,5.9,229,89,749,-0.3,0,30.68,Vellagapudi
05-07-2018,0.32,43.9,4.7,11,15.8,11.2,6.5,13,45,0.3,0.2,0,33.4,66,6.6,238,84,749,-0.4,27.5,31.04,Vellagapudi
06-07-2018,0.43,37.5,5.6,17.4,22.9,13.1,6,19,43,0.3,0.3,0,31.5,78,4.1,199,62,748,-0.2,0,29.97,Vellagapudi
07-07-2018,0.38,67,2,6.4,8.5,11.1,4.5,16,30,0.3,0.2,0,29,86,5.9,268,35,746,-0.3,51.5,29.56,Vellagapudi
08-07-2018,0.46,52.5,2.1,5.4,7.5,9.8,5.3,14,28,0.3,0.2,0,29.2,87,4.9,251,41,745,-0.3,23.5,28.77,Vellagapudi
09-07-2018,0.37,62.2,2.6,7.5,10.1,9.6,5.6,17,38,0.3,0.2,0,31.5,75,5.9,266,60,745,-0.4,9,29.65,Vellagapudi
10-07-2018,0.38,53.6,2.5,6.6,9.2,11,4.7,18,38,0.2,0.2,0,31,77,6.1,244,53,747,-0.3,9.5,30.43,Vellagapudi
11-07-2018,0.4,54.5,2.6,6.5,9.1,10.3,6.7,17,30,0.3,0.7,4.1,30,81,6.3,265,55,747,-0.4,26.5,30.19,Vellagapudi
12-07-2018,0.5,35.9,2,7,9.1,17.1,5.3,11,20,0.3,0.1,0,29.2,85,7.1,267,35,747,-0.5,12.5,29.29,Vellagapudi
13-07-2018,,27.1,2,7.6,9.6,12.5,6.8,11,30,0.2,0.1,0,31.2,76,7,272,62,746,-0.4,2.5,29.9,Vellagapudi
14-07-2018,0.39,21,2.7,7.6,10.2,14.9,6,10,30,0.2,0.1,0,30.8,79,5.3,276,59,745,-0.3,14.5,29.62,Vellagapudi
15-07-2018,0.31,19.3,2.2,5,7.2,12,6.3,9,27,0.2,0.1,0,30.1,84,4.7,246,35,744,-0.3,16.5,29.4,Vellagapudi
16-07-2018,0.39,20.4,3.4,7,10.4,10,7.2,7,24,0.2,0.1,0,31.4,77,6.4,256,51,745,-0.4,8.5,29.89,Vellagapudi
17-07-2018,0.46,25.7,4.5,9,13.6,12.2,10.2,8,29,0.2,0.1,0,32.9,71,7.6,257,95,746,-0.5,1,30.88,Vellagapudi
18-07-2018,0.47,27.8,3.8,11.5,15.3,15.1,9.6,11,45,0.2,0.1,0,33.9,67,6.4,269,104,746,-0.4,0,30.8,Vellagapudi
19-07-2018,0.43,33.3,3.9,9,12.9,10.7,9.1,12,46,0.2,0.1,0,34.1,63,8.2,272,76,746,-0.5,0,30.93,Vellagapudi
20-07-2018,0.52,23.3,5.3,13.1,18.4,11.7,9.3,15,34,0.2,0.1,0,31.3,76,5.5,250,40,747,-0.3,3.5,30.48,Vellagapudi
21-07-2018,0.53,32.5,5.2,14.9,20.1,14.8,5.7,18,50,0.2,0.1,0,32.5,73,5.3,254,72,748,-0.3,0,30.09,Vellagapudi
22-07-2018,0.42,32.2,2.8,9.8,12.5,12.9,13.6,17,56,0.2,0.1,0,33.5,65,7.1,260,66,747,-0.5,0,30.81,Vellagapudi
23-07-2018,0.43,31.8,4.4,11.1,15.5,14.1,13,16,56,0.2,0.1,0,34.8,60,6.8,274,94,747,-0.4,0,30.93,Vellagapudi
24-07-2018,0.49,27.3,5.4,17.1,22.5,15.8,12.4,18,59,0.2,0.1,0,34.2,65,4.5,266,84,749,-0.2,0,31.73,Vellagapudi
25-07-2018,0.42,25.1,6.9,16.7,23.7,13.3,10.3,19,74,0.2,0.1,0,34.7,62,6,261,93,749,-0.4,0,31.73,Vellagapudi
26-07-2018,0.36,28.1,3.8,14,17.8,15.9,9.3,17,75,0.1,0.1,0,34.3,63,5.7,278,93,750,-0.4,0,32.01,Vellagapudi
27-07-2018,0.39,29.2,2.9,7.7,10.6,15.7,9.8,12,48,0.1,0.1,0,33.8,65,6.2,256,75,749,-0.4,0,31.51,Vellagapudi
28-07-2018,0.49,26.1,9.6,19.5,29.2,16.8,15,18,80,0.1,0.2,0,34.2,65,5.3,219,80,749,-0.2,0.5,31.1,Vellagapudi
29-07-2018,0.42,25.1,4.8,20.1,24.9,18.7,9.6,22,76,0.2,0.2,0,33.9,66,5.2,246,75,748,-0.3,0,31.5,Vellagapudi
30-07-2018,0.57,31,9.4,25.4,34.9,18.8,6.4,30,101,0.1,0.1,0,34.9,63,4.3,228,93,747,-0.2,0,32.07,Vellagapudi
31-07-2018,0.46,24.3,7.9,22.3,30.2,22,13.3,26,105,0.2,0.2,0,34.8,60,5.3,258,96,748,-0.3,0,31.71,Vellagapudi
01-08-2018,0.35,29.6,4.2,16.5,20.7,18,6.2,20,87,0.1,0.1,0,33.5,65,5.1,220,99,749,-0.2,0.5,31.24,Vellagapudi
02-08-2018,0.44,27.4,6.8,18.4,25.2,19.9,12.4,17,54,0.1,0.1,0,31.8,76,4.5,179,107,750,-0.2,55.5,30.12,Vellagapudi
03-08-2018,0.51,26.3,10.7,22.5,33.2,21.8,8.4,26,70,0.1,0.2,0,32,75,4.3,235,77,750,-0.2,8,29.5,Vellagapudi
04-08-2018,0.37,31.7,3.2,14.2,17.4,19.5,11.2,21,76,0.1,0.1,0,34.1,66,5.5,281,111,750,-0.3,0,29.76,Vellagapudi
05-08-2018,,,,,,,,,,,,,,,,,,,,,29.73,Vellagapudi
06-08-2018,0.43,29.3,4.8,16.5,21.3,18.1,11.3,18,69,0.2,0.1,0,34.1,64,5.2,273,86,747,-0.2,2,29.41,Vellagapudi
07-08-2018,0.4,22.3,6.7,15.8,22.5,16.6,11.4,19,53,0.1,0.1,0,32,70,7.1,253,58,746,-0.4,2,29.87,Vellagapudi
08-08-2018,0.44,18.6,6.3,16.5,22.9,19.8,8.7,17,40,0.1,0.1,0,31,78,5.1,202,71,747,-0.3,8.5,30.3,Vellagapudi
09-08-2018,0.42,17.7,6.7,23.4,30.2,26.2,12.6,18,54,0.1,0.1,0,32.1,76,3.1,222,58,749,-0.1,3,30.23,Vellagapudi
10-08-2018,0.53,21.2,3.6,10.3,13.9,24.2,8.1,11,26,0.1,0.1,0,29.9,85,6.2,233,61,750,-0.3,16,29.02,Vellagapudi
11-08-2018,0.71,13,3.2,9.7,12.9,16.4,10.3,12,24,0.1,0,0,29.7,83,6.9,287,61,748,-0.4,0.5,28.02,Vellagapudi
12-08-2018,0.78,14.9,2.9,8.1,11,11.8,8.6,9,18,0,0.1,0,29.4,85,5.7,272,45,747,-0.3,40,28.05,Vellagapudi
13-08-2018,0.94,12.2,4.7,7.8,12.6,14.6,8.1,8,20,0.1,0,0,29.2,86,4.5,257,35,748,-0.2,21,28.74,Vellagapudi
14-08-2018,0.88,16.2,3.7,9.4,13.1,14.7,8.6,7,21,0.1,0,0,30,84,4.8,259,44,746,-0.3,9,28.04,Vellagapudi
15-08-2018,0.89,13.9,3,10.4,13.4,15.2,8.9,16,46,0.1,0.1,0,30,85,3.9,260,28,745,-0.2,3,27.37,Vellagapudi
16-08-2018,0.98,21.2,3.4,6.5,9.9,19,8.5,7,20,0.1,0,0,30.9,79,6.4,234,63,745,-0.3,6.5,28.18,Vellagapudi
17-08-2018,0.96,26.1,2.6,8.3,10.9,13.6,8.6,13,28,0.1,0.1,0,31.4,76,6.1,248,89,745,-0.3,6.5,30.16,Vellagapudi
18-08-2018,0.87,28,2.2,6.3,8.5,14.7,9.2,12,31,0.1,0,0,31.3,77,6.3,279,73,746,-0.3,115.5,29.76,Vellagapudi
19-08-2018,1,19.6,1.4,6.3,7.7,16.6,8.6,9,11,0.1,0,0,28.1,91,5,293,11,746,-0.3,14,29.31,Vellagapudi
20-08-2018,1.16,20.2,5.1,9.4,14.4,16.5,8.7,10,20,0.2,0.1,0,29.6,84,8,272,51,747,-0.5,9,28.46,Vellagapudi
21-08-2018,1.05,23.3,4.4,10.1,14.5,10.1,9.3,10,25,0.1,0.1,0,33,69,8.1,274,129,749,-0.5,0,30.13,Vellagapudi
22-08-2018,1.16,18.6,1.8,6.7,8.5,14.9,9.1,8,17,0.1,0,0,30.7,77,3.5,268,12,750,-0.2,0,29.95,Vellagapudi
23-08-2018,0.82,32.3,2.9,12.4,15.4,13.1,8.9,12,32,0.1,0,0,34.1,69,5,295,85,749,-0.3,0,30.1,Vellagapudi
24-08-2018,1.37,23,4.2,19.3,23.5,16.6,9.4,16,42,0.1,0.1,0,32.3,76,4.6,266,53,748,-0.3,0.5,29.41,Vellagapudi
25-08-2018,1.1,22.2,4.9,21,26,18.3,9.9,20,63,0.1,0.1,0,32.7,74,3.9,274,60,749,-0.2,0,29.75,Vellagapudi
26-08-2018,0.94,22.5,3.1,13,16.1,19.6,10,13,37,0.1,0.1,0,31.6,76,4.4,281,58,748,-0.2,2.5,29.22,Vellagapudi
27-08-2018,0.89,20.3,4.2,13.3,17.5,19.1,8.7,10,24,0.1,0.1,0,30.1,83,3.8,285,55,749,-0.2,13,28.94,Vellagapudi
28-08-2018,0.93,24.1,6.3,17.4,23.8,18.2,9.9,16,48,0.1,0.1,0,32.3,75,4.1,242,101,748,-0.2,0,29.45,Vellagapudi
29-08-2018,1.17,29.4,4.1,16.4,20.5,20.3,9,23,58,0.1,0.1,0,33.1,73,3.9,238,112,750,-0.2,0,29.75,Vellagapudi
30-08-2018,1.4,29.5,6,20.1,26.1,20.9,9.7,30,84,0.1,0.1,0,33.5,73,4,241,112,750,-0.2,0,30.42,Vellagapudi
31-08-2018,1.36,27.6,3.5,18.6,22.1,21.3,12.1,22,62,0,0.1,0,32.4,73,4.4,249,80,750,-0.2,0.5,29.74,Vellagapudi
01-09-2018,1.73,24.9,4.2,20.5,24.7,23.6,11.5,26,63,0.1,0.1,0,32.1,77,3.3,240,79,751,-0.1,0,29.43,Vellagapudi
02-09-2018,1.69,24,7.3,25.2,32.5,22.3,11.5,28,76,0.1,0.2,0,33,73,4.2,247,104,751,-0.2,0,29.45,Vellagapudi
03-09-2018,1.7,25.2,7.2,21.9,29.1,23.1,13.4,20,67,0.1,0.1,0,33.1,70,3.8,263,99,752,-0.2,0,30.1,Vellagapudi
04-09-2018,1.73,26.9,9.3,25.5,34.8,21,11.6,23,80,0.1,0.1,0,33.8,67,4.4,261,111,752,-0.2,0,29.7,Vellagapudi
05-09-2018,1.8,28.9,5.2,17.2,22.4,19.4,14.1,20,73,0.1,0.1,0,33.4,69,4.9,262,103,751,-0.2,0,29.5,Vellagapudi
06-09-2018,1.55,31.8,4,21.6,25.6,17.1,12,26,82,0.1,0.1,0,32.9,67,5.4,282,82,749,-0.3,0,29.34,Vellagapudi
07-09-2018,1.52,34.8,9.8,25.5,35.4,18,11,31,102,0.1,0.2,0,32.9,68,4.4,255,89,750,-0.2,0.5,29.88,Vellagapudi
08-09-2018,1.51,29.2,11.1,20,31.1,23.3,9.8,25,85,0.1,0.1,0,33.4,67,4.2,245,140,751,-0.2,0,30.15,Vellagapudi
09-09-2018,1.84,42.7,5.8,18.7,24.5,19.9,13.3,26,78,0.1,0.1,0,34.7,64,2.9,190,131,753,-0.1,0,30.34,Vellagapudi
10-09-2018,1.5,32.4,9.1,31.2,40.3,24.5,11.6,36,84,0.1,0.1,0,33.3,70,2.6,129,93,755,0,0,30.06,Vellagapudi
11-09-2018,1.05,30.4,9.1,32.2,41.3,22.2,8.9,35,80,0.1,0.1,0,32.9,74,2.2,172,76,755,0,0,30.65,Vellagapudi
12-09-2018,0.6,39.3,4.1,23.4,27.6,19.8,10.6,41,81,0,0.1,0,33.2,74,2.6,203,93,753,-0.1,0,30.69,Vellagapudi
13-09-2018,0.59,37.5,2.4,16.5,18.9,22,11.4,40,61,0,0.1,0,31.9,81,2.5,166,59,752,0,62.5,30.93,Vellagapudi
14-09-2018,0.81,34.1,3.4,20.7,24.1,19.7,8.6,39,70,0.1,0.2,0,33.2,76,2.2,132,96,753,0,0,30.3,Vellagapudi
15-09-2018,0.65,37.8,3.3,23.7,27,22,11.3,38,85,0.1,0.1,0,33.8,71,2.6,248,106,753,-0.1,0,30.19,Vellagapudi
16-09-2018,0.43,35.8,3.1,21.9,25,21.9,13.8,36,81,0.1,0.1,0,34.1,70,3,212,90,750,0,0,29.61,Vellagapudi
17-09-2018,1.02,34,5.2,22.5,27.7,18.8,8.3,30,53,0,0.1,0,31,79,3.6,225,57,750,-0.1,31,28.19,Vellagapudi
18-09-2018,1.33,40.6,3.4,16.4,19.8,17.7,10.9,23,37,0,0,0,30.5,81,4.4,283,76,750,-0.2,3,27.68,Vellagapudi
19-09-2018,1.04,38.9,3.5,16.8,20.3,17.4,10,26,46,0,0,0,31.1,79,4.8,297,90,750,-0.2,2.5,28.22,Vellagapudi
20-09-2018,0.62,26.9,3.4,25,28.5,17.9,14.1,39,83,0.1,0.2,0,30.5,80,4.5,291,37,747,-0.2,3,27.38,Vellagapudi
21-09-2018,0.81,40.3,3.3,22,25.4,19.5,7.2,36,75,0,0.1,0,30.8,79,3.3,195,55,748,-0.1,1.5,28.84,Vellagapudi
22-09-2018,0.46,42,2.6,14.1,16.7,18.1,12.7,22,45,0,0.1,0,31,78,3.6,137,86,754,0,0,29.25,Vellagapudi
23-09-2018,0.4,27.7,3.1,11.8,14.9,16.5,12,19,53,0,0.1,0,32.1,78,3.9,125,94,756,0,0,28.89,Vellagapudi
24-09-2018,0.89,20.8,6.2,14.3,20.5,15.5,15.2,19,50,0,0.1,0,32.4,77,2.8,149,92,756,0,0,28.39,Vellagapudi
25-09-2018,0.96,27,8.2,22.2,30.4,19.4,14.5,23,52,0,0.1,0,33.2,74,2.3,148,94,754,0,0,29.25,Vellagapudi
26-09-2018,0.79,27,7.1,25.2,32.3,18.3,14,24,46,0,0.1,0,30.8,80,2.4,178,72,754,0,78,29.06,Vellagapudi
27-09-2018,0.86,21.8,9.7,27,36.7,18.5,12.3,24,46,0.1,0.2,0,31.7,80,1.9,154,94,754,0,1.5,29.07,Vellagapudi
28-09-2018,0.78,15.8,14,13.9,28,19.3,10.6,12,34,0,0.1,0,32.8,76,2.4,132,94,754,0,0,29.04,Vellagapudi
29-09-2018,0.9,19.4,15.2,15.2,30.4,15.3,11,14,42,0,0.1,0,33.3,74,2,154,102,754,0,0,29.49,Vellagapudi
30-09-2018,0.84,25.3,10.1,14.1,24.3,16.9,11.9,,41,0,0.1,0,33.8,74,2.1,135,103,754,0,0,29.9,Vellagapudi
01-10-2018,0.77,20.6,6.8,12.7,19.5,18.8,8,10,37,0,0,0,32.9,74,3.1,153,89,754,0,0,29.22,Vellagapudi
02-10-2018,0.66,12.2,21.9,14.4,36.4,16.4,7.2,10,103,0,0.1,0,31.9,80,1.8,125,89,756,0,0,29.6,Vellagapudi
03-10-2018,1,29.7,6.4,14.6,21.1,16.8,16.2,12,40,0,0.1,0,34.6,68,3.2,116,107,755,0,0,29.85,Vellagapudi
04-10-2018,0.57,22.4,7.9,16.6,24.5,16.6,13.2,15,39,0,0.1,0,32.8,74,3.2,90,99,754,0.1,0,29.54,Vellagapudi
05-10-2018,0.88,29,7,20.2,27.3,15.7,12,27,62,0,0.2,0,32.3,76,3.2,81,99,756,0.1,0,28.66,Vellagapudi
06-10-2018,0.79,44.6,8.2,25.4,33.6,18.6,13.4,53,117,0,0.2,0,32.2,74,2.6,139,97,756,0.1,0,29.39,Vellagapudi
07-10-2018,1.07,52.4,5.7,24.9,30.6,21.9,16.4,62,139,0.1,0.1,0,33,71,3,122,84,754,0,0,29.36,Vellagapudi
08-10-2018,1.22,37.3,15.5,42.5,58.1,18.8,11.9,60,148,0.1,0.1,0,32.9,70,2.2,163,96,754,0,0,29.7,Vellagapudi
09-10-2018,1.15,36.8,19.2,49.8,69.1,19.1,28.1,63,180,0.1,0,0,32.4,68,2.4,240,82,752,0,0,29.98,Vellagapudi
10-10-2018,1.03,52.8,3,20.8,23.8,20.4,23,52,152,0,0.1,0,32.1,66,5,299,69,750,-0.2,0,29.37,Vellagapudi
11-10-2018,1.02,66.1,2.4,22.2,24.6,17.5,23,52,151,0.1,0,0,31.7,62,5.5,285,67,749,-0.2,0,30.07,Vellagapudi
12-10-2018,0.59,43.7,3.9,29.3,33.2,17,23.2,40,116,0.1,0.1,0,32.8,65,3,242,89,752,-0.1,0,30.03,Vellagapudi
13-10-2018,0.99,36.2,6,29.7,35.7,20,16.9,47,122,0.1,0.1,0,32.6,72,2.3,183,89,755,0,0,29.96,Vellagapudi
14-10-2018,0.91,27.3,4.7,22.8,27.6,21.8,10.6,37,93,0,0.1,0,31.8,80,2.2,109,56,756,0,6,29.3,Vellagapudi
15-10-2018,1.09,17.6,8,27.7,35.7,20.6,8.7,38,76,0,0.1,0.1,31,83,2,118,49,758,0,12.5,28.8,Vellagapudi
16-10-2018,1.03,21.9,9.8,24.9,34.8,19,10.9,33,72,0,0.2,0,30.8,82,2.5,108,67,758,0,0,28.56,Vellagapudi
17-10-2018,0.82,18.4,11.1,24.7,35.8,17.9,10.9,25,50,0,0.1,0,30.2,85,2,130,44,757,0,0,27.08,Vellagapudi
18-10-2018,0.98,18.4,13,23,36,17.8,11.2,36,63,0.1,0.2,0,30,85,1.8,181,45,757,0,0,26.82,Vellagapudi
19-10-2018,0.95,37.5,5.8,24.4,30.1,19.3,14,46,98,0.1,0.1,0,31.1,74,2.4,130,93,757,0,0,27.86,Vellagapudi
20-10-2018,1.15,40.8,6.7,31.4,38.1,19.8,13.5,62,152,0.1,0.2,0,31.4,71,1.8,173,79,758,0,0,28.42,Vellagapudi
21-10-2018,1.26,40.7,10.2,26.3,36.6,17,13.8,68,145,0,0,0,31.7,72,2.5,148,94,758,0,0,28.57,Vellagapudi
22-10-2018,1.19,34,9,31.7,40.7,15,12.2,72,166,0,0,0,32.2,75,1.8,190,90,757,0,0,28.88,Vellagapudi
23-10-2018,1.28,34.8,10.2,25.8,36.1,14.7,10.6,71,149,0.1,0.1,0,31.8,77,2.4,167,82,757,0,0,29,Vellagapudi
24-10-2018,1.03,34.7,11.1,31.3,42.4,13.7,11.4,68,149,0.1,0.1,0,31.8,72,2.2,156,86,757,0,0,28.99,Vellagapudi
25-10-2018,1.22,33.6,9.8,35.7,45.6,12.1,10.7,59,133,0.1,0.3,0,31.7,72,2.2,101,80,759,0,0,29.08,Vellagapudi
26-10-2018,1.29,40.4,9.3,37.2,46.6,15.7,13.4,59,136,0.1,0.2,0,31,69,3.2,126,90,760,0,0,28.72,Vellagapudi
27-10-2018,1.13,40.4,1.6,45.7,47.2,14.1,23.4,68,161,0.1,0.4,0.1,30,64,2.3,183,93,759,0,0,28.35,Vellagapudi
28-10-2018,0.85,35.8,1.5,37.3,38.8,13.5,14.1,52,117,0.1,0.3,0,29.6,62,3.5,148,95,758,0.1,0,28.13,Vellagapudi
29-10-2018,1.01,36.9,1.4,37.1,38.4,15.1,23.3,50,121,0.1,0.2,0,29.8,65,2.9,184,91,756,0,0,28.06,Vellagapudi
30-10-2018,1.27,30.6,1.2,34.6,35.8,14.7,13.7,56,116,0.1,0.1,0,30.6,69,2.8,155,88,755,0,0,28.48,Vellagapudi
31-10-2018,0.84,30.1,1.2,20.1,21.4,12.4,10.7,32,63,0,0.2,0,30.9,76,3.7,92,72,756,0,0,28.31,Vellagapudi
01-11-2018,0.77,24,4.9,34.8,39.6,9.8,11.1,23,46,0,0.1,0,30.1,79,2.9,115,55,757,0.1,3.5,27.43,Vellagapudi
02-11-2018,0.88,17.8,7.7,32.9,40.6,2.1,8.9,18,48,0,0.1,0,30.7,79,3.1,118,67,757,0,0,27.8,Vellagapudi
03-11-2018,0.89,23.4,4.1,30.4,34.4,1.6,8.6,14,37,0,0.1,0,31.3,77,4.4,88,74,758,0.1,0,28,Vellagapudi
04-11-2018,0.54,21.5,5,27,31.9,2.8,10.1,17,40,0,0.1,0,31.3,77,3.3,101,78,758,0,0,28.06,Vellagapudi
05-11-2018,0.75,16.5,21.2,39,60.3,3.5,10.5,23,72,0,0.1,0,31.5,75,2,144,73,758,0,0,28.32,Vellagapudi
06-11-2018,0.94,23,19,41.1,60.1,1.7,10.3,23,65,0,0.1,0,31.4,76,2.2,123,75,758,0,0,27.92,Vellagapudi
07-11-2018,1.09,26.8,16,45.5,61.5,2.3,11.1,44,77,0,0.1,0,30.8,75,2.3,152,86,758,0,0,27.94,Vellagapudi
08-11-2018,1.09,28.9,7.4,47.6,55,2.5,13.1,68,110,0,0.1,0,30.5,74,2.6,136,85,757,0,0,27.67,Vellagapudi
09-11-2018,1.08,25.6,19.6,57.8,77.4,3.3,10.8,53,113,0,0.1,0,30.9,74,2.1,163,86,757,0,0,27.9,Vellagapudi
10-11-2018,0.81,25.9,16.5,63,79.5,3.3,20.2,58,118,0,0.1,0,30.9,74,2.1,173,83,757,0,0,28.11,Vellagapudi
11-11-2018,1.25,29.5,14.6,65.9,80.5,3.4,12.6,71,133,0.1,0.3,0,30.5,73,2,161,75,757,0,0,28.12,Vellagapudi
12-11-2018,1.21,32.8,16.1,80.7,96.8,3.1,30.9,87,170,0.1,0.4,0.1,28.9,70,2.2,165,70,757,0,0,27.22,Vellagapudi
13-11-2018,1.16,35.8,19.4,74.3,93.8,4.6,29.5,76,172,0.1,0.3,0.1,28.9,64,2.3,198,85,755,0,0,27.06,Vellagapudi
14-11-2018,1.23,31.5,13,77.1,90.2,3.6,15.6,71,147,0.1,0.6,0.1,29.9,64,2.3,159,86,757,0,0,27.9,Vellagapudi
15-11-2018,1.03,35.2,4,60.6,64.6,4,19.3,53,114,0.1,0.2,0,30.9,66,3.6,83,57,757,0.1,0,28.09,Vellagapudi
16-11-2018,0.82,22.2,9.2,47.8,57,6.4,10.5,31,63,0,0.1,0,30.7,78,4.5,105,68,757,0,0,27.9,Vellagapudi
17-11-2018,0.89,16,13.2,40.6,53.9,9.1,6.7,17,47,0,0.1,0,30.7,80,3,126,65,757,0,0.5,27.69,Vellagapudi
18-11-2018,0.86,15.4,13.6,36,49.7,10.6,7.8,19,46,0,0.1,0,31.2,79,2.9,119,67,758,0,0,27.77,Vellagapudi
19-11-2018,0.95,22.2,5,38,43.1,10,9.3,29,70,0,0,0,31.4,76,3.3,95,70,759,0,0,28.12,Vellagapudi
20-11-2018,1.08,36.1,3.4,37.1,40.5,10.1,12.1,49,101,0,0.1,0,31.2,70,4,91,77,759,0,0,27.82,Vellagapudi
21-11-2018,1.2,35.2,4.3,48.9,53.3,9.3,14.3,57,119,0,0.1,0,30.3,70,3.7,85,72,759,0,0,26.99,Vellagapudi
22-11-2018,1.16,33.6,11.3,65.4,76.7,8.1,13.7,74,140,0.1,0.2,0.1,29.5,74,2.8,68,30,760,0.1,0,26.71,Vellagapudi
23-11-2018,1.31,36.8,5.8,72.3,78.1,5.9,10.5,76,159,0.1,0.3,0,30.2,73,2.5,102,68,761,0.1,0,27.14,Vellagapudi
24-11-2018,1.38,34.3,13.4,87.9,101.4,6.6,16.8,82,171,0.1,0.2,0,29.8,68,2.3,140,79,761,0.1,0,26.92,Vellagapudi
25-11-2018,1.24,35.4,12.1,86.7,98.8,4.6,18.6,86,194,0.1,0.2,0,28.5,66,2,127,76,760,0,0,26.39,Vellagapudi
26-11-2018,1.3,38.1,9.1,96,105.1,3.3,16.8,85,184,0.1,0.2,0,28.2,67,2,133,80,759,0,0,25.68,Vellagapudi
27-11-2018,1.68,41.6,17.6,102.6,120.2,3.1,20.9,93,187,0.1,0.3,0.1,27.7,67,2.4,110,75,760,0.1,0,25.45,Vellagapudi
28-11-2018,1.27,35.9,6.2,86.5,92.7,2.7,14.9,78,149,0.1,0.2,0,28.3,70,2.8,115,70,760,0.1,0,25.67,Vellagapudi
29-11-2018,1.02,34,6.7,81.5,88.3,2.8,14.5,70,133,0.1,0.3,0,29.4,69,2.4,95,66,761,0.1,0,26.37,Vellagapudi
30-11-2018,1.39,24.2,14.1,87.5,101.7,6,22.9,68,157,0.1,0.2,0.1,28.5,67,1.7,154,73,761,0.1,0,26.46,Vellagapudi
01-12-2018,1.15,22.2,9.8,89.6,99.4,4,13.9,77,157,0.1,0.5,0.1,28.7,70,2,138,63,759,0,0,26.09,Vellagapudi
02-12-2018,1.12,30.1,3.4,67.2,70.6,1.8,13.7,69,122,0.1,0.4,0,28.7,71,3.4,78,69,757,0.1,0,26.07,Vellagapudi
03-12-2018,1.17,33.8,4.4,69.4,73.7,2.8,14,75,132,0.1,0.1,0,29.1,69,3.6,80,69,759,0.1,0,26.33,Vellagapudi
04-12-2018,1.13,32.2,4.1,86.5,90.6,4.6,13.4,99,143,0.1,0.1,0,28,77,3.9,118,37,758,0.1,0.5,26.53,Vellagapudi
05-12-2018,1.52,28.2,7,87.2,94.2,9,13.6,93,148,0.1,0.2,0,29.3,76,2.7,91,43,758,0.1,0.5,26.4,Vellagapudi
06-12-2018,1.04,26.4,6.1,99,105.1,7,12,94,147,0.1,0.1,0,30,78,2.5,118,61,757,0,0,26.64,Vellagapudi
07-12-2018,0.82,29.3,4.6,92.9,97.5,6.3,10.7,102,158,0.1,0.1,0,29.9,79,3,105,57,757,0,0,26.7,Vellagapudi
08-12-2018,1.37,33.2,5.3,93.5,98.8,8.3,11.1,111,173,0.1,0.1,0,29.8,78,2.7,113,55,758,0,0,26.62,Vellagapudi
09-12-2018,1.44,31.5,4.3,74.6,78.9,10.9,10.1,112,168,0.1,0.1,0,29.5,76,2.6,123,60,758,0,0,26.32,Vellagapudi
10-12-2018,1.16,28.1,5.8,73.1,78.9,14.1,9.8,105,162,0.1,0.1,0,27.9,76,2.7,151,51,758,0,0,26.21,Vellagapudi
11-12-2018,1.2,28.9,5.9,73.7,79.6,17.1,11.8,90,164,0.1,0.1,0,27,75,2.4,141,54,758,0,0,26.33,Vellagapudi
12-12-2018,1.24,31.6,5,67,72,16.8,10.8,88,145,0.1,0.2,0,27.4,76,3.1,100,64,758,0,0,26.64,Vellagapudi
13-12-2018,0.97,29.7,5.1,64.9,70.1,16.6,12.3,74,129,0.1,0.1,0,27.2,75,3.2,93,57,758,0,0,26.24,Vellagapudi
14-12-2018,1.09,32.3,5.2,73.8,79,16.7,17.7,91,165,0.1,0.3,0.1,27.4,69,3.3,90,66,760,0.1,0,26.29,Vellagapudi
15-12-2018,1.1,39.9,3.3,58.1,61.5,18.3,24.2,96,177,0.1,0.1,0,27.5,62,4,69,58,760,0.1,0,26.26,Vellagapudi
16-12-2018,0.92,25.8,3.5,49.2,52.7,20.8,23.6,76,128,0.1,0.1,0,23,78,4.1,207,24,759,0,5,22.84,Vellagapudi
17-12-2018,0.79,18.7,2,30.4,32.4,21,10.9,15,25,0,0,0,21.2,94,6.2,292,17,756,-0.2,206,22.64,Vellagapudi
18-12-2018,0.53,17.4,2.2,28.2,30.4,22.5,12.6,12,22,0,0,0,22.7,84,4.5,300,46,759,-0.1,0,22.73,Vellagapudi
19-12-2018,0.82,16.9,5.6,38.9,44.6,23.8,22.1,19,39,0,0,0,24.2,80,2.9,239,58,760,0,0.3,23.14,Vellagapudi
20-12-2018,1.12,18.2,6.6,54.1,60.6,21.7,35.3,31,62,0.1,0.1,0,25.7,78,2.1,138,76,760,0,0,24.67,Vellagapudi
21-12-2018,0.89,24.4,6.5,63.4,69.9,18.9,29.4,51,87,0.1,0.2,0,26.1,77,2.3,83,72,759,0.1,0,24.97,Vellagapudi
22-12-2018,1.17,27.2,3.7,56,59.6,17.8,13.4,56,84,0.1,0.1,0,25.9,79,2.7,116,71,760,0,0,25.28,Vellagapudi
23-12-2018,1.04,33,2.8,46.4,49.2,19.9,12.5,85,123,0.1,0.2,0,25.7,78,3,78,67,760,0.1,0,25.07,Vellagapudi
24-12-2018,1.35,28.8,5.7,69,74.7,19.3,39.9,96,145,0.1,0.2,0,26.1,77,1.8,122,72,760,0,0,24.92,Vellagapudi
25-12-2018,1.16,24.7,13.3,76.9,90.3,19.4,19.8,91,133,0.1,0.2,0,26.1,78,1.5,125,73,759,0,0,24.87,Vellagapudi
26-12-2018,1.07,20.5,15.4,73.8,89.2,18.2,10,79,117,0.1,0.1,0,26,81,2.4,137,62,759,0,0,24.99,Vellagapudi
27-12-2018,0.85,27.4,4.4,53.4,57.7,20.4,9.9,64,95,0,0.1,0,26.4,79,2.6,133,65,759,0,0,24.96,Vellagapudi
28-12-2018,0.91,23,13,69.3,82.3,21.4,16.6,74,129,0.1,0.2,0,26,74,2.6,164,57,758,0,0,23.6,Vellagapudi
29-12-2018,1.01,24,5.5,67.6,73,20.9,29.1,84,147,0.1,0.2,0,23.7,70,2.2,162,74,761,0,0,21.78,Vellagapudi
30-12-2018,1.34,30.9,4.5,76.2,80.7,15.1,33.2,95,154,0.1,0.4,0,24.4,70,2.6,98,73,763,0.1,0,23.36,Vellagapudi
31-12-2018,1.07,28.6,4.2,75.7,79.9,15.5,29.3,79,137,0.1,0.2,0,23.4,66,2.2,151,80,764,0,0,23.01,Vellagapudi
01-02-2019,1.03,47.3,5,66.3,71.3,15.8,13,63,113,0.1,0.3,0,25.4,74,2.3,121,72,760,0,0,24.06,Vellagapudi
02-02-2019,1.12,40.2,28.7,83.5,112.2,14.4,10.5,73,132,0.1,0.1,0,25.1,74,2.3,164,80,761,0,0,24.7,Vellagapudi
03-02-2019,1.28,48.5,6,68.5,74.5,13.4,18.2,78,129,0.1,0.1,0,25.5,75,2.9,133,77,761,0,0,25.11,Vellagapudi
04-02-2019,0.99,62.1,2.7,59.4,62.1,15.6,16,73,129,0.1,0.1,0,26.7,70,3,104,82,763,0,0,25.4,Vellagapudi
05-02-2019,1.73,40.6,13.8,82.2,96,14.4,13.3,83,152,0.1,0.2,0,26.5,74,2.2,132,79,762,0,0,25.64,Vellagapudi
06-02-2019,0.98,34.7,14.4,71.6,86,8.9,17.3,80,137,0.1,0.1,0,26,76,2.6,125,74,759,0,0,25.95,Vellagapudi
07-02-2019,0.72,34,6.3,25.1,31.4,12.2,12,73,122,0,0.1,0,26.2,74,3.9,124,76,759,0,0,26.11,Vellagapudi
08-02-2019,0.58,37.8,2.1,16.1,18.2,17.2,8.8,58,95,0,0,0,27.3,76,3.8,129,64,759,0,0,26.59,Vellagapudi
09-02-2019,0.67,32.5,5.4,23.3,28.8,17.3,13.7,65,131,0,0.1,0,27.4,75,2.2,192,52,759,0,0,27.39,Vellagapudi
10-02-2019,0.52,31.7,1,16,17,13.8,10,56,143,0,0,0,26.6,68,3.4,178,78,761,0,0,26.14,Vellagapudi
11-02-2019,0.68,34.9,2.3,18.2,20.5,16.6,8.7,76,124,0,0,0,27.5,77,3.7,94,67,762,0,0,26.4,Vellagapudi
12-02-2019,0.66,39,3.4,25.9,29.3,14.1,8.3,66,121,0,0.1,0,27.2,75,3.4,113,80,763,0,0,25.93,Vellagapudi
13-02-2019,0.78,41.8,2.6,29.8,32.4,14.8,8.6,74,147,0.1,0.1,0,26.7,76,2.8,139,83,763,0,0.3,25.65,Vellagapudi
14-02-2019,0.85,37,14.9,34.8,49.7,16.3,9.4,68,128,0.1,0,0,26.5,73,2.5,149,86,760,0,0,26.05,Vellagapudi
15-02-2019,0.7,40.1,1.7,21.9,23.6,17.1,7.1,57,96,0,0,0,27.2,77,4,129,84,759,0,0,26.62,Vellagapudi
16-02-2019,0.56,31.3,1.9,15.3,17.3,14.5,7.6,33,62,0,0,0,27.3,78,4.4,133,73,759,0,0,27.06,Vellagapudi
17-02-2019,0.54,26.9,1.4,13.4,14.8,12.8,13.1,32,60,0,0,0,28.4,77,3.5,130,64,757,0,0,28.17,Vellagapudi
18-02-2019,0.6,23.9,8.1,17.7,25.8,10,12.4,36,76,0,0,0,29.1,76,2.8,140,75,756,0,0,28.59,Vellagapudi
19-02-2019,0.58,16.8,7.3,16.2,23.5,11.6,9.9,31,60,0,0,0,28.9,78,3.9,132,71,758,0,0,28.35,Vellagapudi
20-02-2019,0.6,24.5,8.5,16.4,24.9,10.1,10.6,32,77,0,0,0,28.5,76,3.9,139,83,761,0,0,27.36,Vellagapudi
21-02-2019,0.71,31.5,16.9,20.7,37.6,9.4,8.5,39,90,0,0,0,28.2,74,2.7,178,85,762,0,0,27.15,Vellagapudi
22-02-2019,0.66,34.4,27.3,25.5,52.8,10.5,13.6,37,113,0,0,0,28.8,68,2.3,186,89,759,0,0,27.65,Vellagapudi
23-02-2019,0.6,30.2,42.5,29.6,72.3,9.5,9.8,44,149,0,0.1,0,29.1,58,2.7,163,88,757,0,0,28.09,Vellagapudi
24-02-2019,0.56,31,23.4,25.5,49,13.1,14.5,43,123,0,0.1,0,28.4,65,3.4,168,87,756,0,0,27.84,Vellagapudi
25-02-2019,0.51,29.2,3.1,18.3,21.4,14.7,13.8,33,74,0,0,0,28.4,72,4.5,147,86,755,0,0,27.98,Vellagapudi
26-02-2019,0.47,18.3,3.4,12.2,15.6,11.5,10.2,22,52,0,0,0,28.5,75,5,126,81,754,0,0,27.84,Vellagapudi
27-02-2019,0.41,20,2.4,8,10.4,9.1,10,14,39,0,0,0,28.8,74,5.7,126,73,755,0,0,28.48,Vellagapudi
28-02-2019,0.58,22.2,2.7,13.6,16.3,9.1,16.8,22,52,0,0,0,29,77,4.3,113,78,755,0,1,28.67,Vellagapudi
01-04-2019,0.49,34.5,0.6,7.3,7.9,7.2,12.1,36,69,0.6,3.5,0.1,31.3,72,5.3,126,75,755,0,0,31.44,Vellagapudi
02-04-2019,0.52,29.6,0.9,8.6,9.5,6.2,14.3,30,62,1.2,2.4,0.2,30.6,69,5,143,92,755,0,0,30.84,Vellagapudi
03-04-2019,0.5,23.5,0.9,5.8,6.7,6.1,9.5,21,44,1.1,1.8,0.2,30.6,71,5.1,136,89,755,0,0,30.15,Vellagapudi
04-04-2019,0.43,22.9,3.7,7.5,11.2,5.4,10.2,14,39,1.3,2.1,0.2,30.3,71,4.5,140,85,755,0,0,29.98,Vellagapudi
05-04-2019,0.46,25.3,2.3,5.6,8,5.8,12.6,19,52,1,2.1,0.1,31.3,73,4.2,168,90,756,0,0,31.13,Vellagapudi
06-04-2019,0.43,39.7,1.7,5.4,7.1,6,13.5,22,66,0.5,2.1,0.1,31.9,67,5.1,157,85,755,0,0,31.58,Vellagapudi
07-04-2019,0.36,37.4,1,7,8,4.3,8.9,18,52,0.9,1.5,0.1,31,63,5.6,164,88,755,0,0,30.99,Vellagapudi
08-04-2019,0.38,23.8,1,4.2,5.2,4,12.5,15,33,0.7,1.3,0.1,31.3,70,5.4,137,84,754,0,0,30.83,Vellagapudi
09-04-2019,0.43,23.3,0.9,4.2,5.1,4.1,10.1,20,39,0.6,1.4,0.1,31.7,72,5.6,145,82,754,0,0,30.99,Vellagapudi
10-04-2019,0.42,36.6,0.7,2.9,3.6,4.3,8.4,16,36,0.7,2.2,0.1,32.2,70,4.9,145,86,755,0,0,31.26,Vellagapudi
11-04-2019,0.4,32.6,0.8,2.3,3,3.6,13,16,33,0.6,1.5,0.1,32,68,4.4,175,89,754,0,0,30.65,Vellagapudi
12-04-2019,0.38,27.8,1.4,5.6,7,3.9,12.2,19,47,0.8,2.2,0.2,32,70,4.2,125,94,754,0,0,31.26,Vellagapudi
13-04-2019,0.38,47.4,2.3,8.8,11.1,3.8,13.4,25,89,0.6,2.3,0.2,31.9,58,4.4,170,94,754,0,0,31.16,Vellagapudi
14-04-2019,0.36,28.9,1.2,6,7.1,3.8,14.9,16,49,0.5,1.4,0.1,32.3,66,4.5,143,94,754,0,0,32.36,Vellagapudi
15-04-2019,0.45,7.5,1.9,11.2,13.1,4,17.1,23,66,0.4,2.2,0.2,32.2,64,4.4,139,97,754,0,0,32.31,Vellagapudi
16-04-2019,0.65,18.1,2.2,22.1,24.3,6.2,20.8,25,81,0.6,2.2,0.1,32,63,3.8,141,88,754,0,0,31.03,Vellagapudi
17-04-2019,0.54,25.7,1.7,17,18.8,7,14.1,32,90,0.5,2.1,0.2,31.6,68,4.6,136,94,755,0,0,31.34,Vellagapudi
18-04-2019,0.51,26.8,2.2,13.3,15.5,6.5,10,19,53,0.2,2.9,0.1,32,71,5.2,136,87,754,0,0,31.75,Vellagapudi
19-04-2019,0.38,26.4,3,12.9,15.8,6.6,12.5,12,39,0.2,2.4,0.1,32.4,69,4.5,141,91,753,0,0,31.45,Vellagapudi
20-04-2019,0.35,23.7,2.3,12.3,14.7,4.5,17.7,11,37,0.3,2.2,0.1,32.4,69,5.3,148,83,752,0,0,31.96,Vellagapudi
21-04-2019,0.31,29.4,1.3,12.3,13.6,3.3,21.7,11,36,0,2.5,0.1,33,66,5.1,147,87,751,0,0,32.45,Vellagapudi
22-04-2019,0.5,32.5,2,21.4,23.4,3.5,24,23,69,0.4,2.6,0.2,32.6,60,3.8,151,92,752,0,0,32.21,Vellagapudi
23-04-2019,0.58,23.7,7.8,27.6,35.4,4.2,15.4,24,95,0.4,3.9,0.5,31.8,64,3.9,171,94,753,0,0,31.73,Vellagapudi
24-04-2019,0.5,23.6,2.6,17.1,19.7,4.1,12.6,18,55,0.2,2.5,0.2,32.5,67,4,151,96,754,0,0,31.58,Vellagapudi
25-04-2019,0.49,26,4.1,18.9,23,7.2,12.2,28,85,0.3,1.3,0.1,32.2,69,4.2,150,92,753,0,0,31.66,Vellagapudi
26-04-2019,0.52,33.7,2.2,18.4,20.6,8.1,7.5,27,77,0.2,1.8,0.1,33.1,68,3.7,142,88,752,0,0,32.2,Vellagapudi
27-04-2019,0.72,29.9,2.2,16.4,18.6,5.6,15.1,22,63,0.4,1.1,0.1,33.3,67,4.4,156,84,752,0,0,32.15,Vellagapudi
28-04-2019,0.41,23.2,2.1,14.9,17.1,4.4,13.6,15,46,0.1,1.3,0.1,32.9,66,5,154,86,752,0,0,32.27,Vellagapudi
29-04-2019,0.31,23.3,2.1,15.4,17.6,3.9,12.7,11,41,0,1.8,0.1,33,68,4.4,143,91,752,0,0,31.15,Vellagapudi
30-04-2019,0.41,35.7,1.9,18.9,20.8,5,13.2,19,61,0.1,1.8,0.1,33.6,67,3.8,130,85,750,0,0,32.57,Vellagapudi
01-05-2019,0.63,38.8,2.7,23.9,26.6,3,12.7,27,95,0.4,2.8,0.3,33.2,62,3.6,163,68,748,0,0,31.31,Vellagapudi
02-05-2019,0.8,56.7,1.4,27.8,29.2,3.5,15.2,41,120,0.6,3.6,0.4,32.8,64,3,230,52,746,-0.1,0,33.34,Vellagapudi
03-05-2019,0.76,60.9,3.4,35.4,38.9,5.5,17.3,56,179,0.7,5,0.5,35,53,3.8,225,76,747,-0.1,0,35.14,Vellagapudi
04-05-2019,0.54,67.9,0.7,22.9,23.6,7.1,17.6,44,169,0.4,2.4,0.3,35.9,53,4.4,225,99,751,-0.2,0,34.77,Vellagapudi
05-05-2019,0.51,70.8,1.1,22.6,23.7,6,13.9,40,149,0.3,1.9,0.1,36.3,52,4.1,209,101,752,-0.1,0,35.78,Vellagapudi
06-05-2019,0.66,68.1,1.1,20.4,21.5,7.8,20.3,48,137,0.3,2.1,0.1,35.1,61,4,138,89,751,0,0,34.99,Vellagapudi
07-05-2019,0.53,48.1,1.3,21.2,22.5,9.5,16.9,44,137,0.3,2,0.2,33.5,69,5,136,78,750,0,2.8,35.36,Vellagapudi
08-05-2019,0.76,56.3,1.1,27.1,28.2,7.4,20.2,46,137,0.5,3.2,0.2,35.1,62,3.4,147,98,750,0,0,35.49,Vellagapudi
09-05-2019,0.8,73,0.7,23.4,24.1,5.8,23,43,116,0.3,2.5,0.1,36,60,3.6,143,103,749,0,0,34.85,Vellagapudi
10-05-2019,0.62,56.4,0.8,20.3,21,6.3,17.5,39,107,0.2,2.2,0.1,35,64,4.2,115,99,750,0,0,34.3,Vellagapudi
11-05-2019,0.6,50.9,1.1,19.9,21,6.7,18.1,35,102,0.4,1.8,0.1,34.9,61,5.8,159,94,752,0,0,33.66,Vellagapudi
12-05-2019,0.57,45.9,0.9,20.9,21.8,5.2,13.2,43,109,0.2,1.8,0.1,33.8,65,4.2,153,93,752,0,0,32.74,Vellagapudi
13-05-2019,0.41,39.2,1,17.5,18.6,6.4,17.8,34,93,0.1,1.3,0,33.6,67,5.4,149,91,751,0,0,33.08,Vellagapudi
14-05-2019,0.49,37.1,1.3,19.9,21.2,4.6,18.6,36,92,0.1,1.2,0.1,33.8,69,5,143,95,752,0,0,33.33,Vellagapudi
15-05-2019,0.51,38.1,1.3,20,21.2,6.1,23.3,36,90,0.1,1.4,0.1,34.1,66,5.2,147,100,752,0,0,33.31,Vellagapudi
16-05-2019,0.55,36.1,1.2,18.6,19.8,4.2,16.7,34,83,0.1,1.6,0.1,33.9,66,5.2,151,95,753,0,0,32.48,Vellagapudi
17-05-2019,0.67,45.8,1.3,21.1,22.3,5.9,25.7,41,95,0.3,1.8,0.1,34.3,66,4.7,150,90,752,0,0,32.6,Vellagapudi
18-05-2019,0.46,45.1,0.8,17,17.8,4.2,18,35,89,0.1,1.1,0,34.6,65,5.3,187,101,751,-0.1,0,33.03,Vellagapudi
19-05-2019,0.54,45.5,0.9,18.9,19.8,4.1,23.3,41,94,0.1,1.3,0.1,34.4,65,4.9,154,100,751,0,0,34.05,Vellagapudi
20-05-2019,0.42,34.9,1.4,19.7,21.1,3.9,17.1,33,78,0.2,1.3,0.1,34.1,64,5.2,143,103,752,0,0,33.3,Vellagapudi
21-05-2019,0.51,36,1.6,21,22.5,3.6,23.3,34,86,0.1,1.4,0.1,33.7,64,5.5,137,102,752,0,0,32.61,Vellagapudi
22-05-2019,0.41,32.4,1.5,18.4,19.9,3.3,17.4,28,79,0.1,1,0.1,33.2,67,5.3,145,101,752,0,0,32.35,Vellagapudi
23-05-2019,0.53,30.4,1.3,16.8,18.1,3.2,13.1,31,76,0.2,1,0.1,33.1,67,6.1,136,100,752,0,0,32.51,Vellagapudi
24-05-2019,0.43,37.6,1.1,17.9,18.9,3.6,14,37,86,0.2,1.5,0.1,33.9,68,4.9,141,96,752,0,0,32.21,Vellagapudi
25-05-2019,0.63,48.7,0.6,17.3,17.9,3.3,20.9,42,101,0.2,2.2,0.1,36,64,5.1,177,90,749,0,0,33.57,Vellagapudi
26-05-2019,0.51,55.2,0.6,16.8,17.5,3.3,14.3,39,90,0.1,1.6,0.1,36,64,5,171,98,748,0,0,34.98,Vellagapudi
27-05-2019,0.47,51.1,0.8,18.3,19.1,4.7,14.6,39,87,0.1,1.3,0.1,35.4,66,5.2,141,94,748,0,0,34.43,Vellagapudi
28-05-2019,0.52,42,1,18.2,19.2,4.3,17,36,78,0.1,1.1,0.1,34.8,67,6.3,137,99,748,0,0,34.14,Vellagapudi
29-05-2019,0.45,41.6,1,16.3,17.3,4.5,17.6,38,77,0.1,1,0.1,34.3,68,7.2,128,92,748,0,0.5,33.63,Vellagapudi
30-05-2019,0.58,46.7,1.7,26.7,28.3,3.9,18.9,34,65,0.2,2.9,0.1,32.5,66,4.4,134,84,748,0,0.8,33.09,Vellagapudi
31-05-2019,0.52,48.4,1,17.5,18.5,4,13.5,37,77,0,1.1,0.1,34,69,5.3,127,88,749,0,0,33.24,Vellagapudi
01-06-2019,0.57,40,1.2,23.2,24.4,5,15.5,38,96,0.2,1.7,0.1,34.9,67,4,157,92,749,0,0,32.96,Vellagapudi
02-06-2019,0.49,54.9,0.7,18.2,18.9,4.5,16.8,40,88,0.1,1.2,0,35.2,66,5.2,144,93,748,0,0,33.85,Vellagapudi
03-06-2019,0.47,42.8,1,20.9,21.8,3.8,15.7,30,68,0.1,1.2,0.1,33.1,69,4.2,163,77,749,0,0,33.1,Vellagapudi
04-06-2019,0.76,43.8,1.1,27.5,28.7,3.7,16.1,40,105,0.1,2.3,0.2,33.6,68,3.5,127,81,749,0,0,33.22,Vellagapudi
05-06-2019,0.46,54.4,0.8,19.7,20.4,4.2,22.1,36,83,0.1,1,0,34.9,67,5.3,139,100,748,0,0,32.94,Vellagapudi
06-06-2019,0.6,42.3,1.4,20.7,22.1,7.6,26.6,24,61,0.3,1.6,0.1,32.8,69,4.7,177,92,748,-0.1,0,33.24,Vellagapudi
07-06-2019,0.52,57.6,1.4,23.7,25,6.2,23.5,25,60,0.1,1.3,0.1,36.9,59,6,200,102,748,-0.1,0,31.82,Vellagapudi
08-06-2019,0.62,56.1,1.9,24.1,26,7.3,18.2,32,71,0.1,1.3,0.1,34.3,68,4.4,182,75,748,0,5.5,32.25,Vellagapudi
09-06-2019,0.5,76.5,0.7,20.8,21.5,5.4,16.2,25,68,0.1,1,0,35.9,60,4,184,96,747,-0.1,0,33.52,Vellagapudi
10-06-2019,0.5,62.1,2.1,25.1,27.2,5.1,18.3,21,60,0.1,1.2,0.1,34.6,61,6.1,181,76,747,-0.1,0,33.14,Vellagapudi
11-06-2019,0.37,45.1,3.2,24.4,27.6,4.4,13.8,14,47,0.1,1.2,0.1,35.4,61,5.2,190,105,746,-0.1,0,34.26,Vellagapudi
12-06-2019,0.34,40.3,4.3,30.6,34.9,4.8,12.9,11,38,0.1,1.7,0.1,35.9,60,5.2,212,130,746,-0.2,8.8,35.43,Vellagapudi
13-06-2019,0.51,37.7,3.6,32.4,36,3.1,16.6,10,32,0.2,2.2,0.1,38.4,48,7.6,265,139,747,-0.5,0,34.11,Vellagapudi
14-06-2019,0.36,33.7,2.7,24,26.7,2,14.1,11,33,0.3,1.1,0,36.1,52,8.1,261,100,748,-0.5,0,34.25,Vellagapudi
15-06-2019,0.36,38.8,1.1,19,20.1,3.3,12.1,17,71,0.1,1,0,36.6,51,7.2,256,111,748,-0.4,0,35.43,Vellagapudi
16-06-2019,0.31,41.6,0.8,18.1,18.9,2.4,9.2,19,69,0.1,1.1,0,36.7,49,7.6,255,97,748,-0.4,0,35.96,Vellagapudi
17-06-2019,0.49,30.9,3.2,28.5,31.7,4.9,14,24,63,0.2,3.8,0.1,32.2,65,5.5,169,40,748,0,1,33.67,Vellagapudi
18-06-2019,0.49,31.1,7.7,37.3,45.1,2.8,13.4,25,72,0.3,3.7,0.3,34.9,54,4.3,227,77,748,-0.1,0,34.46,Vellagapudi
19-06-2019,0.46,40.3,2.2,27.3,29.5,3.6,18.2,20,69,0.2,2.8,0.1,37.4,49,6.6,228,116,746,-0.3,0,34.95,Vellagapudi
20-06-2019,0.45,34.9,3.5,25.4,28.9,4.3,19.2,13,37,0.3,1.6,0.1,33.6,62,6.6,219,84,747,-0.2,4,32.94,Vellagapudi
21-06-2019,0.58,32.9,2.4,29.7,32.1,4.8,16.2,18,40,0.2,2.1,0.1,31,75,3.4,209,42,748,-0.1,0.3,29.79,Vellagapudi
22-06-2019,0.5,36.5,1.1,26.1,27.2,5.5,16,17,42,0,1.7,0.8,32.1,69,4.4,242,51,747,-0.2,0,29.82,Vellagapudi
23-06-2019,0.45,42.4,1,23.6,24.6,4.8,14.9,14,34,0.1,1.3,0,31.3,69,4.7,184,52,747,-0.1,0,30.2,Vellagapudi
24-06-2019,0.45,43.2,1,20.7,21.7,5.2,16.5,17,34,0.1,1,0.1,31.6,72,3.4,124,70,749,0,1.3,31.39,Vellagapudi
25-06-2019,0.54,37.5,1.8,30.4,32.2,4.3,13,19,33,0.1,2.3,0.2,29.9,81,2.4,155,63,750,0,9,30.89,Vellagapudi
26-06-2019,0.54,24.8,4.5,36.3,40.8,4.1,17.8,21,39,0.1,2.1,0.3,30.4,79,3.3,195,62,750,-0.1,3.8,30.65,Vellagapudi
27-06-2019,0.34,27.7,2.5,26.4,28.8,2.9,18,13,32,0.1,0.9,0.1,33.5,64,6,237,112,747,-0.3,0,32.11,Vellagapudi
28-06-2019,0.36,32,1.7,22.1,23.8,3.3,19.7,8,24,0.1,0.4,0,34.6,57,8,268,99,747,-0.5,0,31.39,Vellagapudi
29-06-2019,0.33,32.8,1.3,21,22.3,2.8,18.3,8,22,0.1,0.2,0,33.5,57,9.2,272,63,747,-0.6,0,29.99,Vellagapudi
30-06-2019,0.35,40.2,1.1,22,23.1,2.1,17.4,12,25,0,0.4,0,32,62,8,270,71,747,-0.5,0.5,30.64,Vellagapudi
01-08-2019,0.4,20.8,1.3,4.6,5.9,2.3,13.5,9,21,0.1,0.5,0.1,28,84,5.7,208,48,750,-0.3,36.5,29.17,Vellagapudi
02-08-2019,0.24,18.1,1.2,2.1,3.3,2.4,12.8,7,13,0,0.3,0,26.8,86,6.1,247,28,749,-0.4,8.3,28.39,Vellagapudi
03-08-2019,0.34,19.8,1.1,3.5,4.6,4.6,12.3,8,19,0.1,0.4,0,28.9,76,6.2,246,60,750,-0.4,0,29.04,Vellagapudi
04-08-2019,0.34,23.9,1.7,4,5.7,6.1,10.4,9,18,0.2,0.4,0,29.9,71,7.9,244,77,749,-0.5,0,28.61,Vellagapudi
05-08-2019,0.36,26.3,2.4,5.9,8.3,6.2,27.8,8,17,0.3,0.5,0,30,72,8.3,253,61,747,-0.5,33,28.82,Vellagapudi
06-08-2019,0.34,21,2.5,6.4,8.9,6.2,11.1,7,14,0.1,0.6,0.1,28.6,79,6.2,258,32,746,-0.4,7.8,28.4,Vellagapudi
07-08-2019,0.25,21.5,2.8,6.3,9.1,6.2,10,8,18,0.2,0.5,0,29.5,74,6.3,264,40,744,-0.4,1,28.12,Vellagapudi
08-08-2019,0.29,22.1,3.1,8.1,11.2,6.2,11.3,8,21,0.3,0.6,0,30.9,69,6.4,234,71,744,-0.4,0.3,29.99,Vellagapudi
09-08-2019,0.4,23.1,2.8,9.9,12.7,6.9,10.4,11,31,0.1,1,0.1,31.7,68,4.9,217,87,747,-0.2,0.8,30.75,Vellagapudi
10-08-2019,0.3,26.4,2,7.6,9.7,6.9,18.4,14,39,0.3,0.8,0.1,32.1,65,5.2,261,88,748,-0.2,0,30.55,Vellagapudi
11-08-2019,0.37,33.8,1.5,6.2,7.7,6.6,14,21,46,0.3,0.8,0,32,65,5.2,278,96,748,-0.2,0,30.67,Vellagapudi
12-08-2019,0.33,32,1.8,6.6,8.4,6.5,13.5,21,51,0.4,0.8,0,31.8,67,4.8,294,95,748,-0.2,0,29.91,Vellagapudi
13-08-2019,0.52,27.7,3.1,13.1,16.3,9.3,20.1,22,55,0.1,1.3,0.1,29.5,80,4,282,58,748,-0.1,17.5,29.81,Vellagapudi
14-08-2019,0.44,29.8,2.8,11.9,14.7,11.4,9.5,22,47,0.1,1.7,0.2,30.8,76,3.7,223,91,750,-0.1,0,29.82,Vellagapudi
15-08-2019,0.59,34,1.8,9.1,10.9,14.3,19.2,21,46,0.2,1.9,0.2,31.3,76,3.9,206,109,751,-0.1,21.3,30.2,Vellagapudi
16-08-2019,0.4,35.6,2.3,9,11.3,11.8,28.8,16,32,0.2,1.7,0.1,31.3,74,3.6,227,114,750,-0.1,0,30.56,Vellagapudi
17-08-2019,0.43,27.3,2,9.7,11.7,13.7,21.1,18,31,0.3,3.3,0.1,29.6,82,3.9,223,70,750,-0.2,1.3,28.87,Vellagapudi
27-08-2019,0.65,33.3,5.9,20.1,26,9.7,6,14,42,0.2,1.2,0.2,31.7,68,3.1,211,19,749,0,0,29.36,Vellagapudi
28-08-2019,0.42,36.5,3.4,12.5,15.9,14.7,11.8,16,46,0.1,0.9,0.1,32.2,69,4.1,228,112,750,-0.1,0,29.5,Vellagapudi
29-08-2019,0.47,29,3.9,13.9,17.9,15.7,13.3,15,35,0.1,0.8,0.1,32,71,3.5,221,101,749,-0.1,9.5,29.74,Vellagapudi
30-08-2019,0.46,23.8,16.3,9.4,25.7,20.9,18.6,8,22,0.1,0.9,0.1,29.9,81,3.2,195,116,749,-0.1,1.8,28.79,Vellagapudi
07-10-2019,0.49,38,2.4,12,14.4,18.8,14.7,18,37,0.1,0.9,0.2,31.5,72,2.6,198,69,754,0,,27.83,Vellagapudi
08-10-2019,0.55,32,2.2,12,14.2,17.2,18.6,24,39,0.1,1,0.3,29.2,81,1.7,178,53,755,0,,27.6,Vellagapudi
09-10-2019,0.6,32.4,2.7,11.3,14,17.9,19.2,27,43,0.1,1.5,0.2,29.5,81,2.2,103,89,755,3,,27.69,Vellagapudi
10-10-2019,0.68,23.7,5.1,14.4,19.5,11.1,12.7,22,32,0.2,2.7,0.2,27.9,88,2.1,114,34,755,0.3,,28.02,Vellagapudi
11-10-2019,0.44,17.5,4.6,11.8,16.3,12.7,14.2,17,34,0.1,2.4,0.4,29.4,84,1.8,131,71,755,0,,27.56,Vellagapudi
12-10-2019,0.5,29.3,2.2,7.4,9.7,10.7,13.9,8,23,0.1,1.2,0.2,30.5,77,2.1,198,96,756,1,,27.71,Vellagapudi
13-10-2019,0.43,26.9,3.1,7.8,10.9,9.2,13.8,7,19,0.1,1.4,0.2,30,80,2,157,73,756,0.3,,28.17,Vellagapudi
14-10-2019,0.45,29.6,2.9,12.2,15,8.5,14.5,10,28,0.1,2,0.2,29.1,82,1.9,147,73,757,0.5,,27.93,Vellagapudi
15-10-2019,0.75,48.7,2.3,11.8,14.1,12.4,15.8,35,59,0.3,4.8,0.5,30.3,76,3.1,71,90,756,0,,27.91,Vellagapudi
16-10-2019,0.66,51,2.7,13.1,15.8,12,15.2,38,65,0.3,4.5,0.3,28.7,80,3.1,70,57,757,0,,27.3,Vellagapudi
17-10-2019,0.55,28,4.9,13.1,18,10.2,10.7,19,36,0.2,4.9,0.4,27.7,85,3,92,62,757,5,,26.62,Vellagapudi
18-10-2019,0.58,27.9,2.9,11.2,14.1,9.3,12.4,10,26,0.1,2.3,0.3,29.1,82,3.3,96,85,757,2,,26.78,Vellagapudi
19-10-2019,0.57,29.7,2.6,10.4,13.1,10.2,12.4,14,25,0.2,3.3,0.2,28,86,2.7,82,55,758,10.3,,26.7,Vellagapudi
20-10-2019,0.55,33.9,1.9,7.7,9.6,8.5,11.3,8,21,0.1,1.9,0.2,28.5,83,3.6,85,72,757,0.3,,26.56,Vellagapudi
21-10-2019,0.53,29,3.3,12.6,15.9,8.3,8.7,11,27,0.2,4,0.2,28.1,84,2.3,82,53,756,0.3,,26.69,Vellagapudi
22-10-2019,0.59,24.9,8.2,15.9,24.1,7.3,11.1,9,20,0.2,2.2,0.2,26.3,90,2,175,31,754,20.8,,26.06,Vellagapudi
23-10-2019,0.51,23.4,3.2,13.2,16.4,7.9,11.1,11,23,0.2,1.7,0.1,27.4,87,2.7,263,48,752,7,,26.67,Vellagapudi
24-10-2019,0.52,28,3.7,11.7,15.4,7.8,7.8,7,25,0.2,1.1,0.2,28.9,81,2.8,255,77,753,0,,27.13,Vellagapudi
25-10-2019,0.47,24.9,3.3,10.6,13.9,7.1,4.2,7,25,0.1,1.4,0.1,29.1,80,2.5,190,76,754,0,,26.32,Vellagapudi
26-10-2019,0.52,24.6,3.2,11.2,14.4,7.4,9.2,13,29,0.2,3.7,0.2,28.3,84,2.4,118,72,756,0.3,,27.02,Vellagapudi
27-10-2019,0.74,23,2.8,10.1,12.8,8.8,15,25,43,0.2,2.7,0.2,28.8,83,2.1,107,57,756,0,,27.03,Vellagapudi
28-10-2019,0.57,30.1,3.4,9.5,12.9,7.7,15,31,47,0.2,2.7,0.2,30.2,79,2.4,118,92,756,0,,27.12,Vellagapudi
29-10-2019,0.66,28.4,3.7,13.2,16.9,8.2,12.2,20,41,0.2,3.7,0.2,29.2,82,2.6,97,73,757,4.8,,27.09,Vellagapudi
30-10-2019,0.63,28.8,5.9,13.6,19.5,8.1,11.4,18,34,0.2,2.4,0.2,27.4,88,2.6,131,46,757,7,,26.97,Vellagapudi
31-10-2019,0.64,25,7.3,13.8,21.1,6.4,11.3,12,29,0.3,4,0.3,27.7,86,1.9,110,49,757,0.3,,26.75,Vellagapudi
01-11-2019,0.56,31.1,5.8,13.2,19,6.5,12.3,13,35,0.2,2.2,0.2,29.8,79,1.7,117,80,756,0,0,26.99,Vellagapudi
02-11-2019,0.62,32,6.8,11.4,18.2,7.1,11.6,19,40,0.2,1.6,0.1,29.6,79,2.2,119,78,757,0,0,27.2,Vellagapudi
03-11-2019,0.69,45.2,4.7,15.9,20.6,9.4,12.3,46,78,0.3,2.4,0.1,30,76,1.3,165,81,758,0,0,27.31,Vellagapudi
04-11-2019,0.7,41.4,4.1,20.4,24.5,10.5,18.7,57,103,0.4,6.1,0.2,30.1,75,2,190,88,758,0,0,27.98,Vellagapudi
05-11-2019,0.84,41.5,3.5,25.1,28.5,11.1,21.2,80,139,0.6,5.7,0.2,29.5,75,1.9,214,82,756,0,0,27.06,Vellagapudi
06-11-2019,0.87,42.2,4,22.5,26.5,12.8,19.2,89,148,0.8,9.6,0.2,29.7,77,1.8,169,75,754,0,0,27.71,Vellagapudi
07-11-2019,0.85,47,3.8,25.2,29.1,13.1,13.6,86,136,0.6,5.2,0.1,29.2,73,2.2,153,76,754,0,0,27.33,Vellagapudi
08-11-2019,0.73,53.3,2.5,18.8,21.3,13.8,21.4,80,127,0.4,4.2,0,28,74,2.3,202,79,754,0,0,27.38,Vellagapudi
09-11-2019,0.74,57.8,1.8,13.9,15.7,13.9,19.7,77,128,0.6,4.6,0.1,27.6,76,2.9,258,90,755,0,0,25.76,Vellagapudi
10-11-2019,0.63,44.3,1.8,12.1,13.9,11.2,11.3,49,79,0.5,2.3,0.1,28.1,73,2.3,191,91,756,0,0,25.89,Vellagapudi
11-11-2019,0.67,39,2.9,16.5,19.4,10.8,10.1,39,69,0.3,2.9,0.1,28.7,77,1.8,149,84,756,0,0,26.2,Vellagapudi
12-11-2019,0.71,35,3.8,20.1,23.9,10.6,10.8,37,69,0.2,2.6,0.1,29.3,74,2.1,107,91,758,0.1,0,26.61,Vellagapudi
13-11-2019,0.65,50.7,2.2,14.7,16.8,10.8,13.3,47,79,0.3,4.3,0,28.5,76,3.4,76,80,759,0.1,0,26.14,Vellagapudi
14-11-2019,0.73,60.7,2.5,16,18.5,10.4,11.6,51,92,0.4,2.6,0.1,28.9,70,3.3,79,88,759,0.1,0,26.16,Vellagapudi
15-11-2019,0.81,59.9,1.9,13,14.9,10.7,15,60,95,0.3,3.6,0,28.3,75,3,93,79,758,0.1,0,26.19,Vellagapudi
16-11-2019,0.86,46.9,2.1,15.6,17.7,11.5,11.5,66,107,0.3,4.8,0.1,28.7,76,1.8,117,76,758,0.1,0,25.86,Vellagapudi
17-11-2019,0.82,37.8,2.4,17.7,20.1,11.2,7.8,63,107,0.2,4.7,0,28.9,77,2,172,73,758,0,0,25.98,Vellagapudi
18-11-2019,0.79,37.7,2.3,13.9,16.2,10.4,15.3,42,70,0.1,2.6,0,29.5,77,2.3,130,71,758,0,0,26.13,Vellagapudi
19-11-2019,0.83,51.5,2.1,14.9,17,12.8,16.8,66,94,0.2,1.4,0,29.3,76,2.7,82,71,758,0.1,0,26.39,Vellagapudi
20-11-2019,0.78,60.8,1.9,13.2,15.1,13.1,14.9,79,112,0.3,1.9,0,28.2,77,3.1,89,73,758,0.1,0,25.94,Vellagapudi
21-11-2019,0.79,64.9,1.9,13.4,15.3,10.8,12.6,63,97,0.5,2.4,0,27.9,74,3.2,86,80,759,0.1,0,25.58,Vellagapudi
22-11-2019,0.66,55.3,2.3,15.8,18.2,9.5,8.2,54,88,0.6,12.9,0.1,27.5,76,2.1,88,70,760,0,0,25.02,Vellagapudi
23-11-2019,0.73,48.5,2,15.4,17.4,10.9,12.3,65,102,0.6,6.2,0.1,27.1,78,1.7,143,72,760,0,0,24.69,Vellagapudi
24-11-2019,0.83,52.5,2,15.9,17.9,11.8,13.1,76,112,0.7,8.9,0.1,27.2,77,1.6,126,74,759,0,0,24.77,Vellagapudi
25-11-2019,0.83,56.2,2.1,16,18.2,13.9,14.3,86,125,0.8,9.6,0.1,27,78,2.6,91,79,759,0.1,0,24.6,Vellagapudi
26-11-2019,1.12,63.9,1.8,15.8,17.6,12.2,18.1,77,123,0.8,4.9,0.1,27.8,72,3.7,78,92,758,0.1,0,25.49,Vellagapudi
27-11-2019,0.92,54.8,2.4,21.1,23.5,11.5,19.1,68,107,0.7,6.1,0.1,27.5,74,3,81,69,758,0.1,0,25.66,Vellagapudi
28-11-2019,0.78,51.1,2,14.2,16.2,9.8,13.8,56,86,0.4,2.2,0.1,27.8,76,3.5,84,72,759,0.1,0,25.86,Vellagapudi
29-11-2019,0.66,43.9,2.1,14.2,16.3,8.7,13.4,37,65,0.5,8.5,0.1,28,79,2.7,91,79,759,0.1,0,25.74,Vellagapudi
30-11-2019,0.82,43.6,2.1,12.6,14.7,11.4,18.5,55,87,0.2,4.8,0,28.1,77,2.8,86,72,758,0.1,0,26.13,Vellagapudi
01-12-2019,0.9,41.7,2.3,14,16.4,16.1,11.1,60,97,0.2,2.1,0,27.5,,,,,,,,25.67,Vellagapudi
02-12-2019,0.69,41.5,2.4,14.1,16.5,14.3,9.4,58,88,0.2,2.2,0,27.9,,,,,,,,26.09,Vellagapudi
03-12-2019,0.74,44.9,2.5,14.5,16.9,17.7,11.6,67,103,0.3,1.9,0,27.7,,,,,,,,25.62,Vellagapudi
04-12-2019,0.84,59,2.7,15.1,17.8,20.6,10.6,77,113,0.4,1.8,0,27.3,,,,,,,,25.22,Vellagapudi
05-12-2019,0.78,56,2.8,22.4,25.2,17.9,29.4,84,124,0.8,8,0.1,27.1,,,,,,,,24.44,Vellagapudi
06-12-2019,0.8,63.4,2.8,24.1,26.9,15.9,19.3,91,134,0.8,6.5,0.1,26.1,,,,,,,,23.59,Vellagapudi
07-12-2019,0.72,59,2.5,18.4,21,12.4,17.1,62,99,1.1,9.7,0,26.5,,,,,,,,24.28,Vellagapudi
08-12-2019,0.56,42.2,2.4,11.8,14.2,11.2,12.1,34,60,0.2,2.6,0,27.3,,,,,,,,24.88,Vellagapudi
09-12-2019,0.52,37.6,3.5,15.8,19.4,10.5,13.5,25,50,0.2,7.6,0,27.2,,,,,,,,24.63,Vellagapudi
10-12-2019,0.59,34.3,5.8,24.7,30.5,14.3,10,42,73,0.7,8.4,0.1,27.3,,,,,,,,24.8,Vellagapudi
11-12-2019,0.66,36.4,4.9,22.4,27.3,13.5,12.5,50,80,0.7,4.8,0.1,26.7,,,,,,,,24.72,Vellagapudi
12-12-2019,0.62,37.2,3.9,18.6,22.6,13.4,10.3,38,66,0.9,12.8,0.1,26.5,,,,,,,,24.54,Vellagapudi
13-12-2019,0.61,39.6,3.3,16,19.4,16.4,12.4,36,62,0.5,4.6,0.1,26.9,,,,,,,,24.94,Vellagapudi
14-12-2019,0.56,41.7,2.3,13.1,15.4,14.3,13.8,40,65,0.5,12.6,0,27.3,,,,,,,,25.26,Vellagapudi
15-12-2019,0.66,41.1,2.6,17.4,20,13.7,14.4,47,78,0.7,10.1,0.1,26.5,,,,,,,,24.94,Vellagapudi
16-12-2019,0.62,43.9,4.2,18.1,22.3,14.8,18,48,80,0.6,6.3,0.1,26.9,,,,,,,,24.85,Vellagapudi
17-12-2019,0.87,48,4.4,25.7,30.1,20,11.5,72,112,1.2,9.9,0.2,26.9,,,,,,,,24.54,Vellagapudi
18-12-2019,0.73,54.1,2.5,17.2,19.7,19.7,11.9,65,103,1.3,12.9,0.2,27,,,,,,,,24.74,Vellagapudi
19-12-2019,0.8,48.7,2.4,17.9,20.3,23.1,16.4,87,124,1.3,14.3,0.1,27,,,,,,,,24.75,Vellagapudi
20-12-2019,0.9,42.5,2.7,19.6,22.4,20.8,22.1,78,117,0.9,4,0.1,27.2,,,,,,,,24.56,Vellagapudi
21-12-2019,0.83,50.8,1.8,15.4,17.2,19.3,14,82,117,0.9,4.1,0.1,26.6,,,,,,,,24.29,Vellagapudi
22-12-2019,0.71,56.9,1.6,13.5,15.1,18.3,18.5,73,104,0.8,5.7,0.1,26.2,,,,,,,,24.45,Vellagapudi
23-12-2019,0.69,57,1.9,13.5,15.4,17.5,10.9,72,104,0.8,4.8,0.1,25.8,,,,,,,,24.16,Vellagapudi
24-12-2019,0.84,57.1,1.8,15.1,16.9,16.4,13.3,80,119,1,5.4,0.1,26.1,,,,,,,,24.65,Vellagapudi
25-12-2019,0.93,53.2,1.7,12.7,14.4,14.4,17.5,81,116,1.2,3.2,0.1,26.3,,,,,,,,24.49,Vellagapudi
26-12-2019,0.67,32.6,2.4,15.4,17.8,13.2,13.3,50,82,0.9,2.4,0.1,26,,,,,,,,24.63,Vellagapudi
27-12-2019,0.68,28.9,3.4,17.8,21.3,13.8,13.6,43,74,0.7,2.5,0.1,26.7,,,,,,,,24.9,Vellagapudi
28-12-2019,0.78,37.2,2.2,15.2,17.3,15.7,9.4,58,89,0.9,2.4,0.1,26.4,,,,,,,,24.83,Vellagapudi
29-12-2019,0.79,59.5,1.5,12.6,14.1,16.5,18.8,73,110,1,2.3,0.1,25.3,,,,,,,,24.33,Vellagapudi
30-12-2019,0.98,63.5,1.6,12.6,14.2,14.2,18.2,57,87,0.8,6.7,0.1,25.6,,,,,,,,24.29,Vellagapudi
31-12-2019,0.8,64.9,1.6,12.7,14.3,14.5,15.5,52,83,0.7,1.5,0,25.8,,,,,,,,24.67,Vellagapudi
01-01-2020,0.76,57.1,1.6,11.9,13.6,14.8,16.9,59,87,0.9,3,0.1,26.4,77,4.7,84,66,761,0.1,0,25.18,Vellagapudi
02-01-2020,0.72,55.4,1.7,12.3,14,14.6,15.5,42,65,0.8,2.1,0.1,26.5,79,4.8,84,49,762,0.1,0,25.62,Vellagapudi
03-01-2020,0.69,42.4,1.8,13.6,15.4,14.4,21,37,60,0.7,3.4,0.1,26.8,81,3.6,99,51,760,0,2.8,26.01,Vellagapudi
04-01-2020,0.64,23.2,2.3,19,21.3,14.3,20.3,24,40,0.6,6.3,0.2,25.9,87,2.3,85,31,758,0.1,0,25.66,Vellagapudi
05-01-2020,0.63,37.9,1.7,12.5,14.2,20.7,14.8,38,57,0.6,1.8,0.1,26.9,81,2.8,82,59,759,0.1,0,24.23,Vellagapudi
06-01-2020,0.66,49,1.9,11.6,13.5,21.1,19.3,42,65,0.6,1.3,0.1,27.1,76,4.4,84,57,761,0.1,0,24.53,Vellagapudi
07-01-2020,0.67,59.4,1.9,12,13.9,20.1,17.5,68,96,0.7,1.2,0,26.6,77,4.2,92,69,761,0.1,0,24.66,Vellagapudi
08-01-2020,0.64,53.4,1.8,11.8,13.5,16.9,15,54,76,0.6,1,0,26.1,78,3.3,105,66,759,0,0,24.32,Vellagapudi
09-01-2020,0.52,45.8,1.9,13.2,15.1,15.5,12.5,37,64,0.5,0.9,0.1,25.8,78,2.6,128,64,759,0,0,24.49,Vellagapudi
10-01-2020,0.68,36.5,3.1,21.6,24.8,17.2,20.5,55,88,0.8,4.4,0.2,25.9,78,1.8,134,58,760,0,0,24.25,Vellagapudi
11-01-2020,0.78,37.5,1.9,16.4,18.3,18.5,16.2,67,101,0.7,3,0.1,26.7,77,1.8,147,69,761,0,0,24.66,Vellagapudi
12-01-2020,0.8,47,2.3,17.1,19.4,18.6,13.6,79,111,0.8,3.3,0.1,26.1,74,2.2,135,74,760,0,0,23.94,Vellagapudi
13-01-2020,0.93,47.9,2.6,20.3,22.9,20.7,30.9,83,119,1.1,5.8,0.1,25.7,77,1.6,144,76,758,0,0,23.63,Vellagapudi
14-01-2020,0.91,53.4,1.8,15,16.8,19.8,16.5,85,113,1,2.2,0.1,25.3,78,2,137,63,758,0,0,23.5,Vellagapudi
15-01-2020,0.75,48.6,1.7,10.8,12.5,18.9,18.3,67,89,0.8,1.8,0,24.8,78,2.2,151,69,759,0,0,23.53,Vellagapudi
16-01-2020,0.65,47.5,1.6,10.3,11.9,21.1,9.7,55,75,0.5,2.6,0,25.6,79,3.2,129,71,759,0,0,24.42,Vellagapudi
17-01-2020,0.65,44,2.1,11.4,13.5,14.9,15.4,44,65,0.5,1,0,26.6,79,3.2,100,71,759,0,0,24.59,Vellagapudi
18-01-2020,0.61,35.8,2.2,9,11.2,12.8,11.8,32,52,0.2,1,0,26.8,79,3.1,97,69,759,0,0,24.89,Vellagapudi
19-01-2020,0.69,35.5,2,10.9,12.9,13.9,16.8,37,58,0.3,0.8,0,26.8,79,2.8,102,63,760,0,0,25.38,Vellagapudi
20-01-2020,0.64,33.2,4.9,17.9,22.8,14.6,13,31,58,0.4,1.5,0.1,26.8,77,2,111,76,760,0,0,25.28,Vellagapudi
21-01-2020,0.61,36.6,3,14.2,17.2,16.7,12.9,29,54,0.4,1.2,0.1,26.4,77,2.5,149,76,760,0,0,24.97,Vellagapudi
22-01-2020,0.66,41.1,2.8,15.2,18,17.6,13.5,40,68,0.3,1.4,0,27,76,2.8,111,80,762,0,0,24.81,Vellagapudi
23-01-2020,0.76,41,3.1,17.9,20.9,18.3,18.7,59,93,0.5,1.4,0.1,26.9,76,1.8,150,74,760,0,0,25.12,Vellagapudi
24-01-2020,0.73,43.2,2.5,15.3,17.9,18,23.9,61,96,0.7,2.1,0.1,27.3,77,2,143,80,760,0,0,25.11,Vellagapudi
25-01-2020,0.64,45.9,1.7,12,13.7,18.3,18.6,50,76,0.5,0.9,0,27.5,76,2,165,76,760,0,0,24.95,Vellagapudi
26-01-2020,0.6,37.8,2.4,15,17.3,16.4,19,38,63,0.4,1.1,0.1,27.3,74,1.6,167,81,758,0,0,25.13,Vellagapudi
27-01-2020,0.57,44.5,2.9,16.5,19.3,17.8,19.7,34,62,0.4,0.9,0.1,27.5,74,2.3,176,83,757,0,0,24.93,Vellagapudi
28-01-2020,0.51,37.9,2.5,14,16.6,16.6,20.2,34,61,0.3,0.6,0,26.9,77,3.5,144,77,758,0,0,25.89,Vellagapudi
29-01-2020,0.51,31.6,2.2,9.3,11.5,17.3,13.1,29,51,0.2,0.3,0,27.7,78,3.5,139,72,759,0,0,26.57,Vellagapudi
30-01-2020,0.56,33.9,2.5,14.1,16.6,15.8,14.9,33,60,0.3,0.7,0,28.4,76,2.3,144,61,758,0,0,26.13,Vellagapudi
31-01-2020,0.49,32.5,3.8,15.5,19.2,15.3,19.1,27,54,0.3,0.8,0.1,27.8,75,2.3,173,81,757,0,0,25.98,Vellagapudi
01-02-2020,0.44,31.9,2.7,11.5,14.1,13,15.2,20,42,0.2,0.4,0,27.2,77,3.4,137,77,758,0,,25.9,Vellagapudi
02-02-2020,0.48,31,2.1,10.8,12.9,13.2,12.9,21,43,0.3,0.9,0,27.3,76,3.4,111,73,761,0,,25.77,Vellagapudi
03-02-2020,0.54,30.3,3.3,12.4,15.7,14.5,15.6,25,48,0.3,1,0.1,27.2,76,2.9,127,74,761,0,,25.49,Vellagapudi
04-02-2020,0.53,32.7,3.2,14,17.2,14.1,16.1,27,50,0.4,0.8,0.1,27.3,75,3,174,83,759,0,,25.36,Vellagapudi
05-02-2020,0.52,36.2,2.9,11.9,14.9,15,18.4,26,47,0.3,0.8,0.1,27.2,74,3.3,148,88,759,0,,25.72,Vellagapudi
06-02-2020,0.51,29.4,3.9,14.2,18.2,14.1,13.5,19,41,0.3,0.9,0.1,26.6,77,3.9,175,86,759,0,,25.76,Vellagapudi
07-02-2020,0.42,36.8,2.1,10.1,12.2,15.2,16.2,17,38,0.2,0.3,0,27.5,72,5.3,143,82,759,0,,26.19,Vellagapudi
08-02-2020,0.38,35.4,1.9,10.8,12.7,15.8,20.1,22,41,0.2,0.3,0,27.5,72,4.7,141,71,760,4.8,,26.35,Vellagapudi
09-02-2020,0.64,35.8,2.1,17,19.1,15.9,16.5,40,65,0.7,2.5,0.1,26,81,2.9,85,46,761,5,,25.76,Vellagapudi
10-02-2020,0.54,45.8,2.3,14.7,17,19.1,18.2,37,58,0.6,1.7,0.1,25.5,82,3.3,112,40,761,0,,25.51,Vellagapudi
11-02-2020,0.58,55.2,2.2,12.4,14.6,18.2,18.3,45,73,0.6,1.4,0.1,27.3,75,4,95,82,761,0,,25.9,Vellagapudi
12-02-2020,0.68,55.9,2.5,17.5,20.1,19.9,21.5,61,96,0.8,4.4,0.1,27.3,76,2.6,99,81,762,0,,26.05,Vellagapudi
13-02-2020,0.65,46.3,3,25.8,28.8,20.2,40.9,60,99,0.7,3.2,0.2,28,71,1.9,173,88,761,0,,26.39,Vellagapudi
14-02-2020,0.54,45.4,2.3,18.1,20.4,18.3,28.3,46,83,0.5,2,0.1,28.1,67,1.9,234,96,758,0,,25.57,Vellagapudi
15-02-2020,0.78,53.4,2.6,23,25.5,21.1,30.1,63,108,1.1,5.1,0.3,27.8,68,2.1,155,95,758,0.3,,25.8,Vellagapudi
16-02-2020,0.44,41.2,2,13.9,15.9,21.9,15.1,35,60,0.4,1.1,0.1,27.6,75,2.5,157,94,760,0,,26.01,Vellagapudi
17-02-2020,0.46,40.6,4.2,14.6,18.8,18.3,18.4,29,55,0.4,1.2,0.1,27.3,73,2.2,153,92,760,0,,26.04,Vellagapudi
18-02-2020,0.47,41.1,2.6,13.8,16.3,18,22.7,31,62,0.4,1.4,0.1,27.3,75,2.6,174,91,760,0,,26.16,Vellagapudi
19-02-2020,0.47,41.2,2.4,14.2,16.6,19.2,18.9,42,71,0.3,0.9,0.1,26.9,76,3,144,77,760,0,,25.96,Vellagapudi
20-02-2020,0.45,48.8,2.1,12.7,14.8,17.4,16.8,49,75,0.3,0.7,0.1,26.8,74,3.7,136,87,760,0,,25.48,Vellagapudi
21-02-2020,0.44,43,1.8,11.4,13.2,13.2,16.3,34,59,0.4,1,0.1,26.6,70,2.9,137,93,762,0,,25.33,Vellagapudi
22-02-2020,0.48,40.1,1.7,13.1,14.9,10.6,19.3,28,54,0.5,6.8,0.1,26.6,70,2.8,121,98,763,0,,25.88,Vellagapudi
23-02-2020,0.75,44.9,2,13.9,15.9,12.7,10.7,38,63,0.4,2.8,0.1,27.1,74,2.7,150,92,761,0,,26.17,Vellagapudi
24-02-2020,0.63,46.1,2,9.7,11.7,14.2,16.1,31,53,0.2,0.9,0,27.7,73,3.4,164,93,759,0,,26.94,Vellagapudi
25-02-2020,0.6,40.4,2.4,10.4,12.8,13.2,13.9,23,46,0.2,0.5,0,27.9,74,4.1,157,79,757,0,,27.35,Vellagapudi
26-02-2020,0.79,42.7,2.4,13.1,15.5,15.2,18.8,32,61,0.4,1.5,0.1,28.6,75,2.4,138,83,758,0,,27.91,Vellagapudi
27-02-2020,0.84,43.3,2.6,13.3,15.9,14.6,20.8,38,68,0.3,1.7,0,28.6,74,3.1,98,83,758,0,,27.53,Vellagapudi
28-02-2020,0.66,49.9,2.2,11.1,13.4,14,23.9,33,57,0.5,2.2,0.1,27.9,74,3.8,118,82,758,0,,27.14,Vellagapudi
29-02-2020,0.53,50.6,2,10.9,12.9,13.5,16.3,37,63,0.3,1,0,27.9,72,3.6,111,83,757,0,,27.09,Vellagapudi
01-04-2020,0.47,40.8,1.5,,,,25.2,34,62,0.1,0.4,,,65,3.3,,,755,0,,31.2,Vellagapudi
02-04-2020,,32.3,1.4,,,,20.5,30,60,0.1,0.3,,,70,3.8,,,754,0,,31.1,Vellagapudi
03-04-2020,,30.3,1.4,,,,28.4,32,57,0.1,0.2,,,72,3.8,,,755,0,,30.51,Vellagapudi
04-04-2020,,32,1.4,,,,20.2,30,52,0.1,0.2,,,70,3.6,,,756,0,,29.96,Vellagapudi
05-04-2020,,25.1,1.4,,,,19.6,24,47,0,0.2,,,70,3.6,,,757,0,,30.06,Vellagapudi
06-04-2020,,17,1.5,,,,20,16,33,0,0.2,,,72,3,,,756,0,,31.1,Vellagapudi
07-04-2020,,15.9,1.4,,,,18.2,11,29,0.1,0.2,,,72,4.1,,,755,0,,31.11,Vellagapudi
08-04-2020,,26.4,1.4,,,,19.6,17,37,0,0.2,,,72,4.1,,,755,0,,31.95,Vellagapudi
09-04-2020,,43.9,1.5,,,,14.7,18,38,0.2,0.5,,,71,4.7,,,756,0,,30.38,Vellagapudi
10-04-2020,,36.7,1.2,,,,14.1,20,40,0.3,1.3,,,69,3.3,,,757,0,,29.11,Vellagapudi
11-04-2020,,26.1,1.4,,,,15.4,14,32,0.1,0.5,,,70,3.5,,,758,0,,29.47,Vellagapudi
12-04-2020,,25.8,1.3,,,,13.5,16,37,0.1,0.4,,,71,3.3,,,757,0,,30.06,Vellagapudi
13-04-2020,,27.6,1.3,,,,14.3,20,42,0.1,0.4,,,70,3.4,,,755,0,,30.72,Vellagapudi
14-04-2020,,26.9,1.4,,,,14.6,20,45,0.1,0.3,,,72,3.3,,,756,0,,30.4,Vellagapudi
15-04-2020,,30.2,1.5,,,,14.2,19,45,0.1,0.3,,,69,3.2,,,757,0,,30.26,Vellagapudi
16-04-2020,,24.2,1.5,,,,13.3,16,37,0,0.3,,,72,3.8,,,755,0,,30.16,Vellagapudi
17-04-2020,,26.2,1.3,,,,12.5,13,39,0.1,0.3,,,71,4,,,754,0,,30.68,Vellagapudi
18-04-2020,,25.3,1.4,,,,13.4,8,26,0,0.2,,,69,4.4,,,755,0,,30.81,Vellagapudi
19-04-2020,,23.6,1.4,,,,13.7,8,25,0,0.2,,,70,3.6,,,755,0,,30.69,Vellagapudi
20-04-2020,,19,1.5,,,,15.7,8,23,0,0.2,,,72,3.9,,,755,0,,30.81,Vellagapudi
21-04-2020,,18.9,1.5,,,,13.8,8,21,0,0.2,,,70,4.5,,,755,0,,31.07,Vellagapudi
22-04-2020,,19.5,1.3,,,,10.7,9,24,0.1,0.3,,,69,5.5,,,754,0,,31.25,Vellagapudi
23-04-2020,,20.8,1.4,,,,,11,27,0,0.2,,,71,4.8,,,753,0,,31.87,Vellagapudi
24-04-2020,,23,1.4,,,,,10,27,0,0.2,,,70,5.4,,,753,0,,31.98,Vellagapudi
25-04-2020,,32.3,1.4,,,,,15,37,0,0.2,,,72,5.8,,,752,0,,32.71,Vellagapudi
26-04-2020,,44.4,1.4,,,,,12,31,0.1,0.3,,,67,5,,,753,0,,32.12,Vellagapudi
27-04-2020,,36.7,1.4,,,,,15,32,0.1,0.3,,,70,5.8,,,755,0,,31.19,Vellagapudi
28-04-2020,,30.1,1.4,,,,,14,35,0.1,0.9,,,72,4.1,,,756,1.5,,31.32,Vellagapudi
29-04-2020,,24.5,1.6,,,,,22,41,0.1,1.1,,,66,3.8,,,754,0,,32.07,Vellagapudi
30-04-2020,,34.3,1.3,,,,20.2,23,43,0.1,0.4,,,69,4.2,,,754,0,,32.34,Vellagapudi
01-05-2020,,37.7,1.4,,,,13.7,29,56,0,0.3,,,69,3.7,,,754,0.3,,33.19,Vellagapudi
02-05-2020,,35.9,1.4,,,,8.6,23,50,0,0.2,,,71,5.2,,,753,0,,32.78,Vellagapudi
03-05-2020,,31.7,1.3,,,,7.5,22,55,0,0.2,,,68,4.4,,,752,0,,32.7,Vellagapudi
04-05-2020,,30.5,1.5,,,,7.7,22,57,0,0.2,,,66,4.8,,,753,0,,32.9,Vellagapudi
05-05-2020,,11.2,1,9.9,10.9,5.7,20.4,6,12,,0.2,0.6,31.2,74,6.4,,,754,0,,32.52,Vellagapudi
06-05-2020,,18.5,1.6,5.4,7.1,8.5,6,14,37,,0,0.3,33.1,69,5.5,,,754,0,,32.24,Vellagapudi
07-05-2020,,20.6,1.5,5.6,7.1,8.2,7.4,16,41,,0,0.3,32.7,70,4.3,,,754,0,,31.92,Vellagapudi
08-05-2020,,23.6,1.4,6.1,7.5,8.2,8.2,20,52,,0,0.3,33.2,67,4.3,,,753,0,,32.63,Vellagapudi
09-05-2020,,24.4,1.3,4.5,5.8,7.7,6.7,16,41,,0,0.3,33.2,69,4.3,,,753,0,,32.85,Vellagapudi
10-05-2020,,21.7,1.3,5.1,6.4,7.4,8,14,36,,0.1,0.5,33.6,66,3.7,,,753,0,,32.55,Vellagapudi
11-05-2020,,20.7,1.5,6.1,7.7,7.1,5.3,14,42,,0.1,0.5,33.2,67,3.7,,,754,0,,31.83,Vellagapudi
12-05-2020,,20.1,1.6,5.5,7.1,7.4,13.2,14,36,,0.2,0.5,32.9,66,4.5,,,753,0,,31.55,Vellagapudi
13-05-2020,,19.8,1.5,4.9,6.4,6.5,8.6,14,37,,0,0.3,32.9,67,4.3,,,753,0,,32.32,Vellagapudi
14-05-2020,,17.2,1.5,4.6,6.1,6.7,7.2,12,33,,0,0.3,33,66,4.5,,,752,0,,31.92,Vellagapudi
15-05-2020,,22.1,1.5,5.8,7.3,5.6,8.8,14,35,,0.1,0.5,33.2,66,3.4,,,751,0,,31.8,Vellagapudi
16-05-2020,,27.9,1.4,5.7,7.1,7.6,9.2,,35,,0.1,0.6,32.9,70,3.2,,,752,19.8,,32.39,Vellagapudi
17-05-2020,,30.2,1.7,14.3,16,7.1,10.9,,45,,0.1,1,32.8,70,2.4,,,748,0,,32.72,Vellagapudi
18-05-2020,,35.5,5.9,14,19.9,7.6,9.8,31,58,,0.2,1.1,34.1,63,2.7,,,745,0,,33.78,Vellagapudi
19-05-2020,,50.6,1.7,15.8,17.4,8.7,10.1,37,75,,0.1,1.5,33.6,61,3.3,,,743,0,,35.1,Vellagapudi
20-05-2020,,49.9,1.6,16.7,18.3,9.8,13.4,40,108,,0.3,2,35.3,52,3,,,744,0,,35.85,Vellagapudi
21-05-2020,,51.7,1.4,11.5,12.9,9,10.1,27,101,,0.2,1.1,36.8,50,4.1,,,746,0,,35.43,Vellagapudi
22-05-2020,0.66,52.7,1.9,9.8,11.7,11.2,11.4,30,103,,0.1,0.8,36.3,59,2.8,,,748,0,,34.57,Vellagapudi
23-05-2020,0.51,51.3,1.5,4.7,6.2,12.2,9.4,21,69,,0,0.2,34.5,69,5.3,,,749,0,,33.21,Vellagapudi
24-05-2020,0.46,44,1.4,4.2,5.6,10.2,8.4,18,60,,0.5,0.2,34.1,68,5.1,,,751,0,,32.54,Vellagapudi
25-05-2020,0.47,36.7,1.4,3.6,5,11.3,7.6,17,58,,1.3,0.3,33.6,68,5.3,,,752,0,,32.06,Vellagapudi
26-05-2020,0.5,48.2,1.6,3.9,5.5,11.6,7.6,22,74,,0.4,0.3,33.7,68,4.9,,,752,0,,32.25,Vellagapudi
27-05-2020,0.49,22.6,1.4,4.4,5.8,11.5,7.1,24,65,,3,0.4,34,69,5.6,,,751,0,,32.69,Vellagapudi
28-05-2020,0.61,14.9,1.6,5.5,7,12.3,8,26,66,,0.1,0.4,34.7,70,5.6,,,749,0,,35.55,Vellagapudi
29-05-2020,0.59,16.7,1.5,5.6,7.1,10.9,10,21,68,,0.1,0.5,34.9,69,5.8,,,749,0,,35.29,Vellagapudi
30-05-2020,0.57,20.1,1.4,7,8.5,10.9,14.6,22,63,,0.1,0.1,34.1,68,4.6,,,751,0,,34.32,Vellagapudi
31-05-2020,0.54,21.6,1.4,5.4,6.8,9.8,8.8,19,55,,0,0.3,33.7,67,5.4,,,751,0.1,,32.44,Vellagapudi
01-06-2020,0.49,16.7,1.6,9.3,10.9,4.9,10.3,8,39,0.1,1.7,0.1,32.5,69,3.1,138,93,753,0,0.3,32,Vellagapudi
02-06-2020,0.53,18.2,1.6,9.9,11.5,10.1,6.2,15,40,0.1,1.2,0.1,31.8,74,3,149,77,753,0,23,31.55,Vellagapudi
03-06-2020,0.51,19.2,1.9,10.1,12,7.2,12.1,9,32,0.1,1.2,0,33,67,3.3,171,88,751,0,0,31.12,Vellagapudi
04-06-2020,0.55,18.1,1.8,11.1,12.9,7.1,17.3,8,35,0.1,0.4,0,33.3,66,4.2,206,64,750,-0.1,0.3,31.38,Vellagapudi
05-06-2020,0.43,29.6,1.6,8.7,10.3,7.9,11,9,37,0.1,0.5,0,34.3,61,4.1,231,87,750,-0.1,0,32.64,Vellagapudi
06-06-2020,0.41,35.1,1.3,7.1,8.5,6.2,13.4,11,44,0.1,0.6,0,35.2,58,4.8,230,96,749,-0.1,0,33.86,Vellagapudi
07-06-2020,0.42,38.3,1.5,6.9,8.4,6.9,11,12,48,0.1,0.4,0,35.7,55,5.9,247,95,748,-0.2,0,33.87,Vellagapudi
08-06-2020,0.47,38.3,1.6,10.8,12.4,8,11.5,12,51,0.1,0.7,0,35,55,4.7,268,51,748,-0.2,0,30.49,Vellagapudi
09-06-2020,0.5,40,1.6,10,11.5,6,13,9,40,0.1,0.7,0,33.4,60,4.3,230,79,748,-0.1,8,32.62,Vellagapudi
10-06-2020,0.58,41,2,15.5,17.5,9.4,14.2,11,24,0.1,1.2,0,29.6,80,4.5,242,74,749,-0.1,15,30.33,Vellagapudi
11-06-2020,0.51,41.4,2.2,14.8,17,10,19.2,7,14,0.1,1.7,0,28.9,84,3.2,256,37,747,-0.1,9.5,28.4,Vellagapudi
12-06-2020,0.52,34.6,1.7,10,11.6,8.7,13.1,5,13,0.1,0.5,0,30,78,5.4,260,43,745,-0.3,0.5,29.17,Vellagapudi
13-06-2020,0.49,34.4,1.5,8.9,10.4,8.1,12.6,6,16,0.1,0.3,0,32.3,66,4.7,236,58,746,-0.2,0,31.15,Vellagapudi
14-06-2020,0.53,39.8,1.6,7.9,9.5,8.6,16.6,12,25,0.1,0.5,0,33.5,65,5.3,229,90,747,-0.2,0,30.74,Vellagapudi
15-06-2020,0.48,33.4,2.1,9.4,11.4,8.6,11.1,10,25,0.1,0.4,0,33.4,65,6.1,254,93,747,-0.3,0.3,31.99,Vellagapudi
16-06-2020,0.5,31.2,5,16.7,21.7,8.7,15.1,11,30,0.1,0.7,0,33,67,4.7,219,77,746,-0.2,0.5,32.07,Vellagapudi
17-06-2020,0.45,29.9,4.3,15.6,19.9,10.1,16.6,8,20,0.1,0.5,0,30.9,75,3.8,225,43,747,-0.1,13.3,31.03,Vellagapudi
18-06-2020,0.62,31.3,3.3,13.2,16.5,13.3,15.9,11,29,0.1,0.8,0.1,30.5,80,1.7,188,67,749,0,2.8,30.56,Vellagapudi
19-06-2020,0.65,31.1,3.2,14.3,17.5,8.5,9.7,12,38,0.1,1.5,0.1,32.2,73,3,225,81,749,-0.1,0,31.81,Vellagapudi
20-06-2020,0.54,42.7,1.5,9,10.4,8.4,11.6,16,43,0.1,1.2,0,33.4,65,4.9,268,93,748,-0.2,0,30.49,Vellagapudi
21-06-2020,0.6,33.5,1.7,10.4,12.1,9.6,13.1,14,32,0.1,0.8,0,28.7,82,2.9,239,29,748,-0.1,17.8,29.02,Vellagapudi
22-06-2020,0.65,30.3,2,12.4,14.5,10.9,11.4,19,52,0.2,1.7,0.2,31.4,73,2.9,240,69,747,-0.1,0,29.12,Vellagapudi
23-06-2020,0.58,40.5,2.1,8.6,10.7,13.5,16.3,14,31,0.1,0.7,0,30.2,78,3.9,224,88,749,-0.1,20.5,30.73,Vellagapudi
24-06-2020,0.6,37.4,1.9,11.1,13,11.3,13.9,16,38,0.1,1.3,0.1,31.6,76,2.5,166,102,750,0,8,31.09,Vellagapudi
25-06-2020,0.61,39.9,1.8,7.7,9.6,14.9,15.3,20,36,0.1,0.6,0,31.2,79,2.8,143,79,750,0,8,30.34,Vellagapudi
26-06-2020,0.53,25.5,1.9,7.3,9.2,12,16,10,20,0.1,0.3,0,31.5,76,2.8,143,90,749,0,0,29.7,Vellagapudi
27-06-2020,0.56,34.3,1.5,6.6,8.1,8.9,13.3,15,26,0.1,0.3,0,31.9,75,3.1,151,90,749,0,0,30.5,Vellagapudi
28-06-2020,0.66,37,1.4,8.5,9.9,9.8,10.7,17,29,0.1,0.5,0,31,80,2.3,149,65,749,0,0,30.38,Vellagapudi
29-06-2020,0.65,43.7,1.7,9.5,11.2,14.6,14.6,22,34,0.1,0.7,0,31.4,78,2.3,145,81,748,0,0.5,29.25,Vellagapudi
30-06-2020,0.66,44.9,1.7,10.8,12.5,12.8,14.6,21,34,0.1,1.4,0.1,30.8,80,2.4,152,65,748,0,0,29.07,Vellagapudi
01-08-2020,0.55,30.1,1.6,6.4,8,11.2,10.6,13,23,0.6,4.1,0.1,30.1,83,2.3,174,63,749,0,4.3,28.57,Vellagapudi
02-08-2020,0.48,27.2,1.5,5.3,6.8,8.5,10.8,5,13,0.4,3.3,0.1,30.9,77,3.4,231,98,748,-0.1,6.8,29.32,Vellagapudi
03-08-2020,0.35,27,1.8,5.4,7.2,9.7,9.5,5,12,0.2,1.1,0,30.6,73,6.1,263,63,746,-0.3,4,28.07,Vellagapudi
04-08-2020,0.46,25.7,1.7,4.2,5.9,9.1,11.1,5,13,0.2,1.7,0,29.1,81,5.2,237,50,744,-0.5,0.3,27.9,Vellagapudi
05-08-2020,0.36,32.1,1.6,5.3,6.9,9.5,12.6,5,15,0.3,1.3,0,29.9,75,7,228,58,742,-0.4,0,28.33,Vellagapudi
06-08-2020,0.44,39.6,1.7,4.9,6.6,8.6,13.3,7,23,0.3,1.6,0,31.1,74,5.5,200,90,745,-0.2,0,29.77,Vellagapudi
07-08-2020,0.45,35.8,1.5,6.3,7.9,8.6,11.9,7,25,0.4,1.9,0,32.1,72,3.8,237,87,748,-0.1,0,29.46,Vellagapudi
08-08-2020,0.48,41.6,1.3,6.3,7.6,8,10.5,8,25,0.4,2.2,0,32,71,4.2,257,88,748,-0.2,0.3,29.02,Vellagapudi
09-08-2020,0.44,39.7,1.4,6,7.5,8.1,10.4,10,27,0.3,1.8,0,30.4,75,4.3,276,54,747,-0.2,2.8,27.67,Vellagapudi
10-08-2020,0.43,35.9,1.7,5.6,7.3,9,10,9,21,0.3,2.2,0,28.5,83,4.1,256,55,749,-0.2,3.5,28.41,Vellagapudi
11-08-2020,0.44,42,1.4,4.9,6.3,9.6,10.6,5,14,0.2,1.2,0,29.6,79,3.6,247,64,749,-0.1,2,28.93,Vellagapudi
12-08-2020,0.46,28,2,6.3,8.3,10.8,11.4,6,16,0.3,2.7,0.1,27.9,87,3.6,254,39,750,-0.1,11.3,28.11,Vellagapudi
13-08-2020,0.41,30.7,1.6,5.4,7,8.8,12.2,7,17,0.3,1.7,0,27.5,87,6.1,271,44,748,-0.3,8.3,27.35,Vellagapudi
14-08-2020,0.41,29.9,1.5,4.7,6.2,8.7,11.5,10,23,0.2,1.4,0,26.5,88,4.4,265,43,748,-0.2,10.8,28.13,Vellagapudi
15-08-2020,0.4,29.9,1.2,2.9,4.2,8.8,10.5,10,18,0.2,0.5,0,25.9,91,4.3,248,30,749,-0.2,17.8,27.81,Vellagapudi
16-08-2020,0.46,29.7,1.4,3,4.4,8.2,10.7,6,15,0.2,0.7,0,27.4,87,4.4,250,49,749,-0.2,3.8,27.91,Vellagapudi
17-08-2020,0.48,30.9,1.9,5.2,7.2,8.2,12.6,5,14,0.3,1.6,0,29.2,81,4.2,226,81,748,-0.2,2.3,28.86,Vellagapudi
18-08-2020,0.45,38.2,1.7,5.2,7,7.4,16.5,6,20,0.2,1.3,0,30.4,75,5.6,258,93,749,-0.3,2.5,29.08,Vellagapudi
19-08-2020,0.44,28.7,2.4,9.5,12,7,13.1,5,18,0.3,3.6,0.1,28.5,83,4.3,285,53,748,-0.2,4.5,29.12,Vellagapudi
20-08-2020,0.41,26.1,1.8,4.9,6.7,6.9,16.5,6,13,0.3,1.9,0,27.3,89,4.2,262,37,748,-0.2,6.5,28.49,Vellagapudi
21-08-2020,0.42,36.1,1.5,5.1,6.6,7.5,15.3,7,18,0.3,1.3,0,29.7,78,5.2,219,89,750,-0.2,0.3,29.36,Vellagapudi
22-08-2020,0.49,39.5,1.4,4.8,6.2,8.3,13,9,22,0.3,2.4,0,29.9,81,3.9,196,81,752,-0.1,0,28.61,Vellagapudi
23-08-2020,0.51,40.7,1.6,5.3,6.8,9.6,12,15,27,0.5,3.1,0,29.6,84,2.5,178,57,752,0,4.5,28.67,Vellagapudi
24-08-2020,0.48,33.9,1.9,6.7,8.6,8.5,10.2,8,23,0.5,2.6,0.1,31,78,3.3,223,105,752,-0.1,0,28.18,Vellagapudi
25-08-2020,0.51,34.7,1.9,9.3,11.2,8.9,13,9,32,0.6,4.4,0.1,31.3,76,3,238,82,752,-0.1,0,27.69,Vellagapudi
26-08-2020,,31.3,1.9,10,12,11.1,11.9,13,36,0.9,8.1,0.2,29.9,82,2.7,211,43,752,0,0,27.57,Vellagapudi
27-08-2020,,29.4,2.1,10.9,13,14.3,13.5,13,28,0.9,10.2,0.3,29.1,82,2.4,211,55,751,0,0.8,28.06,Vellagapudi
28-08-2020,,33.1,1.9,8.5,10.4,15.5,11.6,11,31,0.6,4.5,0.1,30.6,77,3.3,221,91,750,-0.1,0,28.93,Vellagapudi
29-08-2020,,30.6,1.7,6.7,8.4,14.2,11.2,9,28,0.4,3.1,0.1,31.1,76,2.2,194,101,751,0,3.3,29.17,Vellagapudi
30-08-2020,,33.5,1.6,7.1,8.7,15,11.6,11,28,0.6,3.3,0.1,31.7,75,2.6,193,107,751,0,0,29.28,Vellagapudi
31-08-2020,0.65,33.5,1.9,9.1,11,13.9,10.6,10,37,0.6,4.4,0.1,32.1,73,2.5,247,106,752,0,0,29.1,Vellagapudi
01-09-2020,0.43,26.5,2,11.8,13.8,14.6,13.9,14,45,1,7.5,0.3,31.6,76,2.8,226,77,752,0,,28.27,Vellagapudi
02-09-2020,0.51,32.6,2,8.5,10.5,20,14.4,17,36,0.9,9.8,0.1,30.6,80,2.7,149,76,752,0,,28.16,Vellagapudi
03-09-2020,0.54,24.4,1.8,6.9,8.7,13.9,11.1,11,27,0.6,4,0.1,30.9,78,2.5,102,83,753,0,,28.18,Vellagapudi
04-09-2020,0.5,16.5,1.8,5.9,7.7,12.8,11,8,19,0.5,4.9,0.1,31,78,2.9,118,95,753,0.5,,28.07,Vellagapudi
05-09-2020,0.49,18.4,2,6.3,8.3,11.3,9.5,6,17,0.8,6.9,0.2,31.5,76,2.3,130,102,752,0,,28.97,Vellagapudi
06-09-2020,0.47,16.9,1.7,5.3,7,10.9,9.9,4,13,0.4,1.7,0,31.4,77,2.4,152,99,751,0,,28.6,Vellagapudi
07-09-2020,0.48,20,1.6,6.8,8.4,10.4,11.2,7,18,0.5,4.4,0.1,30.9,79,2.1,134,98,751,6,,28.57,Vellagapudi
08-09-2020,0.55,20.2,1.4,7.5,8.9,11.8,11.2,12,24,0.6,5,0.1,31.5,78,2,148,97,752,0,,29.03,Vellagapudi
09-09-2020,0.49,24.4,1.3,6.2,7.5,13.2,11.2,13,25,0.4,3.1,0,31.6,76,2.6,136,105,751,0,,28.97,Vellagapudi
10-09-2020,0.52,30.2,1.2,6,7.2,16.1,10.8,21,34,0.6,2.4,0,31.2,78,1.6,206,113,749,0,,28.54,Vellagapudi
11-09-2020,0.77,29.3,1.2,16.2,17.4,13.4,13.1,13,29,1,5.7,0.2,30.2,77,4.6,136,30,694,28,,27.84,Vellagapudi
12-09-2020,0.61,26.7,1.3,16.9,18.1,12.4,11.7,12,31,0.7,5.4,0.1,29.8,81,2.5,248,59,751,5.5,,27.85,Vellagapudi
13-09-2020,0.58,24.5,1.4,18,19.5,13.5,16.2,9,19,0.3,4.4,0,27.9,88,3.3,259,35,750,7.3,,27.03,Vellagapudi
14-09-2020,0.52,24,1.5,16.8,18.3,19.7,10.1,7,16,0.3,2,0,27.1,91,4.1,274,28,749,51.8,,27.33,Vellagapudi
15-09-2020,0.56,28,1.3,20.8,22.1,11.3,19.4,8,20,0.5,5.8,0.2,29.4,83,2.7,242,67,749,0.3,,26.49,Vellagapudi
16-09-2020,0.57,27.8,1.3,20.6,21.9,10.1,16.1,10,20,0.5,4.6,0.1,30.1,82,2.6,206,77,749,0,,28.25,Vellagapudi
17-09-2020,0.5,31.3,1.3,22.4,23.7,12.3,16.2,11,26,1,6.5,0.1,30.3,81,2.2,223,80,750,0,,27.94,Vellagapudi
18-09-2020,0.63,45.5,1.9,20.2,22.1,9.4,12.2,11,23,0.4,3.3,0.1,30.8,79,3.8,252,108,748,12.8,,27.93,Vellagapudi
19-09-2020,0.51,31,1.5,26.8,28.2,11.3,17.5,12,27,0.4,5.2,0,29.2,85,3.7,267,66,746,0.5,,27.41,Vellagapudi
20-09-2020,0.59,42,1.2,19,20.2,13.3,11.9,19,33,0.6,5.6,0,29.4,86,3.1,245,29,745,2.5,,26.98,Vellagapudi
21-09-2020,0.53,25.6,1.4,22.8,24.2,10.6,19.5,11,23,0.4,2.8,0.1,29.3,81,4,234,61,746,0.3,,26.75,Vellagapudi
22-09-2020,0.52,31.1,1.3,22.9,24.2,10.6,18.3,9,25,0.4,3.6,0.1,29.4,80,4,194,47,747,0,,27.38,Vellagapudi
23-09-2020,0.59,31.4,1.3,26.9,28.2,11.5,18.1,10,27,0.6,5.5,0.3,30.4,78,3.1,207,85,750,0.3,,27.99,Vellagapudi
24-09-2020,0.57,41.4,1.4,24.9,26.3,11.6,15.6,15,39,0.5,3.2,0.1,31.3,76,2.8,220,101,752,0,,28.22,Vellagapudi
25-09-2020,0.51,39.6,1.6,22.8,24.4,11.6,17.2,11,28,0.4,2.6,0,29.5,82,3.4,206,93,750,50,,28.21,Vellagapudi
26-09-2020,0.43,32.5,1.2,20.9,22.1,10.4,21.8,5,11,0.2,1.7,0,26,86,4.9,248,87,749,14.8,,26.77,Vellagapudi
27-09-2020,0.51,31.7,1.4,21.4,22.8,11.7,16.6,12,27,0.4,3.9,0.1,29.2,81,2.4,266,71,752,0,,27.16,Vellagapudi
28-09-2020,0.55,43.1,1.5,26.7,28.2,12.5,18.8,24,51,0.8,8.8,0.1,30.3,78,2.9,277,100,751,0,,28.17,Vellagapudi
29-09-2020,0.59,46.6,1.6,26.1,27.7,12.8,16.8,32,55,0.9,5.1,0.1,29.4,81,3,263,63,751,23,,27.99,Vellagapudi
30-09-2020,0.61,43.7,1.6,23.3,24.9,10.6,18.6,30,49,0.8,5.1,0.1,28,87,3.2,272,57,750,1.3,,27.36,Vellagapudi
01-10-2020,0.62,50,1.9,20,21.9,10,22.4,31,56,0.7,5.4,0.1,29,82,3.5,275,66,749,-0.1,0,27.17,Vellagapudi
02-10-2020,0.74,39.1,2.2,20.4,22.7,10,11.4,44,87,1.4,10.4,0.1,30.1,81,2.8,265,68,750,-0.1,0,28.15,Vellagapudi
03-10-2020,0.76,40.1,1.7,18.8,20.5,8.7,13.9,38,81,1.2,7,0.2,31,78,2.3,250,74,749,-0.1,0,27.42,Vellagapudi
04-10-2020,0.72,36.3,1.7,21.1,22.8,9.1,9.8,40,79,1.6,16.2,0.4,30.1,80,3.1,277,48,750,-0.1,0,27.02,Vellagapudi
05-10-2020,0.7,39.3,2.1,22.3,24.3,10.5,17.4,42,90,1.6,9.2,0.2,30.6,76,2.9,278,82,750,-0.1,0,27.83,Vellagapudi
06-10-2020,0.67,36.3,2.3,23.3,25.6,17.2,10.2,35,66,1.5,8.4,0.3,30.4,79,2.6,235,70,750,0,0,28.09,Vellagapudi
07-10-2020,0.66,44.6,2.5,24.9,27.5,16.1,17.3,28,39,0.8,5.4,0.1,28.8,86,2.6,249,61,752,-0.1,15.3,27.37,Vellagapudi
08-10-2020,0.69,37.8,2.6,25.7,28.3,16.4,22.9,27,44,1.3,18.2,0.5,29.6,84,2.4,209,75,752,0,1,27.39,Vellagapudi
09-10-2020,0.69,42.8,2.5,24.9,27.4,14.8,13.6,23,40,1.2,13.2,0.3,29.5,85,1.7,135,74,753,0,54.5,28.21,Vellagapudi
10-10-2020,0.7,30.7,3,27.4,30.4,13.8,21.1,23,46,3.1,49.8,0.6,28.7,86,1.7,190,48,752,0,0.3,28.05,Vellagapudi
11-10-2020,0.53,25.4,2.6,26.3,28.9,11.6,15.3,15,27,0.6,6.4,0.3,27.2,89,1.7,195,33,750,0,4,26.69,Vellagapudi
12-10-2020,0.57,27.6,3,24.9,27.9,12.3,13.5,17,33,0.7,5.2,0.3,28.3,88,1.9,261,47,747,0,4.5,26.83,Vellagapudi
13-10-2020,0.67,35.2,2.4,24,26.4,11.7,17,9,15,0.7,7.6,0.1,26.6,94,5.8,222,25,743,-0.2,93.3,27.17,Vellagapudi
14-10-2020,0.66,41.2,2.8,24,26.8,11.4,21.5,13,25,1,9.2,0.4,28.6,86,3,105,63,747,0,2,27.77,Vellagapudi
15-10-2020,0.67,44.4,2.3,26.5,28.7,11.5,13.8,15,29,1.5,18.6,1.1,29.6,81,1.7,173,81,749,0,0.3,27.97,Vellagapudi
16-10-2020,0.76,33.5,2.7,31.4,34.1,12.2,14,20,38,1.7,18.6,1.3,28.5,89,1.5,108,43,750,0,8,27.17,Vellagapudi
17-10-2020,0.63,39,2.9,29,31.9,12.3,19.1,23,39,1.8,25.2,0.5,29.4,84,1.6,134,74,751,0,0.5,27.95,Vellagapudi
18-10-2020,0.69,30,3.1,27.3,30.4,11.6,15.7,19,36,1.3,18.2,0.5,30,81,1.5,160,82,752,0,0,27.58,Vellagapudi
19-10-2020,0.54,36.7,3.6,27.9,31.5,12.6,19.6,16,35,1.4,25.1,0.7,29.6,83,2.2,167,72,751,0,24.3,28,Vellagapudi
20-10-2020,0.64,26.9,3.5,25.5,29,11.4,11.3,13,26,1.4,16.7,0.4,28.1,88,1.1,195,46,751,0,1.8,26.46,Vellagapudi
21-10-2020,0.7,31.3,2.9,23.9,26.9,11.3,16,21,39,0.9,5.4,0,29.4,85,2.5,284,60,751,-0.1,0,25.68,Vellagapudi
22-10-2020,0.88,49.1,2.8,27,29.8,15.8,14.3,53,91,1.5,7.6,0.2,30.7,80,2.3,290,85,750,-0.1,0,27.55,Vellagapudi
23-10-2020,1.05,65.1,1.9,19.5,21.4,5.4,26.3,89,144,2.8,14.5,0.5,30.3,78,2,271,76,751,0,0,28.01,Vellagapudi
24-10-2020,0.94,52.7,2.9,19.8,22.7,5.8,21.2,70,121,3,28.3,0.8,30.2,78,1.3,163,83,753,0,0,27.77,Vellagapudi
25-10-2020,0.94,54.5,2.6,15.2,17.7,6.8,15.3,69,113,3.3,29.8,0.8,30.6,75,1.5,102,83,755,0,0,27.76,Vellagapudi
26-10-2020,0.83,64.4,2.6,17,19.6,2.1,17.8,57,105,2.4,18,0.7,29.5,73,1.7,113,83,756,0.1,0,27.58,Vellagapudi
27-10-2020,0.82,56.9,3.1,17.4,20.4,9.6,17.8,58,104,2.4,15.3,0.6,29.9,74,1.4,139,86,755,0,0.3,27.15,Vellagapudi
28-10-2020,0.83,58.6,3.1,14.1,17.2,8.4,18.8,54,118,3.4,48.8,0.8,29.8,72,1.6,127,77,755,0,0,26.89,Vellagapudi
29-10-2020,0.82,54,3.2,13.2,16.4,7,17.3,45,107,4.9,33,0.5,30,70,1,186,63,756,0,0,26.6,Vellagapudi
30-10-2020,0.86,54.3,3.1,11.4,14.6,9.3,22.7,59,125,5.5,81.5,1.3,29.4,72,1.9,149,83,756,0,0,27.09,Vellagapudi
31-10-2020,0.82,63.6,3.1,8.6,11.7,8.5,24.1,68,129,3.3,26.1,0.6,29.1,71,1.5,209,83,756,0,0,26.97,Vellagapudi
01-11-2020,0.91,58.9,2.9,5.3,8.2,9.2,20.8,65,118,3.3,27.2,0.4,29.7,71,1.4,190,84,756,0,0,27,Vellagapudi
02-11-2020,1.02,49.5,3,19.1,22.1,23.7,29.8,67,126,3.6,28.8,0.7,30,75,1.3,179,80,757,0,0,27.73,Vellagapudi
03-11-2020,0.9,46.2,2.2,22.6,24.8,27.1,14.4,54,97,3.1,26.9,0.6,29.6,80,1.7,137,70,757,0,54,27.27,Vellagapudi
04-11-2020,0.97,60.7,2.1,20.8,22.9,14.9,17.4,57,89,2,11.5,0.2,28.7,81,2.2,235,67,757,0,1.3,26.45,Vellagapudi
05-11-2020,0.94,45.8,3,26.9,29.9,10.2,19.3,52,90,3.3,15.1,0.8,28.8,80,1.7,190,67,758,0,6.8,26.46,Vellagapudi
06-11-2020,0.84,45.3,2.2,17.1,19.3,11.8,16.2,27,50,2.1,17,0.2,29.2,82,2.7,90,76,760,0.1,31.3,27.05,Vellagapudi
07-11-2020,0.91,57.7,1.8,17.6,19.4,26.5,14.1,64,109,0.9,7.2,0.9,29.6,78,2.3,81,75,760,0.1,0.3,27.15,Vellagapudi
08-11-2020,0.69,47.6,1.6,15.4,17,22.5,9.5,65,109,0.9,8.4,0.1,28.6,74,2.2,88,76,760,0.1,0,27.11,Vellagapudi
09-11-2020,0.6,48.5,2.1,22,24.1,18.2,19.3,53,105,1.1,8,0.2,26.5,69,2.1,185,90,759,0,0,24.79,Vellagapudi
10-11-2020,0.56,50.8,2.1,20.8,22.9,16.5,26.2,58,113,1.4,11.6,0.3,26.3,69,1.8,198,87,757,0,0,23.73,Vellagapudi
11-11-2020,0.54,31,2.6,17.2,19.8,15.2,27.4,38,68,0.9,3.2,0.2,26.6,76,2.7,175,64,757,0,0,25.13,Vellagapudi
12-11-2020,0.44,23.2,2,9.3,11.3,11.9,12.4,6,18,0.4,2.6,0.1,27.3,83,3.6,75,39,759,0.1,0.3,26.78,Vellagapudi
13-11-2020,0.44,38.2,1.8,12.4,14.2,8.8,13.3,14,38,0.7,5.1,0.2,28.8,72,2.9,104,79,758,0.1,0,26.54,Vellagapudi
14-11-2020,0.48,62.2,1.5,12.4,13.9,10.1,12.9,38,74,0.9,8.6,0.1,28.9,68,2.9,113,87,757,0.1,0,26.5,Vellagapudi
15-11-2020,0.42,55.2,1.5,9,10.5,16.4,14.2,29,54,0.7,1.4,0,28.5,74,3.4,103,63,757,0.1,0,26.63,Vellagapudi
16-11-2020,0.51,49.4,1.9,14.2,16,15.7,12.3,43,75,1.1,4.3,0.3,28.1,79,2.8,74,44,758,0.1,0,26.84,Vellagapudi
17-11-2020,0.5,51.5,1.8,10.9,12.7,14.3,12,39,65,1,5.3,0.1,28.6,77,2.9,87,74,757,0.1,0,26.6,Vellagapudi
18-11-2020,0.51,36.1,2,10.4,12.4,12.2,8.6,34,57,0.9,4.8,0.1,28.9,80,2.5,87,78,758,0.1,0,26.6,Vellagapudi
19-11-2020,0.52,26.3,2.1,10.2,12.2,10.6,9.6,26,45,0.8,2,0.1,28.8,80,2.2,119,75,758,0,0,26.33,Vellagapudi
20-11-2020,0.45,19.7,2.7,13.3,16,8.6,11.2,15,31,0.7,5.3,0.1,28.5,78,1.6,178,88,758,0,0,26.55,Vellagapudi
21-11-2020,0.47,24.7,2.7,16.3,19,10.3,26.7,20,50,0.6,3.4,0.1,28.8,76,1.3,199,81,758,0,0,26.03,Vellagapudi
22-11-2020,0.44,30.6,2.2,14.4,16.7,11.6,15.3,30,62,0.7,3.9,0.1,28.8,75,1.6,125,74,758,0,0,25.6,Vellagapudi
23-11-2020,0.59,36.3,2.6,16.7,19.3,15.1,13.7,50,80,1.2,7.2,0.5,28.1,78,1.9,82,55,759,0.1,0,26.44,Vellagapudi
24-11-2020,0.54,51.2,1.9,13.8,15.7,16.4,16.8,65,103,1.3,7,0.2,28.1,73,2.7,72,73,758,0.1,0,26.18,Vellagapudi
25-11-2020,0.63,53.1,2,12.8,14.7,13.7,13.1,47,80,1,4.3,0.1,26.8,71,3.9,63,58,757,0.1,1.3,24.91,Vellagapudi
26-11-2020,0.34,42,1.8,7.7,9.5,10,13.1,17,25,0.5,1,0,23.5,90,4.9,70,16,759,0.2,53.8,24.17,Vellagapudi
27-11-2020,0.27,30.5,2.2,6.5,8.7,8.3,9.6,5,10,0.2,0.5,0,23.6,90,6.3,58,25,758,0.2,4,25.39,Vellagapudi
28-11-2020,0.4,49.1,1.7,9.4,11.1,10.1,11,23,41,0.8,3.5,0.1,25.9,79,4.7,75,63,760,0.1,0,25.87,Vellagapudi
29-11-2020,0.46,52.7,1.8,13.3,15.1,9.6,12.3,26,51,0.9,6.2,0.3,27.8,66,3.1,95,81,760,0.1,0,25.82,Vellagapudi
30-11-2020,0.54,60.3,2.6,19.3,22,11.7,12.6,43,79,1.2,10.9,0.4,27.3,70,2.1,87,80,760,0.1,0,25.07,Vellagapudi
01-12-2020,0.63,51.6,2.8,22.7,25.5,14.6,15.1,57,99,2.1,22.2,0.6,26.6,75,1.6,99,78,760,0,0,24.28,Vellagapudi
02-12-2020,0.57,49.2,2.7,22.8,25.5,15.8,16.1,59,99,1.6,15.9,0.4,26.5,74,1.7,147,71,758,0,0,23.92,Vellagapudi
03-12-2020,0.53,46.4,3.5,23,26.5,13.9,16.2,46,82,1.3,17.3,0.5,27.1,71,2.5,65,64,758,0.1,0,24.46,Vellagapudi
04-12-2020,0.56,38.3,2.6,20.4,22.9,18.1,14.1,50,86,1.6,19.4,0.4,27.6,73,2.2,114,82,757,0.1,0,25.13,Vellagapudi
05-12-2020,0.5,47.7,1.7,16.6,18.3,20.3,16.1,59,89,1.7,14.7,0.2,27.6,70,2.4,82,78,757,0.1,0,25.12,Vellagapudi
06-12-2020,0.47,53.8,1.7,14.3,16.1,17.5,13.5,54,84,1.1,9.6,0.1,27.6,70,3.1,93,73,759,0.1,0,25.46,Vellagapudi
07-12-2020,0.52,45.5,2,15.8,17.8,13.5,12.7,39,70,0.8,4.2,0.3,28.1,70,3.2,76,77,760,0.1,0,24.35,Vellagapudi
08-12-2020,0.47,47.9,1.8,17.2,19,13.4,14.5,49,84,1.8,14.3,0.3,26.8,70,2.5,88,81,761,0.1,0,24.83,Vellagapudi
09-12-2020,0.48,39,2.3,21.4,23.8,14.8,17.4,55,90,1.3,7.4,0.2,26,73,1.3,161,78,760,0,0,23.98,Vellagapudi
10-12-2020,0.5,35.9,2.9,19.2,22.2,15.8,14.4,52,85,0.9,6.3,0.2,26.1,77,1.4,156,78,759,0,0,24.09,Vellagapudi
11-12-2020,0.5,38,2.5,20.5,23,16.3,10,59,89,1,4,0.2,25.9,78,1.1,140,71,758,0,0,24.12,Vellagapudi
12-12-2020,0.68,35.6,3,27.1,30.1,16.9,14.3,82,124,1.7,10.9,0.7,25.5,77,1.2,143,58,759,0,0,24.58,Vellagapudi
13-12-2020,0.66,39.6,2.4,23,25.4,18,16.7,83,127,1.9,12.4,0.5,25.5,73,1.1,169,74,758,0,0,24.7,Vellagapudi
14-12-2020,0.68,34.6,2.4,23.8,26.2,18.8,15.8,77,115,1.5,9,0.4,25.7,73,1.6,110,76,758,0,0,24.56,Vellagapudi
15-12-2020,0.75,43.1,2.2,22.4,24.7,21.8,12.2,90,133,2,12.5,0.3,25.9,79,2,116,58,760,0,0,24.69,Vellagapudi
16-12-2020,0.66,44.3,2,19.1,21.2,17.2,12.2,63,98,1.5,14.2,0.3,26.8,77,2.5,82,66,761,0.1,0,24.92,Vellagapudi
17-12-2020,0.64,51.9,2.4,21.4,23.8,18.8,14.1,76,112,1.9,14.9,0.2,27.5,75,1.7,91,71,760,0,0,24.78,Vellagapudi
18-12-2020,0.72,43,2.5,20.6,23.1,18.8,16.5,83,120,1.4,9.6,0.3,27.3,79,1.4,120,64,758,0,0,24.63,Vellagapudi
19-12-2020,0.85,43.6,1.8,20.6,22.3,19.6,12.1,98,143,2.1,13.7,0.4,26.8,79,1.7,106,60,761,0,0,24.19,Vellagapudi
20-12-2020,0.67,42.2,1.9,20.4,22.4,17,13.6,83,126,1.3,8.8,0.2,25.7,74,1.4,145,65,759,0,0,23.67,Vellagapudi
21-12-2020,0.62,40.9,2.6,24.2,26.7,18,14.7,86,133,1.5,6.6,0.2,23.9,72,1.1,194,73,760,0,0,22.01,Vellagapudi
22-12-2020,0.68,46.5,2.5,27.2,29.7,18.8,22.2,97,150,1.8,18.3,0.3,24.2,72,1.2,197,75,759,0,0,21.55,Vellagapudi
23-12-2020,0.68,51.5,2,26,28,20.6,19,103,153,1.7,16.2,0.3,24.2,72,1.6,136,75,758,0,0,22.37,Vellagapudi
24-12-2020,0.67,45.7,2.6,26.6,29.2,21.4,21.4,101,150,1.6,14.8,0.4,24.2,74,1.5,132,73,758,0,0,23.29,Vellagapudi
25-12-2020,0.79,38.8,1.7,22,23.7,21.2,16.6,107,152,1.6,9.8,0.3,24.7,76,1.4,135,66,759,0,0,23.29,Vellagapudi
26-12-2020,0.77,34.3,2.1,25.2,27.3,21.6,17.6,118,172,2,12.6,0.4,24.8,77,1.2,153,62,758,0,0,23.15,Vellagapudi
27-12-2020,0.81,40.4,1.8,26.8,28.6,23.8,30.9,138,194,2,8.3,0.2,25,76,1.2,158,68,759,0,0,23.14,Vellagapudi
28-12-2020,0.71,31.2,1.9,21.1,22.9,20,17.1,129,186,2.4,13.3,0.5,25.3,76,1.3,121,67,758,0,0,23.39,Vellagapudi
29-12-2020,0.68,28.5,1.9,22.3,24.2,18.5,21.5,117,171,2.2,12,0.5,25.3,76,2,107,68,758,0,0,23.29,Vellagapudi
30-12-2020,0.71,67.9,1.8,21.9,23.6,20.4,23.4,96,143,1.7,12.7,0.3,25.8,73,2.7,85,68,758,0.1,0,23.91,Vellagapudi
31-12-2020,0.69,74.7,1.7,20.3,21.9,20.5,18.5,97,146,1.3,3.7,0.2,26,74,3,84,65,759,0.1,0,24.06,Vellagapudi
01-02-2021,0.55,42.4,2,13.8,15.9,17.4,16.3,43,74,0.7,5.8,0,27.5,76,2.2,97,70,762,0,,25.66,Vellagapudi
02-02-2021,0.62,54.9,2,16.4,18.3,22.5,13.6,75,117,1.3,8.3,0,26.8,75,1.9,102,72,762,0,,25.4,Vellagapudi
03-02-2021,0.61,51.8,2,18.5,20.6,20.1,13,63,113,0.9,2.6,0.1,25.9,73,1.9,153,77,761,0,,25.28,Vellagapudi
04-02-2021,0.55,50.7,2.1,20.7,22.8,17.4,15.3,55,101,0.8,3.5,0.2,25.7,70,1.9,108,81,761,0,,24.64,Vellagapudi
05-02-2021,0.55,48.4,2.2,22.1,24.3,16.6,13,54,105,1.2,8.5,0.2,25.5,70,1.4,160,83,760,0,,24.55,Vellagapudi
06-02-2021,0.45,54.1,1.9,17.8,19.8,16.6,17,50,95,0.7,2.3,0.1,25.6,70,1.5,155,81,759,0,,24.77,Vellagapudi
07-02-2021,0.56,45.8,2.7,22.5,25.2,17.1,16,55,106,1,5.3,0.2,26.1,67,1.7,173,78,760,0,,25.05,Vellagapudi
08-02-2021,0.52,57.7,1.9,16.9,18.8,18.2,15.4,54,97,1.8,10,0.2,26.3,71,2,93,78,761,0,,24.85,Vellagapudi
09-02-2021,0.51,55.3,2,18.7,20.6,20.7,11.9,59,98,0.9,3.5,0.1,26.4,74,1.6,176,81,760,0,,25.01,Vellagapudi
10-02-2021,0.55,57.1,2,18.2,20.2,19.5,14.4,56,92,0.7,1.8,0,26.3,74,1.7,183,80,758,0,,24.81,Vellagapudi
11-02-2021,0.53,54.2,2,16.3,18.3,16.5,17.4,52,88,0.7,1.9,0,25.9,76,1.7,142,73,758,0,,24.53,Vellagapudi
12-02-2021,0.46,45.9,1.9,16.8,18.7,15.5,13.9,47,74,0.7,1.8,0.1,25.9,74,1.8,178,80,759,0,,24.17,Vellagapudi
13-02-2021,0.33,36,1.9,15.4,17.3,12.5,11.6,27,46,0.5,2.3,0.1,25.9,74,1.9,183,84,760,0,,24.41,Vellagapudi
14-02-2021,0.41,34,2.2,17.5,19.7,12.8,13.5,26,48,0.7,4.1,0.1,26.1,74,2,163,86,759,0,,24.73,Vellagapudi
15-02-2021,0.46,33.8,2.1,17.1,19.2,13.8,14,25,47,0.5,1.5,0,26.5,75,2,158,84,758,0,,25.36,Vellagapudi
16-02-2021,0.45,34,2.1,17.3,19.4,14.2,19.7,31,53,0.5,1.7,0,26.5,75,2.2,158,82,758,0,,25.47,Vellagapudi
17-02-2021,0.44,38.9,2.7,18,20.7,15.2,12.4,40,67,0.5,1.8,0.1,26.1,74,2.3,153,85,758,0.3,,25.41,Vellagapudi
18-02-2021,0.58,47.6,2.1,15,17.1,17.2,21.4,67,106,0.8,2.8,0.1,26.6,74,2.9,106,75,759,0,,25.78,Vellagapudi
19-02-2021,0.53,47.3,2,15.6,17.5,14.9,14.7,56,91,0.7,4.5,0.1,25.8,75,3,105,52,761,0.8,,25.84,Vellagapudi
20-02-2021,0.49,47.3,1.7,13.1,14.8,13.2,14.6,43,74,0.8,5.2,0,26.8,70,4.2,100,77,760,0,,24.79,Vellagapudi
21-02-2021,0.45,46.1,1.7,11.9,13.6,13.8,13.1,30,53,0.6,1.9,0,27.1,74,2.5,101,73,760,0,,25.08,Vellagapudi
22-02-2021,0.58,42.4,2,15.5,17.5,15,19.4,41,77,1,10,0,28.2,72,1.9,114,84,760,0,,26.09,Vellagapudi
23-02-2021,0.58,42.2,3.3,17.2,20.5,14.7,21.3,41,71,0.7,2.3,0.1,28.1,74,1.2,132,85,758,0,,26.38,Vellagapudi
24-02-2021,0.65,38.8,2.3,15.5,17.8,15.5,12.5,34,59,0.5,1.2,0,28.2,74,1.7,158,85,757,0,,26.1,Vellagapudi
25-02-2021,0.65,41.2,2.2,15.3,17.4,13.9,14.7,37,68,0.6,2.2,0.1,28.6,70,1.7,178,89,756,0,,26.33,Vellagapudi
26-02-2021,0.73,47.5,2.7,18.5,21.2,15.1,16.4,46,83,0.6,2.3,0.1,28.9,70,1.8,171,91,755,0,,26.84,Vellagapudi
27-02-2021,0.6,52.4,2,16.5,18.5,16.8,18.3,53,86,0.6,1.7,0,28.7,73,2,156,87,754,0,,26.86,Vellagapudi
28-02-2021,0.41,40,1.6,11.8,13.4,13.8,14.8,29,52,0.3,0.9,0,28.4,77,2.4,145,89,755,0,,26.81,Vellagapudi
01-03-2021,0.35,23.2,2.3,13,15.4,11.3,16.1,15,33,0.2,0.6,0,28.2,76,2.8,143,84,758,0,0,26.68,Vellagapudi
02-03-2021,0.44,33.5,2.7,14.5,17.2,12.9,20.6,32,58,0.4,0.8,0,28.3,77,2.6,176,89,758,0,0,26.89,Vellagapudi
03-03-2021,0.48,39.6,2.3,15.4,17.7,14.6,16.9,35,67,0.3,1.9,0,28.7,71,2.3,149,93,757,0,0,26.83,Vellagapudi
04-03-2021,0.47,30,2.3,13.3,15.6,11.5,14.3,28,57,0.2,0.8,0,27.7,74,2.4,151,88,758,0,0,26.48,Vellagapudi
05-03-2021,0.4,34.1,2.3,15,17.3,11.2,15.9,28,58,0.4,1.4,0,27.8,68,1.9,163,95,759,0,0.3,26.49,Vellagapudi
06-03-2021,0.34,33.8,2.2,14.6,16.8,11.3,16.4,28,61,0.3,0.8,0,28,69,1.5,193,94,758,0,0,27.12,Vellagapudi
07-03-2021,0.33,16.5,2,11.7,13.7,11.4,14,14,36,0.2,0.6,0,28.2,79,2.1,174,83,757,0,0,27.32,Vellagapudi
08-03-2021,0.38,12.3,2.6,11.6,14.2,10.6,12.7,9,27,0.2,0.7,0.1,28.3,79,2.6,134,89,758,0,0,26.72,Vellagapudi
09-03-2021,0.37,12.2,3,12.3,15.3,8.9,13.9,8,24,0.3,0.7,0,28.2,76,2.3,145,86,759,0,0,26.8,Vellagapudi
10-03-2021,0.4,14.6,2.9,11.2,14.1,10.3,11.5,5,21,0.3,0.9,0,28.6,75,2.4,174,96,759,0,0,26.94,Vellagapudi
11-03-2021,0.3,12.4,2.8,9.9,12.7,9.4,17,6,23,0.3,0.6,0,28.6,76,2.6,139,94,758,0,0,27.4,Vellagapudi
12-03-2021,0.31,17.2,2.9,12,14.9,10.1,12.8,6,25,0.3,0.9,0,28.4,72,2.8,168,97,760,0,0,26.7,Vellagapudi
13-03-2021,0.35,24.2,2.5,12.4,14.9,8.8,18.3,9,31,0.3,1.6,0,28.6,70,2.2,175,104,759,0,0,27.04,Vellagapudi
14-03-2021,0.38,25.5,3.3,13.2,16.6,9.6,17.4,11,35,0.3,1.5,0,29,71,2.1,143,93,757,0,0,27.4,Vellagapudi
15-03-2021,0.35,25.4,2.6,12.5,15.1,10.7,14.8,14,35,0.3,0.6,0,29.2,74,2,161,90,757,0,0,27.74,Vellagapudi
16-03-2021,0.52,32.5,2.7,12.4,15.1,13,18.3,32,65,0.3,0.8,0,29.3,77,2.1,162,73,756,0,0,28.29,Vellagapudi
17-03-2021,0.44,31.7,2.1,11,13.1,12,16.3,28,55,0.3,0.6,0,29.3,74,2.7,137,85,756,0,0,28.55,Vellagapudi
18-03-2021,0.44,29.3,2.1,10.9,13.1,11.9,15.4,28,62,0.3,0.6,0,29.1,75,2.2,139,80,756,0,0,28.4,Vellagapudi
19-03-2021,0.47,30.6,2.1,11,13.1,12.7,12.1,29,59,0.3,0.6,0,28.7,74,2.3,152,82,756,0,0.3,28.76,Vellagapudi
20-03-2021,0.44,30.6,4.2,20.6,24.8,11.3,14.1,37,79,0.3,1.2,0,29.2,70,2,185,88,754,0,0,28.84,Vellagapudi
21-03-2021,0.48,36.7,2.8,19.7,22.5,12,23.3,43,95,0.3,0.5,0,30.2,70,1.5,184,78,754,0,0,29.51,Vellagapudi
22-03-2021,0.47,29.1,2.4,13,15.5,10.6,14.9,33,98,0.3,0.6,0,30.4,69,2.1,136,80,756,0,0,29.52,Vellagapudi
23-03-2021,0.48,30.7,2.4,13.2,15.5,10.8,12.4,35,97,0.4,0.8,0,30.3,69,1.8,156,98,757,0,0,28.88,Vellagapudi
24-03-2021,0.52,28.9,2.7,14.8,17.5,11.3,12.8,42,114,0.5,1.2,0,30.7,66,1.9,151,95,756,0,0,29.18,Vellagapudi
25-03-2021,0.53,25.3,2.6,14.4,17,11.9,13.9,43,111,0.5,1.4,0,30.5,67,1.9,175,77,755,0,0.3,30,Vellagapudi
26-03-2021,0.48,31.2,2.5,12.1,14.6,13.5,19.8,42,104,0.3,0.7,0,30.7,69,1.6,165,84,755,0,0,29.84,Vellagapudi
27-03-2021,0.53,27.7,2.1,10.3,12.4,14.5,12,43,103,0.3,0.4,0,30.3,74,2,147,74,754,0,0,30.26,Vellagapudi
28-03-2021,1.89,23.2,1.9,9.2,11.1,13,12.4,30,73,0.3,0.3,0,30.5,75,2.7,167,86,753,0,0,29.96,Vellagapudi
29-03-2021,0.53,29.4,1.8,9.7,11.5,13.1,14.1,28,61,0.2,0.3,0,30.3,76,2.9,139,80,753,0,0,30.43,Vellagapudi
30-03-2021,0.39,41.6,2.2,14.9,17.1,13,22,36,84,0.3,1.4,0,32.4,70,2.8,173,86,750,0,0.3,31.77,Vellagapudi
31-03-2021,0.51,57.1,1.8,15.4,17.2,13.8,19.6,43,101,0.4,1.1,0,33.6,61,3,240,97,748,-0.1,0,32.86,Vellagapudi
01-04-2021,0.51,54.5,1.8,14.8,16.5,12.7,21.8,40,113,0.5,1.7,0,33.4,62,2.5,211,100,748,-0.1,0,32.61,Vellagapudi
02-04-2021,0.57,57.2,1.6,12.6,14.2,11.2,17.3,43,124,0.4,1.2,0,33.8,62,2.5,224,97,749,-0.1,0,33.1,Vellagapudi
03-04-2021,0.36,46.5,1.7,8.5,10.2,12.9,14.5,38,92,0.3,0.5,0,32.3,73,4.8,114,88,751,0,0,32.26,Vellagapudi
04-04-2021,0.18,33.5,1.5,7.3,8.8,7.8,13.6,25,74,0.1,0.1,0,32.5,71,3.5,141,85,753,0,0,31.86,Vellagapudi
05-04-2021,0.47,29.3,1.6,5,6.6,6,14,25,69,0.1,0.1,0,31.6,75,3.6,126,74,754,0,0,30.73,Vellagapudi
06-04-2021,0.51,24.7,2,8.2,10.2,11.5,16.2,24,74,0.1,0.2,0,30.9,73,3.4,137,90,755,0,0,30.2,Vellagapudi
07-04-2021,0.54,26.3,1.7,9,10.7,11.9,14.6,27,76,0.2,0.3,0.2,30.7,73,3.3,145,87,755,0,0,30.06,Vellagapudi
08-04-2021,0.52,32.6,2,8.8,10.8,10.3,16.4,27,79,0.2,0.3,0,30.4,73,3.2,138,85,754,0,0,29.88,Vellagapudi
09-04-2021,0.48,28.5,1.7,7.6,9.3,9.1,18.8,21,62,0.1,0.2,0,30.2,73,3.7,135,86,754,0,0,29.77,Vellagapudi
10-04-2021,0.49,26.5,1.8,7.2,9,8.3,13.1,12,37,0.1,0.1,0,30.5,70,3.5,140,87,756,0,0,29.23,Vellagapudi
11-04-2021,0.46,13.1,2,8.3,10.3,8.6,13.3,15,36,0.2,0.6,0,31.1,71,2.7,135,90,757,0,0,29.65,Vellagapudi
12-04-2021,0.49,14.4,2.2,8,10.3,8.9,15.6,16,49,0.1,0.2,0,31.5,71,2.6,138,85,757,0,0,30.25,Vellagapudi
13-04-2021,0.47,8.9,2.3,8.1,10.4,8.3,12.2,11,36,0.2,0.5,0,31.5,70,2.8,154,90,756,0,0,30.72,Vellagapudi
14-04-2021,0.42,27.7,1.7,8.9,10.6,7.3,13.5,11,37,0.1,0.1,0,31.8,64,2.6,180,95,756,0,0.3,30.74,Vellagapudi
15-04-2021,0.44,27.2,2,9.4,11.4,6.8,11.8,4,17,0.1,0.3,0,29.9,72,3.7,130,93,756,0,0,30.3,Vellagapudi
16-04-2021,0.46,30.6,2,11.4,13.4,8.7,16.5,7,24,0.1,0.3,0,31.1,71,2.6,146,93,755,0,0,31.17,Vellagapudi
17-04-2021,0.44,29.7,1.7,8.3,10,7.7,13.6,14,33,0.1,0.1,0,31.9,71,2.7,139,101,755,0,0,31.36,Vellagapudi
18-04-2021,0.44,26.6,1.7,7.7,9.4,9.4,14.5,23,47,0.1,0.2,0,31.5,72,3.1,139,86,756,0,0,31.52,Vellagapudi
19-04-2021,0.44,31.2,2.1,9,11.1,9.6,17.6,26,59,0.1,0.2,0,32.4,72,2.9,137,87,754,0,0,32.26,Vellagapudi
20-04-2021,0.43,35.6,1.6,7.1,8.8,8.2,15.6,27,59,0.1,0.1,0,32.6,71,4.3,133,84,753,0,0,31.89,Vellagapudi
21-04-2021,0.48,27.2,1.6,6.6,8.2,7.8,14.1,19,49,0.1,0.1,0,32.2,72,4.2,137,78,754,0,0,31.94,Vellagapudi
22-04-2021,0.44,23.5,1.8,7.5,9.3,8.3,17.9,20,50,0.1,0.1,0,32.4,71,3.9,136,80,755,0,0,31.26,Vellagapudi
23-04-2021,0.47,37.1,1.8,9.9,11.7,9.4,17,25,56,0.1,0.2,0,31.1,70,2.9,173,83,755,0,9,31.8,Vellagapudi
24-04-2021,0.55,32.7,2.3,17.6,19.9,10.7,18.3,29,55,0.3,1.7,0,30.8,72,2.6,119,101,755,0,15.3,31.55,Vellagapudi
25-04-2021,0.45,30.5,1.9,13.1,15,9,15.4,26,59,0.1,0.5,0,32,70,2.4,133,101,754,0,0,31.47,Vellagapudi
26-04-2021,0.46,25.2,2.1,10.8,12.9,9.8,16.3,27,62,0.1,0.3,0,31.4,74,2.5,135,94,754,0,0,30.81,Vellagapudi
27-04-2021,0.49,35.9,1.8,10.1,11.9,12.2,16.6,29,69,0.1,0.2,0,32.4,67,2.9,149,99,754,0,0,31.29,Vellagapudi
28-04-2021,0.51,34.4,1.8,10.2,12,13,18.9,35,76,0.2,0.4,0,32.5,70,2.5,139,91,754,0,0,31.76,Vellagapudi
29-04-2021,0.45,28.3,1.8,8.6,10.3,10.3,14.5,28,62,0.1,0.1,0,32,71,3.1,129,85,754,0,0,31.64,Vellagapudi
30-04-2021,0.47,34.8,1.7,10.2,11.9,9.1,14.2,26,55,0.1,0.2,0,30.7,69,2.2,180,87,754,0,1.8,31.12,Vellagapudi
01-05-2021,0.44,15.5,1.9,8.2,10.1,8.8,13.7,17,42,0.1,0.2,0,31.1,73,3.4,128,91,754,0,0,30.96,Vellagapudi
02-05-2021,0.47,14.1,1.7,8.1,9.8,7.4,14.1,10,26,0.1,0.2,0,31.7,72,2.8,138,97,754,0,0,30.86,Vellagapudi
03-05-2021,0.44,12.4,2,8.2,10.1,7.1,16.5,8,24,0.1,0.3,0,31.9,71,2.9,134,85,754,0,0.3,30.79,Vellagapudi
04-05-2021,0.35,12.3,2.3,8.3,10.6,7.6,16.9,6,22,0.1,0.1,0,31.5,72,3,127,91,754,0,3,31.21,Vellagapudi
05-05-2021,0.37,13.2,1.9,7.7,9.6,6.8,12.9,4,18,0.4,0.1,0,32.4,70,3.9,121,110,753,0,0,31.68,Vellagapudi
06-05-2021,0.39,8.7,2,7.6,9.6,7.4,13.3,6,16,0.1,0.1,0,31.3,73,3.3,132,79,755,0,5.3,31.5,Vellagapudi
07-05-2021,0.41,10.5,2.3,7.9,10.2,5.9,18,6,13,0.1,0.2,0,32,71,3.5,133,95,755,0,0.3,31.32,Vellagapudi
08-05-2021,0.36,11.3,1.7,6.6,8.3,6.4,13.6,5,12,0,0.1,0,32.5,70,3.9,127,101,754,0,0,31.44,Vellagapudi
09-05-2021,0.41,12.2,1.6,6.6,8.2,6.1,12.8,6,15,0.1,0.1,0,32.5,69,3.8,136,92,753,0,0,31.62,Vellagapudi
10-05-2021,0.4,15.6,1.6,7,8.6,6.7,13,4,15,0.1,0.2,0,32.6,71,3.6,142,87,752,0,0,32.11,Vellagapudi
11-05-2021,0.41,17.8,1.6,8.4,10,6.3,13.5,8,21,0.1,0.3,0,32.1,71,4.4,146,101,752,0,46.5,33,Vellagapudi
12-05-2021,0.42,32.8,1.6,10,11.6,7.8,13.9,10,18,0.1,0.1,0,31.1,73,3,201,107,750,0,0.5,32.06,Vellagapudi
13-05-2021,0.52,24.5,2,12.4,14.4,8.2,14.9,18,34,0.2,0.8,0,30.6,79,2.3,138,71,750,0,8.3,32.34,Vellagapudi
14-05-2021,0.17,17.2,1.6,8.5,10.1,5.9,11.4,10,21,0.6,0.2,0,32.6,74,3.8,150,98,749,0,0,31.95,Vellagapudi
15-05-2021,0.43,10.8,1.7,6.7,8.4,4.9,15.2,3,14,0,0,0,32.3,74,6.3,116,105,750,0,0,30.35,Vellagapudi
16-05-2021,0.39,13.2,1.5,6.5,8.1,6.9,12.3,4,16,0.1,0.1,0,30.9,79,4.8,124,63,752,0,6.5,29.81,Vellagapudi
17-05-2021,0.46,16.8,1.8,8.5,10.3,6.9,9.7,12,26,0.1,0.1,0,32.3,74,4.4,137,97,752,0,0,30.56,Vellagapudi
18-05-2021,0.33,15,1.6,8.5,10.1,9,11,13,29,0.1,0.1,0,32.6,74,4.2,147,104,752,0,5,30.78,Vellagapudi
19-05-2021,0.38,17.9,1.8,9.9,11.7,10.9,17.5,16,34,0.1,0.2,0,32.9,73,4.3,142,97,751,0,0,30.9,Vellagapudi
20-05-2021,0.43,24.5,2.2,11.6,13.8,8.9,11.4,11,26,0.1,0.5,0,31.8,72,3,203,81,751,-0.1,0,31.55,Vellagapudi
21-05-2021,0.46,36.1,1.5,9.6,11.2,9.3,11.4,13,26,0.2,0.4,0,30.6,77,3.6,202,82,751,-0.1,6.5,30.11,Vellagapudi
22-05-2021,0.48,43.6,1.6,10.2,11.8,9.1,10.6,15,32,0.1,0.3,0,31,76,3.1,233,82,750,-0.1,0,30.27,Vellagapudi
23-05-2021,0.54,52.8,1.5,10.1,11.5,9.4,11.8,24,52,0.2,0.4,0,31.8,73,2.9,181,56,749,0,0,31.39,Vellagapudi
24-05-2021,0.58,66.6,1.5,10.8,12.4,10.5,17.6,30,56,0.2,0.6,0,33,65,3.6,256,70,748,-0.2,0,30.78,Vellagapudi
25-05-2021,0.63,53.7,1.6,13.1,14.8,11.6,14.7,45,111,0.5,1,0,33.6,57,2.7,254,64,746,-0.1,0,32.17,Vellagapudi
26-05-2021,0.45,58.2,1.6,11.3,12.9,13.8,9.5,37,104,0.3,0.8,0,35.6,51,5.6,262,99,744,-0.3,0.3,32.27,Vellagapudi
27-05-2021,0.36,47.4,1.5,9.7,11.2,13.9,18.5,23,75,0.1,0.3,0,35.5,52,7.1,265,99,746,-0.4,0,33.14,Vellagapudi
28-05-2021,0.46,52.4,1.6,11.5,13,14.4,9.7,24,61,0.2,0.4,0,35.6,54,4.3,267,107,748,-0.2,0,32.61,Vellagapudi
29-05-2021,0.4,43.1,1.6,11.3,12.8,13.6,9.8,23,50,0.2,0.5,0,35.1,58,3.3,238,87,749,-0.1,0,32.9,Vellagapudi
30-05-2021,0.44,57.2,1.5,12.2,13.7,12.6,9.8,21,50,0.2,0.5,0,35.4,59,2.7,226,108,749,-0.1,0,33.66,Vellagapudi
31-05-2021,0.51,48.6,1.7,11,12.7,12.4,11.4,21,46,0.2,0.5,0,34.9,61,3.6,210,85,748,-0.1,0,33.35,Vellagapudi
01-06-2021,0.57,58.6,1.6,11,12.5,12.5,12.1,22,40,0.2,0.6,0,34.7,61,2.8,216,105,749,0,0,33.05,Vellagapudi
02-06-2021,0.52,45.5,1.4,10.9,12.3,11.3,12.3,18,33,0.2,0.5,0,32.6,71,2.9,177,95,751,0,7,32.66,Vellagapudi
03-06-2021,0.52,25.9,2.2,15,17.2,10.6,16.2,14,27,0.3,2.1,0,29.2,82,2.7,147,50,753,0,2.3,30.72,Vellagapudi
04-06-2021,0.51,24.9,1.8,12.9,14.7,12.1,10.5,20,35,0.3,1.8,0,30.9,76,2.2,157,79,753,0,0,30.15,Vellagapudi
05-06-2021,0.44,19.7,1.7,8.8,10.5,9.6,11.3,15,32,0.1,0.3,0,32.4,71,3.1,140,106,752,0,0,30.46,Vellagapudi
06-06-2021,0.44,22.9,1.9,9.7,11.6,11.4,15,15,30,0.1,0.3,0,32.3,71,2.1,155,87,752,0,0,30.56,Vellagapudi
07-06-2021,0.44,36.9,1.5,9.6,11.1,9.2,11.5,16,29,0.2,0.4,0,32.8,68,3.1,198,97,751,-0.1,0,31.65,Vellagapudi
08-06-2021,0.45,35.2,1.6,10,11.7,9.7,10.6,18,47,0.2,0.5,0,34.2,61,4.1,227,111,749,-0.2,0,31.74,Vellagapudi
09-06-2021,0.45,35.6,1.7,9.9,11.5,8.5,10.4,18,40,0.2,0.7,0,34,61,4.8,221,109,748,-0.2,0,31.81,Vellagapudi
10-06-2021,0.4,32.5,1.6,9.6,11.3,8.8,9.6,11,26,0.1,0.4,0,32.5,65,5.6,269,78,747,-0.3,15.3,31.08,Vellagapudi
11-06-2021,0.41,21.4,1.9,9.8,11.6,8.7,10.3,6,18,0.1,0.5,0,28.7,83,3.7,270,39,748,-0.1,2.5,30.67,Vellagapudi
12-06-2021,0.34,19.1,1.7,9.4,11,9.5,12,6,17,0.1,0.4,0,30.5,75,4.4,260,66,747,-0.2,2.8,30.85,Vellagapudi
13-06-2021,0.47,28.8,1.6,8.4,9.9,7.9,10.1,6,12,0.1,0.3,0,29.7,78,4.6,264,60,746,-0.2,36,30.84,Vellagapudi
14-06-2021,0.43,29.3,1.7,8.7,10.4,7.9,9.6,7,18,0.1,0.4,0,29.7,77,3.7,256,46,746,-0.1,6.5,31.58,Vellagapudi
15-06-2021,0.42,22.5,1.9,8.5,10.4,7.2,11,9,25,0.1,0.3,0,31.7,66,4.7,254,60,746,-0.2,0,31.78,Vellagapudi
16-06-2021,0.37,23.1,1.7,7.5,9.2,6.7,10.3,6,22,0,0.2,0,33,61,7.1,254,87,747,-0.4,0,31.59,Vellagapudi
17-06-2021,0.35,22.7,1.8,8,9.7,7.9,9.6,10,33,0.1,0.2,0,32.5,64,6.8,245,79,748,-0.4,0,32.03,Vellagapudi
18-06-2021,0.39,19.3,1.7,8.7,10.4,7.7,10.9,17,55,0.1,0.4,0,32.3,65,5.2,238,65,750,-0.3,0,32.76,Vellagapudi
19-06-2021,0.34,24.3,1.4,6.7,8.1,6.8,9.6,20,68,0,0.1,0,33.4,58,6.5,256,85,751,-0.3,0,31.8,Vellagapudi
20-06-2021,0.39,26.3,1.6,7.6,9.1,7,10.4,19,62,0.1,0.2,0,33.4,59,4.9,259,86,751,-0.2,0,31.65,Vellagapudi
21-06-2021,0.43,25.2,1.9,11.6,13.5,7.6,9.7,40,135,0.2,1.3,0.1,33.5,60,3.6,237,105,750,-0.1,0,31.84,Vellagapudi
22-06-2021,0.43,28.3,1.8,13.2,14.9,8.3,10,37,109,0.3,1.5,0.1,32.7,65,3.1,213,76,750,-0.1,0,30.5,Vellagapudi
23-06-2021,0.42,35,1.7,9.9,11.6,9.5,10.8,28,74,0.2,0.5,0,31.9,70,3.8,212,66,750,-0.1,0,30.34,Vellagapudi
24-06-2021,0.67,32.4,1.9,11,12.9,8.8,10.8,18,41,0.1,0.6,0,31.3,69,3.7,249,68,750,-0.1,0,30,Vellagapudi
25-06-2021,0.31,30.7,1.8,7.9,9.7,8.1,16.1,14,40,0,0.2,0,33.7,57,6.3,277,97,749,-0.3,0,30.99,Vellagapudi
26-06-2021,0.35,34.5,1.5,7.6,9.1,7.5,9.7,10,27,0.1,0.2,0,31.7,67,5.1,254,63,748,-0.2,0,29.88,Vellagapudi
27-06-2021,0.45,31.3,1.6,9.5,11.1,9.4,10.2,12,22,0.1,0.4,0,29.6,81,2.5,235,68,750,-0.1,1.8,28.34,Vellagapudi
28-06-2021,0.4,29.7,1.7,8.6,10.3,7.7,11.6,13,24,0.1,0.3,0,31.2,73,2.9,195,88,751,-0.1,0.3,29.76,Vellagapudi
29-06-2021,0.47,37.2,1.8,9.4,11.2,10.4,11.6,23,46,0.1,0.5,0,31.5,76,2.4,136,64,751,0,0,30.83,Vellagapudi
30-06-2021,0.42,34.5,2.1,10.4,12.5,8.5,14.2,18,43,0.1,0.4,0,32.8,71,3.3,187,90,750,-0.1,0,31.55,Vellagapudi
01-07-2021,0.42,26.7,1.9,13.5,15.4,10.3,11.7,12,25,0.2,1.8,0.1,29.1,81,2.9,126,52,749,0,3.8,30.16,Vellagapudi
02-07-2021,0.48,20,2,11.6,13.7,8.6,11.1,9,19,0.2,1.2,0,28.5,86,2.5,196,42,751,0,10.5,28.7,Vellagapudi
03-07-2021,0.39,30,1.6,10.2,11.8,8.2,12.6,9,28,0.1,0.4,0,30.9,73,3.6,223,96,751,-0.1,0,29.89,Vellagapudi
04-07-2021,0.43,35.5,1.6,11.5,13.1,9.3,14,12,30,0.1,0.4,0,32.1,70,3.2,209,106,750,-0.1,0,30.44,Vellagapudi
05-07-2021,0.44,37.7,1.7,11.7,13.4,11.2,13,18,40,0.2,0.7,0,32.4,72,3.1,174,92,750,-0.1,0,29.75,Vellagapudi
06-07-2021,0.45,43,1.8,9.7,11.5,8.2,14.6,15,31,0.1,0.4,0,32.5,69,3.5,213,105,749,-0.1,0,29.93,Vellagapudi
07-07-2021,0.51,36.1,1.8,10.8,12.6,9.8,11,20,38,0.2,0.9,0.1,31.1,76,2.5,150,72,749,0,0.3,29.27,Vellagapudi
08-07-2021,0.43,36.2,2,11.3,13.3,8.1,9.5,9,19,0.1,1,0,29.3,81,2.9,282,61,750,-0.1,31,29.13,Vellagapudi
09-07-2021,0.53,25,1.9,10.2,12.1,10.5,9.9,12,23,0.2,1.2,0.1,29.3,84,1.9,188,51,748,0,2,29.71,Vellagapudi
10-07-2021,0.48,20.5,1.8,9.8,11.7,7,9.7,11,21,0.2,1.3,0,29.9,82,1.9,205,50,746,0,1.5,28.78,Vellagapudi
11-07-2021,0.44,14.3,1.6,8.8,10.4,7.3,10,8,18,0.2,0.8,0,28.8,85,2.3,241,31,746,-0.1,5,27.45,Vellagapudi
12-07-2021,0.54,9.8,2.5,12.4,14.9,9.8,9.2,9,21,0.4,1.9,0.2,29.4,84,1.6,193,41,747,0,0.3,27.32,Vellagapudi
13-07-2021,0.36,18.3,2.2,7.6,9.7,7.9,10.5,7,19,0.1,0.5,0,29.1,81,2.6,232,44,747,-0.1,5.5,28.17,Vellagapudi
14-07-2021,0.42,15.8,2.1,7.4,9.5,7,11,3,12,0.1,0.4,0,28.4,84,3.6,206,50,747,-0.1,2.5,28.49,Vellagapudi
15-07-2021,0.41,19.1,2,7.1,9,9.5,9.7,3,9,0.1,0.4,0,28.3,85,3.3,191,46,748,-0.1,0.8,28.4,Vellagapudi
16-07-2021,0.42,21.7,1.7,6.7,8.4,7.9,11.6,4,12,0.5,0.7,0,28.7,85,2.7,170,57,751,0,4.5,28.58,Vellagapudi
17-07-2021,0.44,24.7,1.6,8,9.5,5.5,13.5,5,12,0.2,0.3,0,29.7,82,2.1,200,89,750,0,1.8,29.08,Vellagapudi
18-07-2021,0.5,19.4,2.1,11.4,13.5,6.7,9.6,6,18,0.2,1.4,0.1,28.6,87,1.9,155,64,749,0,6,28.22,Vellagapudi
19-07-2021,0.43,20,2.2,7.6,9.9,7.1,10.1,3,10,0.1,0.4,0,30.6,76,3.5,244,86,748,-0.2,0,29.51,Vellagapudi
20-07-2021,0.36,24.8,1.9,6.7,8.6,5.2,10.6,5,18,0,0.2,0,31.5,67,6.2,271,74,749,-0.3,0,29.46,Vellagapudi
21-07-2021,0.33,15.9,1.4,5.9,7.4,5.5,10.6,4,13,0,0.1,0,27,87,5.4,262,30,749,-0.3,2.7,28.45,Vellagapudi
22-07-2021,0.37,21.1,1.9,5.4,7.3,6.2,9.5,6,13,0.1,0,0,25.7,93,6.9,253,23,745,-0.4,9.1,27.01,Vellagapudi
23-07-2021,0.36,24.9,1.9,7.8,9.7,6,11.3,5,20,0.1,0.4,0.2,29.8,77,4.3,269,90,745,-0.2,0.5,27.89,Vellagapudi
24-07-2021,0.41,23.9,1.7,7.2,8.9,5.9,11,8,24,0,0.2,0,30.5,75,4.6,249,95,747,-0.2,0,29.78,Vellagapudi
25-07-2021,0.41,20,1.6,7.6,9.1,5.8,10.4,8,24,0,0.1,0,31.8,71,4.7,236,93,748,-0.2,0.7,29.99,Vellagapudi
26-07-2021,0.4,17.3,2.1,9.2,11.2,6.7,10.6,8,27,0.1,0.5,0,31.6,72,4.6,243,81,749,-0.2,0,29.12,Vellagapudi
27-07-2021,0.33,19.9,2.2,8.5,10.7,6.1,13,8,29,0.1,0.4,0,32.3,64,5.3,256,92,748,-0.3,0,29.46,Vellagapudi
28-07-2021,0.38,21.6,2.2,8.2,10.4,5.6,10.1,5,21,0.1,0.3,0,32.2,63,5.7,263,91,749,-0.3,0,30.15,Vellagapudi
29-07-2021,0.41,21.4,2,8,10,6.9,10.7,8,26,0.1,0.3,0,31.5,65,5.3,276,54,750,-0.3,0,29.94,Vellagapudi
30-07-2021,0.43,21.5,1.9,7.5,9.4,7.4,11.2,8,25,0.1,0.2,0,31.6,67,5.1,268,76,750,-0.2,0.9,29.5,Vellagapudi
31-07-2021,0.37,20.4,1.6,6.7,8.3,6.9,12.8,7,23,0,0.1,0,31,67,6.2,259,57,751,-0.3,0,29.6,Vellagapudi
01-08-2021,0.35,21.7,1.6,6.7,8.3,6.8,10.5,6,21,0.1,0,0,31.9,64,5.7,,91,750,0,,29.75,Vellagapudi
02-08-2021,0.38,23.5,1.7,7.3,9,6.9,11.4,7,24,0,0.2,0,32.6,60,5.4,,104,750,0,,29.94,Vellagapudi
03-08-2021,0.36,22.3,1.9,8.5,10.4,6.9,10.8,7,29,0.1,0.3,0,32.4,63,5,,104,751,0,,29.96,Vellagapudi
04-08-2021,0.39,20.9,1.8,7.7,9.5,6.4,11.1,5,20,0.1,0.2,0,33,63,5.3,,102,751,0,,30.01,Vellagapudi
05-08-2021,0.32,20.8,1.9,7.2,9,7.3,14.4,6,27,0,0.2,0,33,62,5.1,,107,749,0,,30.16,Vellagapudi
06-08-2021,0.49,23.3,2.1,9.3,11.5,8.1,10,11,36,0.1,0.9,0.1,32.6,65,4.2,,103,749,0,,30.96,Vellagapudi
07-08-2021,0.5,23.6,1.9,12.8,14.6,9.7,10.7,17,52,0.3,2.8,0.2,31.8,74,3,,106,750,5.2,,30.99,Vellagapudi
08-08-2021,0.6,32.9,1.7,10.9,12.6,12.2,11.5,13,31,0.1,0.7,0,31.5,79,2.4,,104,751,2.2,,30.99,Vellagapudi
09-08-2021,0.48,32.8,1.9,10.4,12.3,13.1,10.5,18,39,0.1,0.7,0,31.5,80,2.4,,89,752,2.3,,30.86,Vellagapudi
10-08-2021,0.54,31.5,1.9,11.3,13.2,12.6,12.6,18,42,0.2,1,0.1,31,80,2.8,,67,751,6.3,,31.12,Vellagapudi
11-08-2021,0.51,29.3,1.9,10,12,8.6,14,10,34,0.1,0.7,0,31,77,3,,102,752,0.4,,30.16,Vellagapudi
12-08-2021,0.52,24.3,2.2,11,13.2,10.2,10.9,10,25,0.1,0.8,0,30.2,80,2.8,,81,751,0.4,,29.09,Vellagapudi
13-08-2021,0.42,25.7,2,9.1,11.1,13.4,12.2,10,24,0.1,0.7,0,29.7,81,3.5,,68,750,0.3,,28.61,Vellagapudi
14-08-2021,0.48,26.5,1.8,8.9,10.7,10.2,9.4,10,22,0.1,0.7,0,28.8,85,3.1,,63,749,1.5,,28.54,Vellagapudi
15-08-2021,0.49,24.4,1.8,10.1,11.8,10.9,9.5,8,25,0.1,0.5,0,29.3,82,3.2,,77,749,1.2,,27.49,Vellagapudi
16-08-2021,0.52,21.9,2.2,9.9,12,12.9,17.5,6,13,0.1,0.9,0.1,27.7,89,3.6,,48,751,4.8,,28.49,Vellagapudi
17-08-2021,0.38,21.8,2.1,8,10.1,11.8,13.9,7,16,0.2,0.5,0,28.7,85,3.5,,49,751,0.1,,29.25,Vellagapudi
18-08-2021,0.45,23.9,2,8.7,10.7,8.4,10.4,11,22,0.2,0.5,0,29.9,78,3.9,,70,749,0,,29.95,Vellagapudi
19-08-2021,0.44,23.8,2.1,8.4,10.5,8.5,11.1,9,25,0.1,0.3,0,30.2,77,3.4,,67,749,0.8,,29.22,Vellagapudi
20-08-2021,0.51,17.3,2.1,11.8,13.8,10.1,9,15,40,0.3,1.1,0.1,30,78,2.3,,48,751,0,,28.32,Vellagapudi
21-08-2021,0.5,18,1.9,8.4,10.3,12.4,9.5,11,25,0.2,0.7,0,27.5,92,2,,31,753,7.3,,28.18,Vellagapudi
22-08-2021,0.49,27.6,2,8.4,10.5,13,9.3,17,33,0.2,0.5,0,30.3,81,2.1,,97,753,0,,28.7,Vellagapudi
23-08-2021,0.52,33.7,2.1,8.7,10.8,11.9,13.6,23,40,0.2,0.3,0,30.6,79,2.2,,100,753,0,,29.43,Vellagapudi
24-08-2021,0.55,36.7,1.8,9.5,11.4,12.3,16.4,32,51,0.3,0.6,0,31.2,79,2.1,,99,752,0,,30.3,Vellagapudi
25-08-2021,0.54,38.8,1.9,9.3,11.2,11.9,12.7,21,38,0.2,0.4,0,31,80,2.8,,85,750,9.3,,30.35,Vellagapudi
26-08-2021,0.44,31.9,2,9.9,11.9,8.8,10.4,5,13,0.1,0.8,0,29.4,85,3,,84,750,1.9,,28.16,Vellagapudi
27-08-2021,0.44,26.7,1.7,8,9.7,10.4,9.6,5,15,0.1,0.5,0,29,84,2.3,,57,749,1.7,,28.17,Vellagapudi
28-08-2021,0.47,13.1,2.1,14.6,16.7,7.7,12.3,5,18,0.1,0.6,0,27.7,89,3.1,,37,747,1.1,,28.68,Vellagapudi
29-08-2021,0.46,23.6,1.9,9.6,11.6,9.1,9.4,10,20,0.2,0.9,0,28.1,87,2.9,,49,747,1.1,,28.48,Vellagapudi
30-08-2021,0.48,25.9,1.5,7.4,8.9,8.7,9.1,11,22,0.1,0.5,0,27.3,90,2.4,,29,748,0.1,,28.8,Vellagapudi
31-08-2021,0.56,21.5,2.4,9.7,12.1,11.4,11.8,15,34,0.2,1,0,28.1,89,2.3,,40,750,0.3,,27.73,Vellagapudi
01-09-2021,0.55,20.6,2.4,13,15.4,8,11.3,16,33,0.3,1.5,0.1,28.2,90,2,123,45,752,0,0.5,28.99,Vellagapudi
02-09-2021,0.54,21.2,2.9,13.8,16.7,11.3,13.1,18,44,0.3,2.2,0,30.4,82,1.6,165,92,751,0,0,29.39,Vellagapudi
03-09-2021,0.45,29.3,1.9,8.6,10.5,14.1,12.3,8,20,0.2,0.5,0,29.8,85,2.8,245,99,750,-0.1,14.2,28.47,Vellagapudi
04-09-2021,0.42,24.1,1.6,8.6,10.2,9.6,10,6,16,0.2,0.6,0,29,87,2.9,237,80,749,-0.1,3.5,27.88,Vellagapudi
05-09-2021,0.44,26.6,1.8,9.4,11.2,8,12.1,5,14,0.2,0.8,0,30,80,3.4,269,81,749,-0.2,0.3,27.53,Vellagapudi
06-09-2021,0.51,18.4,2.1,9.3,11.4,10.6,13.8,4,10,0.2,0.7,0,27.5,91,3.4,274,26,748,-0.1,2,27.1,Vellagapudi
07-09-2021,0.45,21.2,2,7.7,9.7,7,15.3,5,15,0.1,0.3,0,29.2,81,5.1,223,72,748,-0.2,0.2,28.54,Vellagapudi
08-09-2021,0.51,24,2.2,10.2,12.5,7.9,9.4,8,23,0.2,0.7,0,30.6,75,3.8,196,92,751,-0.2,0,29.7,Vellagapudi
09-09-2021,0.42,22.4,1.8,7.8,9.6,10.4,8.8,5,21,0.1,0.7,0,31.3,72,4,253,91,752,-0.2,0,29.39,Vellagapudi
10-09-2021,0.47,18.8,1.9,8.9,10.8,11.2,9.9,9,32,0.1,0.5,0,30.5,77,3.4,239,63,751,-0.1,0,29.08,Vellagapudi
11-09-2021,0.41,14.1,1.8,9,10.9,13,9.1,10,30,0.3,0.7,0,30.3,77,2.9,250,50,749,-0.1,0,29.21,Vellagapudi
12-09-2021,0.45,19.1,2,8.2,10.2,10.2,9.4,7,23,0.1,0.3,0,31,72,3.9,268,73,748,-0.2,0,29.6,Vellagapudi
13-09-2021,0.47,20.5,2,9,11,11.7,10.7,4,16,0.1,0.3,0,31.3,72,5.2,248,93,747,-0.3,0,29.94,Vellagapudi
14-09-2021,0.45,22.2,2.3,9.6,11.9,12.7,13.1,8,30,0.2,0.4,0,31.4,73,5.1,229,78,748,-0.2,0,30.42,Vellagapudi
15-09-2021,0.49,23.6,2.5,9.6,12.1,9.8,11.5,12,48,0.1,0.4,0,30.6,77,3.7,224,91,750,-0.2,2.4,30.34,Vellagapudi
16-09-2021,0.54,25.4,3.4,13.6,17,9.8,15.8,18,64,0.3,1,0.1,31.5,76,2.7,222,94,751,-0.1,0,30.15,Vellagapudi
17-09-2021,0.57,27.6,2,11.8,13.8,9.9,11.7,21,73,0.3,0.9,0.1,31.3,75,2.6,238,95,750,-0.1,0,29.56,Vellagapudi
18-09-2021,0.5,37.6,1.6,9.9,11.5,11.3,12.1,19,52,0.2,0.6,0,30.8,75,3.2,188,95,752,-0.1,0,29.75,Vellagapudi
19-09-2021,0.48,32.1,1.6,9.4,11,10.4,10,14,32,0.2,0.6,0,29.8,77,2.4,200,79,754,0,0,29.77,Vellagapudi
20-09-2021,0.41,31.1,1.8,9.7,11.5,10.3,11.1,12,25,0.2,0.8,0,29.3,81,2.6,215,78,753,0,0.8,28.66,Vellagapudi
21-09-2021,0.37,29.8,2,10,11.9,9.1,12.4,5,13,0.1,0.6,0,29.2,82,2.9,282,73,751,-0.1,0.1,28.57,Vellagapudi
22-09-2021,0.58,29.1,2,10.6,12.6,8.8,10.1,5,14,0.1,0.6,0,30,79,2.9,275,82,749,-0.1,0,28.57,Vellagapudi
23-09-2021,0.39,19.1,2.4,9.8,12.2,9.2,11.1,6,17,0.2,1.2,0,29.1,84,1.6,243,61,750,-0.1,0,28.15,Vellagapudi
27-09-2021,0.4,21.8,2.1,8.3,10.3,21.2,15.9,8,19,0.5,1.7,0,28.8,87,3.1,189,17,745,0.1,0.1,27.78,Vellagapudi
28-09-2021,0.43,19.5,2.8,11.2,14,10.1,16,10,25,0.5,1.9,0.1,29.7,80,2.5,174,62,749,0,0.1,28.7,Vellagapudi
29-09-2021,0.46,22.3,2.7,9.7,12.4,13.1,10.9,10,30,0.5,3.3,0.2,30.4,80,2.3,198,97,752,0,4.8,28.33,Vellagapudi
30-09-2021,0.66,17.7,2.6,10.9,13.4,12.7,11.8,12,26,0.7,4.1,0.4,29.3,88,1.6,164,62,753,0,0.3,29.02,Vellagapudi
01-10-2021,0.49,18.4,2.2,8,10.2,13.3,12,11,29,0.7,5.4,0.1,30.1,82,2.4,123,95,754,0,0,28.29,Vellagapudi
02-10-2021,0.42,13.6,2.1,5.2,7.3,10,12.4,3,13,0.3,1.2,0,30.9,80,2,112,84,754,0,0.1,28.34,Vellagapudi
03-10-2021,0.45,11.2,2.3,4.6,6.8,10.1,9.9,3,12,0.2,0.6,0,30.9,80,1.6,157,72,753,0,0.1,28.33,Vellagapudi
04-10-2021,0.43,15.2,2.8,7.9,10.7,12,11.5,5,17,0.5,2.7,0.1,29.5,85,1.8,150,76,753,0,1.2,28.47,Vellagapudi
05-10-2021,0.44,11.5,2.8,8.3,11.2,8.2,9.4,5,22,0.7,5.2,0.1,30.3,81,2.5,131,98,753,0,0.1,28.42,Vellagapudi
06-10-2021,0.46,10,2.6,7.5,10.2,11.7,14.5,3,17,0.4,2.8,0.1,29.6,85,2.7,83,73,752,0.1,1.4,27.99,Vellagapudi
07-10-2021,0.48,13.3,2.6,7.7,10.3,10.3,16.8,9,54,0.6,4.7,0.1,30.3,83,2.1,106,81,752,0,0,28.17,Vellagapudi
08-10-2021,0.56,23.3,2.1,8.8,10.9,8.2,15.5,19,35,0.4,1.9,0.1,31.6,79,1.6,170,83,751,0,0.1,29.17,Vellagapudi
09-10-2021,0.51,35.1,1.9,9.6,11.5,8.6,11.8,11,20,0.3,1.3,0.1,30.8,77,2.8,271,70,752,-0.1,0,28.58,Vellagapudi
10-10-2021,0.53,39.2,2,11.3,13.2,11.2,14.7,31,69,0.6,3.1,0.1,30.9,77,2.7,199,78,751,0,0,28.09,Vellagapudi
11-10-2021,0.65,32.7,2.3,13.9,16.2,11.9,11.4,40,95,1.3,6.1,0.2,31.2,76,1.7,179,83,751,0,0,28.03,Vellagapudi
12-10-2021,0.61,44.5,2,10.7,12.7,13.1,12.7,40,93,0.7,2.2,0.1,30.8,75,1.8,214,74,751,0,0,27.47,Vellagapudi
13-10-2021,0.63,40.7,1.7,8.6,10.3,18.8,10.9,53,126,0.8,3.4,0,30.3,79,1.8,209,66,750,0,0,28.47,Vellagapudi
14-10-2021,0.68,40.8,1.8,13.1,14.9,14,15.9,51,104,1.1,5,0.3,31.5,75,1.6,193,82,749,0,0,28.07,Vellagapudi
15-10-2021,0.62,41.4,1.7,9.9,11.7,14.4,13.4,42,65,1,2.6,0,30.4,79,2.2,224,68,747,0,4.2,28.62,Vellagapudi
16-10-2021,0.59,40.7,1.7,7,8.7,15.5,11.4,39,58,0.7,1.2,0,29.2,85,1.8,187,58,747,0,0,29.3,Vellagapudi
17-10-2021,0.45,28.8,1.6,6.9,8.4,10.2,13.2,13,28,0.4,1.1,0,29.7,83,2,135,71,749,0,0.4,28.39,Vellagapudi
18-10-2021,0.64,39.1,2,11,13,11.3,11.1,32,69,0.8,2.1,0.1,31.3,80,2.1,211,82,751,-0.1,0.1,29.85,Vellagapudi
19-10-2021,0.73,42.7,1.8,10.5,12.3,14.9,12.4,46,92,1,2.6,0.1,31.4,78,2,205,81,754,0,0,28.91,Vellagapudi
20-10-2021,0.72,36.3,2,15.4,17.4,16.3,16.8,47,99,1.3,4.1,0.2,31.4,78,1.7,205,70,756,0,0,27.92,Vellagapudi
21-10-2021,0.76,37.4,2,13.9,15.9,16.6,14.7,49,105,1.1,3.8,0.1,30.9,78,1.6,212,66,757,0,0,28.24,Vellagapudi
22-10-2021,0.61,39.8,1.7,13.6,15.3,15.6,15.2,42,85,1.1,4.7,0.1,30.7,74,1.8,222,80,757,0,0,28.47,Vellagapudi
23-10-2021,0.63,38.2,2.5,18.1,20.7,15.3,13.6,45,96,1.1,3.8,0.1,30.5,76,1.8,171,78,758,0,0,27.87,Vellagapudi
24-10-2021,0.53,37,1.8,8.6,10.4,12.8,10.9,22,46,0.5,1.3,0,29.7,79,2.3,94,71,758,0.1,0,26.53,Vellagapudi
25-10-2021,0.57,40.9,2.6,12.3,14.8,12.1,14.9,32,69,0.6,1.9,0.1,29.9,76,1.5,165,88,757,0,3.5,27.19,Vellagapudi
26-10-2021,0.56,35.1,2.2,16,18.2,13.3,14.3,47,108,1.5,9,0.3,29.7,73,1.9,158,83,756,0,0,27.13,Vellagapudi
27-10-2021,0.52,38.6,2,16,18,14,14.5,51,110,1.2,5.9,0.1,28.9,72,2,185,87,756,0,0,26.89,Vellagapudi
28-10-2021,0.68,35.3,2.3,15.9,18.1,15,9.8,58,104,1.3,3.1,0.1,29.2,76,2.1,216,67,756,0,0,26.5,Vellagapudi
29-10-2021,0.65,29.5,2.4,11,13.4,15.5,12.8,36,57,1.1,2.3,0,27.8,87,2.1,134,26,758,0,3.7,26.82,Vellagapudi
30-10-2021,0.57,15,2.6,13.3,15.9,9.6,12.9,12,33,1,11.7,0.1,28.9,85,2,122,68,759,0,0.1,27.2,Vellagapudi
31-10-2021,0.53,18.3,2.5,11.2,13.7,10.3,16.3,10,28,0.8,13.3,0,29.1,84,1.8,143,57,758,0,0,27.03,Vellagapudi
01-11-2021,0.49,19.8,2.2,10.9,13.2,11.2,11.5,12,28,0.7,8.2,0,27.8,86,2.1,107,44,758,0,0,26.87,Vellagapudi
02-11-2021,0.56,15.7,2.4,10,12.4,9.2,10.8,8,19,0.7,4.8,0,27.3,88,2.5,106,37,758,0.1,0.1,26.43,Vellagapudi
03-11-2021,0.54,25.5,2.3,11,13.3,12.9,10.4,10,26,0.8,3.8,0.1,28.2,83,2.6,79,59,757,0.1,0.1,26.63,Vellagapudi
04-11-2021,0.46,23.2,1.8,9.3,11,8.4,9.9,27,40,0.6,5.6,0,27.8,83,3.1,73,55,757,0.1,0,26.28,Vellagapudi
05-11-2021,0.51,37,1.9,8.7,10.6,11.5,12.6,32,50,0.7,2.5,0,28.1,80,3.1,77,74,756,0.1,0,26.59,Vellagapudi
06-11-2021,0.59,44.4,1.8,10.7,12.5,15,12.6,63,96,1.5,11,0,28.4,79,1.6,115,59,755,0,0,25.89,Vellagapudi
07-11-2021,0.7,47,1.6,11.4,13,16.1,15.5,80,118,1.7,14.4,0.1,27.8,80,1.9,88,50,755,0,0,25.2,Vellagapudi
08-11-2021,0.64,51,2.1,14,16.1,13.1,18.7,63,106,1,3.4,0.1,27.3,73,1.6,152,80,756,0,0,25.59,Vellagapudi
09-11-2021,0.71,39.8,2.2,18.9,21.1,12.3,15.3,61,112,2.4,16.2,0.1,27,75,1.4,144,62,757,0,0,25.07,Vellagapudi
10-11-2021,0.84,28.5,4.8,25.7,30.5,13.9,15.5,66,126,1.9,7.3,0.4,27.4,75,1.4,187,62,756,0,0,24.51,Vellagapudi
11-11-2021,0.76,25.1,2.2,13.7,15.9,14.7,12.2,51,83,1.4,6.1,0.1,26.9,81,3.3,94,41,753,0.1,0.5,24.66,Vellagapudi
12-11-2021,0.52,11.2,3.2,7.6,10.8,12.1,11.3,4,12,0.4,1.4,0,27,89,2.7,67,27,753,0.1,0.6,27.01,Vellagapudi
13-11-2021,0.46,12,2.3,9.3,11.6,9.5,9.8,5,15,0.5,3.2,0.1,27.8,89,2.2,82,48,754,0.1,1.3,26.46,Vellagapudi
14-11-2021,0.51,12.1,1.9,8.2,10.1,10.9,9.6,3,13,0.4,2.1,0.1,28.5,87,2.5,95,65,754,0.1,0.4,26.77,Vellagapudi
15-11-2021,0.45,10.1,2.6,8.6,11.1,10,11.3,9,18,0.4,2.3,0,28.2,88,2.7,76,50,753,0.1,0.6,26.77,Vellagapudi
16-11-2021,0.51,12.1,2.6,8.2,10.7,8.1,10.8,9,21,0.3,1.6,0,28.4,86,3.2,87,65,754,0.1,0.2,26.95,Vellagapudi
17-11-2021,0.52,24.9,2.2,8.7,11,10,10.1,19,36,0.5,1.6,0,29.3,80,3.5,78,74,756,0.1,0.1,26.76,Vellagapudi
18-11-2021,0.62,24.3,3.3,11.8,15.1,10,12.8,29,45,0.9,3.5,0.1,28.6,78,3.1,81,42,754,0.1,0,25.73,Vellagapudi
19-11-2021,0.54,27.1,2.6,8.2,10.8,8.8,10.7,25,39,0.6,1.6,0,26.3,90,4,72,27,753,0,3.8,26.22,Vellagapudi
20-11-2021,0.47,17.7,2.1,7.2,9.4,12.5,10.8,10,16,0.3,1.1,0,27.3,89,3.6,94,60,753,0.1,6,26.81,Vellagapudi
21-11-2021,0.51,11.6,2,7.1,9.1,7.4,13.2,7,17,0.5,3.9,0.1,27.7,90,2.6,111,48,755,0,0.6,26.86,Vellagapudi
22-11-2021,0.51,13.9,3.9,10.5,14.5,9,9.9,6,20,0.7,5.1,0.1,29.1,85,1.5,111,68,757,0,0.1,26.67,Vellagapudi
23-11-2021,0.58,14.2,4.5,11,15.5,8.7,10.2,12,26,0.5,3,0.1,29.1,85,1.2,179,74,756,0,1.1,26.85,Vellagapudi
24-11-2021,0.58,18.9,3,10.9,13.9,9.3,11.8,16,31,0.7,3.8,0.1,29.3,82,1.9,87,74,756,0,0.1,26.64,Vellagapudi
25-11-2021,0.71,29.7,3.8,16.2,20,11.6,9.9,41,68,1,4.4,0.3,28.7,80,1.6,106,70,757,0,1.3,26.51,Vellagapudi
26-11-2021,0.59,29.4,2.6,18.3,20.9,12.5,12.1,48,83,1.4,8.6,0.2,28.7,77,1.9,129,77,757,0,0,26.28,Vellagapudi
27-11-2021,0.59,26.2,2,15.4,17.4,13.2,11.1,51,79,2.5,6.8,0.4,27.7,78,1.8,96,51,758,0,0,25.36,Vellagapudi
28-11-2021,0.71,50.6,1.7,10.4,12.1,15.5,15.3,78,105,1.2,3,0.1,27,78,2.7,87,29,759,0.1,0.3,24.91,Vellagapudi
29-11-2021,0.75,54.2,1.9,16,17.9,13.8,12.7,68,99,1.3,3.4,0.1,27.3,78,2.4,69,39,759,0.1,0.1,24.63,Vellagapudi
30-11-2021,0.71,55.4,2.1,15.3,17.4,12.7,15.3,59,97,1.3,6.3,0.2,27.9,75,1.8,85,71,759,0,0,24.59,Vellagapudi
01-12-2021,0.75,67,1.8,13.6,15.4,13.8,15.2,67,102,1.4,4.3,0.1,26.9,75,2.3,98,72,758,0.1,0,24.77,Vellagapudi
02-12-2021,0.84,54.4,3,20,23,12.7,13.6,65,100,1.4,3.9,0.2,27.1,73,1.6,110,76,758,0,0,23.96,Vellagapudi
03-12-2021,0.66,36.4,2.5,16,18.4,11.6,11.8,50,81,1.5,5.5,0.2,26.9,77,1.5,168,69,757,0,0,23.78,Vellagapudi
04-12-2021,0.62,30.3,2,10.8,12.8,12.2,9.8,45,70,1,1.7,0.1,26.7,77,2.4,273,74,756,-0.1,0,24.83,Vellagapudi
05-12-2021,0.57,30.2,1.8,12.5,14.3,12.2,12.5,34,60,1,3.1,0.1,27.3,76,2.1,257,79,756,-0.1,0,24.7,Vellagapudi
06-12-2021,0.55,25.2,3,13.5,16.5,11.6,14.6,20,45,0.9,3,0.1,28.3,76,1.8,199,77,757,0,0,25.41,Vellagapudi
07-12-2021,0.55,33.8,2.6,14.4,17.1,12.3,15.2,20,40,0.8,2,0.1,28.4,78,1.3,162,70,758,0,0,24.85,Vellagapudi
08-12-2021,0.56,58.4,2.3,12.6,15,13.4,16.5,31,59,1.3,6.1,0,28.6,76,2.5,90,64,759,0.1,0,25.68,Vellagapudi
09-12-2021,0.62,42.8,2.5,13.5,15.9,11.9,12.9,23,47,1,2.7,0,27.1,80,2.8,88,42,760,0.1,0,24.57,Vellagapudi
10-12-2021,0.52,43.2,2.2,12.6,14.8,10.9,13.3,20,40,0.8,1.7,0,27.9,78,2.2,96,68,761,0.1,0,25.36,Vellagapudi
11-12-2021,0.64,47.4,1.8,12,13.9,11.9,12.5,26,48,0.9,3.5,0,28,79,1.9,94,72,761,0,0,25.17,Vellagapudi
12-12-2021,0.62,52.9,1.8,10.9,12.7,11.7,12.2,27,45,0.9,2.3,0,28.3,77,2.3,80,71,761,0.1,0,24.99,Vellagapudi
13-12-2021,0.56,68.4,1.9,15.3,17.2,14.1,15,60,93,1.2,3,0.1,27.7,75,2.8,71,59,760,0.1,0,25.16,Vellagapudi
14-12-2021,0.78,53.2,2.1,14.2,16.3,15,11,74,102,1.3,2.7,0.1,26.9,78,1.9,91,61,760,0.1,0,24.81,Vellagapudi
15-12-2021,0.64,50.6,2.2,18.9,21.2,15.2,13.6,77,111,1.5,5.3,0.2,26.4,73,2,75,68,760,0.1,0,23.49,Vellagapudi
16-12-2021,0.57,37.2,2.3,23.7,25.9,14.5,17.5,76,119,1.5,5.4,0.4,25.5,72,1.5,126,67,761,0,0,23.05,Vellagapudi
17-12-2021,0.63,41.9,2,23.7,25.7,14.7,18.4,79,125,1.4,5.5,0.2,24.9,71,1.5,157,72,761,0,0,22.73,Vellagapudi
18-12-2021,0.74,43.6,2,22.7,24.7,14.4,19.4,74,119,1.4,5.1,0.2,24.3,70,1.3,158,74,761,0,0,22.34,Vellagapudi
19-12-2021,0.77,43.4,2.8,15.3,18,13.1,15.1,78,117,1.4,4.9,0.2,24.2,73,1.2,186,70,762,0,0,21.93,Vellagapudi
20-12-2021,0.74,45.5,3.1,20.5,23.6,14.4,22.6,98,151,1.5,5.1,0.2,24.4,72,1.3,189,71,762,0,0,21.79,Vellagapudi
21-12-2021,0.69,41,4.5,20.8,25.3,13.2,14.9,85,122,1.6,3.1,0.1,23,71,1.8,259,75,761,0,0,21.8,Vellagapudi
22-12-2021,0.75,41.1,7.1,34.1,41.2,15.3,36,108,158,1.6,4.5,0,23,70,1.3,221,76,761,0,0,21.7,Vellagapudi
23-12-2021,0.92,37.7,9.7,23.5,33.2,17.8,16.1,117,159,2.1,10.9,0.1,24.2,75,1.1,196,75,759,0,0,22.13,Vellagapudi
24-12-2021,1,34.1,5.1,19.3,24.4,18.8,13.2,113,152,1.8,5.7,0.1,24.3,80,1.5,161,67,759,0,0,22.61,Vellagapudi
25-12-2021,0.86,34.5,3.2,14.2,17.4,17.6,14.8,95,118,1.3,2.5,0.1,25,80,1.4,172,67,759,0,0,23.07,Vellagapudi
26-12-2021,0.68,40.9,3.6,12.8,16.4,16.4,11.7,74,102,1,3.2,0.1,25.6,81,1.5,134,60,761,0,0,23.48,Vellagapudi
27-12-2021,0.79,32.9,3.8,19,22.8,17.9,10.8,85,117,1.5,3.4,0.2,25.3,81,1.5,134,52,762,0,0,23.71,Vellagapudi
28-12-2021,0.71,31.7,4.4,15.8,20.2,15.3,11.6,68,96,1.4,6.4,0.1,25.4,82,2,124,59,761,0,0,23.93,Vellagapudi
29-12-2021,0.75,34.8,3.7,13.6,17.3,14.7,8.3,49,75,1,4.3,0.1,26.1,81,2.1,118,58,760,0,0,24.24,Vellagapudi
30-12-2021,0.63,50.8,2.8,12.4,15.3,14.2,12.8,53,81,0.9,1.6,0,26.8,78,3.8,82,67,762,0.1,0,23.98,Vellagapudi
31-12-2021,0.58,52,3.3,13.3,16.6,12.5,13.7,50,75,1.2,3,0.1,26.9,72,3.2,82,71,763,0.1,0,24.1,Vellagapudi
01-01-2022,0.58,53,2.7,10.6,13.3,12,12.8,45,63,0.9,1.8,0,26.9,76,2.8,89,72,763,0.1,0,23.99,Vellagapudi
02-01-2022,0.66,52.2,2.7,11,13.7,13.9,15.6,62,85,1.1,3.1,0,26.5,78,1.8,94,66,762,0,0,23.75,Vellagapudi
03-01-2022,0.65,45.3,3,13.6,16.6,14.1,13.4,69,90,1.3,7.3,0,26.1,78,1.5,113,65,761,0,0,23.86,Vellagapudi
04-01-2022,0.59,57.8,3.1,15.6,18.7,13.8,17,74,104,1.3,8.9,0.1,25.4,77,1.8,91,67,761,0,0,23.25,Vellagapudi
05-01-2022,0.62,54.9,3.2,16,19.2,12.3,12.7,53,80,1.2,5.4,0.1,25.3,76,1.7,137,73,761,0,0,23.67,Vellagapudi
06-01-2022,0.57,47.7,3.4,13.6,17,10.9,13.3,43,63,1.2,7.7,0.1,25.4,78,2,124,72,760,0,0,23.7,Vellagapudi
07-01-2022,0.49,46.9,3,11.8,14.8,11.4,13.2,36,55,0.9,4.2,0,25.8,77,3.1,99,68,760,0,0,24.02,Vellagapudi
08-01-2022,0.65,50.9,2.6,10.4,13.1,11.9,10.2,41,61,0.9,1.6,0,25.8,79,2.5,97,57,761,0,0,24.24,Vellagapudi
09-01-2022,0.6,50.4,2.3,11.4,13.7,14.5,11,54,75,1,1.9,0,25.8,81,2.2,107,58,759,0,0,24.23,Vellagapudi
10-01-2022,0.58,35.6,2,12.2,14.2,12.4,10.2,25,37,0.6,1.2,0,25.9,80,2.8,115,61,759,0,0,24.34,Vellagapudi
11-01-2022,0.64,29.7,2.1,13.4,15.5,12.6,9,24,36,0.8,1.7,0,26.4,82,3.1,102,54,758,0,0,24.92,Vellagapudi
12-01-2022,0.74,28.7,2.1,12.8,14.9,12.2,12.6,19,29,0.7,1.4,0.3,26.1,85,3,105,50,758,0,0,24.96,Vellagapudi
13-01-2022,0.93,27.9,2.1,14.4,16.4,10.8,12.5,17,25,0.8,3,0.2,24.5,94,2.4,89,33,758,0,11.5,24.99,Vellagapudi
14-01-2022,0.85,34.5,1.9,12.4,14.3,13.1,12.8,25,34,0.9,3.7,0.1,25,89,2.5,94,47,758,0,0.9,25.13,Vellagapudi
15-01-2022,0.83,48,1.7,9.3,11,13.4,13,22,31,0.7,1.9,0,26.7,84,2.4,89,68,759,0.1,0,25.04,Vellagapudi
16-01-2022,0.9,64.1,1.6,8.4,10,13.5,9.4,28,40,0.7,0.9,0,26.4,82,3.1,90,62,761,0.1,0,24.49,Vellagapudi
17-01-2022,0.73,62.4,2.2,11,13.2,13.7,11.6,43,59,0.7,1.1,0,26.4,79,2.4,100,75,762,0.1,0,24.34,Vellagapudi
18-01-2022,1.16,51.9,2.6,18.1,20.7,14.5,23.3,58,83,1.1,4.3,0.1,26.2,79,1.1,144,73,761,0,0,24.02,Vellagapudi
19-01-2022,1.17,47.6,2.5,21.6,24.1,15.7,17.5,67,94,1.2,3.5,0.3,25.7,79,1,173,68,759,0,0,23.72,Vellagapudi
20-01-2022,1.01,49.9,2.5,19.4,22,17.1,15.1,66,93,1.1,3.7,0.2,25.5,79,1.3,156,75,757,0,0,23.05,Vellagapudi
21-01-2022,0.92,56.6,2.7,17.4,20.1,18.2,19.6,61,88,0.7,1.6,0.1,25.9,82,2.1,169,75,756,0,0,24.3,Vellagapudi
22-01-2022,0.92,63.7,1.6,12.5,14.1,17.6,13,59,87,0.6,1.2,0,26.7,82,1.8,166,68,755,0,0,25.15,Vellagapudi
23-01-2022,0.85,65.2,1.6,11.5,13.1,16.4,16,54,88,0.5,1,0,27.8,80,2.4,189,75,754,-0.1,0,25.56,Vellagapudi
24-01-2022,0.77,59.5,1.8,12,13.8,14.5,15,55,126,0.6,1.3,0.1,27.3,78,2.1,233,73,756,-0.1,1,24.8,Vellagapudi
25-01-2022,0.79,56.3,2.4,16.1,18.5,13.5,16,66,260,0.7,2,0.1,26,69,2.1,218,81,756,0,0,23.82,Vellagapudi
26-01-2022,0.86,48.1,1.9,14.5,16.4,15.2,13.1,56,161,1.2,5.5,0.1,25.3,79,1.9,116,57,757,0,0,23.77,Vellagapudi
27-01-2022,0.96,56.3,2.1,17.1,19.3,17.2,15,61,179,1.1,5.1,0.1,26.1,71,2.7,119,76,758,0.1,0,23.4,Vellagapudi
28-01-2022,0.84,76.3,2,15.5,17.4,14.2,17.5,39,108,0.7,2.3,0.1,25.4,59,2.4,196,87,760,0,0,23.07,Vellagapudi
29-01-2022,0.96,59.1,2.2,19.8,21.9,15.7,34.6,55,122,0.9,1.5,0.1,24.1,71,1.7,212,78,761,0,0,22.9,Vellagapudi
30-01-2022,1.13,67.1,1.6,14.5,16.1,17.3,13.1,65,121,1.1,3,0.1,25.3,75,1.6,221,82,759,0,0,23.85,Vellagapudi
31-01-2022,1.04,56.7,2.6,21.9,24.5,18.3,30.5,66,126,1.1,2.4,0.1,24.3,77,1.2,159,79,757,0,0,23.96,Vellagapudi
01-02-2022,0.95,63.6,2,13,15.1,17,11.6,50,83,0.8,1.8,0,23.9,80,1.6,157,79,757,0,,24.26,Vellagapudi
02-02-2022,0.75,55.6,2.2,12,14.2,15.5,11.8,32,55,0.6,1.3,0,24.2,78,2,147,84,757,0,,24.23,Vellagapudi
03-02-2022,0.7,44.7,1.8,9.3,11.1,14.5,11.7,17,31,0.3,0.5,0,23.5,79,2.9,147,65,757,0,,24.24,Vellagapudi
04-02-2022,0.58,54.8,2.1,13.1,15.2,12.9,12.3,29,58,0.5,1.1,0.1,24.4,73,2.5,195,74,755,0,,25.69,Vellagapudi
05-02-2022,0.58,57.1,2.1,20.7,22.8,13,19.3,52,139,1.2,2.9,0.2,24.1,66,1.2,193,90,757,0,,25.3,Vellagapudi
06-02-2022,0.77,73.9,1.6,13.1,14.8,14.8,14.8,42,109,0.9,2.9,0.1,24.2,69,2.1,95,80,760,0,,25.01,Vellagapudi
07-02-2022,0.77,67,1.9,11.6,13.4,15.2,12.1,42,97,0.6,1.4,0,24.4,75,1.9,119,84,760,0,,25.2,Vellagapudi
08-02-2022,0.84,48.1,2,12.3,14.4,15.1,10.9,39,83,0.8,2.1,0,24.4,76,2,123,77,759,0,,24.9,Vellagapudi
09-02-2022,0.67,54.3,1.7,10.1,11.9,15.1,11.7,38,72,0.5,0.6,0,23.8,77,3.1,134,68,759,0,,24.78,Vellagapudi
10-02-2022,0.63,54.1,1.9,12.2,14.1,13.1,13.3,40,73,0.5,1,0.1,24.2,74,1.9,127,83,758,0,,24.38,Vellagapudi
11-02-2022,0.92,42.5,2,13.7,15.7,13.8,9.8,45,81,0.7,1.4,0,24.9,75,1.8,174,82,758,0,,25.39,Vellagapudi
12-02-2022,0.46,39.9,1.8,15.4,17.1,15.6,18.5,47,86,0.8,1.6,0.1,25.8,72,1.6,146,83,758,0,,25.59,Vellagapudi
13-02-2022,0.45,52.3,1.7,11.7,13.5,16.6,12.2,58,92,1,2.1,0.1,24.8,76,2.1,137,78,757,0,,25.35,Vellagapudi
14-02-2022,0.45,71,1.8,12.5,14.3,16,14.5,56,89,1,2.3,0,25.1,72,2.1,93,85,757,0,,25.48,Vellagapudi
15-02-2022,0.44,66.7,1.8,13.7,15.5,13.7,13.3,48,78,0.8,1.8,0,24.3,74,2,104,77,757,0,,25.07,Vellagapudi
16-02-2022,0.43,65.8,2,13.8,15.8,14,12.4,52,81,0.8,1.4,0,24.4,75,2.1,126,76,755,0,,25.56,Vellagapudi
17-02-2022,0.43,55.4,2.1,14.9,17,14,15.9,53,81,0.9,1.2,0,24.1,77,1.9,128,72,754,0,,25.98,Vellagapudi
18-02-2022,0.44,55.2,1.8,10.2,12,12.5,15.7,50,79,0.5,0.8,0,24.5,77,2.1,138,52,756,0,,25.92,Vellagapudi
19-02-2022,0.44,50.1,1.8,14.2,16,12.7,15.6,53,82,1,1.8,0.1,25.4,76,2,144,110,758,0,,26.13,Vellagapudi
20-02-2022,0.45,50.2,1.7,10.7,12.4,15.4,9.4,55,81,,,,25.6,74,3.6,157,100,756,0,,26.61,Vellagapudi
21-02-2022,0.72,44.5,1.9,13.2,15,11.3,14.3,52,83,,,,26.3,75,1.6,182,82,754,0,,27.07,Vellagapudi
22-02-2022,0.63,33,2.4,11.3,13.7,14.8,9.7,33,56,,,,26.6,79,2.3,123,80,757,0,,27.05,Vellagapudi
23-02-2022,0.44,25.6,2.5,10.4,12.9,16.8,7.4,21,42,,,,26,77,2.6,123,77,760,0,,26.25,Vellagapudi
24-02-2022,0.34,27.9,2.5,9.4,12,12.2,9.6,21,36,0.2,0,0,25.3,76,1.9,153,81,761,0,,25.7,Vellagapudi
25-02-2022,0.4,30,2.3,12.5,14.8,11,10.9,24,45,0.5,0,0,25.1,74,2.1,156,91,760,0,,25.17,Vellagapudi
26-02-2022,0.46,30.1,2.2,10.8,12.9,12.3,8.9,28,48,0.5,0,0,25,75,2.1,157,88,761,0,,25.16,Vellagapudi
27-02-2022,0.44,28.3,2,12.2,14.1,12.7,9.7,25,46,1.5,0.1,0,25.7,73,1.5,136,87,760,0,,26.06,Vellagapudi
28-02-2022,0.41,31.8,2.3,14.2,16.5,11.5,11.5,21,43,1,0.1,0,25.7,71,1.8,150,93,760,0,,26.23,Vellagapudi
01-03-2022,0.43,35.3,2.1,12.3,14.3,11.5,11.2,20,40,0.7,0,0,25.9,71,2.2,147,96,759,0,0,26.94,Vellagapudi
02-03-2022,0.43,32.7,2.5,15,17.5,11.6,10.8,19,43,1.4,0.1,0,25.5,71,1.7,156,92,759,0,0.1,26.96,Vellagapudi
03-03-2022,0.48,37.3,2.4,14.9,17.4,13.1,12.9,31,65,1.2,0.1,0,26,72,2.1,133,83,759,0,0,27.39,Vellagapudi
04-03-2022,0.45,38.1,2.1,11.4,13.4,13.6,10.6,33,67,2.1,0.1,0,25.9,71,2.6,167,92,759,0,0,27.6,Vellagapudi
05-03-2022,0.45,38.2,2.2,13.3,15.5,12.6,10.4,38,72,1.2,0.1,0,26,67,2,148,85,758,0,0,27.72,Vellagapudi
06-03-2022,0.49,39.6,1.8,10.6,12.4,12.5,10.6,33,66,0.9,0.1,0,26.2,72,2.4,180,82,757,0,0,27.45,Vellagapudi
07-03-2022,0.5,38.7,2.9,15,17.9,13,11,30,63,1,0.1,0,26.8,70,1.8,155,83,758,0,0,27.85,Vellagapudi
08-03-2022,0.51,51.3,2.3,13.9,16.1,13.4,14.2,44,78,0.7,0,0,27.4,68,1.7,151,86,757,0,0,28.39,Vellagapudi
09-03-2022,0.46,49.9,1.7,10.8,12.5,12.7,10.7,43,75,0.4,0,0,27.4,71,2,141,84,756,0,0,28.87,Vellagapudi
10-03-2022,0.47,52.1,3,13.9,16.9,12.3,13.3,45,85,0.6,0,0,27.4,70,1.7,146,84,756,0,0,28.65,Vellagapudi
11-03-2022,0.57,53.9,2.5,15.6,18.1,12.4,12.8,44,84,0.9,0.1,0,27.5,67,1.6,138,84,756,0,0,28.64,Vellagapudi
12-03-2022,0.48,52.9,1.9,13.3,15.2,12.3,10.3,39,79,1,0.3,0,27.4,62,1.3,187,85,755,0,0,28.98,Vellagapudi
13-03-2022,0.53,58.6,1.9,15.1,17,13.2,15.1,41,85,1.2,0.2,0,27.7,60,1.6,154,83,756,0,0,28.97,Vellagapudi
14-03-2022,0.54,57.7,3.2,17.4,20.6,14,14.9,46,95,0.7,0,0,27.8,63,1.5,170,87,756,0,0,29.5,Vellagapudi
15-03-2022,0.5,56.2,4.8,16.6,21.5,13.4,13.2,43,92,0.7,0.1,0,27.7,64,1.7,184,87,754,0,0,29.72,Vellagapudi
16-03-2022,0.45,65.5,2.3,14.2,16.5,12.7,18,44,91,0.5,0,0,28.2,65,2.2,169,89,752,0,0,30.14,Vellagapudi
17-03-2022,0.49,64.6,2,12,14.1,12.5,17.9,44,89,0.4,0,0,27.9,71,3,141,86,752,0,0,30.21,Vellagapudi
18-03-2022,0.39,40.3,1.6,6.3,7.9,11,8.3,21,45,0.1,0,0,27.9,74,3.6,121,87,752,0,0,29.42,Vellagapudi
19-03-2022,0.43,26.7,1.8,6.4,8.2,10.9,9,21,41,0.2,0,0,27.8,76,3.2,139,83,752,0,0,29.5,Vellagapudi
20-03-2022,0.47,34.5,1.8,7.4,9.2,11.7,12.5,32,58,0.2,0,0,28.7,77,2.7,146,76,751,0,0,30.79,Vellagapudi
21-03-2022,0.52,44.6,2.2,9.4,11.6,12.3,10.9,40,79,0.2,0,0,29.9,74,2.4,137,74,751,0,0,31.71,Vellagapudi
22-03-2022,0.55,45.9,3.5,13,16.5,12.2,11.5,48,87,0.4,0,0,29.6,71,2.3,143,76,752,0,0,31.41,Vellagapudi
23-03-2022,0.53,36.9,2.2,7.9,10.1,12.8,10.3,48,82,0.2,0,0,28.8,78,3.1,133,64,752,0,0,30.67,Vellagapudi
24-03-2022,0.47,31.2,2.4,7.6,10,11.7,8.9,32,62,0.1,0,0,28.3,79,3.3,130,68,753,0,0,29.87,Vellagapudi
25-03-2022,0.42,20.3,2.6,7,9.6,10.4,7.4,21,49,0,0,0,28.3,77,3.6,139,78,754,0,0,29.56,Vellagapudi
26-03-2022,0.41,21.8,1.7,6.8,8.5,10,8.7,22,49,0,0,0,28.2,78,3.3,139,79,756,0,0,29.86,Vellagapudi
27-03-2022,0.4,24.3,1.9,8.3,10.2,10.5,11,25,54,0,0,0,28.4,78,3.1,135,81,756,0,0,30.14,Vellagapudi
28-03-2022,0.41,20.4,2.3,8.6,10.9,10.7,13.5,21,48,0.1,0,0,28.4,78,2.7,144,78,755,0,0,30.39,Vellagapudi
29-03-2022,0.43,26.2,2.4,8.2,10.7,10.7,14.8,22,50,0.4,0,0,28.9,79,3.2,137,81,753,0,0,30.68,Vellagapudi
30-03-2022,0.42,34.5,2.1,7.8,9.9,10.2,15.5,22,51,0.6,0,0,29.7,77,3.5,143,77,753,0,0,31.03,Vellagapudi
31-03-2022,0.41,34.7,1.8,6.4,8.2,9.4,12.7,18,41,0.3,0,0,29.2,77,4,137,63,754,0,0,30.67,Vellagapudi
01-04-2022,0.39,33.1,1.9,6.2,8.1,8.8,12.8,13,34,0.3,0,0,28.7,78,4.2,137,67,754,0,0,30.28,Vellagapudi
02-04-2022,0.4,32.4,1.7,5.5,7.2,8.3,12,13,33,0.2,0,0,28.6,77,4,143,71,756,0,0,29.88,Vellagapudi
03-04-2022,0.38,26.3,1.8,6,7.8,7.8,8.2,11,29,0.3,0,0,28.5,76,3.4,150,81,755,0,0,29.85,Vellagapudi
04-04-2022,0.34,14.2,2.1,6.4,8.5,7.5,8,4,19,0.3,0,0,28.1,78,3.5,144,72,756,0,0,29.83,Vellagapudi
05-04-2022,0.34,13.1,1.9,6.1,8,7.6,8.6,4,16,0.3,0,0,28.3,76,3.3,143,76,758,0,0,30.05,Vellagapudi
06-04-2022,0.37,19.5,2.2,7.3,9.5,8.1,8.6,9,30,0.5,0,0,28.5,75,2.8,150,86,757,0,0,29.96,Vellagapudi
07-04-2022,0.4,21.7,2.1,6.7,8.8,8.6,8.3,12,36,0.4,0,0,28.8,75,3,129,84,756,0,0,29.8,Vellagapudi
08-04-2022,0.41,15,2.1,6.5,8.6,8.4,9.1,7,24,0.4,0,0,28.6,75,3.2,137,87,756,0,0,29.72,Vellagapudi
09-04-2022,0.38,15.8,2.1,6.2,8.3,8.7,8,4,10,0.3,0,0,29.2,75,2.7,155,81,754,0,0,29.91,Vellagapudi
10-04-2022,0.42,15.2,2.4,7.9,10.3,8.9,,3,12,0.5,0,0,28.8,75,3,145,78,754,0,0,30.07,Vellagapudi
11-04-2022,0.39,15.4,3.3,8.8,12.1,7.6,9.5,4,13,0.7,0,0,29.3,74,2.8,135,85,753,0,0,30.27,Vellagapudi
12-04-2022,0.39,16.5,2.2,5.7,7.9,7.8,9.9,5,15,0.3,0,0,29.3,74,2.8,142,85,753,0,0,29.8,Vellagapudi
13-04-2022,0.4,15.1,2,5.6,7.7,8.1,9.9,4,14,0.3,0,0,29.6,74,3.4,143,90,752,0,0,29.96,Vellagapudi
14-04-2022,0.39,16.8,1.7,5.9,7.6,8,9.9,4,14,0.3,0,0,29.8,74,3.4,158,90,752,0,0,30.91,Vellagapudi
15-04-2022,0.43,33.3,1.7,5.5,7.2,9.4,9.9,17,32,0.3,0,0,30,75,3.2,156,76,751,0,0,31.33,Vellagapudi
16-04-2022,0.43,30.4,1.7,4.5,6.2,8.7,9.9,13,27,0.2,0,0,30.3,74,3.7,144,75,751,0,0,30.89,Vellagapudi
17-04-2022,0.41,31.9,1.7,4.6,6.4,8.4,9.9,12,25,0.2,0,0,30.7,71,3,135,74,752,0,0,31.73,Vellagapudi
18-04-2022,0.43,25.2,2,5.9,7.9,7.2,9.8,8,24,0.3,0,0,31,70,3,157,79,753,0,0,32.19,Vellagapudi
19-04-2022,0.46,33.9,1.8,5.6,7.4,7.9,9.8,14,31,0.3,0,0,31.2,70,3.6,174,90,754,-0.1,0,31.98,Vellagapudi
20-04-2022,0.45,37.4,1.8,5.7,7.5,8.4,9.8,18,35,0.2,0,0,30.7,71,3,153,91,753,0,0,32.04,Vellagapudi
21-04-2022,0.43,20.9,2.3,5.3,7.6,7.3,9.8,14,29,0.2,0,0,29.7,73,4.1,150,84,753,0,0,30.52,Vellagapudi
22-04-2022,0.39,16.3,2,5,7.1,7.2,9.9,7,18,0.2,0,0,29.6,73,3.4,139,76,754,0,0,31.01,Vellagapudi
23-04-2022,0.41,15.4,2.1,5.2,7.3,7.1,9.9,5,18,0.3,0,0,30.3,72,2.7,143,84,754,0,0,31.13,Vellagapudi
24-04-2022,0.4,32.4,1.8,6.7,8.5,7.5,9.8,13,36,0.2,0,0,31,68,3.5,206,72,753,-0.1,0,32.64,Vellagapudi
25-04-2022,0.47,32.7,2,6.3,8.3,8.5,9.8,17,44,0.3,0,0,30.7,69,3.8,152,92,752,0,0,32.41,Vellagapudi
26-04-2022,0.46,38.5,1.9,6,7.9,8.4,9.8,18,49,0.2,0,0,31.3,68,3.5,168,94,752,0,0,31.65,Vellagapudi
27-04-2022,0.44,22.9,1.8,5.6,7.4,7.5,9.8,11,33,0,0,0,30.9,70,3.4,157,92,752,0,0,31.52,Vellagapudi
28-04-2022,0.44,23.8,1.8,5.8,7.6,7.4,9.8,14,33,0,0,0,30.6,68,3.8,155,91,753,0,0,31.92,Vellagapudi
29-04-2022,0.49,40.9,1.9,8.5,10.4,8.7,9.8,23,53,0,0,0,31.5,68,3,177,95,752,0,0,32.53,Vellagapudi
30-04-2022,0.5,51.2,1.6,5.9,7.5,9.5,9.9,28,57,0,0,0,32.2,69,3.4,168,93,750,0,0,33.23,Vellagapudi
01-05-2022,0.54,47.5,1.5,5.2,6.8,9.8,9.9,32,64,0,0,0,31.6,73,4.3,146,87,749,0,0,32.68,Vellagapudi
02-05-2022,0.54,49.7,1.6,5,6.6,9.5,9.8,30,59,0,0,0,32,70,3.9,128,92,749,0,0,32.34,Vellagapudi
03-05-2022,0.52,40.7,1.6,3.7,5.3,8.3,9.8,28,53,0,0,0,31.5,71,5,141,84,751,0,0,31.92,Vellagapudi
04-05-2022,0.56,34.9,1.9,7.6,9.5,8.7,9.9,29,60,0,0,0,30,74,3.3,141,46,753,0,0,30.39,Vellagapudi
05-05-2022,0.53,37.6,1.9,6.1,8,8.1,10,35,61,0.1,0,0,31.2,71,2.8,157,86,752,0,0,30.53,Vellagapudi
06-05-2022,0.48,45.8,1.7,8.1,9.8,8,10,30,66,0.4,0,0,30.2,69,3.7,141,88,751,0,0,30.37,Vellagapudi
07-05-2022,0.56,53,1.9,13.8,15.7,8.9,10,36,72,1.4,0.2,0,31.2,64,2.6,151,96,750,0,0,31.66,Vellagapudi
08-05-2022,0.49,40.6,1.7,10,11.7,10,10.3,31,63,0.3,0,0,30.3,73,2.7,146,84,750,0,1,31.92,Vellagapudi
09-05-2022,0.5,46.5,3.3,18.6,22,9.5,10,39,69,0.9,0.1,0,31.5,65,3.4,199,97,746,0.5,0,30.76,Vellagapudi
10-05-2022,0.39,46.1,2,10.4,12.3,10.9,10.2,13,30,0.7,0.1,0,30.5,64,4,137,42,744,0.1,0,30.04,Vellagapudi
11-05-2022,0.51,45.7,2.6,15.1,17.7,12,10,14,31,0.6,0.1,0,27.5,82,6.3,135,25,744,0.1,1.1,27.9,Vellagapudi
12-05-2022,0.47,57.8,2.2,8.5,10.6,11,9.9,16,26,0.4,0,0,28,80,4.1,100,63,748,0,0.1,28.48,Vellagapudi
13-05-2022,0.5,52.3,1.9,9.6,11.5,10.9,9.9,17,30,0.6,0,0,30,74,2.6,142,96,748,0,0,29.16,Vellagapudi
14-05-2022,0.5,54.7,1.7,6.7,8.4,14.4,10.2,18,27,0.3,0,0,31.4,72,2.9,144,104,748,0,0,30.81,Vellagapudi
15-05-2022,0.52,62.1,1.6,5.4,7,13.3,9.9,32,54,0.2,0,0,31.3,73,3.6,114,95,749,0,0,29.82,Vellagapudi
16-05-2022,0.49,52.8,1.8,5.8,7.6,11.4,9.9,23,39,0.3,0,0,31.3,71,3.6,130,98,749,0,0,29.67,Vellagapudi
17-05-2022,0.5,46.4,2,6.4,8.4,10.8,9.9,25,38,0.3,0,0,31,71,3.9,130,91,749,0,0,30.24,Vellagapudi
18-05-2022,0.47,42.2,2,6,8,10,9.9,23,34,0.2,0,0,30.7,72,4.3,133,77,749,0,0,29.38,Vellagapudi
19-05-2022,0.49,43.4,1.9,5.4,7.4,11.3,9.9,15,26,0.2,0,0,29.6,77,4.1,122,66,750,0,0.2,29.38,Vellagapudi
20-05-2022,0.48,49.5,1.7,6.3,8,8.1,9.9,14,28,0.2,0,0,29.9,73,3.8,183,70,749,-0.1,0,29.67,Vellagapudi
21-05-2022,0.46,67.8,1.4,6.8,8.2,8.1,9.8,30,70,0.2,0,0,31.4,62,5.7,247,105,747,-0.3,0,30.99,Vellagapudi
22-05-2022,0.35,59.1,1.3,5.7,7.1,9.4,9.9,32,99,0.2,0,0,33.2,54,7.3,260,104,745,-0.4,0,32.19,Vellagapudi
23-05-2022,0.38,56.8,1.4,7.5,8.9,8.3,9.8,21,85,0.5,0.1,0,34,51,5.4,255,106,745,-0.3,0,32.42,Vellagapudi
24-05-2022,0.44,54.3,1.4,9.5,10.9,8.5,9.8,28,81,0.8,0.1,0,34.1,54,4.8,232,107,748,-0.2,0,33.14,Vellagapudi
25-05-2022,0.48,69.6,1.4,9.3,10.7,9.6,9.9,28,62,0.5,0,0,30.4,67,4.1,146,84,751,0,0,31.57,Vellagapudi
26-05-2022,0.49,67.1,1.3,7.5,8.8,10.1,9.9,32,76,0.5,0,0,32.7,65,3.5,191,103,750,-0.1,0,31.17,Vellagapudi
27-05-2022,0.55,56.2,1.5,10.7,12.1,11.4,9.8,41,99,1.1,0.2,0,31.8,61,3.5,208,72,750,-0.1,0,30.16,Vellagapudi
28-05-2022,0.45,64.4,1.5,8.2,9.7,12.2,9.8,35,98,0.8,0.1,0,33.8,51,4.3,245,108,748,-0.2,0,32.37,Vellagapudi
29-05-2022,0.41,68.4,1.4,6.4,7.8,12.8,9.8,28,86,0.4,0,0,34.2,51,4.5,222,103,748,-0.2,0,32.76,Vellagapudi
30-05-2022,0.46,80.4,1.4,7.8,9.2,14.3,9.9,34,79,0.5,0,0,33,55,3.6,231,60,748,-0.1,0,33.01,Vellagapudi
31-05-2022,0.41,84.8,1.4,7.7,9.1,13.5,9.8,29,67,0.4,0,0,33.4,52,4.1,266,102,747,-0.1,0,31.02,Vellagapudi
01-06-2022,0.5,82.3,1.4,11.2,12.7,15.1,9.9,35,65,0.8,0.1,0,33.9,52,3.6,263,98,747,-0.1,0,29.41,Vellagapudi
02-06-2022,0.53,81,1.6,10.8,12.4,17.6,10.1,39,81,0.9,0.1,0,35.8,50,3.6,241,121,746,-0.1,0,29.84,Vellagapudi
03-06-2022,0.43,85.7,1.4,8.2,9.6,17.2,10.2,30,64,0.5,0,0,36,51,4.3,185,57,745,0,0,32.01,Vellagapudi
04-06-2022,0.5,72.2,1.3,7.4,8.8,15.1,9.7,34,69,0.5,0.1,0,34,60,3.5,162,75,747,0,0,31.64,Vellagapudi
05-06-2022,0.49,68.2,1.4,7.1,8.4,17.6,9.8,36,64,0.6,0.1,0,32.6,66,4,128,86,747,0,0,30.87,Vellagapudi
06-06-2022,0.54,61.4,1.3,10,11.3,17,9.7,33,42,0.7,0.1,0,28.6,71,3.6,190,38,749,-0.1,0,30.64,Vellagapudi
07-06-2022,0.51,64.8,1.4,8.1,9.5,16.7,9.6,29,49,0.6,0.1,0.2,32.9,62,4.1,204,99,747,-0.1,0,30.92,Vellagapudi
08-06-2022,0.42,66.9,1.3,7.2,8.5,16,9.6,28,60,0.4,0,0,35.3,50,5.5,268,92,746,-0.2,0,32.16,Vellagapudi
09-06-2022,0.44,70.1,1.3,7.3,8.6,16.6,9.7,22,41,0.5,0,0,35.1,50,6,267,93,746,-0.3,0,28.84,Vellagapudi
10-06-2022,0.36,43.8,1.3,6.1,7.4,14.4,9.6,9,19,0.4,0,0,34.6,52,5.7,245,96,748,-0.2,0,31.14,Vellagapudi
11-06-2022,0.37,38.8,1.3,4.1,5.4,14.4,9.5,10,18,0.2,0,0,33.4,57,5.5,232,97,749,-0.2,0,31.37,Vellagapudi
12-06-2022,0.35,40.4,1.3,4.3,5.5,14.9,9.6,7,12,0.2,0,0,33.3,57,4.5,239,102,749,-0.1,0,31.24,Vellagapudi
13-06-2022,0.4,44.9,1.3,8.1,9.4,15.2,9.7,8,14,0.4,0,0,30.5,68,4.3,211,81,751,-0.1,0.4,31.77,Vellagapudi
14-06-2022,0.38,56,1.2,8.9,10.2,15,9.6,11,18,0.4,0,0,31.8,62,4,233,103,750,-0.1,0,31.1,Vellagapudi
15-06-2022,0.35,52,1.3,6.6,8,15,9.7,7,11,0.2,0,0,30.8,66,4.4,239,85,750,-0.1,0,29.59,Vellagapudi
16-06-2022,0.43,40.7,1.4,7.6,9,16.2,9.6,15,24,0.6,0.1,0,29.8,73,3,172,66,751,0,1.5,30.5,Vellagapudi
17-06-2022,0.46,37.3,1.3,10.4,11.6,17.4,9.7,21,27,0.4,0.1,0,29.9,75,2.9,148,73,751,0,1,30.15,Vellagapudi
18-06-2022,0.45,32.9,1.2,7.6,8.8,16.8,9.6,15,21,0.2,0.1,0,29,78,3,145,61,752,0,3,29.8,Vellagapudi
19-06-2022,0.49,29.7,1.2,10.9,12.1,14.1,9.6,17,28,0.4,0.1,0,28.8,79,2.5,143,51,751,0,0,29.91,Vellagapudi
20-06-2022,0.26,33.7,1.2,7.2,8.4,11.1,9.6,13,19,0.3,0.1,0,30.3,72,3.4,215,63,749,-0.1,0,29.99,Vellagapudi
21-06-2022,0.4,28.4,1.3,8.7,10,12,9.6,10,15,0.7,0.1,0,28.7,77,2.4,196,50,748,0,1.6,29.69,Vellagapudi
22-06-2022,0.38,29.2,1.2,10.2,11.4,8.6,9.6,10,16,0.7,0.1,0,28.9,72,2,205,67,749,0,0,28.4,Vellagapudi
23-06-2022,0.38,37.9,1.1,5.5,6.7,9.8,9.6,6,11,0.2,0,0,30.4,68,4.5,206,108,750,-0.1,2.7,30.31,Vellagapudi
24-06-2022,0.41,27.9,1.4,9.7,11.1,8.2,9.5,6,13,0.4,0.1,0,29.9,69,3,232,57,747,-0.1,1.1,29.25,Vellagapudi
25-06-2022,0.38,31.2,1.1,6.7,7.7,7.5,9.6,6,12,0.2,0.1,0,28.9,71,4,229,66,749,-0.2,0.1,29.66,Vellagapudi
26-06-2022,0.4,23,1.3,8,9.3,8,9.6,8,16,0.7,0.1,0,28.7,74,2,205,57,748,0,0,29.31,Vellagapudi
27-06-2022,0.41,22.5,1.4,8.1,9.5,8.9,9.9,9,18,0.4,0.1,0,26.6,85,2.2,207,44,750,0,1,28.97,Vellagapudi
28-06-2022,0.44,18.6,1.2,9.7,10.9,7.5,9.7,13,22,0.6,0.1,0,27.6,82,2.6,206,53,750,-0.1,0.2,29.79,Vellagapudi
29-06-2022,0.45,24.1,1.3,6.9,8.2,6.6,10,14,23,0.6,0.2,0,28.7,77,2.3,208,67,748,-0.1,0,30.58,Vellagapudi
30-06-2022,0.38,30.2,1.8,4.5,6.3,5.7,11.4,8,14,0.4,0.1,0,29.8,72,3.5,206,89,747,-0.1,0,30.13,Vellagapudi
01-07-2022,0.43,32.2,1.8,9.4,11.2,3.1,9.8,10,19,0.8,0.7,0,30.4,69,3.6,227,83,747,-0.1,0,30.51,Vellagapudi
02-07-2022,0.43,28.1,1.7,8.8,10.5,3.2,8.7,14,27,0.6,0.1,0,29.8,71,4.2,268,86,746,-0.1,0.3,29.29,Vellagapudi
03-07-2022,0.46,26.8,1.8,9.9,11.7,3.4,8.2,12,22,0.5,0.2,0,27.6,83,2.3,194,57,748,0,5.3,29.55,Vellagapudi
04-07-2022,0.47,25,2.3,7.7,9.9,3,7,12,29,0.6,0.1,0,28.1,81,2.9,243,67,747,-0.1,1.9,29.33,Vellagapudi
05-07-2022,0.37,23.2,2.3,7.7,10,3,10.8,7,11,0.5,0.1,0,27.8,80,3.3,222,63,745,-0.1,1.8,28.91,Vellagapudi
06-07-2022,0.36,25.7,2,5.1,7,4.1,9.2,9,15,0.3,0.1,0,27.5,80,4.5,260,63,747,-0.2,0.5,28.28,Vellagapudi
07-07-2022,0.37,22.9,2.2,6.4,8.6,3.5,9.2,9,16,0.5,0.1,0,28,77,4.1,225,54,749,-0.2,0.6,29.05,Vellagapudi
08-07-2022,0.37,19.5,1.9,4.4,6.3,4.5,9.9,5,9,0.3,0,0,25.1,91,4.8,259,37,748,-0.2,9.1,28.07,Vellagapudi
09-07-2022,0.33,29.3,1.4,3.2,4.6,5,8.6,10,14,0.1,0,0,25.4,86,6.3,258,27,745,-0.4,1.5,28.17,Vellagapudi
10-07-2022,0.35,29.6,1.3,3.6,4.9,4.9,11.9,8,12,0,0,0,26.1,81,9.3,265,34,745,-0.6,2.1,28.8,Vellagapudi
11-07-2022,0.32,24.6,1.6,2.9,4.6,5.2,8.6,8,17,0.1,0,0,26.2,80,5.7,268,11,746,-0.3,0,28.89,Vellagapudi
12-07-2022,0.42,26.3,2,4.5,6.5,4.4,17,6,11,0.2,0,0,26.1,80,9.5,262,30,746,-0.6,0,28.89,Vellagapudi
13-07-2022,0.62,29.9,1.7,3.6,5.3,4.8,9.2,11,17,0.1,0,0,27,73,8.5,258,34,744,-0.5,0,28.28,Vellagapudi
14-07-2022,0.73,22,2,5.7,7.7,3.8,7.7,9,17,0.4,0,0,26.9,79,5.3,257,60,744,-0.3,0.7,29.07,Vellagapudi
15-07-2022,0.64,25.3,1.8,5.1,6.9,4.1,7.8,10,24,0.3,0,0,29.7,67,5.4,261,93,746,-0.3,0,30.23,Vellagapudi
16-07-2022,0.7,27.7,1.6,4.6,6.2,4.5,8.2,8,21,0.1,0,0,30.4,65,5.1,267,103,747,-0.2,0,29.48,Vellagapudi
17-07-2022,0.79,21.1,1.6,6.7,8.3,3.7,7.6,6,12,0.4,0,0,28.1,77,3.2,258,49,748,0,0.2,29.09,Vellagapudi
18-07-2022,0.84,21.4,3.5,7.9,11.4,2.7,6.9,4,10,0.4,0,0,26.2,91,2.7,208,62,750,-0.1,7.4,28.64,Vellagapudi
19-07-2022,0.69,30.2,3.6,9,12.6,2.1,18.9,9,35,0.5,0,0,31.3,67,3.4,239,110,749,-0.1,0,30.27,Vellagapudi
20-07-2022,0.84,33.7,2,8.1,10.1,2.9,13,11,23,0.4,0,0,29.3,77,3.1,227,92,750,-0.1,0,30.72,Vellagapudi
21-07-2022,0.79,28.3,1.8,7.2,9,3.3,14,9,15,0.4,0,0,28.7,78,3.8,215,107,750,-0.1,0.1,29.32,Vellagapudi
22-07-2022,0.79,22.4,1.8,9,10.8,3.1,14.5,6,9,0.5,0,0,24.9,93,3,249,28,750,-0.1,6.4,28.09,Vellagapudi
23-07-2022,0.81,26.2,1.7,7.7,9.4,3.4,13,7,12,0.8,0,0,26.4,87,3,233,66,749,-0.1,1.4,28.56,Vellagapudi
24-07-2022,0.8,21.9,1.7,8,9.8,3.1,13.4,9,19,0.6,0,0,28.2,78,3.4,223,73,750,-0.1,0.1,29.2,Vellagapudi
25-07-2022,0.78,23.1,2.4,9.9,12.3,2,12.9,7,14,1,0.1,0,28.2,80,2.1,238,84,751,0,0.4,28.75,Vellagapudi
26-07-2022,0.6,17.5,2.2,8.9,11.1,2.5,6.7,7,10,0.6,0.1,0,26.2,89,2.1,219,32,753,0,2,27.42,Vellagapudi
27-07-2022,0.47,26.7,2.3,9.8,12.1,2.3,8.2,11,14,0.7,0.1,0,28.2,82,1.9,163,100,753,0,0,28.15,Vellagapudi
28-07-2022,0.48,20.5,2.8,10.5,13.3,2.4,6.9,11,18,0.8,0.1,0,29.2,79,1.7,120,88,753,0,0,28.2,Vellagapudi
29-07-2022,0.46,16.3,2.6,8.5,11.1,2.6,7.5,9,16,0.4,0,0,29.2,77,2.2,164,109,753,0,0,28.96,Vellagapudi
30-07-2022,0.46,18.6,2.2,9.2,11.4,2.5,8,10,20,1.1,0.3,0,29.3,77,2,181,96,751,0,0,29.41,Vellagapudi
31-07-2022,0.48,33.7,1.8,7.9,9.6,3.2,10,21,29,0.5,0,0,30.1,76,2.3,165,89,749,0,0,29.46,Vellagapudi
01-08-2022,0.47,38.4,2,9.1,11.1,3.1,11.9,29,38,0.4,0,0,29.9,77,2,159,94,749,0,0.5,29.72,Vellagapudi
02-08-2022,0.46,35,2.2,10.1,12.3,2.6,9.6,16,26,0.6,0.5,0,28.7,80,2.6,228,104,748,0,2.6,29.32,Vellagapudi
03-08-2022,0.51,37.8,1.8,9.2,11,2.6,10.9,12,16,0.8,0.3,0,28.4,81,1.9,181,99,748,0,0.1,28.24,Vellagapudi
04-08-2022,0.53,22.8,2.7,11,13.8,1.8,8.1,16,23,1.5,0.7,0,28.6,81,2.2,147,78,748,0,0,28.08,Vellagapudi
05-08-2022,0.52,20,2.7,8.9,11.6,2.2,7.3,6,11,2.2,0.8,0,26.6,88,1.9,195,47,747,0,0.6,28.65,Vellagapudi
06-08-2022,0.43,22.7,2,4.8,6.8,4.2,7.8,5,9,0.3,0,0,27.7,81,3.4,241,59,746,-0.1,0,27.78,Vellagapudi
07-08-2022,0.43,20,2,4.3,6.3,4.5,5.5,5,8,0.1,0,0,26.4,86,4.2,255,42,745,-0.2,2.6,27.76,Vellagapudi
08-08-2022,0.4,19.9,2.2,3.8,6,4.5,8.5,4,9,0.2,0,0,26.6,85,5.2,256,62,744,-0.3,1.7,28.49,Vellagapudi
09-08-2022,0.43,21.2,2.1,4.3,6.4,4.4,8.9,6,11,0.1,0,0,27.2,80,5.4,235,56,745,-0.3,0.1,29.6,Vellagapudi
10-08-2022,0.41,24.8,2.4,6.1,8.5,3.5,9.2,9,19,0.2,0,0,28.8,70,6.3,235,87,745,-0.3,0,29.74,Vellagapudi
11-08-2022,0.41,24.7,2.4,5.9,8.3,3.6,8,7,17,0.2,0,0,29.2,69,5.1,227,84,747,-0.2,0,29.68,Vellagapudi
12-08-2022,0.42,22.5,2.2,5.3,7.5,3.8,9.4,6,13,0.3,0,0,29.8,67,4.9,255,90,749,-0.2,0,29.61,Vellagapudi
13-08-2022,0.39,25.2,1.8,4.4,6.2,4.4,8.6,6,17,0.1,0,0,29.3,68,5.3,265,57,749,-0.3,0,29.15,Vellagapudi
14-08-2022,0.43,16.3,2.1,4.3,6.4,4.4,,4,9,0.2,0,0,26.7,80,4.3,258,35,750,-0.2,0.7,28.29,Vellagapudi
15-08-2022,0.44,16.3,2.3,5.6,8,3.7,,5,11,0.3,0,0,27.3,78,3.9,225,60,751,-0.2,0.4,28.43,Vellagapudi
16-08-2022,0.49,27.3,2.9,8,10.9,2.7,11.6,9,17,0.8,0.1,0,27.7,82,2,149,84,752,0,0.7,29.31,Vellagapudi
17-08-2022,0.49,28,2.9,8.5,11.4,2.8,11.6,9,19,1.1,0.1,0,28.9,78,2.3,177,95,752,0,0.7,30.19,Vellagapudi
18-08-2022,0.51,27.2,2.9,9.2,12.1,2.6,12.4,11,23,0.8,0.1,0,28.8,78,3.1,270,90,750,-0.1,1.3,28.53,Vellagapudi
19-08-2022,0.46,27.2,2,5.4,7.4,3.8,7.4,9,15,0.4,0,0,27.7,81,3.1,274,59,751,-0.1,0.6,27.79,Vellagapudi
20-08-2022,0.43,27.1,2.2,6.6,8.9,3.4,12.5,6,14,0.3,0,0,29.6,72,4.2,280,97,749,-0.2,0,29.68,Vellagapudi
21-08-2022,0.43,28.7,1.9,5.6,7.5,3.9,11.6,6,15,0.2,0,0,30.1,68,4.2,254,91,749,-0.2,0,29.88,Vellagapudi
22-08-2022,0.44,21.9,2.2,6,8.3,3.5,13.3,6,17,0.2,0,0,29.3,69,4.3,260,143,748,-0.1,0,30.23,Vellagapudi
25-08-2022,0.44,39.7,2.5,6.8,9.3,3.1,9.4,4,14,0.3,0,0,28.6,80,3.5,220,82,751,-0.1,7.5,28.64,Vellagapudi
26-08-2022,0.45,30.3,2.9,8.3,11.2,3.3,8.5,13,26,0.4,0.3,0.2,28.8,78,2.7,256,106,750,-0.1,0,28.83,Vellagapudi
27-08-2022,0.49,31,2.9,9.5,12.3,2.5,8.9,17,32,0.2,1.1,0.1,28.7,77,2.6,285,86,750,-0.1,0,28.83,Vellagapudi
28-08-2022,0.58,20.5,3.3,13,16.3,1.8,6.5,24,41,0.4,3.9,0.6,28.2,81,1.8,211,51,750,0,0,27.85,Vellagapudi
29-08-2022,0.54,29.5,3.2,9,12.3,1.9,8.9,25,35,0.3,2,0.3,28.1,84,1.9,152,89,752,0,2.5,28.5,Vellagapudi
30-08-2022,0.51,17.5,3.2,6.3,9.5,2.9,6.3,15,22,0.2,1.5,0.1,28.7,80,2.5,116,93,753,0,0,28.18,Vellagapudi
31-08-2022,0.49,10.2,2.6,5.3,7.9,3.6,9,7,11,0.2,1,0.1,28.4,82,1.8,142,76,752,0,0.1,27.85,Vellagapudi
01-09-2022,0.46,11.4,3.1,6.4,9.5,3,10.4,2,8,0.2,1,0.1,28.8,78,2.5,119,102,752,0,0.3,27.79,Vellagapudi
02-09-2022,0.43,6.9,3.3,6.4,9.7,2.8,9.3,4,8,0.2,1.1,0.1,27.9,84,1.8,114,58,753,0,0.2,27.96,Vellagapudi
03-09-2022,0.5,14.6,2.9,5.5,8.4,3.4,7.8,8,13,0.1,0.9,0.1,29.2,78,2,158,100,752,0,0,29.27,Vellagapudi
04-09-2022,0.44,26,2.9,7.8,10.8,3,9.6,22,32,0.1,0.6,0,29,79,2,174,100,753,0,2.7,29.21,Vellagapudi
05-09-2022,0.46,25.1,2.6,6.7,9.2,3.2,5.7,15,24,0.1,0.7,0.1,28.9,79,1.8,222,97,751,0,0.2,29.15,Vellagapudi
06-09-2022,0.45,21,3.6,9,12.6,3.3,13.4,14,22,0.2,1.4,0.3,28.8,79,1.8,197,96,751,0,0.4,29.26,Vellagapudi
07-09-2022,0.52,22.7,4.7,11.6,16.3,7.1,13,22,31,0.3,2.4,0.4,27.3,86,1.8,206,40,751,0,0.6,28.7,Vellagapudi
08-09-2022,0.52,13.7,4.8,14.2,19,13,5.9,10,17,0.3,4.4,0.5,25.5,93,1.8,238,25,750,0,0.3,28.37,Vellagapudi
09-09-2022,0.51,12,3.5,11.5,15,14.6,7.3,13,18,0.2,2.8,0.2,26,94,1.8,257,28,749,0,1.4,28.07,Vellagapudi
10-09-2022,0.46,21.5,2.4,8.3,10.8,16.4,9.2,5,12,0.1,1.9,0.1,25.7,95,2.7,256,36,749,-0.1,10.5,27.94,Vellagapudi
11-09-2022,0.35,24.9,1.7,5.2,6.9,17.7,7.8,5,11,0,0.3,0,27.5,83,5,243,70,747,-0.2,0.2,28.74,Vellagapudi
12-09-2022,0.44,22.4,2.4,6.9,9.3,17,11.1,7,19,0.1,0.7,0.1,27.8,80,3,205,40,748,-0.1,0,29.32,Vellagapudi
13-09-2022,0.46,30.3,2.4,5.8,8.2,17.5,13.7,11,25,0.1,0.6,0.1,28.3,77,4,197,70,751,-0.1,0,29.81,Vellagapudi
14-09-2022,0.52,23.2,3.7,9.5,13.3,15.3,11.3,13,29,0.2,1.5,0.3,27.6,83,2.3,195,53,754,-0.1,0,29.5,Vellagapudi
15-09-2022,0.56,22.6,5,11.9,16.9,13.7,12.6,13,27,0.3,1.9,0.4,28.5,80,2.2,206,75,754,-0.1,0,29.09,Vellagapudi
16-09-2022,0.51,19.3,4.4,9.5,14,14.9,12.6,9,21,0.2,1.4,0.3,29.3,71,3.6,245,104,752,-0.1,0,29.23,Vellagapudi
17-09-2022,0.47,26.5,2.6,6.6,9.3,17,14,6,17,0.1,0.8,0.2,29.2,71,3.1,252,85,751,-0.1,0,29.66,Vellagapudi
18-09-2022,0.48,29.6,2.4,7,9.4,17.1,12.8,9,26,0.2,4.9,0.2,28.7,74,3.4,252,102,752,-0.1,0,30.04,Vellagapudi
19-09-2022,0.56,8.9,8.6,13.8,22.5,11.7,12.3,12,28,0.4,5.2,0.7,26.4,87,1.3,223,23,752,0,0.4,28.35,Vellagapudi
20-09-2022,0.52,31.4,3.8,10.3,14.1,15,11.5,10,24,0.3,2.6,0.3,27.8,80,3.2,280,84,751,-0.1,0,28.68,Vellagapudi
21-09-2022,0.52,47.2,3.2,9.2,12.4,15.7,12.7,19,37,0.2,1.2,0.1,28.8,73,3,267,81,751,-0.1,0,28.79,Vellagapudi
22-09-2022,0.52,34.1,2.6,9.5,12.1,16,11.9,18,32,0.4,3,0.7,27.7,78,2.9,243,52,752,-0.1,0,29.56,Vellagapudi
23-09-2022,0.51,37.7,2.3,8.4,10.7,16.5,11.2,14,28,0.3,2,0.3,28.5,74,3.3,239,101,752,-0.1,0,28.94,Vellagapudi
24-09-2022,0.53,39.1,2.3,8.7,10.9,16.4,10.5,19,36,0.4,3.5,0.4,28.5,74,2.8,249,95,752,-0.1,0,29.42,Vellagapudi
25-09-2022,0.56,42.6,3.1,10,13.1,15.5,11.8,22,41,0.5,7.3,0.6,29.7,72,2,179,95,752,0,0,29.42,Vellagapudi
26-09-2022,0.61,31.8,3.7,13.9,17.6,13.7,13.2,25,44,0.6,7.8,0.8,27.4,82,1.5,173,52,753,0,1.1,29.57,Vellagapudi
27-09-2022,0.53,44.3,3.2,10.2,13.4,15.3,12.4,21,30,0.3,1.9,0.2,27.8,81,2.8,257,92,751,-0.1,0,29.36,Vellagapudi
28-09-2022,0.58,25.9,3.7,10.4,14.1,14.8,12.3,17,29,0.3,2.8,0.6,26.5,90,1.6,180,47,751,0,4.9,28.79,Vellagapudi
29-09-2022,0.53,31.2,2.8,9.1,11.9,15.9,5.7,9,17,0.2,1,0.2,26.7,87,2.9,281,86,750,-0.1,0.7,28.08,Vellagapudi
30-09-2022,0.57,32.3,2.8,8.9,11.6,16.1,8.1,17,27,0.2,1.4,0.1,26.4,88,2.4,268,56,750,0,0.2,26.69,Vellagapudi
01-10-2022,0.56,36.4,2.7,9.6,12.3,15.9,7.2,15,24,0.2,0.9,0.1,26.1,86,2.8,275,58,750,-0.1,0,26.45,Vellagapudi
02-10-2022,0.55,55.7,2.4,7.8,10.1,16.7,7.6,23,45,0.3,1.7,0.1,27.8,80,3,297,69,749,-0.1,0,27.16,Vellagapudi
03-10-2022,0.6,60.2,2.4,8.2,10.5,16.6,9.6,30,55,0.4,1.5,0.2,28.6,76,3.1,279,75,749,-0.1,0,28.18,Vellagapudi
04-10-2022,0.68,43.1,2.4,8.7,11.2,16.3,9.4,37,60,0.5,2.2,0.4,27.5,84,2.4,286,44,750,0,0,26.95,Vellagapudi
05-10-2022,0.65,22.5,2.7,8.1,10.8,16.4,7.5,25,35,0.4,1.7,0.3,25.6,94,1.6,212,37,751,0,5.6,26.96,Vellagapudi
06-10-2022,0.53,31,2.4,6.5,8.9,17.2,7,6,10,0.3,2,0.4,24.9,95,2,104,33,751,0,5.9,27.14,Vellagapudi
07-10-2022,0.66,40.5,2.1,10.4,12.5,15.9,7.2,17,25,0.6,4.8,1.4,26.4,88,1.8,115,54,752,0,0,27.52,Vellagapudi
08-10-2022,0.63,24.2,2,10.3,12.3,15.8,9.2,14,25,0.6,5.7,1.1,26.9,87,1.7,136,73,754,0,0,27.3,Vellagapudi
09-10-2022,0.5,17.1,2.2,8.9,11.1,16.3,8,5,12,0.4,6.6,0.5,26.4,87,1.9,111,50,755,0,0,27.32,Vellagapudi
10-10-2022,0.54,13.6,3.3,8.4,11.7,16,5.9,3,10,0.4,4,0.9,25.7,92,2.1,83,35,756,0,0.4,27.35,Vellagapudi
11-10-2022,0.5,12.8,2.9,8.6,11.5,16.2,9.2,6,13,0.3,4.2,0.8,25.5,92,2,95,46,756,0,2.5,27.89,Vellagapudi
12-10-2022,0.51,11.5,3.5,9.4,12.9,15.4,11.1,6,21,0.4,5.9,0.9,26.9,88,1.7,112,70,756,0,0.1,27.62,Vellagapudi
13-10-2022,0.54,16.8,3.5,8.7,12.2,15.7,10.7,5,25,0.4,4.8,0.8,28.6,80,1.5,141,95,755,0,0,27.45,Vellagapudi
14-10-2022,0.5,20.8,2.2,7,9.2,17.1,10.8,7,17,0.4,4.3,0.7,26.2,88,1.7,180,55,755,0,3.5,27.61,Vellagapudi
15-10-2022,0.51,14.2,2,7.5,9.6,17,10.7,5,20,0.4,7.6,0.7,25.5,93,1.9,150,40,754,0,2.6,27.15,Vellagapudi
16-10-2022,0.49,13.5,2.1,5.7,7.8,17.6,10.4,3,9,0.2,2.5,0.4,27,87,2.4,115,80,756,0,0.6,27.7,Vellagapudi
17-10-2022,0.51,19.1,2.5,6.8,9.4,17,11.4,5,16,0.6,21.9,0.5,28.4,81,1.9,111,97,757,0,0,27.86,Vellagapudi
18-10-2022,0.49,39.3,2.4,9.8,12.3,15.9,14.8,14,33,0.5,4.4,0.5,28.1,81,1.9,150,91,757,0,10.5,28.31,Vellagapudi
19-10-2022,0.62,43.7,2,8.9,10.9,16.5,11.9,20,33,0.4,5.7,0.4,27.4,82,1.5,136,87,757,0,0.1,27.46,Vellagapudi
20-10-2022,0.6,38.5,2.3,11.8,14.1,15.3,10.5,27,52,0.9,12.5,0.9,28,80,1.7,100,94,756,0,0,27.58,Vellagapudi
21-10-2022,0.74,28.5,3.4,19.3,22.7,11.7,16.4,49,93,0.8,8,1.6,27.3,83,1.1,164,15,758,0,0,27.66,Vellagapudi
22-10-2022,0.59,41.1,2.1,12.9,15.1,14.9,18.1,40,76,0.7,5.1,0.4,26.8,74,2.3,178,87,758,0,0,27.07,Vellagapudi
23-10-2022,0.6,55.5,1.6,7.4,9.1,17.3,15.6,44,79,0.5,1.4,0.3,26.1,75,2.4,279,92,758,0,0,25.45,Vellagapudi
24-10-2022,0.57,54.6,1.5,8.5,10,16.9,15.6,52,89,0.5,1.5,0.1,25.7,71,3.2,295,93,754,-0.1,0,25.19,Vellagapudi
25-10-2022,0.59,51.5,1.8,10.6,12.4,16,15.7,59,102,0.7,3.8,0.4,25.4,70,2.2,280,95,756,0,0,25.08,Vellagapudi
26-10-2022,0.66,34,2.6,17.4,20,12.8,15.5,41,87,0.9,9.6,1.1,26.5,71,1.3,192,87,758,0,0,25.62,Vellagapudi
27-10-2022,0.63,35,2.8,15.9,18.6,13.9,6.8,39,69,0.6,6.9,0.8,27.5,71,1.7,123,107,758,0,0,26.74,Vellagapudi
28-10-2022,0.61,41.9,2.9,14.2,17.1,13.5,14.3,40,72,0.5,2.8,0.7,28.2,72,1.6,136,86,757,0,0,26.37,Vellagapudi
29-10-2022,0.61,44.3,1.8,12.3,14,15.4,11,52,87,1.8,12.7,0.8,26.7,72,2.1,104,83,757,0,0,26.46,Vellagapudi
30-10-2022,0.58,52.7,1.7,11.5,13.2,15.7,10.5,56,101,0.6,4,0.5,25.4,69,2,145,90,758,0.1,0,25.42,Vellagapudi
31-10-2022,0.73,47.8,2,14.9,16.9,14.2,13.6,68,120,0.8,7,0.9,25.2,76,1.5,155,69,757,0,0,24.9,Vellagapudi
01-11-2022,0.76,34.3,1.9,16.3,18.2,13.6,9.3,69,112,0.8,12.2,0.7,25.4,83,1.7,213,43,758,0,0.5,24.9,Vellagapudi
02-11-2022,0.68,27.7,2.3,13.5,15.8,14.5,10.3,57,96,0.6,6,0.6,26.5,81,1.4,214,52,757,0,0,26.01,Vellagapudi
03-11-2022,0.69,23.9,2.5,13,15.4,14.8,7.9,40,77,0.5,7.2,0.6,26.2,84,1.4,179,51,757,0,0,26.01,Vellagapudi
04-11-2022,0.69,25.8,2.2,10.2,12.5,15.9,6.1,28,54,0.4,9.5,0.5,26.7,83,1.8,153,75,757,0,0.2,26.36,Vellagapudi
05-11-2022,0.66,36.2,2.2,9,11.2,16.3,6.4,38,64,0.4,3.7,0.3,27.2,80,1.9,123,86,760,0,0.1,26.84,Vellagapudi
07-11-2022,0.68,45,2.5,16.7,19.2,13.5,18.4,67,125,0.6,2.4,0.7,27.6,70,1.2,158,41,759,0,0,25.43,Vellagapudi
08-11-2022,0.69,40.4,2.1,12,14.1,15.4,16.6,72,123,0.6,4.2,0.6,26.2,77,1.4,167,81,759,0,0,25.52,Vellagapudi
09-11-2022,0.71,38.3,2.3,12.3,14.6,15.2,13.8,76,125,0.9,8.1,0.7,26.5,76,1.6,151,82,759,0,0,25.79,Vellagapudi
10-11-2022,0.68,41.3,2.3,12.1,14.4,15.3,12.2,61,107,0.9,8.2,0.7,26.7,72,2.3,85,69,759,0.1,0,25.65,Vellagapudi
11-11-2022,0.66,50.9,1.8,11.3,13.1,15.7,14.4,62,104,0.9,5.8,0.5,26.6,69,2.7,74,66,758,0.1,0,25.66,Vellagapudi
12-11-2022,0.64,55.5,1.5,8.9,10.3,16.8,9,54,91,0.8,3.6,0.3,27,71,2.7,98,60,759,0.1,0,24.98,Vellagapudi
13-11-2022,0.7,54.1,1.6,9.4,11,16.5,14.5,69,110,0.9,3,0.3,26.6,72,2.1,100,60,759,0.1,0,25.59,Vellagapudi
14-11-2022,0.74,51.9,1.9,11.2,13.2,15.7,18,67,111,0.9,9.3,0.4,26.5,74,2,89,76,759,0,0,25.79,Vellagapudi
15-11-2022,0.72,45.1,1.8,13.9,15.7,14.7,16.7,79,126,1,6,0.7,25.6,77,1.7,166,71,759,0,0,25.52,Vellagapudi
16-11-2022,0.66,39.2,2.2,16.4,18.7,13.6,22.3,72,122,0.9,8.4,0.7,24.1,74,1.7,192,80,758,0,0,24.29,Vellagapudi
17-11-2022,0.67,40,1.9,15.7,17.6,14,21.9,69,111,0.9,4.6,0.6,23.7,71,1.9,187,84,757,0,0,23.21,Vellagapudi
18-11-2022,0.66,33.9,1.9,18,19.9,13.1,12.9,61,112,1,9.2,0.9,23.5,71,1.7,178,72,758,0,0,23.31,Vellagapudi
19-11-2022,0.62,39.9,1.8,14.1,15.9,14.7,14.4,54,112,0.8,9.3,0.5,23.7,70,2,189,80,758,0,0,23.13,Vellagapudi
20-11-2022,0.58,46.1,1.7,10.7,12.4,16.1,15.5,67,113,0.7,3.6,0.2,22.7,71,2.2,179,62,757,0,0,22.77,Vellagapudi
21-11-2022,0.62,31.6,1.8,13.1,14.9,15,12.1,64,97,0.6,2.5,0.3,22.2,83,1.9,270,34,756,0,0.3,23.18,Vellagapudi
22-11-2022,0.63,19,2.3,12.7,15,14.9,8.9,55,97,0.8,4.9,0.6,24.1,85,1.9,168,42,756,0,0.3,24.98,Vellagapudi
23-11-2022,0.52,24.1,2,8.1,10.1,16.8,6.1,20,36,0.4,2.9,0.2,26.6,80,2.8,88,78,757,0.1,0.1,25.52,Vellagapudi
24-11-2022,0.55,14.1,2.8,10.7,13.5,15.3,7.7,15,35,0.5,7.1,0.4,26.7,82,1.4,121,53,757,0,0,26.27,Vellagapudi
25-11-2022,0.59,16,2.8,10.3,13.1,15.5,10.2,25,50,0.5,4.9,0.4,26.2,85,1.3,158,64,758,0,0.6,26.28,Vellagapudi
26-11-2022,0.59,30.1,1.7,12.6,14.3,15.3,8,53,84,0.7,7,0.6,26,80,1.5,184,70,757,0,0,26.24,Vellagapudi
27-11-2022,0.66,39.6,1.8,14.9,16.7,14.3,20.2,75,125,0.8,8.6,0.5,24.9,74,1.3,159,75,755,0,0,25.69,Vellagapudi
28-11-2022,0.7,39.1,2.2,18.4,20.6,12.8,27.4,67,115,0.9,9.6,0.8,23.7,71,1.5,140,80,756,0,0,25.39,Vellagapudi
29-11-2022,0.72,32.6,2.6,17.8,20.5,13.1,16.4,81,127,1,7.4,1,23.3,76,1.3,164,74,757,0,0,23.83,Vellagapudi
30-11-2022,0.83,32.5,2.4,17.3,19.7,13.1,12.6,85,143,1,12.1,0.8,22.5,82,1.4,215,91,759,0,0,24.66,Vellagapudi
01-12-2022,0.63,28.8,3.8,24.1,27.9,11.8,15.1,59,104,1.1,4.6,1.3,27.7,73,1.3,,64,757,0,,25.75,Vellagapudi
02-12-2022,0.67,21.9,1.9,11.3,13.2,15.6,10.5,35,72,0.8,12,0.5,26.5,81,1.7,,59,757,0,,26.25,Vellagapudi
03-12-2022,0.7,33.5,1.7,8.7,10.4,16.7,7.1,38,76,0.7,4.9,0.3,26.7,81,2.1,,65,758,0,,26.32,Vellagapudi
04-12-2022,0.71,35.6,1.6,10,11.6,16.4,8.5,57,105,0.9,6.9,0.5,26.6,80,1.4,,58,758,0,,25.92,Vellagapudi
05-12-2022,0.89,35.9,1.9,11.4,13.3,15.6,8.5,78,145,1,5.3,0.5,25.8,84,1.2,,57,759,0,,26.03,Vellagapudi
06-12-2022,0.91,38.8,2.2,17.1,19.2,13.9,21.2,90,167,1.2,11.4,0.7,24.2,82,1.3,,51,758,0,,25.17,Vellagapudi
07-12-2022,0.67,40.4,2.1,17.1,19.2,13.3,19.4,76,137,0.9,6.3,0.5,23,73,2,,62,757,0,,23.67,Vellagapudi
08-12-2022,0.63,49.9,2.1,18.3,20.3,12.9,13.3,66,122,0.8,5.1,0.5,23.4,68,2.3,,73,756,0,,22.43,Vellagapudi
09-12-2022,0.64,50.7,2,14.5,16.5,14.4,10.3,62,105,0.8,3,0.2,22.1,76,2.9,,35,755,1.7,,22.98,Vellagapudi
10-12-2022,0.59,32.8,2,8.2,10.2,16.9,6.2,36,55,0.5,1.9,0.1,23.2,88,3.3,,35,755,2.2,,24.94,Vellagapudi
11-12-2022,0.58,37.5,1.6,6.6,8.2,17.6,6.5,22,33,0.4,1.5,0.1,25,86,4,,56,756,1.5,,25.39,Vellagapudi
12-12-2022,0.49,25.9,2,6.5,8.5,17.5,11.3,18,35,0.3,1.2,0.1,25.7,84,3.4,,55,757,0.5,,25.15,Vellagapudi
13-12-2022,0.54,18.5,2.9,9.5,12.4,15.8,13.5,17,25,0.3,1.7,0.3,25.9,86,2.3,,61,758,0.2,,25.57,Vellagapudi
14-12-2022,0.64,35,2.5,12.3,14.8,14.9,13.3,35,62,0.7,4.3,0.4,25.9,80,1.2,,72,758,0,,25.61,Vellagapudi
15-12-2022,0.64,30.3,2.6,14.7,17.3,14,10.1,45,72,0.8,2.3,0.5,25.3,78,1.3,,74,758,0,,25.15,Vellagapudi
16-12-2022,0.65,37.8,2.4,17.1,19.5,13.1,17.2,52,94,0.9,3.2,0.5,25.9,79,1.2,,72,757,0,,25.18,Vellagapudi
17-12-2022,0.82,39.2,2.5,15.6,18.1,13.7,11.6,83,127,1.1,6.5,0.7,25.8,84,0.8,,51,758,0,,25.45,Vellagapudi
18-12-2022,0.71,60.8,1.7,9.1,10.8,16.7,10.6,73,117,0.7,3.5,0.2,25.4,82,2,,64,758,0,,25,Vellagapudi
19-12-2022,0.66,55.9,2.1,14.3,16.4,14.4,18.9,74,115,0.9,2.4,0.4,23.8,76,1.5,,73,757,0,,23.83,Vellagapudi
20-12-2022,0.7,52.2,2.1,17.7,19.8,13.2,11.8,79,133,1,6.6,0.6,23.7,76,1.3,,73,757,0,,23.76,Vellagapudi
21-12-2022,0.77,50.1,2.1,16,18,13.8,13.7,94,148,1.3,6.1,0.6,23.3,81,1.3,,67,757,0,,23.25,Vellagapudi
22-12-2022,0.84,58.3,1.8,15.8,17.7,14,14.5,109,169,1.3,6.2,0.7,23.8,77,1.9,,69,757,0,,23.61,Vellagapudi
23-12-2022,0.86,64.5,1.8,18.5,20.4,13,11.9,120,186,1.5,4.6,0.8,23,75,1.6,,72,757,0,,23.83,Vellagapudi
24-12-2022,0.86,71.8,1.7,16.4,18.1,13.9,9.4,105,154,1.6,7.8,0.6,24,75,1.9,,69,758,0,,24.25,Vellagapudi
25-12-2022,0.55,45.2,1.8,10.9,12.7,16,10.8,39,63,0.8,7.3,0.3,25.3,74,2.5,,58,758,0,,25.14,Vellagapudi
26-12-2022,0.57,40.3,1.9,8.5,10.3,16.8,4.9,30,49,0.4,1.2,0.1,26,78,3.3,,66,760,0,,25.81,Vellagapudi
27-12-2022,0.59,25,2,10.3,12.3,15.9,13.3,28,48,0.5,1.4,0.2,26.6,80,2.3,,64,761,0,,25.55,Vellagapudi
28-12-2022,0.61,20.4,2.3,11.4,13.6,15.4,13.4,22,37,0.3,0.6,0.1,26.1,82,1.6,,68,761,0,,25.84,Vellagapudi
29-12-2022,0.56,26.1,2.8,13.9,16.7,14.8,13.1,28,47,0.5,1.6,0.3,25.9,81,1.1,,67,762,0,,25.51,Vellagapudi
30-12-2022,0.63,27.8,2.8,14.7,17.5,13.9,13.4,40,82,0.7,4.2,0.6,25.8,82,1.2,,60,762,0,,25.31,Vellagapudi
31-12-2022,0.55,31.9,1.9,10.1,12,16.2,12.3,40,75,0.5,1.7,0.3,25.3,83,1.4,,60,762,0,,24.73,Vellagapudi
01-01-2023,0.58,29.5,1.9,9.6,11.4,16.4,11.2,42,78,0.6,1.8,0.3,24.8,84,1.2,143,56,762,0,0,24.68,Vellagapudi
02-01-2023,0.62,31,2.3,10.7,13,15.6,10.2,50,79,0.6,1.5,0.2,24.9,81,1.6,146,58,762,0,0,24.99,Vellagapudi
03-01-2023,0.61,30.3,2.6,13.5,16.1,14.4,4.8,48,79,0.8,2.5,0.4,24.5,79,1.4,137,61,762,0,0,24.97,Vellagapudi
04-01-2023,0.56,45,2,10.1,12.1,16.1,8.5,53,79,0.7,2.9,0.2,24.5,79,2.1,142,67,761,0,0,24.87,Vellagapudi
05-01-2023,0.77,49.7,2.1,14.5,16.6,14.4,9.2,82,115,1.1,5.8,0.5,24.3,82,2.2,85,50,762,0,0,24.86,Vellagapudi
06-01-2023,0.96,62.5,2,15.1,17.1,14.2,11.5,103,156,1.6,3.4,0.3,24.5,75,2,110,62,763,0,0,24.67,Vellagapudi
07-01-2023,0.9,44.3,1.8,17.8,19.6,13.2,14.4,99,159,1.6,5.7,0.6,24.1,75,1.4,177,62,762,0,0,24.43,Vellagapudi
08-01-2023,0.75,40.5,1.9,16.5,18.4,13.8,11,72,125,1.2,4.3,0.6,21.6,70,1.4,192,81,762,0,0,23.09,Vellagapudi
09-01-2023,0.83,47.7,2,21.1,23.1,12,17,73,126,1.6,4.8,0.7,21.9,70,1.3,140,78,762,0,0,23.57,Vellagapudi
10-01-2023,0.77,44.7,3.4,19.6,23,11.6,15.5,70,129,1.2,4.1,0.7,22.2,73,1.2,174,78,762,0,0,23.74,Vellagapudi
11-01-2023,0.75,47.6,3.2,23.1,26.3,12.4,16.6,73,128,1.3,4.4,0.9,22.9,76,1.1,197,76,760,0,0,23.45,Vellagapudi
12-01-2023,0.82,42.5,2,16,18,13.8,10.2,59,95,1.1,3.6,0.8,22.6,81,1.6,171,69,758,0,0,23.14,Vellagapudi
13-01-2023,0.66,35.7,2.4,13.2,15.6,14.7,12.2,45,77,0.9,2.4,0.5,23,79,1.7,181,75,759,0,0,23.35,Vellagapudi
14-01-2023,0.88,37.1,1.9,13.5,15.4,14.8,7.8,44,74,0.9,1.9,0.3,23.1,78,1.7,195,79,759,0,0,23.28,Vellagapudi
15-01-2023,0.69,35.1,1.6,10.5,12,16.1,8.6,36,58,0.7,1.3,0.2,23.3,78,1.6,178,78,758,0,0,22.9,Vellagapudi
16-01-2023,0.61,35.3,1.9,10.3,12.2,16,8.1,37,55,0.6,1.2,0.2,23.2,78,1.7,152,79,758,0,0,22.83,Vellagapudi
17-01-2023,0.65,34.2,2,10.5,12.5,15.9,7,40,63,0.5,0.9,0.1,22.9,79,1.9,180,72,760,0,0,23.44,Vellagapudi
18-01-2023,0.58,29,2.6,13.8,16.4,14.2,4.9,44,72,0.7,2.9,0.4,22.9,78,1.7,172,77,761,0,0,23.5,Vellagapudi
19-01-2023,0.73,27.9,2.2,16.6,18.8,13.5,6.6,58,103,0.9,4,0.5,23.2,78,1.4,170,66,761,0,0,23.74,Vellagapudi
20-01-2023,0.81,28.7,2.1,13.6,15.7,14.6,11.4,56,96,0.9,3,0.6,23.4,77,1.5,166,65,761,0,0,24.09,Vellagapudi
21-01-2023,0.87,31.8,1.8,11.9,13.7,15.4,8.7,61,106,0.8,5.4,0.3,24.1,77,1.5,159,69,760,0,0,24.47,Vellagapudi
22-01-2023,0.89,41.9,1.7,10,11.7,16.3,9.3,65,107,0.9,2.7,0.2,23.9,80,1.8,156,64,759,0,0,24.36,Vellagapudi
23-01-2023,0.84,49.8,1.8,9.6,11.4,16.4,8,64,108,0.9,6.4,0.2,24.1,77,2.9,101,71,759,0,0,24.53,Vellagapudi
24-01-2023,0.64,43.9,1.8,10.2,12,16.1,9.3,45,79,0.7,4.8,0.2,24,75,2.4,115,82,759,0,0,24.63,Vellagapudi
25-01-2023,0.69,36.9,2.2,13,15.2,14.9,9.5,55,90,0.7,2.6,0.3,22.8,77,1.8,157,75,759,0,0,24.1,Vellagapudi
26-01-2023,0.85,40.1,1.8,15.1,16.9,14.3,9.1,68,115,1.2,3.4,0.4,23,76,1.7,146,81,759,0,0,24.36,Vellagapudi
27-01-2023,0.94,28.6,2.5,19.4,21.9,12.4,8.4,59,111,1.1,4.7,0.8,23.4,73,1.5,168,82,759,0,0,24.38,Vellagapudi
28-01-2023,0.65,36,2.7,19.3,22,12.4,13.8,61,120,1.1,6.3,0.7,23.5,67,1.4,181,78,758,0,0,24.45,Vellagapudi
29-01-2023,1.01,17,1.7,21.1,22.7,12.2,6.2,97,160,2.1,8.3,1,19.1,87,0.3,212,14,757,0,0,25.4,Vellagapudi
30-01-2023,0.65,45.6,1.9,12.2,14.1,15.3,,50,97,0.8,2.1,0.3,27.2,68,3.6,89,87,759,0.1,0,25.83,Vellagapudi
31-01-2023,0.69,38.9,1.7,13,14.7,15.1,,66,119,0.9,3,0.3,25,76,1.5,160,71,758,0,0,25.68,Vellagapudi
01-02-2023,0.73,43.3,1.8,16.9,18.7,13.6,22.4,70,134,1.3,6.8,0.6,25.3,72,1.6,173,71,758,0,0,26.3,Vellagapudi
02-02-2023,0.82,48.1,1.7,17.4,19.1,13.4,16.7,67,133,1.2,8.2,0.7,25.3,68,1.4,154,73,758,0,0,25.79,Vellagapudi
03-02-2023,0.75,52.6,1.7,17.2,18.9,13.5,22.6,68,134,1.1,5.8,0.4,25.4,68,1.3,145,76,759,0,0,25.78,Vellagapudi
04-02-2023,0.65,45.5,1.7,12.9,14.5,15.3,13.6,54,106,0.8,2.5,0.2,25.5,75,1.5,158,82,758,0,0,26.21,Vellagapudi
05-02-2023,0.68,42,1.5,13.1,14.6,15.2,20.9,51,100,0.9,2.4,0.3,25.1,76,1.8,161,79,757,0,0,26.01,Vellagapudi
06-02-2023,0.68,39.1,2.1,14.3,16.4,14.4,17.6,49,92,0.8,4,0.3,24.8,77,1.6,146,76,758,0,0,25.38,Vellagapudi
07-02-2023,0.6,32.7,2.7,12.7,15.4,14.6,11.3,36,68,0.6,1.7,0.3,24.7,78,2.1,160,80,757,0,0,25.53,Vellagapudi
08-02-2023,0.65,33.3,2.5,16,18.5,13.6,13.4,41,77,0.9,2.1,0.4,25.3,77,1.7,149,78,757,0,0,26.15,Vellagapudi
09-02-2023,0.63,30.7,2.8,15,17.8,13.8,14.1,43,83,0.7,2.7,0.3,25.7,75,1.7,161,78,758,0,0,25.83,Vellagapudi
10-02-2023,0.55,26.1,3.1,14.2,17.4,13.9,11.3,32,66,0.6,1.9,0.4,26.2,74,1.6,176,83,759,0,0,26.11,Vellagapudi
11-02-2023,0.58,26.6,2.3,18.3,20.7,12.7,18.9,38,90,0.7,1.8,0.3,26.5,74,1.5,158,84,759,0,0,26.25,Vellagapudi
12-02-2023,0.53,33.4,2.4,17,19.4,13.2,23.6,45,101,0.5,1.4,0.2,26.5,75,1.6,171,85,759,0,0,26.58,Vellagapudi
13-02-2023,0.61,35.4,1.9,15,17,14.2,14.4,45,108,0.6,1.3,0.2,26.2,71,1.9,185,90,759,0,0,26.37,Vellagapudi
14-02-2023,0.64,40,2.1,19,21.1,12.5,18.5,58,136,0.9,3.5,0.3,25.8,69,1.8,221,86,758,0,0,26.58,Vellagapudi
15-02-2023,0.63,37.5,2.2,17.9,20,13,9.5,46,118,0.8,2.3,0.3,24.8,64,1.8,167,92,758,0,0,26.21,Vellagapudi
16-02-2023,0.58,33.8,2,15.3,17.3,14.1,14.3,47,106,0.6,2.5,0.2,25.6,76,1.7,159,84,758,0,0,26.11,Vellagapudi
17-02-2023,0.65,30.7,2.2,13.5,15.7,14.7,6.4,46,99,0.5,1.1,0.1,25,78,2.3,148,82,759,0,0,25.75,Vellagapudi
18-02-2023,0.52,25.2,2.5,10.9,13.4,15.6,6.2,38,78,0.5,1.1,0.1,24.9,77,2.1,153,72,759,0,0,26.02,Vellagapudi
19-02-2023,0.49,18.5,1.9,13.4,15.3,14.9,9.7,21,48,0.4,1.1,0.2,25.4,76,1.7,156,72,759,0,0,26.57,Vellagapudi
20-02-2023,0.44,21.4,3,11.2,14.2,15.1,9.4,22,51,0.5,1.1,0.2,26,73,1.9,166,81,758,0.1,0,26.83,Vellagapudi
21-02-2023,0.56,29.9,2.7,12.5,15.2,14.8,15.3,31,70,0.6,1.4,0.2,26.5,73,2,148,85,759,0,0,27.15,Vellagapudi
22-02-2023,0.49,33.8,2.1,10.4,12.5,16,14.8,37,74,0.5,1,0.1,26.2,72,2.2,152,86,758,0,0,27.19,Vellagapudi
23-02-2023,0.58,32.3,1.9,10.5,12.4,16,13.1,40,76,0.6,0.9,0.1,25.7,75,2.4,158,85,758,0,0,26.57,Vellagapudi
24-02-2023,0.53,28.7,2.9,10.4,13.3,15.5,13.1,34,70,0.4,1.1,0.2,26.1,74,2,164,84,759,0,0,26.98,Vellagapudi
25-02-2023,0.48,30.5,1.9,10.3,12.2,16.1,15.8,31,64,0.4,0.9,0.1,26.5,74,2.2,141,88,760,0,0,27.19,Vellagapudi
26-02-2023,0.46,28.4,2.5,11.3,13.8,15.3,14.7,29,61,0.5,1.3,0.2,25.6,73,2.4,157,87,762,0,0,26.6,Vellagapudi
27-02-2023,0.64,29.8,2.4,12.2,14.6,15,18.1,35,69,0.8,1.8,0.3,25.2,72,1.8,141,86,762,0,0,26.49,Vellagapudi
28-02-2023,0.76,30.1,2.1,15.4,17.5,14,16.2,40,80,1.1,2.9,0.5,25.6,69,2,120,87,762,0,0,26.57,Vellagapudi
01-03-2023,0.68,32.8,,,,14.1,16.9,,,,,,44,95,,25.5,70,1.6,0,,26.57,Vellagapudi
02-03-2023,0.6,37.9,,,,15.7,17.7,,,,,,47,108,,25.6,64,1.4,0,,27.12,Vellagapudi
03-03-2023,0.65,39.9,,,,17.9,20.1,,,,,,52,129,,26.2,61,1.4,0,,27.11,Vellagapudi
04-03-2023,0.74,36.7,,,,18.3,20.2,,,,,,55,122,,26.4,60,1.7,0,,27.65,Vellagapudi
05-03-2023,0.94,32.5,,,,16.1,18.1,,,,,,46,103,,26.4,63,1.3,0,,27.51,Vellagapudi
06-03-2023,0.63,31.6,,,,16.9,19.6,,,,,,38,95,,26.2,60,1.7,0,,27.36,Vellagapudi
07-03-2023,0.75,29.2,,,,16.2,18.4,,,,,,43,107,,26,66,1.3,0,,27.17,Vellagapudi
08-03-2023,1,40.5,,,,12.8,14.5,,,,,,52,120,,26.9,61,2.8,0,,27.62,Vellagapudi
09-03-2023,0.72,29.5,,,,14.1,15.9,,,,,,43,97,,25.9,71,1.3,0,,27.53,Vellagapudi
10-03-2023,0.74,30.3,,,,14.3,16.2,,,,,,42,96,,26.5,69,1.7,0,,27.84,Vellagapudi
11-03-2023,0.6,34,,,,12.7,14.4,,,,,,44,94,,26.5,70,2.3,0,,27.65,Vellagapudi
12-03-2023,0.42,25.2,,,,13.1,15,,,,,,38,76,,26.4,70,1.8,0,,27.85,Vellagapudi
13-03-2023,0.42,27.9,,,,17.7,19.9,,,,,,40,94,,26.5,65,1.4,0,,28.45,Vellagapudi
14-03-2023,0.44,33.6,,,,15.8,18.7,,,,,,47,88,,26.4,70,2,0,,28.49,Vellagapudi
15-03-2023,0.42,28.8,,,,10.5,12.5,,,,,,44,78,,26.9,77,2.4,0,,28.06,Vellagapudi
16-03-2023,0.41,15.6,,,,8.8,10.9,,,,,,25,53,,27.2,75,3.3,0,,28.14,Vellagapudi
17-03-2023,0.42,16,,,,11.9,14.4,,,,,,17,34,,24.7,79,3.1,2.7,,27.16,Vellagapudi
18-03-2023,0.41,11,,,,16.5,21.1,,,,,,17,33,,24.1,87,2.7,2.4,,27.23,Vellagapudi
19-03-2023,0.41,22.6,,,,9.1,11.1,,,,,,9,19,,24.7,81,3.4,0.2,,27.39,Vellagapudi
20-03-2023,0.66,24.1,,,,8.2,10.5,,,,,,13,28,,26.7,80,3.8,0,,28.59,Vellagapudi
21-03-2023,1.07,29.1,,,,7.1,9.2,,,,,,14,30,,27.6,78,3.1,0,,28.99,Vellagapudi
22-03-2023,1.08,26.1,,,,7.4,9.4,,,,,,14,30,,27.7,79,3,0,,29.18,Vellagapudi
23-03-2023,1.17,16.4,,,,9.8,13.1,,,,,,17,36,,26.5,86,2.9,3.3,,29.53,Vellagapudi
24-03-2023,1.15,17.2,,,,9.1,12.3,,,,,,11,30,,28.1,82,2.6,0,,29.65,Vellagapudi
25-03-2023,1.18,16.7,,,,5.5,7.4,,,,,,11,27,,28.4,80,3.7,0,,29.26,Vellagapudi
26-03-2023,1.15,24.6,,,,5.4,7.2,,,,,,11,23,,28.2,80,3,0,,29.78,Vellagapudi
27-03-2023,1.11,31.1,,,,7,9.1,,,,,,18,37,,28.2,80,2.9,0,,30.66,Vellagapudi
28-03-2023,1.08,19.1,,,,5.8,7.9,,,,,,14,33,,28.4,80,3.6,0,,30.34,Vellagapudi
29-03-2023,1.09,17.5,,,,4.4,6.3,,,,,,13,33,,28.1,77,3.7,0,,29.92,Vellagapudi
30-03-2023,1.2,20.5,,,,5.6,7.3,,,,,,14,31,,27.9,78,3.4,0,,29.86,Vellagapudi
31-03-2023,1.16,28.5,,,,6.8,8.9,,,,,,22,48,,28,79,3.4,0,,30.04,Vellagapudi
01-04-2023,1.17,32.3,1.8,4.7,6.5,18.3,11.8,16,37,0,0.1,0,28.5,76,4.1,130,87,754,0,0,30.34,Vellagapudi
02-04-2023,1.22,31.9,1.9,5,7,18.1,10.9,15,35,0,0.1,0,28.5,78,3.5,143,101,754,0,0.8,30.37,Vellagapudi
03-04-2023,0.74,15.1,1.8,5.5,7.3,17.5,15.8,13,22,0,0.2,0,27.4,85,3.9,139,12,755,0,0,30.55,Vellagapudi
04-04-2023,1.16,27.3,2,7,9,17.2,8.3,11,25,0,0.2,0,29.1,75,3.6,145,90,755,0,0,30.69,Vellagapudi
05-04-2023,1.27,13.2,1.9,4.7,6.6,18.4,4.9,8,17,0.1,0.3,0,26.4,87,2.1,133,11,755,0,0,31,Vellagapudi
06-04-2023,1.16,13.3,2.3,6.7,9,16.2,28.6,6,20,0.3,0.8,0.1,27.5,76,2.1,131,12,756,0,0,30.9,Vellagapudi
07-04-2023,1.13,20.1,2,7.9,9.9,17,11.8,9,25,0.2,0.5,0,29,74,2.9,156,92,757,0,0,30.15,Vellagapudi
08-04-2023,1.16,30.5,2.2,9.4,11.7,16.2,17.3,17,43,0.3,1.2,0.1,28.9,74,2.2,155,100,759,0,0,30.16,Vellagapudi
09-04-2023,1.08,34.2,1.9,8.6,10.5,16.7,15.3,18,50,0.2,0.7,0.1,28.9,69,1.8,155,102,759,0,0,29.76,Vellagapudi
10-04-2023,1.13,42,2,10.8,12.7,15.8,15.9,23,62,0.3,1,0.2,28.8,67,1.9,178,104,758,0,0,29.82,Vellagapudi
11-04-2023,1.15,51,2.5,12.3,14.8,14.9,16.1,29,77,0.4,1.9,0.2,29.8,62,1.7,172,104,757,0,0,30.35,Vellagapudi
12-04-2023,1.23,61.6,1.8,12.7,14.5,15.2,19.5,37,87,0.4,2.7,0.2,30.5,59,1.8,153,100,756,0,0,31.19,Vellagapudi
13-04-2023,1.09,70,1.6,12.6,14.3,15.2,23,38,87,0.3,1.1,0.1,30.5,62,2.1,141,80,755,0,0,32.44,Vellagapudi
14-04-2023,1.19,74.3,1.7,11.6,13.3,15.6,24.3,45,96,0.3,1,0.1,30.6,62,1.8,168,97,755,0,0,32.83,Vellagapudi
15-04-2023,1.17,75,1.4,12.4,13.8,15.5,19.7,38,94,0.5,1.6,0.3,30.7,59,2.5,224,97,755,0,0,33.44,Vellagapudi
16-04-2023,1.31,97.3,1.6,11.1,12.7,16,25.5,43,99,0.4,1.4,0.2,31.6,59,2.2,219,95,753,0,0,32.96,Vellagapudi
17-04-2023,1.22,87.4,1.9,11.2,13.1,15.9,23.7,42,95,0.3,1,0.1,30.7,60,2.4,147,96,754,0,0,32.17,Vellagapudi
18-04-2023,1.21,48.1,1.9,12.9,14.8,15,21.4,37,88,0.4,1.5,0.2,29.8,66,2.2,162,93,755,0,0,31.66,Vellagapudi
19-04-2023,1.26,38.1,1.9,11.3,13.2,15.8,22.3,41,87,0.4,1.4,0.2,29.6,67,2.3,166,92,752,0,0,31.61,Vellagapudi
20-04-2023,1.41,31.8,2,10.7,12.8,15.5,18.2,34,80,0.3,1.1,0.1,29.7,73,2.4,142,87,750,0,0,31.23,Vellagapudi
21-04-2023,1.34,35.8,1.7,8.4,10.1,16.5,13.6,39,91,0.1,0.7,0,30.3,71,2.9,136,91,751,0,0,31.3,Vellagapudi
22-04-2023,1.28,33.8,1.7,7.2,8.9,17.4,10.6,26,65,0.1,0.8,0,29.9,68,2.8,159,71,751,0,0,31.55,Vellagapudi
23-04-2023,1.24,23,1.9,5.6,7.5,17.9,7.8,13,41,0,0.2,0,28.5,78,4.2,113,71,752,0,0.1,31.55,Vellagapudi
24-04-2023,1.25,20.1,2,6.1,8.1,17.7,9.1,7,25,0,0.4,0,29.3,73,3.8,126,91,754,0,0,30.82,Vellagapudi
25-04-2023,1.15,8,2.1,4,6.1,18.3,10.3,6,27,0,0,0,29.7,74,4.5,121,88,755,0,0,30.46,Vellagapudi
26-04-2023,1.23,19,1.9,8.3,10.2,16.8,12.4,17,52,0.1,0.6,0,29.5,68,2.9,145,80,755,0,0,30.35,Vellagapudi
27-04-2023,1.33,14,2.4,9,11.4,16.3,10.3,27,60,0.1,0.6,0,28.9,76,2.1,121,85,755,0,0.3,30.76,Vellagapudi
28-04-2023,1.29,11.1,3.2,7.7,10.9,16.4,10.4,16,40,0.1,0.6,0,29.6,72,2.3,153,95,755,0,0,30.92,Vellagapudi
29-04-2023,1.34,15.8,2.4,11.4,13.8,15.3,9.2,10,31,0.2,1.8,0.3,27.5,76,2.3,156,67,755,0,1.3,30.92,Vellagapudi
30-04-2023,1.35,16.8,2.3,13.2,15.5,14.7,10.4,11,31,0.3,2.3,0.3,27.1,77,2.3,134,65,753,0,0,31,Vellagapudi
01-05-2023,1.23,20.3,2,11.4,13.4,15.6,14.5,6,17,0.1,1.7,0.2,24.8,88,2.9,116,27,754,0,4.3,29.32,Vellagapudi
02-05-2023,1.29,18.5,2.9,13.8,16.7,14.3,19.9,5,20,0.1,2,0.2,25,90,2.6,109,53,755,0,7.2,28.68,Vellagapudi
03-05-2023,1.27,13.6,2.5,7.9,10.4,16.5,19.9,4,12,0,1.2,0.2,26.6,88,2.3,102,74,755,0,0.2,29.35,Vellagapudi
04-05-2023,1.19,18,2,6.9,8.9,17.3,20.3,4,11,0,0.8,0.1,27.6,83,2.7,107,88,754,0,0.1,29.48,Vellagapudi
05-05-2023,1.22,13.8,2.2,7.4,9.6,16.9,20.6,4,12,0.1,0.5,0,27.7,83,1.9,141,60,753,0,0,29.1,Vellagapudi
06-05-2023,1.24,18.4,2.1,10.9,13,15.7,19,7,26,0.1,1.8,0.2,29.5,77,1.8,118,121,752,0.1,0,29.98,Vellagapudi
07-05-2023,0.77,32.4,2.5,6,8.5,16.7,35.5,13,54,0.1,1.8,0,31.7,70,2.4,242,255,753,0.4,0,30.07,Vellagapudi
08-05-2023,1.12,35.5,1.5,8.2,9.7,16.6,17.4,14,39,0.2,0.4,0,33.1,65,2.4,140,120,751,0,0,30.66,Vellagapudi
09-05-2023,1.19,28.5,2.1,6.7,8.7,17.4,16.6,14,42,0,0.4,0,31.3,72,1.9,149,107,752,0,0,31.2,Vellagapudi
10-05-2023,1.15,28.7,2,8.3,10.4,16.6,21.2,18,52,0.1,0.4,0,31.9,70,2,161,103,751,0,0,30.91,Vellagapudi
11-05-2023,1.18,32.6,2.6,12.3,14.9,15.1,28.7,20,67,0,0.6,0,31.2,71,1.8,126,92,752,0,0.5,31.15,Vellagapudi
12-05-2023,1.33,37.3,1.9,11.1,13,15.6,21.2,22,64,0.1,1,0.1,31.1,69,1.9,215,87,751,0,0.1,33.25,Vellagapudi
13-05-2023,1.39,49.9,1.5,11.7,13.3,15.7,21.4,39,112,0.1,2.8,0.1,31.9,68,2.2,193,78,750,0,0,33.71,Vellagapudi
14-05-2023,1.34,59,1.8,9.2,11.1,16.7,21.4,34,105,0.2,1.4,0,32.7,57,3.2,246,97,748,-0.1,0,33.98,Vellagapudi
15-05-2023,1.27,55.7,1.7,12,13.7,15.8,22.4,24,86,0.3,1.6,0.1,33.8,50,3.4,240,107,749,-0.1,0,34.68,Vellagapudi
16-05-2023,1.36,50.2,1.8,14.9,16.7,14.5,26,29,91,0.4,2,0.2,32.3,51,2.5,252,76,751,0,0,35.25,Vellagapudi
17-05-2023,1.46,51.4,1.8,14.8,16.6,14.6,21.6,39,106,0.3,2.2,0.1,32.4,62,2.5,132,105,753,0,0,33.67,Vellagapudi
18-05-2023,1.17,37,2.1,6.8,8.9,17.9,19.2,23,74,0,0.1,0,31.9,74,3.4,131,100,755,0,0,32.46,Vellagapudi
19-05-2023,1.15,41.3,1.7,6.9,8.6,17.4,20.3,30,82,0,0.2,0,31.7,74,3,131,95,753,0,0,33.06,Vellagapudi
20-05-2023,1.16,55.2,1.3,7.4,8.7,17.6,19.1,23,68,0,0.2,0,31.8,66,3.7,140,75,753,0,1.7,33.12,Vellagapudi
21-05-2023,1.31,55.5,2,13.3,15.4,16.6,19.5,22,51,0.1,0.6,0,30.3,71,2.4,159,106,753,0,0,32.22,Vellagapudi
22-05-2023,1.22,44.6,1.8,6.6,8.4,17.7,20.2,26,67,0,0.2,0,31.6,73,2.9,171,97,755,0,0,31.52,Vellagapudi
23-05-2023,1.1,52.7,2.4,11.1,13.5,15.6,22.8,22,59,0.1,0.4,0.1,31,69,3.2,171,73,754,0,3.8,31.82,Vellagapudi
24-05-2023,1.17,52.6,1.6,7.5,9.1,16.8,19.7,31,78,0,0.2,0,32,75,2.5,161,100,753,0,0,32.91,Vellagapudi
25-05-2023,1.28,51.6,1.7,12.7,14.5,15.1,21.2,27,77,0,0.7,0.1,31.7,69,2.9,196,93,752,-0.1,0,34.35,Vellagapudi
26-05-2023,1.29,58.2,2,9.4,11.4,16.4,20.8,25,72,0.1,0.6,0,31.1,71,2.8,163,76,753,0,1.1,34.09,Vellagapudi
27-05-2023,1.29,50.5,2,12.3,14.4,15.3,19.6,25,81,0,0.6,0,32.8,65,2.1,184,106,751,0,0,34.72,Vellagapudi
28-05-2023,1.26,55.4,1.9,13.9,15.8,14.8,26,30,96,0.1,0.5,0,32.6,61,2.3,162,105,751,0,0,34.22,Vellagapudi
29-05-2023,1.42,41.6,1.8,11.7,13.6,15.7,20.9,33,77,0.1,0.6,0,31,68,3.1,110,85,753,0,0,33.07,Vellagapudi
30-05-2023,1.23,73.8,1.9,10,11.9,16.1,19.1,19,49,0.1,0.8,0.1,27.8,83,2.5,190,48,754,0,2.5,31.63,Vellagapudi
31-05-2023,1.33,52.4,2.3,14.4,16.7,14.8,18.8,22,61,0.2,0.9,0.1,30.4,71,2,205,102,752,0,0,31.64,Vellagapudi
01-06-2023,1.53,50.6,1.8,14,15.9,14.8,24.2,42,100,0.2,1.2,0.2,32.8,64,2.6,213,101,750,0,,32.97,Vellagapudi
02-06-2023,1.67,44.4,2.2,22.1,24.3,12.3,20.8,48,129,0.3,2,0.5,33.2,61,2.1,204,100,750,0,,33.92,Vellagapudi
03-06-2023,1.57,49.3,1.6,13.9,15.5,14.9,22.9,42,118,0.2,1,0.1,34.3,60,2.2,200,104,749,0,,34.17,Vellagapudi
04-06-2023,1.46,47.5,1.5,9.9,11.4,16.5,21.8,27,86,0.1,0.6,0.1,34,59,3.6,208,104,749,0,,34.36,Vellagapudi
05-06-2023,1.49,48.6,1.9,15,16.9,14.5,20.5,23,75,0.3,1.1,0.1,32.7,56,3,239,104,749,0,,34.21,Vellagapudi
06-06-2023,1.54,48.6,2,13.6,15.6,14.9,23.5,31,102,0.2,1,0.1,34.1,55,3.1,220,100,748,0,,34.79,Vellagapudi
07-06-2023,1.43,53.8,1.8,11,12.8,16,21.6,26,87,0.2,0.6,0,34.2,55,4.3,223,97,748,0,,36.03,Vellagapudi
08-06-2023,1.4,44.1,2.4,13.1,15.5,15.3,19.6,19,72,0.2,0.9,0.1,33.4,54,3.5,241,90,748,0,,35.08,Vellagapudi
09-06-2023,1.04,49.3,2.3,11.7,14.1,15.8,20.4,17,72,0.2,0.6,0.1,34.9,49,4.7,271,99,746,0,,36.01,Vellagapudi
10-06-2023,0.57,42.1,1.5,8.1,9.6,17.1,15,11,47,0.1,0.3,0,33.6,53,5.3,275,75,747,0,,34.52,Vellagapudi
11-06-2023,0.48,36.5,1.8,8.2,10,16.8,15.6,4,29,0,0.2,0,33.3,57,5.2,281,100,747,0,,35.62,Vellagapudi
12-06-2023,0.58,28.2,1.9,8.4,10.2,16.8,14.7,10,38,0.1,0.4,0,34,54,4.9,263,108,747,0,,35.47,Vellagapudi
13-06-2023,0.5,32.4,2,9,11,17,15.2,12,58,0,0.4,0,34.7,51,5.6,254,109,747,0,,35.59,Vellagapudi
14-06-2023,0.58,29.5,2.3,8.4,10.7,17.2,15.9,15,63,0.1,0.3,0,34.7,51,5.7,257,105,749,0,,34.68,Vellagapudi
15-06-2023,0.8,29.2,2,10.5,12.5,16,16.7,19,86,0.2,0.8,0,34.7,49,4.9,255,111,749,0,,35.01,Vellagapudi
16-06-2023,0.47,30.5,2.1,9.4,11.5,16.4,15.3,17,75,0.1,0.6,0,34.8,49,4.3,260,104,748,0,,35.89,Vellagapudi
17-06-2023,0.59,31.7,1.7,9.8,11.5,16.7,13.9,17,79,0.1,0.4,0,34.4,51,5.3,250,94,748,0,,33.38,Vellagapudi
18-06-2023,0.65,27.9,1.6,11.1,12.6,16.1,17,28,117,0.1,0.5,0,33.4,57,3.3,247,70,748,0,,31.72,Vellagapudi
19-06-2023,0.93,37.7,2.2,16.7,19,16.8,17.8,25,89,0.1,0.5,0,33,57,3,205,73,748,0,,32.97,Vellagapudi
20-06-2023,0.65,23.2,2,11.5,13.5,15.2,15.2,20,73,0.2,0.5,0,29.5,76,3,131,73,749,2.9,,31.86,Vellagapudi
21-06-2023,1,30.7,2.3,13.2,15.5,14.8,15.7,21,63,0.1,0.6,0,29.2,77,3.4,201,93,749,2.4,,30.5,Vellagapudi
22-06-2023,0.71,24.8,2.1,9.8,11.9,16,12.8,13,34,0,0.3,0,28,80,2.9,236,74,750,0,,30.41,Vellagapudi
23-06-2023,0.79,18.3,2.7,12.6,15.2,14.8,14.7,12,32,0.1,2.4,0.1,26.9,84,1.9,156,40,750,1.7,,29.92,Vellagapudi
24-06-2023,0.81,12,2,8.9,10.8,16.7,14.3,5,22,0.2,0.5,0,26.8,86,2,201,43,750,0,,29.24,Vellagapudi
25-06-2023,0.71,16.7,1.5,5.3,6.7,18.2,13.5,4,13,0.2,0.1,0,28,83,3.3,207,63,749,4.3,,30.36,Vellagapudi
26-06-2023,0.96,15.1,2.2,7.9,10.1,17.3,14.1,8,32,0.1,0.3,0,29,74,4.1,262,63,749,0,,30.35,Vellagapudi
27-06-2023,0.66,18.4,2.1,8.1,10.3,16.9,13.8,8,37,0,0.4,0,30.1,68,3.6,255,102,748,0,,31.63,Vellagapudi
28-06-2023,0.75,19.2,2.3,9.2,11.5,16.2,13.9,9,32,0,0.4,0,30.5,70,3.5,232,89,751,0.2,,32.13,Vellagapudi
29-06-2023,0.65,21.4,1.7,5.7,7.4,18.4,14.9,4,16,0,0.1,0,30.7,68,3.9,238,99,751,0,,30.94,Vellagapudi
30-06-2023,0.51,20.6,1.6,6,7.6,17.8,14.2,5,22,0.1,0.2,0,31.5,63,4.9,254,109,750,0,,31.5,Vellagapudi
01-07-2023,0.46,24.7,1.7,7,8.7,17.6,13.4,7,31,0,0.2,0,32.8,58,4.4,258,108,750,-0.2,0,31.82,Vellagapudi
02-07-2023,0.59,21.5,1.9,6.8,8.7,17.5,14.2,5,28,0.2,0.2,0,32,63,4.4,264,107,749,-0.2,0,30.64,Vellagapudi
03-07-2023,0.43,16.6,2,7.7,9.8,16.8,11.3,4,11,0.5,0.2,0,29.2,74,4.4,253,78,750,-0.1,12.6,28.56,Vellagapudi
04-07-2023,0.53,14,3,23.2,26.2,13.3,11.2,5,15,0.3,0.2,0,27.3,87,3.3,177,41,747,0,0,28.56,Vellagapudi
05-07-2023,0.6,13.1,2.6,13.6,16.3,14.7,12.5,14,23,0,0.3,0,27.4,85,2.6,196,57,746,-0.1,0.5,29.16,Vellagapudi
06-07-2023,0.57,10.5,2.1,9.5,11.6,16.4,13.2,9,18,0,0.1,0,26.7,87,3,213,49,748,-0.1,1.6,29.85,Vellagapudi
07-07-2023,0.55,15.2,2.2,10.3,12.5,16.1,10.1,12,26,0,0.2,0,28.7,73,4.2,224,68,750,-0.2,0,31.27,Vellagapudi
08-07-2023,0.32,13.6,1.8,8.9,10.8,16.7,7.4,14,30,0,0.1,0,29.4,72,3.8,225,90,752,-0.1,0,30.8,Vellagapudi
09-07-2023,0.45,16.5,1.7,7.2,9,17.4,7.9,16,40,0,0.1,0,30.5,68,3.3,241,108,751,-0.1,0.5,30.37,Vellagapudi
10-07-2023,0.32,14.4,2.4,10.2,12.6,15.9,7.7,16,39,0.2,0.1,0,27.6,85,2.8,217,64,751,-0.1,8.9,30.43,Vellagapudi
11-07-2023,0.47,13.6,2,8.1,10.2,17,8.1,27,67,0.2,0.4,0,28.5,76,3.8,230,86,751,-0.1,0,29.05,Vellagapudi
12-07-2023,0.37,21.5,2.4,10.7,13.1,15.8,8.8,18,40,0.2,0.5,0,26.7,85,2.4,224,45,750,0,0.1,29.92,Vellagapudi
13-07-2023,0.4,17.8,2.3,9.2,11.5,15.8,8.5,17,38,0.3,0.3,0,26.6,90,1.5,159,32,751,0,0.6,30.81,Vellagapudi
14-07-2023,0.36,26.6,2.1,7.2,9.3,17.2,9.2,12,29,0.1,0.2,0,29.5,77,2.8,194,107,751,0,0,31.68,Vellagapudi
15-07-2023,0.32,26,1.9,7.3,9.2,17.4,9.3,12,32,0,0.3,0,29,75,2.7,256,54,750,-0.1,0,31.34,Vellagapudi
16-07-2023,0.36,24.7,1.8,7.3,9.2,17.4,8.3,11,28,0,0.3,0,28.4,78,2.8,273,63,750,-0.1,0.1,30.79,Vellagapudi
17-07-2023,0.33,21,2.2,6.6,8.8,17.6,8.3,10,25,0.3,0.2,0,28.3,75,4.2,275,58,749,-0.2,1,31,Vellagapudi
18-07-2023,0.32,17.3,2,5,7,18.1,8.4,7,13,0,0.2,0,26.9,78,5.9,262,29,748,-0.3,0.4,30.44,Vellagapudi
19-07-2023,0.32,16.3,1.9,4.2,6.1,18.4,8.8,8,14,0.1,0.1,0,25.5,86,5.3,248,30,746,-0.3,0.5,28.8,Vellagapudi
20-07-2023,0.34,19.1,1.7,4.6,6.3,18.2,8.1,13,19,0.3,0.1,0,25.5,85,4.8,253,32,746,-0.2,0.5,29.49,Vellagapudi
21-07-2023,0.41,22.3,1.9,6.1,8,17.8,9,11,16,0.1,0.2,0,26.6,81,4.8,271,38,747,-0.2,1,28.63,Vellagapudi
22-07-2023,0.33,20.2,1.7,5.5,7.2,18,8.5,13,21,0.2,0.1,0,26.8,83,3.1,242,45,749,-0.1,2.5,30.94,Vellagapudi
23-07-2023,0.38,15.2,1.7,5.6,7.3,17.9,10.1,11,16,0.2,0.1,0,26.6,86,3.1,230,46,750,-0.1,9,30.25,Vellagapudi
24-07-2023,0.33,12,2,5.4,7.4,17.9,8.3,9,14,0,0.1,0,25.3,95,3.2,250,29,749,-0.1,19.3,28.38,Vellagapudi
25-07-2023,0.33,15.7,1.9,5.7,7.6,17.8,9.9,10,15,0.3,0.2,0,25,93,4.9,276,24,748,-0.2,38.8,28.41,Vellagapudi
26-07-2023,0.32,17.3,1.4,5,6.4,18.4,8.7,10,20,0.3,0,0,24.2,96,4.6,274,12,749,-0.2,6.5,27.27,Vellagapudi
27-07-2023,,,,,,,,,,,,,,,,,,,,,28.05,Vellagapudi
28-07-2023,,,,,,,,,,,,,,,,,,,,,29.87,Vellagapudi
29-07-2023,0.29,18.3,1.5,9.2,10.7,16.7,11.5,9,28,0.1,0.4,0,,,,,,,,,30.58,Vellagapudi
30-07-2023,0.32,23.7,1.8,8.4,10.1,16.8,15.5,11,41,0,0.4,0,,,,,,,,,29.67,Vellagapudi
31-07-2023,0.4,24.4,2.1,6.3,8.4,20.3,15.7,8,33,0,0.2,0,28.4,75,3.8,277,15,749,-0.1,0,29.63,Vellagapudi
01-08-2023,0.34,23.9,2,5.6,7.6,18.2,17.4,5,19,0,0.2,0,29,73,4.8,283,73,749,-0.2,1.3,30.28,Vellagapudi
02-08-2023,0.48,23.4,2,5.5,7.5,18.3,18.6,8,29,0,0.1,0,30.1,66,6.3,269,69,749,-0.3,0,30.58,Vellagapudi
03-08-2023,0.46,29.2,2,6.1,8.1,18.4,16,12,37,0,0.1,0,30.3,64,6.4,262,92,750,-0.3,0,30.73,Vellagapudi
04-08-2023,0.48,30.6,2.1,7.3,9.4,16.4,20.3,14,41,0,0.4,0.1,30.5,66,4.6,245,102,752,-0.2,0,31.04,Vellagapudi
05-08-2023,0.38,37.5,1.6,6.5,8.1,18.3,21.2,14,41,0,0.2,0,30.2,68,3.8,251,100,753,-0.1,0,30.8,Vellagapudi
06-08-2023,0.41,37.8,1.6,5.8,7.4,17.9,19.7,13,47,0,0.2,0,30.4,69,3.5,256,105,752,-0.1,0,31.46,Vellagapudi
07-08-2023,0.33,37.8,1.7,6.7,8.3,17.5,22.1,14,51,0,0.2,0,30.5,64,4.2,274,100,751,-0.1,0,31.5,Vellagapudi
08-08-2023,0.35,32.9,2,7.2,9.2,17.2,19.7,17,62,0,0.3,0,30.2,65,3.5,268,95,751,-0.1,0,31.49,Vellagapudi
09-08-2023,0.37,24.5,2.2,9.7,12,16.3,17.5,20,71,0.1,0.7,0.1,30,68,3.1,252,89,753,0,0,31.08,Vellagapudi
10-08-2023,0.54,31.4,2.3,10.8,13,15.6,18,23,70,0.1,0.6,0.1,30,69,2.9,181,96,754,0,0,30.32,Vellagapudi
11-08-2023,0.38,36.5,1.8,7.3,9.1,17.3,16.5,19,48,0,0.4,0,29.7,73,2.8,225,101,753,-0.1,1.5,29.48,Vellagapudi
12-08-2023,0.43,28.9,1.5,7.5,9,17.3,17.6,15,27,0,0.3,0,27.2,84,2.9,225,66,753,-0.1,1,30.01,Vellagapudi
13-08-2023,0.5,34,1.8,10.7,12.5,16,18.5,20,56,0,0.6,0.1,29.3,75,2.8,209,95,752,-0.1,0,29.03,Vellagapudi
14-08-2023,0.49,25,2,10.3,12.4,21.2,18.1,19,56,0.2,1.5,0.4,29.5,73,2.9,202,85,752,0,0,29.53,Vellagapudi
15-08-2023,0.45,35.6,1.7,6.5,8.2,24.2,17.8,18,44,0.1,1.2,0.1,29.4,74,3.2,230,104,753,-0.1,0,30.09,Vellagapudi
16-08-2023,0.39,35.4,1.9,8,9.9,17.9,17.5,18,50,0.2,1.5,0.1,29.4,72,3.1,232,87,752,-0.1,0,30.58,Vellagapudi
17-08-2023,0.46,27.1,2.2,9.2,11.4,16.4,17.2,20,50,0.2,2,0.1,28,80,2.5,200,58,752,0,0.3,29.29,Vellagapudi
18-08-2023,0.44,25.8,2,8.4,10.4,16.8,15,22,67,0.1,1.7,0,27.9,78,2.8,258,46,750,-0.1,0.3,29.21,Vellagapudi
19-08-2023,0.41,25.2,1.9,7.1,9,17.4,14.3,25,62,0,1.2,0,27,78,3.3,269,49,750,-0.1,0.5,29.57,Vellagapudi
20-08-2023,0.38,31.2,1.8,6.6,8.4,17.7,14.4,19,61,0,0.6,0,29.3,73,2.8,215,89,750,-0.1,0,30.41,Vellagapudi
21-08-2023,0.44,31.8,2,9.4,11.4,16.3,15.1,18,53,0.1,1.3,0.1,29.7,75,2,213,71,751,0,1,30.75,Vellagapudi
22-08-2023,0.5,28.9,2.1,9.4,11.5,16.4,15.7,22,54,0,1.2,0,28.3,82,1.9,170,62,751,0,0,30.47,Vellagapudi
23-08-2023,0.47,39.7,1.7,6.8,8.5,18.3,14.8,17,41,0.1,0.7,0,28.7,81,3.1,218,90,751,-0.1,19.3,28.88,Vellagapudi
24-08-2023,0.46,35.5,1.9,11.4,13.3,15.6,13.8,18,44,0,3,0.4,29.3,79,2.3,206,65,750,0,3.5,29.77,Vellagapudi
25-08-2023,0.8,23.1,2.1,11.6,13.7,15.4,14.9,15,40,0,3.8,0.4,29.9,77,2.2,184,86,751,-0.1,0,30.73,Vellagapudi
26-08-2023,0.42,21.8,1.8,7.1,8.8,17.4,15.8,12,30,0,1.3,0.2,28.6,82,1.9,217,55,752,0,0.3,29.3,Vellagapudi
27-08-2023,0.38,31.5,1.6,6.1,7.7,17.8,16,12,29,0,1.3,0.1,29.5,78,3,221,84,752,0,0,29.31,Vellagapudi
28-08-2023,0.41,29.2,1.9,7.1,9,17.3,15.3,10,23,0.1,1.7,0.1,29,74,3.5,273,97,752,-0.1,1,30.71,Vellagapudi
29-08-2023,0.59,24.1,2.3,9.1,11.4,16.6,14.7,40,107,1,4.9,0.6,29.1,73,2.6,256,91,752,0,0.5,29.8,Vellagapudi
30-08-2023,0.49,30,2.7,12.3,15,15,16.4,41,125,1,4.8,0.5,30.2,70,2.7,258,103,752,0,0,29.95,Vellagapudi
31-08-2023,0.47,38.9,2,8.9,10.9,16.4,17.6,43,119,0.5,4.1,0.5,30.8,69,2.4,231,102,752,0,0,30.51,Vellagapudi
01-09-2023,0.41,48.3,1.7,5.6,7.3,17.5,15.3,41,105,0,1.4,0.1,31.4,69,2.3,182,99,752,0,0,30.43,Vellagapudi
02-09-2023,0.47,46.7,1.5,6.1,7.5,17.8,14.5,34,71,0,1.1,0.1,29.9,74,2,173,61,751,0,0,29.17,Vellagapudi
03-09-2023,0.47,40.7,1.6,4.5,6.1,18.7,14.3,13,22,0,0.3,0,27.4,86,4,275,79,750,-0.1,37.3,28.12,Vellagapudi
04-09-2023,0.54,32.8,1.8,7.2,9,17.3,14.7,14,23,0,1.5,0,27.3,83,3.8,295,66,747,-0.1,0,27.44,Vellagapudi
05-09-2023,0.7,26.6,1.8,6.6,8.4,17.5,14.7,11,19,0,1.8,0,26.1,89,3.2,278,30,747,-0.1,9.3,27.16,Vellagapudi
06-09-2023,0.48,26.3,1.7,6.5,8.2,17.6,15.3,15,27,0,2.2,0,25.8,95,2.5,235,40,749,-0.1,40.3,28.16,Vellagapudi
07-09-2023,0.42,23.7,1.7,7.4,9.2,17.2,14.5,19,46,0,1.3,0,28.3,82,2.8,224,63,749,-0.1,0,29.42,Vellagapudi
08-09-2023,0.48,22.6,1.9,6.9,8.8,17.6,15.3,12,28,0,0.6,0,28.8,78,3.4,237,76,750,-0.1,2,29.67,Vellagapudi
09-09-2023,0.44,31.4,2,4.2,6.3,18.6,15.7,15,31,0,0.1,0,29.4,76,3.7,238,120,750,-0.1,0,30.16,Vellagapudi
11-09-2023,0.3,16.4,5.3,12.7,17.9,15.8,12,5,12,0.2,0.3,0,28,88,4.2,249,105,749,-0.2,0,28.22,Vellagapudi
12-09-2023,0.31,9.6,3.5,11.3,14.8,15.1,13.6,7,29,0,1.3,0.1,28.2,86,1.1,224,13,750,0,0,27.78,Vellagapudi
13-09-2023,0.42,24.3,2.2,8.9,11.1,16.6,12.2,13,35,0,1,0,28.9,80,2.8,276,76,750,-0.1,0,27.44,Vellagapudi
14-09-2023,0.37,27.7,2.2,8,10.2,16.9,14.8,11,27,0,1.2,0,28,81,2.9,265,61,750,0.4,0,28.54,Vellagapudi
15-09-2023,0.37,27.7,2.2,7.9,10.1,17,14,11,28,0,0.9,0,29.3,79,3.3,241,101,750,-0.1,0.5,30.43,Vellagapudi
16-09-2023,0.34,29.5,1.8,6,7.8,17.7,14.5,11,25,0,0.3,0,29.8,78,3.4,228,107,751,-0.1,0,29.84,Vellagapudi
17-09-2023,0.38,25.9,1.9,8.2,10.1,16.8,14.7,13,34,0,0.8,0,29.7,77,2.9,212,104,751,-0.1,0,30.24,Vellagapudi
18-09-2023,0.56,24.9,1.8,7.5,9.3,17.3,16.7,15,44,0,0.8,0,29.9,77,2.8,251,94,750,-0.1,0.8,30.46,Vellagapudi
19-09-2023,0.45,25.3,2,9.2,11.3,16.5,15.7,14,42,0,1.2,0,29.8,75,2.6,264,81,752,-0.1,0,29.23,Vellagapudi
20-09-2023,0.45,21.4,2.7,11.7,14.5,15.2,15.3,15,42,0,1.4,0,29.9,76,2.8,250,77,752,-0.1,0,29.21,Vellagapudi
21-09-2023,0.52,22.1,2.9,9.9,12.8,15.7,16.2,9,24,0,1.5,0,28.3,82,2.4,218,65,753,0,0.3,28.38,Vellagapudi
22-09-2023,0.47,18.4,2.7,10.1,12.8,15.6,15.2,9,18,0,1.1,0,26.8,89,2.2,211,50,753,0,0.3,29.14,Vellagapudi
23-09-2023,0.5,25.7,2,8.2,10.2,16.9,16.2,23,41,0,1,0,28.2,88,2,161,76,753,0,1,28.26,Vellagapudi
24-09-2023,0.52,28.8,1.6,6.4,8,17.8,16.1,24,44,0,0.3,0,29.5,83,2.5,218,85,752,0,0,28.95,Vellagapudi
25-09-2023,0.57,20.4,3.7,15.6,19.3,13,15.4,20,43,0,2.4,0,28.8,83,1.9,237,64,751,0,0,28.57,Vellagapudi
26-09-2023,0.52,24.9,3.6,13.4,17,14,14.5,19,37,0,1.4,0,28.1,87,2.4,180,62,752,0,17.3,29.23,Vellagapudi
27-09-2023,0.59,26.8,3.4,11.8,15.2,14.6,16.4,15,30,0,0.9,0,28.7,83,1.7,220,86,752,0,0,28.77,Vellagapudi
28-09-2023,0.46,35.2,1.7,6.6,8.3,17.6,15.1,16,29,0,0.6,0,29.1,79,2.1,212,94,751,0,1.8,29.15,Vellagapudi
29-09-2023,0.48,21.9,1.9,10,11.9,16.2,15.2,17,33,0,2.8,0,27.7,87,2.1,192,58,751,0,0.3,29.43,Vellagapudi
30-09-2023,0.56,30.9,1.7,5.8,7.5,18,15.3,13,24,0,0.3,0,28.5,82,3.3,245,96,752,-0.1,5,28.77,Vellagapudi
01-10-2023,0.45,29.2,1.5,4.8,6.3,18.4,14.9,13,27,0,0.2,0,28.2,85,3.2,217,81,751,-0.1,3,29.58,Vellagapudi
02-10-2023,0.38,34.5,1.7,6.5,8.1,17.7,15.1,18,33,0,0.3,0,28.2,81,3.1,220,56,751,-0.1,0.3,29.69,Vellagapudi
03-10-2023,0.51,37.3,2,9,11,16.5,14.7,28,52,0,1.3,0.1,28.7,84,2.7,250,83,752,-0.1,10,29.67,Vellagapudi
04-10-2023,0.72,36.4,1.9,11,12.9,15.8,15.9,31,76,0.2,2.1,0.3,29.7,77,2.2,271,97,753,0,0,29.89,Vellagapudi
05-10-2023,0.55,44.9,2.1,13,15.1,15,16.1,39,110,0.4,3.1,0.4,29.1,73,2.4,266,97,753,0,0,29.59,Vellagapudi
06-10-2023,0.46,47.6,2.2,12.1,14.3,15.4,20.8,38,102,0.5,3.7,0.4,28.6,72,2.1,261,96,752,0,0,29.03,Vellagapudi
07-10-2023,0.39,42.7,1.8,12.5,14.3,15.3,17.4,43,109,0.2,2.5,0.2,29.5,72,1.8,220,94,753,0,0,29.11,Vellagapudi
08-10-2023,0.36,43.1,1.5,8.1,9.6,17.2,16.7,52,111,0,1.3,0,29.4,77,1.6,190,92,755,0,0,29.39,Vellagapudi
09-10-2023,0.35,35.3,1.8,9.1,10.8,16.6,17.6,45,96,0,0.8,0,30.1,78,1.4,205,93,757,0,0,29.78,Vellagapudi
10-10-2023,0.53,35,2.3,15.7,18,15.1,14.9,49,105,0,2.8,0.1,30.3,76,1.5,151,89,756,0,0,29.8,Vellagapudi
11-10-2023,0.79,30,2.1,10.8,12.9,15.7,7.8,43,83,0,1.3,0,29.5,80,1.4,147,78,756,0,0,28.88,Vellagapudi
12-10-2023,0.51,35.6,2.4,14.2,16.6,13.9,10,41,90,0,1.4,0.2,31.6,68,1.9,141,122,758,0,0,29.5,Vellagapudi
13-10-2023,0.54,27.6,1.9,7.9,9.8,17,6.6,49,102,0,2.1,0.2,28.9,79,1.4,166,83,758,0,0,29.61,Vellagapudi
14-10-2023,0.59,30.9,1.8,9.7,11.5,16.4,7.1,50,103,0.1,2.8,0.3,28.7,76,1.5,153,86,758,0,0,29.45,Vellagapudi
15-10-2023,0.61,34.4,1.6,8.2,9.8,17,7.7,50,106,0.1,3.7,0.2,28.7,76,1.4,173,80,757,0,0,29.47,Vellagapudi
16-10-2023,0.54,26.5,1.8,9.1,10.9,16.6,7.1,41,79,0.1,2.7,0.2,28.6,76,1.5,113,79,757,0,0,29.31,Vellagapudi
17-10-2023,0.76,29.4,2.1,10.4,12.5,15.9,7.3,42,91,0.1,3.7,0.4,28.4,76,1.5,170,85,758,0,0,29.5,Vellagapudi
18-10-2023,0.62,31.5,2.2,13.5,15.6,14.7,9.4,54,126,0.2,4,0.7,28.9,74,1.3,165,85,758,0,0,29.32,Vellagapudi
19-10-2023,0.71,37.2,1.7,11.8,13.5,15.6,7.7,71,143,0.1,6.4,0.5,29.1,76,1.3,139,79,758,0,0,28.91,Vellagapudi
20-10-2023,0.63,38.1,1.7,13.5,15.2,15,8.5,58,108,0.1,5.8,0.5,28.3,76,1.9,104,77,758,0,0,28.87,Vellagapudi
21-10-2023,0.64,43.9,1.6,10,11.6,16.3,7.4,47,91,0.4,8.6,0.4,28.6,71,1.8,129,85,758,0,0,29.08,Vellagapudi
22-10-2023,0.53,42.8,1.6,12,13.6,15.6,9.2,46,112,0.4,5.2,0.5,27.7,68,2.4,235,89,758,0,0,28.36,Vellagapudi
23-10-2023,0.54,48.9,2.2,13.8,16,16,16.4,52,121,0.6,2.6,0.3,26.2,68,2.2,226,86,757,0,0,27.26,Vellagapudi
24-10-2023,0.76,49.4,1.7,10,11.7,16.3,16.6,54,122,0.8,5.4,0.4,26.9,68,1.8,197,88,757,0,0,27.82,Vellagapudi
25-10-2023,0.66,43.6,1.7,7.8,9.5,17.1,12.6,56,108,0.8,4.3,0.8,27.2,69,1.6,233,88,759,0,0,27.77,Vellagapudi
26-10-2023,0.62,36.1,1.7,7.7,9.4,17.2,12.3,51,104,0.8,4.6,0.7,27.3,69,1.6,192,88,759,0,0,27.75,Vellagapudi
27-10-2023,0.68,28.4,1.6,5.2,6.9,18.1,7.5,47,90,0.3,6,0.3,27.5,75,1.9,175,77,758,0,0,27.64,Vellagapudi
28-10-2023,0.66,27.1,1.4,4.4,5.8,18.5,8,42,68,0.1,5,0.3,27.6,79,2.1,98,70,758,0,0,28.41,Vellagapudi
29-10-2023,0.64,36.1,1.6,3.6,5.2,18.7,7.8,58,88,0,2.7,0.1,28,78,2.2,116,71,758,0,0,28.06,Vellagapudi
30-10-2023,0.71,46.2,1.5,3.8,5.3,18.7,9.4,61,100,0.2,4.6,0.3,27.4,77,2.1,98,68,758,0,0,27.6,Vellagapudi
31-10-2023,0.67,54.9,1.4,3.8,5.2,18.8,8.7,53,94,0.5,8.4,0.3,27.6,73,2.2,110,75,759,0,0,27.69,Vellagapudi
01-11-2023,0.62,48.3,1.6,3.4,5,18.8,9.2,39,72,0.6,6.5,0.3,28,71,2.4,93,80,759,0,0,28.25,Vellagapudi
02-11-2023,0.59,24.8,1.6,2.7,4.4,19,8.9,18,37,0,3.6,0.3,28.2,78,2.5,95,81,758,0,0,28.29,Vellagapudi
03-11-2023,0.52,18.3,1.6,3.1,4.7,19,8.5,11,26,0,4.1,0.1,28.2,79,2.4,97,74,756,0,0,28.19,Vellagapudi
04-11-2023,0.52,13.2,1.5,2.7,4.2,19.5,7.9,9,23,0.1,3.2,0.3,27.4,83,1.9,99,61,757,0,0,27.91,Vellagapudi
05-11-2023,0.65,13.9,1.5,2,3.5,20.7,8.1,7,15,0,2.8,0.1,27.6,82,2.3,111,75,758,0,0,27.44,Vellagapudi
06-11-2023,0.54,13,1.7,6.1,7.9,19.7,9.1,8,22,0,2.9,0.2,26.4,86,1.8,118,38,758,0,0,27.18,Vellagapudi
07-11-2023,0.67,26.1,2.1,9.2,11.2,17.6,11.2,24,47,0,3.6,0.3,27.4,82,2,120,71,759,0,0,27.21,Vellagapudi
08-11-2023,0.73,35.5,1.8,8.4,10.2,18.1,11.9,39,70,0,2.8,0.1,27.1,85,2.3,106,64,758,0,1.8,27.58,Vellagapudi
09-11-2023,0.48,58.3,2,10.2,12.2,27.8,10.5,48,101,0.2,2.8,0.6,29,73,1.9,113,68,759,0,0,27.48,Vellagapudi
10-11-2023,0.7,55.4,1.8,13.6,15.3,14.9,8.3,59,117,0.5,5.2,0.7,27.2,76,1.6,128,80,760,0,0,27.3,Vellagapudi
11-11-2023,0.78,50.2,1.9,12.9,14.7,15.1,9.4,68,140,0.7,9.3,0.6,26.4,79,1.1,192,69,761,0,0,26.84,Vellagapudi
12-11-2023,0.95,51,1.9,15.1,17,14.3,11.7,105,183,0.8,6.9,0.9,26.9,77,1.1,174,76,761,0,0,26.84,Vellagapudi
13-11-2023,1.22,64.9,1.4,6.8,8.2,17.7,13.3,105,181,1.1,8.4,0.7,26.8,74,1.8,112,74,760,0,0,26.88,Vellagapudi
14-11-2023,1.21,75,1.4,4.4,5.8,18.4,12.9,91,158,1.1,8.4,0.6,27.4,72,2,85,66,759,0,0,26.51,Vellagapudi
15-11-2023,1.16,61.9,1.5,4.6,6.1,18.4,13.4,84,154,1.1,7.9,0.8,26.8,73,1.5,129,45,758,0,0,26.24,Vellagapudi
16-11-2023,0.95,45,1.7,10.8,12.5,16,12,84,155,1.5,7.6,0.9,27.3,74,1.5,166,76,758,0,0,26.91,Vellagapudi
17-11-2023,0.82,44.4,1.9,12.7,14.6,15.2,10.2,52,101,0.4,5.7,0.6,27.4,79,1.4,149,68,759,0,0,26.78,Vellagapudi
18-11-2023,0.82,45.7,1.7,8.1,9.8,17.1,10.3,31,62,0.2,7.3,0.2,28.2,78,1.8,115,100,759,0,0,27.48,Vellagapudi
19-11-2023,0.41,54.7,1,7,8,17.6,18.3,25,58,0.2,1.8,0,31.4,62,3.6,102,266,760,0.1,0,27.37,Vellagapudi
20-11-2023,0.58,53.3,1.8,8.8,10.6,19.4,10.9,30,63,0.7,3.9,0.5,29.1,64,3.4,81,80,759,0.1,0,27.04,Vellagapudi
21-11-2023,0.5,29.5,2.1,11.1,13.3,15.7,11.3,15,41,0.5,4.4,0.5,26.5,78,2.5,90,46,759,0.1,0,26.92,Vellagapudi
22-11-2023,0.56,16,2.7,14.4,17.1,14.1,10.3,18,39,0.5,10,1,26.3,86,1.8,94,38,758,0,0,26.9,Vellagapudi
23-11-2023,0.59,21.8,2.2,11.4,13.7,15.5,9.3,23,43,0.2,4.3,0.9,25.9,92,1.7,148,37,757,0,2.8,27.04,Vellagapudi
24-11-2023,0.59,43.8,1.8,11.3,13.1,15.6,9.3,51,85,0.5,4.7,0.4,26.7,82,2.2,102,54,758,0,0,27.17,Vellagapudi
25-11-2023,0.85,65.5,2.2,10.6,12.8,16,10.5,70,109,0.8,4,0.3,27.2,78,2.4,104,64,760,0,0,26.95,Vellagapudi
26-11-2023,0.69,79.8,1.5,8.6,10.1,17,10.4,81,127,0.9,2.7,0.1,27.2,79,2.8,95,57,760,0.1,0,27.03,Vellagapudi
27-11-2023,0.64,67.3,1.7,9.5,11.1,16.5,10.5,65,106,0.9,3,0.2,26.7,80,2.5,93,66,759,0.1,0,27.03,Vellagapudi
28-11-2023,0.55,52.6,2.1,9.5,11.6,16.4,12.1,43,75,0.7,3.1,0.2,26.6,81,2.5,94,69,758,0,0,27.01,Vellagapudi
29-11-2023,0.63,42.6,1.9,11.2,13.1,15.7,11.8,38,71,0.7,4.9,0.4,26.4,81,2.3,99,59,758,0,0,26.93,Vellagapudi
30-11-2023,0.66,55.3,2.3,12.4,14.8,15.9,15.9,55,96,0.8,4.1,0.2,26.6,78,2.4,103,72,759,0.1,0,26.99,Vellagapudi
01-12-2023,0.75,67.8,1.7,12.7,14.4,15.3,14.3,67,114,1.2,7,0.4,26.7,76,2.3,,73,758,,0,26.96,Vellagapudi
02-12-2023,0.77,71.6,1.6,10.8,12.5,16.1,16.8,48,87,1.1,3.1,0.1,27.6,67,2.9,,51,757,,0,26.36,Vellagapudi
03-12-2023,0.51,54.6,1.7,8.8,10.5,16.9,15.6,25,53,0.7,1.7,0,26.7,64,4.3,,61,757,,0,25.95,Vellagapudi
04-12-2023,0.29,29.6,2.6,7,9.6,15.6,14.4,6,13,0,1.3,0,24,95,4.4,,28,757,,4,24.62,Vellagapudi
05-12-2023,0.6,45.8,2.3,7,9.3,16.9,19.3,9,17,0,1.9,0,24.8,98,6.3,,31,751,,9,25.69,Vellagapudi
06-12-2023,0.49,47.1,2.5,10.4,12.8,14.5,15.7,13,25,0.4,0.9,0,26.5,85,3.7,,105,754,,0,25.86,Vellagapudi
07-12-2023,0.79,47.6,2.2,9.2,11.4,16.4,16.6,19,37,0.5,2.5,0.1,26.8,81,2.8,,90,757,,0,25.95,Vellagapudi
08-12-2023,0.56,32.3,2.2,12.2,14.4,21.2,24.2,24,50,0.5,3,0.2,25.7,85,2.3,,76,758,,0,25.49,Vellagapudi
09-12-2023,0.59,34,2.4,13.4,15.8,14.5,18.2,17,41,0.5,5.7,0.3,25.8,79,1.8,,62,759,,0,24.95,Vellagapudi
10-12-2023,0.49,51.6,1.9,11.5,13.5,15.8,12.2,23,45,0.6,6.6,0.3,25.4,78,1.6,,70,759,,0,23.73,Vellagapudi
11-12-2023,0.56,43.8,3.2,18.5,21.6,12.7,14.8,31,67,0.8,9.1,0.7,25,73,1.3,,81,759,,0,24.22,Vellagapudi
12-12-2023,0.57,48.4,2.9,15.4,18.4,13.9,16.7,44,84,0.7,9.9,0.4,24.6,79,1.2,,73,758,,0,24.16,Vellagapudi
13-12-2023,0.63,44.8,2.2,16.6,18.8,13.6,11.8,50,85,0.9,8.3,0.7,24.9,77,1.4,,76,759,,0,24.03,Vellagapudi
14-12-2023,0.62,50.8,2.7,16,18.7,13.4,13.4,60,102,0.9,8.7,0.5,24.1,75,1.6,,75,761,,0,23.53,Vellagapudi
15-12-2023,0.66,63.2,2.1,15.9,17.9,13.8,15.2,73,122,1.1,11.3,0.7,24.5,77,1.9,,48,761,,0,23.88,Vellagapudi
16-12-2023,0.74,56.7,2.1,15.8,17.9,13.9,13.2,78,129,1.2,11,0.8,25.2,79,1.6,,58,760,,0,24.48,Vellagapudi
17-12-2023,0.72,46.7,1.6,14.5,16.1,14.6,13.1,82,135,1.3,27.1,0.8,23.6,91,1.5,,60,761,,0,24.61,Vellagapudi
18-12-2023,0.87,62.5,2.2,19.3,21.5,12.7,19.9,94,151,1.5,7.2,1.1,26.1,73,1.3,,55,761,,0,24.27,Vellagapudi
19-12-2023,1.05,53.6,2.3,19.4,21.7,12.6,14.5,104,169,1.5,11.6,0.9,24.1,81,1.4,,63,762,,0,23.33,Vellagapudi
20-12-2023,1,55.5,2.1,19.2,21.3,12.9,15.7,109,175,1.5,10.6,0.7,23.8,81,1.5,,64,762,,0,23.16,Vellagapudi
21-12-2023,0.96,53.2,2,19.8,21.8,12.5,16.8,106,175,1.3,7.8,0.4,23.6,77,1.3,,69,761,,0,23.05,Vellagapudi
22-12-2023,0.94,41.3,2,19.4,21.4,12.2,7.3,101,172,1.6,9.9,0.9,23.1,80,1.1,,68,761,,0,23.37,Vellagapudi
23-12-2023,0.73,39,1.7,18.4,20,13,6.7,100,163,1.5,10,0.7,23.2,83,1.4,,60,761,,0,23.74,Vellagapudi
24-12-2023,0.78,44,1.8,13.1,14.9,14.7,6.6,102,164,1.3,8.7,0.5,23.9,84,1.3,,66,763,,0,23.5,Vellagapudi
25-12-2023,0.79,33,1.9,16.5,18.4,13.4,7.7,93,158,1.4,14.1,0.6,23.8,86,1.1,,54,763,,0,23.48,Vellagapudi
26-12-2023,0.81,37.8,2,14.2,16.2,14.2,8.6,83,136,1.3,7.1,0.4,25.3,82,1.4,,75,762,,0,24.09,Vellagapudi
27-12-2023,0.76,48.2,1.9,13.7,15.6,14.7,12.8,65,114,0.9,3.9,0.3,26.4,75,2,,74,762,,0,24.1,Vellagapudi
28-12-2023,0.83,19.6,2,13.7,15.7,14.6,7.9,61,98,1.3,17.9,0.5,21.5,100,0.8,,36,763,,0,23.7,Vellagapudi
29-12-2023,0.64,43.7,1.8,12.3,14.1,15.3,16.4,52,91,0.8,3.4,0.3,26,72,2.3,,99,762,,0,23.55,Vellagapudi
30-12-2023,0.74,29.7,1.7,17,18.7,14.2,13.7,75,120,1.2,11.4,0.5,23.8,84,1.4,,66,761,,0,23.92,Vellagapudi
31-12-2023,0.73,31,2.6,17.8,20.4,13,13.8,92,150,1.3,9.4,0.5,23.7,84,1.4,,62,761,,0,23.86,Vellagapudi
01-01-2024,0.78,32.7,13.9,15.5,16.3,,,,,,,,,,,,,,,,23.92,Vellagapudi
02-01-2024,0.81,38.6,13.1,14.9,15.3,,,,,,,,,,,,,,,,23.69,Vellagapudi
03-01-2024,0.78,49.7,12.9,14.6,14.4,,,,,,,,,,,,,,,,24.07,Vellagapudi
04-01-2024,0.73,50,12.7,14.6,12.1,,,,,,,,,,,,,,,,24.36,Vellagapudi
05-01-2024,0.72,37.7,14.2,15.9,12.8,,,,,,,,,,,,,,,,24.27,Vellagapudi
08-01-2024,0.72,41.2,21.9,23.8,15.4,,,,,,,,,,,,,,,,24.96,Vellagapudi
09-01-2024,0.9,51,13.3,15,13.4,,,,,,,,,,,,,,,,24.52,Vellagapudi
10-01-2024,0.88,38.7,16.7,18.7,17.3,,,,,,,,,,,,,,,,24.63,Vellagapudi
11-01-2024,1.01,30.4,19.9,22.2,14.7,,,,,,,,,,,,,,,,25.1,Vellagapudi
12-01-2024,0.97,32.3,17.7,20,14.8,,,,,,,,,,,,,,,,25.17,Vellagapudi
13-01-2024,0.69,34.1,12.7,14.5,11.9,,,,,,,,,,,,,,,,25.34,Vellagapudi
14-01-2024,0.72,30.3,17.9,19.8,25.8,,,,,,,,,,,,,,,,24.98,Vellagapudi
15-01-2024,0.67,29.2,9.2,10.9,10.5,,,,,,,,,,,,,,,,24.96,Vellagapudi
16-01-2024,0.56,31,10.3,12.4,11.1,,,,,,,,,,,,,,,,24.74,Vellagapudi
17-01-2024,0.51,28.5,10.2,11.8,10.3,,,,,,,,,,,,,,,,24.6,Vellagapudi
18-01-2024,0.51,20.4,14.5,16.8,10.6,,,,,,,,,,,,,,,,24.49,Vellagapudi
19-01-2024,0.47,20.8,12.8,15,10.2,,,,,,,,,,,,,,,,24.79,Vellagapudi
20-01-2024,0.43,19,9.7,11.5,10.3,,,,,,,,,,,,,,,,24.82,Vellagapudi
21-01-2024,0.43,18.7,11,13.1,10.5,,,,,,,,,,,,,,,,25.13,Vellagapudi
22-01-2024,0.42,21.4,9.3,11.4,9.8,,,,,,,,,,,,,,,,25.44,Vellagapudi
23-01-2024,0.54,22.8,8.4,10.3,9.7,,,,,,,,,,,,,,,,25.71,Vellagapudi
24-01-2024,0.67,24.9,9.2,11.2,9.8,,,,,,,,,,,,,,,,25.96,Vellagapudi
25-01-2024,0.68,20.1,12,14.1,10.1,,,,,,,,,,,,,,,,26.03,Vellagapudi
26-01-2024,0.78,27.7,10.1,11.9,10,,,,,,,,,,,,,,,,25.57,Vellagapudi
27-01-2024,0.8,34.5,13.4,15.2,13.5,,,,,,,,,,,,,,,,25.5,Vellagapudi
28-01-2024,0.78,37.8,10.3,11.9,10.1,,,,,,,,,,,,,,,,25.15,Vellagapudi
29-01-2024,0.79,40.4,12.7,14.4,10.8,,,,,,,,,,,,,,,,24.92,Vellagapudi
30-01-2024,0.82,34.5,15.8,17.8,10.8,,,,,,,,,,,,,,,,24.62,Vellagapudi
31-01-2024,0.77,27.6,13.7,16.1,11,,,,,,,,,,,,,,,,25.21,Vellagapudi
01-02-2024,0.6,20.9,2.3,10.2,12.6,16.1,12.1,19,43,0.3,1.5,0.1,25.6,86,2.5,119,70,761,0,0,25.94,Vellagapudi
02-02-2024,0.65,18.6,2.2,8.9,11.1,16.5,11.1,13,36,0.1,0.9,0.1,26.4,85,2,139,66,760,0,0,26.64,Vellagapudi
03-02-2024,0.69,17.5,2.4,12.8,15.2,15.2,12.1,20,53,0.4,3.3,0.2,26.4,84,1.6,127,69,761,0,0,26.99,Vellagapudi
04-02-2024,0.63,18,2.5,13.3,15.8,14.8,11.2,26,56,0.5,4,0.2,25.6,85,1.8,140,61,763,0,0,26.72,Vellagapudi
05-02-2024,0.69,23.5,2.9,12.9,15.8,14.4,11.5,27,57,0.5,2.1,0.2,26.1,83,2,159,80,762,0,0,26.6,Vellagapudi
06-02-2024,0.73,24,2.9,13.2,16.1,14.7,13.4,32,65,0.4,2.1,0.2,26.5,84,1.6,158,79,762,0,0,26.3,Vellagapudi
07-02-2024,0.82,23.6,2.8,15.6,18.5,13.5,13.4,42,85,0.6,3.3,0.4,26.6,83,1.3,158,80,761,0,0,26.86,Vellagapudi
08-02-2024,0.72,20,4.1,14.9,19.1,13.2,12.9,33,69,0.7,2.9,0.4,26.9,81,1.4,145,81,760,0,0,27.44,Vellagapudi
09-02-2024,0.87,16.2,2.3,12.3,14.6,15.1,13,27,60,0.3,1.6,0.1,26.5,84,2.2,115,62,762,0,0,27.24,Vellagapudi
10-02-2024,0.72,25.3,2.4,8.7,11.1,16.7,11.3,35,72,0.3,0.9,0,26.3,85,3,122,67,763,0,0,27.2,Vellagapudi
11-02-2024,0.71,44.9,2,8.5,10.5,16.8,12.1,46,87,0.6,1.2,0.1,25.7,83,3.3,113,69,764,0,0,26.6,Vellagapudi
12-02-2024,0.72,42,2,8.7,10.7,16.6,11.7,33,68,0.6,1.5,0.1,25.1,82,2.7,107,80,763,0,0,26.18,Vellagapudi
13-02-2024,0.72,36.6,2.4,10.1,12.6,16.1,11.4,26,61,0.6,2.6,0.1,25.7,81,2.4,129,82,763,0,0,26.13,Vellagapudi
14-02-2024,0.72,30.5,2.3,9.9,12.3,15.9,12.2,31,66,0.5,3.6,0.1,25.5,81,2.2,117,81,762,0,0,26.45,Vellagapudi
15-02-2024,0.75,24.1,2.2,11.8,14,15.3,12,35,74,0.7,3.9,0.2,25,80,1.9,141,81,762,0,0,25.78,Vellagapudi
16-02-2024,0.79,24.7,2.5,15.2,17.7,13.7,11.8,37,74,1,4.8,0.6,24.7,74,1.7,165,93,762,0,0,26.22,Vellagapudi
17-02-2024,0.66,27.2,2,15.4,17.4,14,11,29,63,0.9,4.6,0.4,25,76,1.7,196,87,760,0,0,26.5,Vellagapudi
18-02-2024,0.75,20.7,2.7,15.3,18,13.5,12.2,25,49,0.8,3,0.2,25.2,81,2.1,146,82,759,0,0,26.47,Vellagapudi
19-02-2024,0.66,21.6,2.4,12.3,14.7,15,11.3,25,53,0.5,1.8,0.1,25.5,79,2.4,170,87,759,0,0,27.34,Vellagapudi
20-02-2024,0.63,20.1,1.8,10.2,12.1,16.1,12.1,23,46,0.4,1.6,0.1,25.8,83,2.3,168,85,759,0,0,27.91,Vellagapudi
21-02-2024,0.61,27.1,2.1,11.7,13.8,15.3,14,30,62,0.4,1.7,0,26.3,79,2.6,172,82,757,0,0,28.23,Vellagapudi
22-02-2024,0.76,29,1.8,9.5,11.3,16.3,12,36,68,0.3,1.2,0,27.4,79,2.9,144,79,757,0,0,28.91,Vellagapudi
23-02-2024,0.69,23.1,1.5,7.2,8.7,17.3,10.6,28,54,0,0.4,0,28,73,3.3,123,66,757,0,0,28.99,Vellagapudi
24-02-2024,0.6,19.2,1.8,7.3,9.2,17.3,9,21,50,0,0.4,0,27.8,71,4,126,73,758,0,0,28.57,Vellagapudi
25-02-2024,0.58,21,1.7,7.2,8.9,17.3,9.1,23,46,0,0.4,0,27.2,69,3.5,118,72,758,0,0,28.23,Vellagapudi
26-02-2024,0.56,17.5,1.8,8.6,10.4,16.8,9.8,26,52,0.1,0.8,0,26.9,69,3.6,107,77,759,0,0,27.73,Vellagapudi
27-02-2024,0.69,23.7,2,9.8,11.9,16.1,10.7,29,60,0.4,3.6,0,26.9,69,2.2,115,89,760,0,0,27.57,Vellagapudi
28-02-2024,0.73,25.2,2.1,12.5,14.7,15.1,10.9,33,69,0.6,2.5,0.1,26.7,68,1.9,130,90,759,0,0,27.87,Vellagapudi
29-02-2024,0.81,20.5,2.5,13.9,16.4,14.4,10.1,35,75,0.5,3.8,0.2,27.6,67,1.8,174,86,759,0,0,28.52,Vellagapudi
01-03-2024,1.09,15.7,2.5,12.1,14.7,15.1,10.1,33,79,0.3,2,0.1,27.6,70,2.4,133,85,760,0,0,28.66,Vellagapudi
02-03-2024,0.7,21.6,2.4,11.2,13.6,15.2,11.2,32,67,0.4,1.8,0.1,27.3,67,2.5,157,90,759,0,0,28.85,Vellagapudi
03-03-2024,0.69,25.8,1.7,9.7,11.4,16.5,10.8,32,64,0.2,0.9,0,26.9,70,2.6,160,85,758,0,0,28.82,Vellagapudi
04-03-2024,0.66,25.1,1.8,8.2,10,16.7,10.9,31,56,0.1,0.6,0,26.9,69,2.5,152,89,758,0,0,28.57,Vellagapudi
05-03-2024,0.81,23.4,1.8,10.6,12.4,15.9,10.6,38,72,0.4,3.6,0.1,27.3,70,1.9,125,84,758,0,0,28.8,Vellagapudi
06-03-2024,0.75,25.6,2,10.2,12.2,16.3,12,30,66,0.3,1.4,0.1,26.9,71,2.4,178,80,758,0,0,29.12,Vellagapudi
07-03-2024,0.71,30.9,2.2,8.8,11,16.4,12.3,25,55,0.1,1.1,0,27.7,66,2.3,157,83,757,0,0,29.05,Vellagapudi
08-03-2024,0.77,26.7,1.8,9.2,11,16.1,11.2,26,60,0.2,1,0,28.2,66,2.5,147,85,757,0,0,29.09,Vellagapudi
09-03-2024,0.75,23.5,1.9,9.7,11.6,16.2,11.1,30,64,0.2,1.5,0.1,28.3,70,2.7,124,77,758,0,0,28.85,Vellagapudi
10-03-2024,0.72,25.1,2.1,7.1,9.3,17.1,11.2,23,53,0.1,0.5,0,28.2,68,2.8,131,78,760,0,0,28.94,Vellagapudi
11-03-2024,1.02,32.9,1.9,8.1,10,16.9,10,32,65,0.2,1.1,0.1,28,69,2.6,155,78,760,0,0,28.98,Vellagapudi
12-03-2024,0.73,39.8,1.3,9.1,10.4,16.5,11.2,27,68,0.2,1.1,0,28,70,2.7,147,80,759,0,0,29.85,Vellagapudi
13-03-2024,0.75,45.4,1.5,9.1,10.6,16.8,11.9,29,64,0.1,1.2,0,28.4,71,2.9,130,79,757,0,0,31.05,Vellagapudi
14-03-2024,0.78,40.1,1.3,7,8.3,17.3,11.3,30,67,0.1,0.7,0,28.9,67,2.8,120,82,757,0,0,30.47,Vellagapudi
15-03-2024,0.7,31.2,1.6,7.2,8.7,17.3,11.6,20,51,0.1,0.7,0,28.4,70,2.9,137,78,757,0,0,29.69,Vellagapudi
16-03-2024,0.65,27.1,1.4,5.5,7,18,11.9,11,31,0.1,0.4,0,28.3,68,3.7,127,74,758,0,0,29.42,Vellagapudi
17-03-2024,0.71,24.3,1.3,5.5,6.7,18.1,13.1,10,29,0.1,0.5,0,28.4,68,3,127,77,758,0,0,29.68,Vellagapudi
18-03-2024,0.68,20.8,1.3,7.1,8.3,17.3,12.4,9,29,0.2,0.9,0,28,67,2.6,144,76,758,0,0,29.65,Vellagapudi
19-03-2024,0.75,25.7,1.2,6.2,7.5,17.6,13.1,19,48,0.1,0.9,0,28.2,67,2.8,155,74,757,0,0,29.7,Vellagapudi
20-03-2024,0.82,37.7,1.3,6.5,7.8,17.7,12.7,29,63,0.2,1.2,0.1,28.2,65,3.2,112,74,758,0,0,29.15,Vellagapudi
21-03-2024,0.73,44.3,1.3,6.8,8.1,17.9,13.9,21,45,0.3,1.3,0,27.7,66,3.4,114,86,758,0,0,29.05,Vellagapudi
22-03-2024,1,32.1,1.3,7,8.3,17.5,12.5,18,54,0.2,1.1,0,28.1,67,2.7,158,89,756,0,0,29.38,Vellagapudi
23-03-2024,0.76,27.6,1.7,6.6,8.3,17.5,13.1,17,47,0.1,0.8,0,28.4,70,2.9,140,86,755,0,0,29.68,Vellagapudi
24-03-2024,0.67,29.5,1.5,5.9,7.4,18,15.2,17,44,0,0.5,0,28.6,68,2.9,147,86,757,0,0,29.58,Vellagapudi
25-03-2024,0.7,30.6,1.7,5.7,7.4,17.9,16.4,15,40,0,0.3,0,28.7,67,2.5,140,87,758,0,0,29.76,Vellagapudi
26-03-2024,0.66,24.8,1.7,6.4,8.1,17.7,14.5,14,38,0.1,0.9,0,27.9,67,2.6,148,89,758,0,0,29.86,Vellagapudi
27-03-2024,0.66,17.8,1.7,5.5,7.2,18.1,12.4,11,30,0,0.5,0,28.5,66,2.9,164,92,760,0,0,29.96,Vellagapudi
28-03-2024,0.61,11.9,2.4,5.6,7.9,17.6,8.8,15,38,0,0.4,0,29,68,2.6,162,91,757,0,0,30.56,Vellagapudi
29-03-2024,0.53,21.2,1.9,6.7,8.6,17.4,7.6,17,45,0,0.4,0,29.2,67,3,137,89,756,0,0,30.89,Vellagapudi
30-03-2024,1.04,28.2,1.7,5.7,7.4,18.3,7.7,15,39,0,0.2,0,30,65,2.9,144,92,757,0,0,30.88,Vellagapudi
31-03-2024,0.71,21.1,2.2,7,9.2,17.7,7.4,9,29,0,0.4,0,29.5,63,2.6,138,89,758,0,0,30.32,Vellagapudi
01-04-2024,0.76,19.5,1.7,6.3,8,17.7,8.7,16,39,0,,0.7,29.3,67,2.5,,89,755,0,,30.76,Vellagapudi
02-04-2024,0.61,22.8,1.5,6,7.5,17.9,12.6,20,49,0,,0.4,29.5,69,2.7,,87,754,0,,31.29,Vellagapudi
03-04-2024,0.53,15.7,2,5.5,7.4,17.8,12.6,15,41,0,,0.6,29.5,68,3,,92,755,0,,31.15,Vellagapudi
04-04-2024,0.47,17.4,2,5.8,7.8,17.9,12.7,11,37,0,,0.6,30.1,67,2.9,,90,755,0,,31.61,Vellagapudi
05-04-2024,0.54,28.7,1.4,4.5,5.8,18.4,13.4,15,45,0,,0.5,31,66,3.1,,88,754,0,,32.84,Vellagapudi
06-04-2024,0.77,30.7,1.7,5.9,7.5,17.9,13.8,19,55,0.1,,0.6,30.8,63,2.5,,76,752,0,,32.93,Vellagapudi
07-04-2024,0.5,37.4,1.5,5.1,6.6,18.3,13.4,27,64,0,,0.6,31.1,61,3,,89,752,0,,33,Vellagapudi
08-04-2024,0.46,25.1,1.5,3.6,5.1,18.9,12,19,50,0,,0.1,30.1,67,5,,91,755,0,,31.1,Vellagapudi
09-04-2024,0.51,38,1.4,3.2,4.6,19,11.3,25,51,0,,0.2,30.3,60,4,,79,756,0,,30.82,Vellagapudi
10-04-2024,0.73,54.5,1.5,5.1,6.6,17,12.1,30,64,0.1,,1.1,30.1,59,2.7,,95,756,0,,30.75,Vellagapudi
11-04-2024,0.79,42.8,1.4,4.4,5.9,15.2,11.5,28,54,0,,0.7,29.9,65,2.8,,87,757,0,,31.18,Vellagapudi
12-04-2024,0.67,47.8,1.5,4.5,6,15.1,10.7,27,54,0,,0.3,30.3,63,3.6,,76,757,0,,30.92,Vellagapudi
13-04-2024,0.8,39.5,1.6,6.1,7.7,14.5,10.4,32,67,0,,0.9,29.7,67,2.6,,83,756,0,,31.41,Vellagapudi
14-04-2024,0.72,36,1.4,6.3,7.7,14.5,9.6,37,71,0,,0.6,30.3,66,2.9,,94,757,0,,31.49,Vellagapudi
15-04-2024,0.62,29.8,1.7,5.7,7.4,14.6,9.7,29,58,0,,0.5,30.7,62,2.6,,93,757,0,,31.92,Vellagapudi
16-04-2024,0.65,36.5,2,6,7.9,14.5,10,19,52,0,,0.6,31.1,57,3.3,,91,755,0,,32.23,Vellagapudi
17-04-2024,0.59,37.7,1.6,6.3,7.9,14.2,10.6,21,60,0,,0.4,31.6,58,2.9,,88,754,0,,33.02,Vellagapudi
18-04-2024,0.57,39.1,1.5,5.2,6.7,14.9,10.1,25,68,0,,0.1,31.9,65,2.9,,89,752,0,,33.1,Vellagapudi
19-04-2024,0.64,38.1,1.5,4.7,6.3,15,10.3,17,50,0,,0.1,32.1,66,3.6,,82,751,0,,33.26,Vellagapudi
20-04-2024,0.4,33.2,1.5,4.7,6.2,15.1,10.5,17,56,0,,0.1,31.7,65,3.5,,82,751,0,,33.3,Vellagapudi
21-04-2024,0.54,32.3,1.5,5,6.5,14.9,10,17,54,0,,0,31.8,66,3,,89,752,0,,32.83,Vellagapudi
22-04-2024,0.57,23.2,1.4,5.9,7.3,14.5,10.7,15,50,0,,0.1,31.3,64,2.7,,97,753,0,,33.03,Vellagapudi
23-04-2024,0.72,16.2,1.9,6.7,8.6,13.9,11.5,12,49,0,,0.6,31.6,62,3,,100,753,0,,31.98,Vellagapudi
24-04-2024,0.29,26.4,1.7,7,8.6,13.8,9.3,14,46,0,,0.4,31.5,59,2.4,,98,752,0,,32.44,Vellagapudi
25-04-2024,0.45,22.7,1.5,5.7,7.1,14.7,8.1,7,33,0,,0.2,31.8,62,3.1,,97,752,0,,32.55,Vellagapudi
26-04-2024,0.37,21.6,1.5,5.8,7.3,14.6,8.7,14,42,0,,0,31.9,62,3.2,,94,752,0,,32.63,Vellagapudi
27-04-2024,0.48,20.1,1.4,4.6,5.9,15,9.4,17,48,0,,0,31.9,64,3.2,,94,752,0,,32.89,Vellagapudi
28-04-2024,0.48,20.9,1.7,4.9,6.6,14.9,8.4,17,41,0,,0,32,62,3.5,,95,753,0,,33.01,Vellagapudi
29-04-2024,0.61,9.6,1.7,5,6.7,14.6,9.6,8,26,0,,0.2,32,61,3.5,,97,754,0,,32.67,Vellagapudi
30-04-2024,0.34,14.3,1.9,5.4,7.3,14.4,9,10,30,0,,0.1,31.6,64,3.8,,95,752,0,,33.07,Vellagapudi
01-05-2024,0.44,33.9,1.6,6.3,7.9,14.3,10.1,21,49,0,0.1,0,33.1,60,3.4,140,96,749,0,0,34.76,Vellagapudi
02-05-2024,0.43,35.8,1.3,4.9,6.2,15,7.5,17,55,0,0,0,33.3,62,4.3,143,91,749,0,0,35.86,Vellagapudi
03-05-2024,0.53,36.5,1.5,4.9,6.4,14.9,7,20,59,0,0.1,0,33.3,64,4.3,131,95,750,0,0,35.72,Vellagapudi
04-05-2024,0.46,40.5,1.4,4.6,6,15.1,8.5,22,58,0,0,0,33,64,4.6,138,90,751,0,0,34.73,Vellagapudi
05-05-2024,0.48,36.4,1.4,5.2,6.6,14.9,6.6,22,71,0,0,0,32.9,63,4.2,145,92,750,0,0,34.45,Vellagapudi
06-05-2024,0.43,35.2,1.4,4.8,6.2,15,6.4,20,54,0,0,0,32.9,65,4.8,142,91,751,0,0,34.27,Vellagapudi
07-05-2024,0.67,30.3,1.5,5.1,6.6,14.9,9.3,18,48,0,0.1,0,30.1,69,5.5,149,72,757,0,0.8,33.37,Vellagapudi
08-05-2024,0.48,36.8,1.6,5.2,6.8,14.8,9,12,23,0,0,0,30,59,3.6,181,92,755,-0.1,0,30.5,Vellagapudi
09-05-2024,0.55,15.7,1.5,7.2,8.7,14,10.4,12,42,0,0.4,0,30.1,68,3,135,78,755,0,2.5,30.78,Vellagapudi
10-05-2024,0.52,13.3,3.2,11,14.3,11.5,10.9,8,20,0,1.8,0,28.9,76,2.8,129,59,755,0,7.3,31.17,Vellagapudi
11-05-2024,0.55,11.2,9.3,9.7,19,10.5,10.8,13,27,0,0.6,0,30.8,69,2.5,136,86,755,0,0,30.82,Vellagapudi
12-05-2024,0.5,10.7,4.5,8.5,13,11.9,8.6,13,25,0,0.8,0,30,73,2,135,77,755,0,2,31.31,Vellagapudi
13-05-2024,0.59,27.3,1.7,9.7,11.3,12.8,11,20,49,0,0.7,0,30.3,64,2.2,191,90,754,0,0,30.8,Vellagapudi
14-05-2024,0.53,18.6,2.3,7.9,10.2,13.4,7.6,19,31,0,0.9,0,30.1,68,2.2,135,85,754,0,0,30.95,Vellagapudi
15-05-2024,0.57,22.8,1.8,7.5,9.3,13.9,7.7,23,43,0,1.3,0,31.4,61,2.5,116,93,755,0,0,31.18,Vellagapudi
16-05-2024,0.43,13.4,1.5,5.3,6.8,14.7,9,7,17,0,0.5,0,30.2,70,3.3,111,92,755,0,0,29.69,Vellagapudi
17-05-2024,0.43,10,1.9,7.5,9.5,13.2,9.1,4,9,0,1.3,0,27.8,80,1.5,148,49,754,0,21.8,28.12,Vellagapudi
18-05-2024,0.62,5.3,3,9.4,12.3,11.9,7.8,3,12,0,1.4,0,28.4,81,1.4,148,58,752,0,1,30.23,Vellagapudi
19-05-2024,0.52,5.6,3,7.8,10.9,13.1,8.3,6,15,0,1.2,0,29.9,73,1.8,106,80,750,0,0,30.67,Vellagapudi
20-05-2024,0.67,7.1,2.1,7.1,9.2,13.9,8.5,8,19,0,0.8,0,30.2,73,2,120,70,750,0,0,30.83,Vellagapudi
21-05-2024,0.46,9.7,2,6.6,8.5,14.1,10.1,7,19,0,0.5,0,31.8,67,2.3,109,100,749,0,0,30.64,Vellagapudi
22-05-2024,0.45,10.9,1.5,5.4,6.9,14.6,10,6,18,0,0.7,0,32,65,2.7,128,106,749,0,0,31.42,Vellagapudi
23-05-2024,0.46,18.1,1.6,5.2,6.8,14.6,10.5,10,28,0,0.8,0,32,64,2.6,154,103,747,0,0,31.53,Vellagapudi
24-05-2024,0.54,27.8,1.5,6.2,7.6,14.4,11.9,22,45,0,1,0,32,62,2.6,172,84,745,0,0,31.93,Vellagapudi
25-05-2024,0.62,20.1,1.7,9.8,11.6,12.7,9.4,30,57,0,2.1,0,28.3,81,1.5,155,17,747,0,4.3,30.6,Vellagapudi
26-05-2024,0.53,38.4,1.4,7.6,9,13.8,10,36,75,0.1,1.4,0,32.4,61,2.8,225,82,744,-0.1,0,33.95,Vellagapudi
27-05-2024,0.85,51.7,1.4,6.2,7.6,14.4,8.9,25,61,0.1,0.6,0,33,51,4.4,263,82,744,-0.2,0,34.54,Vellagapudi
28-05-2024,0.53,32,1.3,6.8,8.1,14.2,10.4,29,82,0.1,0.7,0,33.9,51,4.4,236,71,745,-0.2,0,32.95,Vellagapudi
29-05-2024,0.82,36.7,1.5,6.2,7.7,14.4,10.6,26,89,0,0.8,0,34.8,49,3.9,226,101,745,-0.1,0,34.63,Vellagapudi
30-05-2024,0.58,50.4,1.5,7.5,8.9,13.9,10.2,31,95,0.1,1.1,0,35.4,51,2.5,189,101,746,-0.1,0,34.81,Vellagapudi
31-05-2024,0.9,56.8,1.4,6.4,7.8,14.4,11.4,35,114,0.1,1,0,35.6,53,2.6,157,100,747,0,0,33.93,Vellagapudi
01-06-2024,0.7,40.6,1.2,4.6,5.8,15.1,10.2,31,81,0,0.1,0,32.7,67,3.7,131,62,749,0,0,33.18,Vellagapudi
02-06-2024,0.83,36.1,1.4,5.2,6.6,14.9,11.6,33,77,0,0.3,0,31.9,67,3.2,163,52,750,0,0.3,29.88,Vellagapudi
03-06-2024,0.69,40.7,1.5,8.3,9.8,13.7,11.5,18,31,0,0.6,0,29,73,2.8,233,73,753,0,19.3,30.29,Vellagapudi
04-06-2024,0.8,43.6,1.3,6.2,7.6,14.5,10,12,39,0,0.3,0,32,64,3,215,101,751,-0.1,0,30.86,Vellagapudi
05-06-2024,0.68,35.5,1.4,5.9,7.3,14.5,12.2,11,35,0,0.4,0,32.1,61,3.3,230,83,752,-0.1,0,31.35,Vellagapudi
06-06-2024,0.31,25.5,1.6,5,6.5,14.9,15.3,11,21,0,0.1,0,29.9,70,2.5,187,75,752,0,0.5,30.35,Vellagapudi
07-06-2024,0.27,20.3,1.5,6.9,8.4,13.2,15.2,19,54,0,0.8,0,29,76,2,194,62,751,0,11.3,29.63,Vellagapudi
08-06-2024,0.44,15.9,1.5,6.5,8,13.9,18.5,9,22,0,0.5,0,29.1,73,2.5,195,57,750,0,0,29.33,Vellagapudi
09-06-2024,0.41,25.4,1.4,4.6,6,15.2,13,6,12,0,0.1,0,29.8,65,3.7,207,78,750,-0.1,0,29.89,Vellagapudi
10-06-2024,0.42,20.4,1.6,4.4,6.1,15.2,14,10,20,0,0.4,0,28.3,76,2.8,191,12,749,-0.1,0,29.83,Vellagapudi
11-06-2024,0.55,29.3,1.4,5.8,7.1,14.2,17,13,25,0,0.8,0,32.4,59,3.5,250,89,748,-0.1,0,28.95,Vellagapudi
12-06-2024,0.55,30.2,1.7,4.8,6.4,14.9,21.6,15,27,0,0.6,0,31.4,60,4.1,275,92,750,-0.2,0,28.8,Vellagapudi
13-06-2024,0.64,22.9,1.6,7.1,8.7,14,21,13,32,0,0.6,0,30.3,65,3.4,249,98,750,-0.1,1,30.36,Vellagapudi
14-06-2024,0.7,19.9,1.3,6.2,7.5,14.4,18.1,11,28,0,1,0,31.4,62,3.3,271,94,749,-0.1,0,30.88,Vellagapudi
15-06-2024,0.57,21.6,1.5,6.6,8.1,14.3,22.2,12,30,0,1.1,0,32.5,54,3.4,266,97,749,-0.1,0,30.58,Vellagapudi
16-06-2024,0.56,20.8,1.5,5.4,6.9,14.6,12.8,13,34,0,1.5,0,32.2,58,3.2,228,103,749,-0.1,1,30.39,Vellagapudi
17-06-2024,0.81,17.1,1.4,5.9,7.3,14.6,15.3,10,22,0,0.7,0,31.6,63,2.5,225,99,750,0,0.3,31.51,Vellagapudi
18-06-2024,0.65,21.4,1.4,6.9,8.3,14.1,22.5,15,39,0,1.1,0,31.2,65,3.1,198,89,749,-0.1,0,30.82,Vellagapudi
19-06-2024,0.6,13.6,1.5,8.7,10.2,13.3,16.4,16,41,0,1.3,0,30.9,64,2.8,223,73,748,-0.1,0,29.57,Vellagapudi
20-06-2024,0.6,17.1,1.8,9.9,11.7,12.7,12,18,53,0,1.2,0,32,59,3.1,223,83,748,-0.1,0,31.02,Vellagapudi
21-06-2024,0.53,17.6,1.6,8.4,10,13.2,13.1,17,49,0,0.7,0,32.6,55,3.8,247,79,747,-0.1,17.8,31.95,Vellagapudi
22-06-2024,0.67,19,1.7,8.2,10,13.3,13.7,16,34,0,0.6,0,29.7,72,1.9,231,71,747,0,5.3,31.06,Vellagapudi
23-06-2024,0.51,17.1,1.5,7.4,8.9,14,14.3,18,40,0,0.9,0,29.2,76,2,160,63,746,0,1.8,30.7,Vellagapudi
24-06-2024,0.55,24.6,1.8,9.3,11,12.9,12.6,14,32,0,0.6,0,31.5,65,2.7,193,102,746,0,0,31.31,Vellagapudi
25-06-2024,0.58,39,1.7,5.8,7.5,14.4,19.1,14,32,0,0.5,0,32.2,59,3.4,199,102,745,-0.1,0,31.38,Vellagapudi
26-06-2024,0.65,30.9,1.7,7.6,9.4,13.6,25.1,13,35,0,0.5,0,31.5,60,3.3,198,64,745,-0.1,2.5,29.21,Vellagapudi
27-06-2024,0.74,16.9,1.9,6.5,8.5,14.3,13.2,7,18,0,0.3,0,23.4,114,1.9,191,161,748,0,4.5,28.11,Vellagapudi
28-06-2024,0.64,19.4,1.9,7.4,9.3,13.7,13.1,8,26,0,0.2,0,16.8,152,2.3,230,367,749,0,8,31.24,Vellagapudi
29-06-2024,0.66,18.2,1.9,6,7.9,14.3,14.3,11,35,0,0.6,0,16.7,147,2.2,200,366,749,-0.1,12.8,31.38,Vellagapudi
30-06-2024,0.81,18.2,1.6,5.7,7.3,14.3,12.4,9,18,0,0.5,0,18.3,169,1.4,181,382,754,0,26.5,30.16,Vellagapudi
01-07-2024,0.89,24.4,1.4,4.7,6.2,14.9,13.1,11,28,0,0.2,0,16.7,156,3,203,365,750,-0.1,0,30.71,Vellagapudi
02-07-2024,0.68,21.4,1.7,6.7,8.4,13.8,12.7,11,35,0,0.5,0,16.1,98,3.8,214,360,748,-0.2,12.3,31.12,Vellagapudi
03-07-2024,0.83,25.9,1.6,7.9,9.5,13.6,14.3,8,30,0,0.5,0,31.6,96,2.9,237,107,749,-0.1,0,30.94,Vellagapudi
04-07-2024,0.76,25.2,1.6,7,8.6,13.8,13.3,12,40,0,0.3,0,29.7,97,2.9,221,139,749,-0.1,0,30.46,Vellagapudi
05-07-2024,0.51,26.4,1.6,5.5,7.1,14.7,14.5,11,29,0,1.8,0,31.4,97,3.6,189,118,748,-0.1,12.3,30.25,Vellagapudi
06-07-2024,0.58,20.4,1.7,3.9,5.6,15.1,13.8,7,25,0,0.2,0,27.4,84,3.2,200,62,748,-0.1,1,29.13,Vellagapudi
07-07-2024,0.45,23.5,1.6,4.3,5.8,15,13.3,11,35,0,0.1,0,26,74,1.6,210,40,748,0,0,30.53,Vellagapudi
08-07-2024,0.61,27.8,1.4,6.8,8.2,14.4,14.5,11,29,0,0.1,0,26.6,67,2.3,210,57,748,0,0,29.98,Vellagapudi
09-07-2024,0.52,28,1.7,5.4,7.1,14.6,15.8,11,26,0,0.1,0,25,77,2.7,177,181,749,0,0.3,29.44,Vellagapudi
10-07-2024,0.63,26.3,1.6,7.4,9,13.8,17,15,36,0,0.3,0,27,70,2.2,185,198,751,0,5,30.45,Vellagapudi
11-07-2024,0.48,27.7,1.5,5.9,7.4,14.5,13.7,15,40,0,0.7,0,28,65,3,193,196,750,-0.1,0.3,30.48,Vellagapudi
12-07-2024,0.58,17.8,2.3,9.9,12.2,12.4,15,13,35,0,1,0,25.9,77,1.7,200,158,748,0,14.8,30.72,Vellagapudi
13-07-2024,0.51,15,1.6,4.1,5.7,15.2,15.3,11,21,0,0.2,0,23.8,86,4.3,228,140,748,-0.2,16.3,27.32,Vellagapudi
14-07-2024,0.54,14.1,1.5,3.4,5,15.4,15.8,10,18,0,0,0,23.1,86,2.5,258,172,747,-0.1,5.5,28.18,Vellagapudi
15-07-2024,0.52,13.1,2,6.6,8.6,14,16.3,7,12,0,0.3,0,23.2,89,2.3,241,145,745,0,12,28.05,Vellagapudi
16-07-2024,0.56,17.8,2.4,9.4,11.8,12.7,15.9,9,17,0,0.5,0,25.6,77,3.5,217,174,745,-0.1,0.3,30.17,Vellagapudi
17-07-2024,0.51,24.7,1.5,4.1,5.7,15.1,13.4,9,17,0,0.1,0,26.1,72,3.2,237,188,747,-0.1,22,30.02,Vellagapudi
18-07-2024,0.49,10.8,2.6,8.2,10.8,13.1,14.3,8,16,0,0.2,0,23.9,88,1.8,232,135,746,0,22,29.73,Vellagapudi
19-07-2024,0.65,18.4,1.5,4.7,6.2,14.9,13.7,7,13,0,0.2,0,22.7,90,4.1,250,117,745,-0.1,18.8,27.88,Vellagapudi
20-07-2024,0.52,17.8,1.4,3.5,4.9,15.4,9.8,7,14,0,0.1,0,22.8,87,4.3,260,123,746,-0.2,32.8,28.48,Vellagapudi
21-07-2024,0.61,17.4,1.4,3.3,4.7,15.4,1.6,8,16,0,0.1,0,23.7,82,3.6,245,154,747,-0.1,1.5,29.97,Vellagapudi
22-07-2024,0.57,16.9,2.2,7.5,9.7,13.2,8.7,10,23,0,0.1,0,25,76,4.3,241,177,749,-0.2,1,30.98,Vellagapudi
23-07-2024,0.6,15.8,2.9,7.8,10.7,12.6,15.5,6,21,0,0.3,0,25.6,70,4.3,256,177,750,-0.2,0,30.73,Vellagapudi
24-07-2024,0.6,12.5,4.8,11.8,16.6,10.7,14.5,5,26,0,0.8,0,25.1,74,3.1,260,173,748,-0.2,0,30.38,Vellagapudi
25-07-2024,0.65,16.1,2,8.4,10.4,13,15.3,6,28,0,0.4,0,26,67,4.3,261,195,746,-0.1,0,30.68,Vellagapudi
26-07-2024,0.66,24.8,2,6.7,8.7,13.7,15.2,6,25,0,0,0,25.6,63,4.4,272,188,746,-0.2,0,30.77,Vellagapudi
27-07-2024,0.47,19.9,1.3,3.6,4.9,15.4,16.3,8,33,0,0,0,26.3,67,4.1,261,172,746,-0.2,7.8,31.18,Vellagapudi
28-07-2024,0.75,19.6,1.7,3.5,5.2,15.1,15.6,9,41,0,0.4,0,26.2,71,3.5,242,190,745,0,2.3,30.62,Vellagapudi
29-07-2024,0.56,21,1.7,6.8,8.6,14.1,2.8,11,37,0.1,0.2,0,27.9,65,2.8,223,155,745,-0.1,1.8,30.98,Vellagapudi
30-07-2024,0.87,17.3,1.8,6.7,8.6,13.9,8.6,11,43,0.2,1.3,0,27,72,2,211,189,748,0,2.8,29.8,Vellagapudi
31-07-2024,0.52,18.6,1.9,6.5,8.4,13.9,6,9,30,0.1,0.3,0,25.4,80,2.3,234,179,750,-0.1,14.8,30.07,Vellagapudi
01-01-2018,0.94,95.5,1.5,22.9,24.4,11.4,5.5,58,96,2.6,3.5,0.6,25,65,2.2,0.1,160,79,750,0,21.05,Vishakapatnam
02-01-2018,1.02,99,1.5,28.9,30.4,11.9,10.1,65,109,3,3.8,0.8,24.7,60,2,0.1,176,120,750,0,22.68,Vishakapatnam
03-01-2018,1.08,85.2,4.4,41.9,46.2,13.3,12.9,78,151,2.9,6.2,1.7,24.2,62,1.4,0,124,118,753,0,23.18,Vishakapatnam
04-01-2018,1.91,34.2,30.9,81.8,112.8,17.2,33.2,109,234,3.4,6.1,2.5,23,69,0.8,0,214,111,753,0,23,Vishakapatnam
05-01-2018,1.51,57.1,41.4,59.7,101.2,14.1,11.3,90,175,4.5,7.8,3.3,23.2,67,1.3,0,221,151,753,0,22.51,Vishakapatnam
06-01-2018,1.79,49.2,64.7,76.2,141,13.6,12.9,107,224,5.3,9.1,4,21.9,67,0.9,0,184,135,752,0,22.28,Vishakapatnam
07-01-2018,1.56,54.3,49.1,70.7,120,16,14.2,96,214,5,8.1,3.4,21.8,65,1.1,0,216,130,754,0,22.49,Vishakapatnam
08-01-2018,1.13,72.2,22.1,57.5,79.6,15.5,12.5,89,186,5.4,6,2.2,21.9,64,2,0.1,182,119,756,0,22.01,Vishakapatnam
09-01-2018,0.88,102.2,1.6,33,34.6,14.9,10.2,66,119,2.5,4.5,0.8,22.8,58,2.1,0.1,155,125,759,0,21.79,Vishakapatnam
10-01-2018,1.35,67,22.1,67.3,89.4,16.5,13.1,103,212,4.3,7,2.1,22.8,64,1.4,0.1,166,125,760,0,22.75,Vishakapatnam
11-01-2018,1.51,60.4,34.5,70.2,104.8,19.7,16,123,282,6.3,7,2.6,22.9,73,1.1,0,269,125,758,0,23.4,Vishakapatnam
12-01-2018,1.6,51.2,31.6,67.5,99.2,21.7,14.9,127,250,5.6,7.2,2.7,24.3,77,1.5,0,231,122,756,0,24.01,Vishakapatnam
13-01-2018,1.17,34.8,12.8,50.4,63.2,22.5,15.7,116,210,4.1,8.3,1.7,25.3,79,1,0,271,105,756,0,24.07,Vishakapatnam
14-01-2018,2.17,38.4,37.8,66.2,104.1,27,14.5,207,297,5.3,7.3,2.5,25.1,74,1,0,314,110,757,0,23.88,Vishakapatnam
15-01-2018,1.31,63,17.7,44.4,62.1,19,10.6,111,193,4,5.4,1.7,24.1,72,1.2,0,261,115,756,0,24.3,Vishakapatnam
16-01-2018,1.49,51.4,12.5,54.6,67.1,20.2,19.2,127,240,4.4,6,1.8,23.9,76,1.1,0,195,130,755,0,23.69,Vishakapatnam
17-01-2018,1.39,39.3,15.3,50.8,66.1,16.8,12.2,101,204,4.4,6,1.9,23.1,76,1.4,0,210,121,754,0,23.27,Vishakapatnam
18-01-2018,1.32,44.2,21.4,55.7,77.2,14,13.9,83,169,3.7,6,2,22.8,70,1.1,0,216,135,754,0,23.27,Vishakapatnam
19-01-2018,1.42,43.4,34.2,57.5,91.8,14.4,10.7,88,182,3.8,5.6,2.2,22.1,71,1.1,0,210,139,755,0,22.87,Vishakapatnam
20-01-2018,1.51,49.9,35.9,61.2,97.2,16.2,14.3,104,216,4.1,6.3,2.7,21.9,66,1.1,0,212,142,755,0,22.63,Vishakapatnam
21-01-2018,1.45,52.1,33,58.5,91.6,18,12.1,88,190,3.8,5.5,1.9,21.6,66,1.2,0.1,197,133,754,0,22.47,Vishakapatnam
22-01-2018,1.53,52.4,21.3,63.5,84.8,18.7,11.8,94,217,4.2,5.7,2.2,21.7,68,1.1,0,217,134,752,0,22.24,Vishakapatnam
23-01-2018,1.84,15.4,60,84.7,144.9,19.3,15.3,120,291,5.9,8.4,3.6,19.1,74,0.7,0,289,91,753,0,23.01,Vishakapatnam
24-01-2018,,,,,,,,,,,,,,,,,,,,,23.98,Vishakapatnam
25-01-2018,1.71,49.5,38.3,68.8,107.2,22.9,23.5,120,230,9,16.5,8.4,23.8,73,0.4,0,255,111,650,0,24.02,Vishakapatnam
26-01-2018,0.9,53.4,31,50.5,81.6,19.2,10.8,97,187,7,11.9,4.4,24,73,1.2,0,190,103,734,0,23.75,Vishakapatnam
27-01-2018,1.16,65.9,33.1,46.6,79.7,20,8.2,96,176,7,11,4.2,24,71,1.2,0,200,122,730,0,24.06,Vishakapatnam
28-01-2018,0.99,81,20.9,37.8,58.7,17.7,32,85,153,5.1,8.8,2.5,24.4,69,1.4,0,202,123,679,0,23.46,Vishakapatnam
29-01-2018,1.03,74.5,12.7,44.8,57.5,16.8,48.3,84,154,5.5,9,2.9,23.7,70,0.8,0,243,46,714,0,23.3,Vishakapatnam
30-01-2018,1.21,53.9,30.1,66.6,96.7,16,21.2,96,201,7.7,14.8,6.3,23.6,68,1.2,0,231,127,755,0,23.51,Vishakapatnam
31-01-2018,1.15,61.9,17.4,64.1,81.5,15.9,10.5,94,189,7.8,22.1,3.8,24.3,66,1.6,0,275,141,755,0,24.28,Vishakapatnam
01-02-2018,1.16,54.5,17.2,63.5,80.7,13.8,2.6,74,179,7.7,19.6,4.2,25.6,61,1.4,,150,754,,0,24.75,Vishakapatnam
02-02-2018,1.17,47.6,20,68.4,88.4,14.8,4.1,77,196,8.2,22.1,4.5,24.9,64,1.4,,149,754,,0,24.45,Vishakapatnam
03-02-2018,1.25,43.1,33.6,66.4,100,16.4,9.4,80,215,8.6,16.1,5.1,24,63,1.2,,149,755,,0,23.78,Vishakapatnam
04-02-2018,1.06,33.6,26.5,62.5,89.1,15.3,12.2,63,188,7.3,14.2,4.2,24.5,59,1.2,,147,756,,0,23.93,Vishakapatnam
05-02-2018,1.18,33.7,33.2,58.8,92.1,16.1,11.4,66,180,7.5,15,4.9,25.1,57,0.7,,148,759,,0,24.33,Vishakapatnam
06-02-2018,0.97,32.6,41.7,57,98.7,19,11.4,70,184,8.2,14.7,6,23.5,65,1.1,,140,758,,0,24.39,Vishakapatnam
07-02-2018,0.65,19.4,22.4,48.1,70.5,18.1,9.2,61,133,6.5,16.8,3.7,24,73,1.9,,126,679,,0,24.71,Vishakapatnam
08-02-2018,0.6,26.9,18.6,47.7,66.4,15.7,9.9,51,116,7.2,21.2,3.4,25.8,71,1.5,,113,683,,0,25.63,Vishakapatnam
09-02-2018,0.61,20.2,25.1,40.2,65.3,13.7,8.9,49,124,6.7,18.4,3.8,25.2,75,2,,146,677,,0,25.52,Vishakapatnam
10-02-2018,0.62,15.6,12.8,39.2,52.1,14.3,8.6,56,131,8.4,13.5,3.1,26.9,74,1.7,,133,707,,0,25.44,Vishakapatnam
11-02-2018,0.41,32.4,3.8,28.2,32.1,13.2,10.8,72,119,5.5,8.6,1.7,25.9,76,1.4,,73,759,,0,25.48,Vishakapatnam
12-02-2018,0.48,63,,,,,9.1,74,118,4.2,9.3,1.4,26.3,76,2,,122,757,,0,24.96,Vishakapatnam
13-02-2018,0.49,98.9,,,,,11,64,124,4.4,6.6,1.4,26.7,63,1.7,,128,763,,0,24.25,Vishakapatnam
14-02-2018,0.52,77.8,1.2,7.3,8.5,2.1,7.8,52,117,4.4,7.9,2.1,26.2,62,2,,140,763,,0,24.45,Vishakapatnam
15-02-2018,0.68,55.1,4,10.6,14.6,2,10.6,67,163,7.1,13,4.7,25.2,65,0.9,,136,762,,0,25.19,Vishakapatnam
16-02-2018,0.65,47.1,3.7,20.7,24.3,0.9,11,74,153,6,10.4,4,25.2,72,1.1,,138,760,,0,24.99,Vishakapatnam
17-02-2018,0.72,29.8,,,,,10.6,82,156,7.2,12.4,4.1,25.4,75,1.3,,144,755,,0,25,Vishakapatnam
18-02-2018,0.47,43.6,,,,,10.2,67,113,5,14.2,2.1,26.4,74,1.4,,159,754,,0,24.73,Vishakapatnam
19-02-2018,0.54,33.9,,,,,9.7,79,143,5.9,9.5,2.7,25.9,74,1.1,,148,755,,0,24.86,Vishakapatnam
20-02-2018,0.72,29.3,10.9,43.1,54.1,9.6,10.4,81,162,6.6,16.8,3.5,25.8,71,1.1,,151,754,,0,25.06,Vishakapatnam
21-02-2018,0.8,29.9,23.3,48.8,72.1,10.8,9.6,71,182,7.4,13.4,4.2,26.2,66,1.3,,148,752,,0,25.27,Vishakapatnam
22-02-2018,0.75,37.3,19.1,65.7,84.8,11.4,17.3,73,197,7.3,17.1,3.6,27.5,60,1.2,,151,752,,0,25.57,Vishakapatnam
23-02-2018,0.79,34.9,19.9,59.8,79.8,12.6,17,78,195,6.7,19.8,3.5,27.1,63,1.5,,151,753,,0,25.49,Vishakapatnam
24-02-2018,1.9,14.2,13.7,94.2,107.9,14.5,32.4,85,292,12,36.5,11.3,26.2,59,0.5,,95,757,,0,25.46,Vishakapatnam
25-02-2018,1.05,38.5,3.9,74.3,78.1,20.3,13.8,65,222,9.3,16.7,7.6,28.1,50,0.8,,199,755,,0,26.19,Vishakapatnam
26-02-2018,0.91,47.4,15.3,80.8,96.2,19.2,17.7,57,166,6.8,12.3,4.6,30.3,48,1.5,,189,750,,0,26.71,Vishakapatnam
27-02-2018,0.77,38.3,11.4,57.4,68.8,16.1,17.2,46,133,5.8,12.7,3.2,26.1,58,1.4,,141,752,,0,26.83,Vishakapatnam
28-02-2018,0.76,35.2,16.5,68.3,84.9,14.8,19.5,52,152,6.1,15.1,4,25.9,56,1.3,,152,752,,0,26.93,Vishakapatnam
01-03-2018,0.81,38.5,14.9,58,72.9,15.1,18.6,55,147,7.2,17.3,3.9,24.7,64,1.5,0,233,169,751,0,27.04,Vishakapatnam
02-03-2018,0.76,31.5,12,48.8,60.9,15.3,21.6,54,136,5.5,14.1,2.4,25.4,70,2.2,0,222,163,750,0,27.16,Vishakapatnam
03-03-2018,0.71,28.9,7.4,55.4,62.8,13.1,29.5,38,126,5,11.5,2.3,28.2,55,2.4,0,270,153,748,0,27.75,Vishakapatnam
04-03-2018,0.71,26.5,8.8,57.5,66.4,10.1,26.6,33,118,4.8,9.6,2,28.9,48,1.7,0,265,151,749,0,27.72,Vishakapatnam
05-03-2018,0.84,24.6,8.3,50.3,58.6,12.1,18.7,46,132,5.5,12.8,3,27.3,60,2.2,0,277,155,750,0,27.69,Vishakapatnam
06-03-2018,0.76,43.8,5.8,43.2,49,12.8,15.9,49,124,6.1,17.4,2.1,26.2,66,2,0,237,152,751,0,27.41,Vishakapatnam
07-03-2018,0.87,33,11.7,48.2,59.9,16.6,13.5,66,151,6.4,14.5,3.7,25.3,72,1.3,0,239,134,752,0,27.5,Vishakapatnam
08-03-2018,0.53,51.4,2.2,19.9,22.1,15.2,2.5,48,91,2.9,6.3,1.4,25,76,1.6,0.1,179,134,753,0,27.06,Vishakapatnam
09-03-2018,0.57,51,2,25.1,27.1,14.9,4.3,47,89,3.3,6.5,1.4,24.9,75,1.2,0,210,135,753,0,27.24,Vishakapatnam
10-03-2018,0.75,46.2,12.4,44.1,56.5,15.1,11.9,59,140,6.2,11,3.3,25.8,71,1.1,0,203,151,753,0,27.65,Vishakapatnam
11-03-2018,0.83,41.9,7.4,52.7,60.2,12.6,14.8,64,145,5.6,10.2,2.7,26.3,70,1.2,0,230,152,754,0,27.51,Vishakapatnam
12-03-2018,0.69,31,9.3,47.8,57.1,12,20.1,55,121,5.7,10.3,2.7,25.5,76,1.8,0,263,141,754,0,27.6,Vishakapatnam
13-03-2018,0.78,29,11,56.5,67.4,9.9,18.2,50,124,6.2,14.9,3,28.2,62,1.9,0,269,147,753,0,28.45,Vishakapatnam
14-03-2018,0.78,27.9,10.7,55.9,66.6,9.9,22.9,40,122,6.5,17,3.1,29.2,54,2.2,0,281,161,751,0,28.48,Vishakapatnam
15-03-2018,0.84,12.1,16.4,37.4,53.8,10.3,20.1,42,109,5.4,9.6,2.9,26.4,76,2.7,0,266,146,750,0,28.38,Vishakapatnam
16-03-2018,0.63,24,8.2,33.4,41.6,12,10.5,47,86,5.1,9.8,1.9,26.6,73,1.9,0,232,120,750,0,28.43,Vishakapatnam
17-03-2018,1.11,55.3,10,68.4,78.5,15.2,15.8,97,181,9,13.6,4.5,26.6,59,0.9,0,284,71,752,0,27.59,Vishakapatnam
18-03-2018,0.89,52.1,8.8,51.3,60.1,14.7,12.3,93,153,6.5,15.6,2.8,26,68,1.5,0,278,172,753,0,28.02,Vishakapatnam
19-03-2018,0.65,37,7.1,38.9,46.1,13.9,8.8,67,109,4.9,11,2.2,26,75,1.5,0,264,154,754,0,28.26,Vishakapatnam
20-03-2018,0.63,22.5,8.3,40.1,48.4,12.2,17.6,56,103,4,9.4,2.3,26.7,74,2,0,272,149,752,0,28.65,Vishakapatnam
21-03-2018,0.75,11.8,14.4,43.9,58.4,14.8,23.3,58,119,5.3,9.3,3,27.5,73,2.9,0,272,144,749,0,29.09,Vishakapatnam
22-03-2018,0.67,17.4,8.7,42.1,50.9,11,14,52,108,5.2,9.3,2.6,27.9,71,2.5,0,267,149,690,0,29.49,Vishakapatnam
23-03-2018,0.91,19.3,5.5,40.1,45.6,11.9,13.4,55,141,5.5,7.3,2.4,27.5,77,2.2,0,249,96,628,0,29.55,Vishakapatnam
24-03-2018,0.67,24.9,4.1,31.1,35.3,13.2,8.2,55,119,4.2,6.1,2,27.9,77,2.4,0,241,140,688,0,28.46,Vishakapatnam
25-03-2018,0.51,29.7,4.3,26.5,30.9,13.2,4.5,44,93,2.6,3.9,1.1,27.7,75,2.8,0,256,157,754,0,28.22,Vishakapatnam
26-03-2018,0.75,22.5,7.5,37.2,44.8,11.2,9.5,53,117,4.3,7.2,2.2,27.7,74,2.9,0,283,156,754,0,28.7,Vishakapatnam
27-03-2018,0.62,13.5,12,39.2,51.2,10.9,24.5,47,104,4.9,8,2.8,27.7,73,3.1,0,269,150,751,0,29.14,Vishakapatnam
28-03-2018,0.59,12.7,9.7,29.2,38.9,7.5,17.3,30,74,4.2,8.6,2.4,27.7,73,3.4,0,274,177,749,0,28.63,Vishakapatnam
29-03-2018,0.59,17.6,5.2,29.3,34.5,9.1,10.3,29,69,3.6,6.9,2.2,28.2,75,3.9,0,286,159,749,0,28.9,Vishakapatnam
30-03-2018,0.53,21.4,5.5,27.4,32.9,8.1,10.7,30,77,3.7,6.7,2,28.1,74,4.2,0.1,293,165,748,0,28.81,Vishakapatnam
31-03-2018,0.6,20.1,8.7,41.1,49.8,7.6,14.8,40,96,4.2,8.9,3,27.4,73,3.2,0,260,128,749,0,28.46,Vishakapatnam
01-04-2018,0.59,19.4,8.7,33,41.8,7.3,9.5,35,85,4.4,9.8,2.3,27,74,2.9,0,287,173,749,0,28.38,Vishakapatnam
02-04-2018,0.43,54.8,3.4,30.8,34.2,6.6,9.2,29,70,3.4,6.4,1.9,26.5,66,3.1,0,235,181,751,0,27.51,Vishakapatnam
03-04-2018,0.52,19.3,6.8,22.3,29.1,8,4.1,22,57,3.1,6.2,2.3,27.1,75,2.8,0,248,111,750,0,28.09,Vishakapatnam
04-04-2018,0.42,23.5,7.3,30.8,38.2,7.6,5.2,26,67,3.5,9.2,2.2,26.5,73,3.1,0,284,172,747,0.5,28.4,Vishakapatnam
05-04-2018,0.52,42.8,6.4,34.9,41.4,5.9,10.1,28,78,3.6,7.5,2.3,27.1,67,3.2,0,232,192,745,0,28.47,Vishakapatnam
06-04-2018,0.54,14.8,8.3,36.6,45,8.5,10.6,39,96,3.9,9.1,2.1,27.8,74,3,0,273,174,747,0,28.6,Vishakapatnam
07-04-2018,0.55,14.2,9.1,34.4,43.5,8.9,12.9,36,83,4.6,11,3.1,27.2,74,2.9,0,262,169,747,18.5,27.72,Vishakapatnam
08-04-2018,0.32,64.5,2,22,24,6.8,3.5,24,44,2.3,5.2,1.4,29.6,65,1.9,0,263,256,747,0,27.49,Vishakapatnam
09-04-2018,0.61,21.9,15.4,41.3,56.8,9.1,5,39,88,4.7,9.8,3.2,27.4,74,1.9,0,220,182,750,6.5,28.24,Vishakapatnam
10-04-2018,0.56,22.8,13.3,37.9,51.2,8.8,13.3,48,101,5.6,14.3,4,27,72,2,0,217,213,749,0,28.53,Vishakapatnam
11-04-2018,0.51,18.5,11.7,30,41.7,8.8,12.1,29,70,5,11.1,2.5,27.3,71,2.5,0,287,199,749,0,29.4,Vishakapatnam
12-04-2018,0.54,17.7,9.7,29.3,38.9,11,10.1,22,55,3.8,8.8,2.2,28.2,73,2.5,0,292,194,749,0,29.64,Vishakapatnam
13-04-2018,0.51,16.5,12.9,34.5,47.5,8.8,17.1,28,82,5.3,10.8,3.9,28.4,70,2.5,0,266,200,750,0,30,Vishakapatnam
14-04-2018,0.56,12.4,11.5,23.7,35.3,8.9,15.2,19,55,4.3,7.7,2.6,29.5,73,3,0,293,191,750,0,30.19,Vishakapatnam
15-04-2018,0.49,14.1,9.7,26.3,36,10.4,10.4,16,56,3.4,6.8,2,29.5,71,2.3,0,242,93,749,0,30.47,Vishakapatnam
16-04-2018,0.5,20.4,9.9,30.4,40.3,9.6,17.8,20,63,3.6,7.7,2.2,31.6,72,2.6,0,269,199,750,0,31.13,Vishakapatnam
17-04-2018,0.63,12.7,13.2,31.7,45,11.7,29.5,25,81,5.9,12.4,3,32.9,71,3.1,0,269,199,751,0,30.68,Vishakapatnam
18-04-2018,0.52,16.4,15.1,31.9,47.1,10.5,24.5,21,68,4.5,9.1,2.8,32.1,72,3.1,0,281,190,749,23.5,30.88,Vishakapatnam
19-04-2018,0.49,22,9.1,27.9,37.1,9,15.4,17,64,3.7,8.4,2.3,32.1,70,4,0.1,279,197,746,0,30.78,Vishakapatnam
20-04-2018,0.57,11,9.8,24.5,34.3,10.7,16.1,17,70,4.3,8.2,2.9,33.4,73,4.3,0.1,288,182,747,0,30.43,Vishakapatnam
21-04-2018,0.6,15.4,6.3,23.3,29.6,9.3,8.6,22,84,4.5,7.8,2.6,34.1,74,3.6,0,295,187,745,0,30.04,Vishakapatnam
22-04-2018,0.31,12.7,13.5,23.6,37.1,7.8,34.8,15,65,3,5.6,1.6,33.4,72,4,0.1,290,244,747,0,30.38,Vishakapatnam
23-04-2018,0.73,14.5,8.9,27.1,36,10.1,16.9,26,104,6.4,10.2,3.9,34.9,72,3.5,0,316,166,741,0,30.7,Vishakapatnam
24-04-2018,0.64,20.6,8.4,36.2,44.5,11.1,16.3,31,87,4.4,8,2.8,29.2,78,2.4,0,306,80,746,13,30.13,Vishakapatnam
25-04-2018,0.79,18,10.3,26.6,36.9,7.9,18.4,25,86,5.5,11.9,3.6,33.5,70,3.3,0,258,254,743,0,29.87,Vishakapatnam
26-04-2018,0.52,13,12.5,25.4,37.9,8,21.7,21,80,4.8,8.3,2.7,32.7,73,3.2,0,281,204,744,0,29.91,Vishakapatnam
27-04-2018,0.41,15.7,7.1,18.7,25.8,12,10.1,16,51,3.9,8.5,2,32.7,74,2.9,0,302,200,747,0,29.94,Vishakapatnam
28-04-2018,0.45,11.8,7.9,19.9,27.9,10,13.1,14,54,3.1,6,1.9,33.4,71,3.2,0,294,194,747,0,29.9,Vishakapatnam
29-04-2018,0.43,12.8,9.1,22.9,32,9.4,11.7,18,69,3.3,8,1.6,32.9,72,3.4,0,310,188,745,0,30.11,Vishakapatnam
30-04-2018,0.39,14.1,8.2,20.7,28.9,10.7,11.9,15,60,3.4,7.1,2.4,32.8,75,3.5,0,317,158,743,0,30.06,Vishakapatnam
01-06-2018,0.42,30.2,6.8,33.1,39.9,12.6,6.8,38,99,4,10.8,2.1,35.8,73,1.7,0,233,170,743,0,30.12,Vishakapatnam
02-06-2018,0.53,29.9,7.6,37.5,45.1,13.9,4.9,32,89,4.4,10.2,2.7,33.9,72,2.1,0,222,152,743,3,30.74,Vishakapatnam
03-06-2018,0.48,39.1,7.1,41.8,48.9,12.6,8.6,44,111,4,10.6,2.3,35,70,2.3,0,283,208,739,0,30.54,Vishakapatnam
04-06-2018,0.49,65,3.3,27.3,30.5,14.3,5,47,93,3.8,8.5,1.8,37,72,2.1,0,251,227,733,0,30.88,Vishakapatnam
05-06-2018,0.52,41.3,6.2,49,55.1,11.4,12.1,55,141,5.6,13.5,3.6,34.3,73,1.7,0,268,93,738,0,29.65,Vishakapatnam
06-06-2018,0.51,40.3,6.4,47.8,54.3,10.9,11.3,35,85,5.4,12.6,3.5,31.6,75,2.3,0,269,114,741,4.5,29.96,Vishakapatnam
07-06-2018,0.47,68.9,3.2,27.6,30.9,14.9,4.1,23,53,3.6,9.5,2.5,35,71,3.6,0.1,284,267,732,0,29.46,Vishakapatnam
08-06-2018,0.57,41.1,4.6,42.5,47.1,12.2,15.4,38,103,5.3,11.1,3,33.1,75,3.4,0,313,125,731,0,29.2,Vishakapatnam
09-06-2018,0.51,36.4,7.1,44.8,52,11.5,14.7,37,84,4.5,11.6,2.8,31.5,76,3,0,286,142,730,1,29.35,Vishakapatnam
10-06-2018,0.42,32.1,7.6,46.8,54.4,11.3,12.2,29,73,4.2,16.6,1.7,34.4,68,3,0,291,149,730,0,29.29,Vishakapatnam
11-06-2018,0.43,25.8,8.1,43.4,51.5,11.1,12.8,29,79,4.6,11.9,2.5,32.9,69,3.4,0,298,131,731,0,29.47,Vishakapatnam
12-06-2018,0.47,14.4,15,46,61,11,16.4,34,102,5.3,14,3.8,30.6,73,2.9,0,284,52,731,0,29.21,Vishakapatnam
13-06-2018,0.65,28.2,8.9,42.3,51.2,12.1,18.9,35,137,5.6,9.7,3,31.8,74,3.2,0,296,114,734,6.5,30,Vishakapatnam
14-06-2018,0.54,32.1,9.2,46.6,55.8,13.6,19.3,42,158,4.9,10.6,3.4,38.3,66,3.5,0,300,195,736,0,30.95,Vishakapatnam
15-06-2018,0.59,31.9,7.3,48.5,55.9,13.2,26.3,51,183,5.5,9.1,2.8,36.6,70,2.5,0,279,202,737,0,31.29,Vishakapatnam
16-06-2018,0.4,47.9,6.9,38.3,45.3,15,23.2,52,169,4.9,11.6,1.8,27.9,65,2.7,0,278,278,738,0,31.91,Vishakapatnam
17-06-2018,0.56,34.7,1.5,53.8,55.2,9,11.8,43,154,5.1,9.6,3.3,27.7,51,2,0.1,197,199,732,0,32.22,Vishakapatnam
18-06-2018,0.43,33.2,1.7,46.4,48.1,10.1,12,38,162,7.3,13.7,2.5,31.6,57,2,0,278,253,733,0,31.69,Vishakapatnam
19-06-2018,0.32,49.3,1.7,28.3,30,12.2,3.8,17,77,3.2,7.4,1.6,34.9,59,2.7,0,257,403,730,0,30.93,Vishakapatnam
20-06-2018,0.42,34.4,1.5,46.6,48.1,13.5,16.8,34,127,4.6,10.7,3.8,34,66,2.7,0,287,261,735,0,29.77,Vishakapatnam
21-06-2018,0.33,27.9,1.1,37.3,38.4,12.3,15.6,27,102,3.5,8.8,2.3,30,71,1,0,296,117,734,0,29.6,Vishakapatnam
22-06-2018,0.48,24.1,1.3,40.3,41.5,12.2,10.2,29,79,4.8,13.5,3.1,26.7,76,1.1,0,206,65,737,0,28.66,Vishakapatnam
23-06-2018,0.56,24.7,1.2,37.1,38.3,12.6,12.3,27,101,5,17.5,2.5,28.7,75,2.4,0,286,137,739,0,29.03,Vishakapatnam
24-06-2018,0.43,31.7,1.2,35.8,37,11.4,18.4,30,95,3.4,6.4,2,29.7,74,3,0.1,297,191,737,0,29.41,Vishakapatnam
25-06-2018,0.41,40.3,1.3,35.7,36.9,14.2,11.2,25,108,4.2,10.8,3.2,35.7,59,4,0,297,464,735,0,29.52,Vishakapatnam
26-06-2018,0.55,22.4,1.2,45.6,46.8,10.1,10.6,27,104,5.6,13.4,4.3,31.9,60,2.3,0,306,139,731,0,28.69,Vishakapatnam
27-06-2018,0.56,15.1,1.9,42.8,44.7,10.3,16.6,32,104,5.6,12.8,4.9,24,77,2.3,0,296,88,732,0,28.56,Vishakapatnam
28-06-2018,0.44,16,1.2,39,40.2,8.4,17.2,27,69,4.8,13,3.4,20.4,80,2.7,0,288,84,737,1,28.5,Vishakapatnam
29-06-2018,0.71,12,1.5,44.5,46,9.6,11.4,32,83,6,16.1,4.8,21.1,83,2,0,271,66,741,2.5,28.02,Vishakapatnam
30-06-2018,0.42,24.9,1.4,36,37.3,12.2,11.6,32,77,4.6,17.9,3,24.6,78,2.7,0,259,174,739,58,28.44,Vishakapatnam
01-07-2018,0.56,21.6,1.2,37.6,38.8,10.5,13.9,33,92,4.8,13,3.7,23.7,77,3.1,267,143,739,,1.5,28.19,Vishakapatnam
02-07-2018,0.45,22.2,1.2,35,36.2,11.5,15.3,33,81,3.8,11.9,2.6,24.3,76,3.5,274,191,738,,1.5,29.08,Vishakapatnam
03-07-2018,0.5,17.9,1.9,44.8,46.6,11.5,12.8,40,88,4.6,14.5,4.2,23.9,77,2.5,282,93,739,,3.5,28.42,Vishakapatnam
04-07-2018,0.46,22.6,2.4,44,46.5,11.3,15.6,32,102,4.9,13.4,3.8,27.7,72,2.8,296,128,739,,0,28.67,Vishakapatnam
05-07-2018,0.44,16,2.7,40.9,43.6,9.7,10.4,24,90,4.9,12.8,3.9,30,68,2.1,295,116,739,,0,29.17,Vishakapatnam
06-07-2018,0.54,16.9,11.8,41.7,53.5,10.1,13,28,73,5.1,12.7,4.5,29.4,72,2.8,301,137,735,,2,28.54,Vishakapatnam
07-07-2018,0.58,14.1,12.3,42.6,54.9,9.8,21.6,34,99,6.2,13,4.2,28.5,75,2.5,296,89,732,,0,27.39,Vishakapatnam
08-07-2018,0.49,17.9,9.3,37.3,46.6,10.5,10.7,33,78,4.8,13,2.6,28.6,76,2.3,302,133,730,,0,27.9,Vishakapatnam
09-07-2018,0.48,20.6,9,41.4,50.5,10.1,17.6,35,91,4.6,12.6,3.2,29.2,73,3.5,322,111,731,,0,27.93,Vishakapatnam
10-07-2018,0.47,16.9,10.1,38.6,48.6,10.3,26.2,30,84,4.2,10.3,3.3,28.4,75,3.6,307,95,734,,0,28.86,Vishakapatnam
11-07-2018,0.41,9.2,17.4,42.2,59.6,14.4,27.5,31,84,5.1,10.9,4.2,27.5,78,3.2,302,50,735,,0,28.5,Vishakapatnam
12-07-2018,0.48,8,18.9,42.6,61.6,15.5,37.6,26,63,4.7,10.6,4.1,27.5,76,3.1,320,81,731,,0.5,27.96,Vishakapatnam
13-07-2018,0.45,13.7,14.2,36.4,50.6,11.5,17.5,28,82,4.5,11.1,3.8,28.4,74,3.2,303,127,730,,0,27.77,Vishakapatnam
14-07-2018,0.55,6.1,16.3,37.5,53.9,9.7,3.3,36,85,5,13.4,4.7,27.5,78,2.8,286,70,730,,0,27.92,Vishakapatnam
15-07-2018,0.41,6.1,13.7,35.1,48.8,6.8,4.2,21,47,4.6,11.3,3.7,26.9,80,3.2,270,69,728,,1.5,27.22,Vishakapatnam
16-07-2018,0.48,9.5,12.4,33.8,46.2,15.3,13.8,30,102,4.6,10,3.8,28.6,75,4.2,318,123,729,,0,27.73,Vishakapatnam
17-07-2018,0.38,11.9,11,31.8,42.8,14.7,14.2,23,78,4.4,12.6,3.5,30.3,68,3.8,297,151,729,,0.5,28.58,Vishakapatnam
18-07-2018,0.48,12.4,12.7,33.2,45.9,13,5.4,29,78,4.1,11.7,3,31,65,2.8,269,171,732,,0,28.75,Vishakapatnam
19-07-2018,0.4,11.3,12,33.9,46,12.7,7,23,58,3.9,14.7,3.2,28.8,73,1.3,277,86,730,,8.5,27.92,Vishakapatnam
20-07-2018,0.57,6.2,24.2,39.4,63.7,9.2,5.3,29,65,5.6,19.1,5,26.6,81,2.2,269,54,732,,39.5,27.15,Vishakapatnam
21-07-2018,0.6,6.4,21.7,40.4,62.2,7.4,3.5,28,61,5.8,17.4,5.7,26.9,81,2.2,268,57,734,,3,27.42,Vishakapatnam
22-07-2018,0.5,10.1,11,36,47,7.3,9.6,33,93,4.8,12.7,4.1,28.6,73,2.7,265,85,734,,0.5,28.28,Vishakapatnam
23-07-2018,0.7,17.3,9.8,35.9,45.7,11,12.6,36,140,6.4,10.6,3.7,29.8,70,3.1,272,189,736,,0,28.41,Vishakapatnam
24-07-2018,0.59,16.6,9,38.9,47.9,11.6,11.3,43,140,6.3,10.1,3.7,29.6,73,2.6,288,165,740,,0,28.46,Vishakapatnam
25-07-2018,0.66,14.8,10.4,39.5,49.9,10.5,9.1,46,134,6.4,11.4,4,29,76,1.5,324,128,738,,20.5,28.43,Vishakapatnam
26-07-2018,0.59,13.9,11.2,43.3,54.5,7.9,7.5,50,151,5.6,13.3,4.6,30,71,2.3,271,153,740,,0,28.52,Vishakapatnam
27-07-2018,0.54,13.4,10.4,38.3,48.7,8.5,11.7,36,124,6.5,18.7,3.6,29,73,2.2,261,103,740,,0,28.09,Vishakapatnam
28-07-2018,0.53,19.3,9.5,36,45.5,9.8,14.6,34,102,4.6,11.1,3.4,29.5,73,2.4,264,125,739,,0,28.2,Vishakapatnam
29-07-2018,0.46,17,9.3,33.9,43.2,9.1,3.9,39,124,4.1,11.4,2.1,30.5,70,2.4,282,202,737,,0,28.17,Vishakapatnam
30-07-2018,0.94,14.9,18.4,56,74.5,9.5,16.3,43,157,8.5,17.5,8.2,30.7,71,1.7,327,98,731,,0,28.22,Vishakapatnam
31-07-2018,0.39,8.6,8.7,37.5,46.2,9.5,6.9,60,163,4.6,12,3.2,29.1,74,2.8,288,62,734,,0,28.09,Vishakapatnam
01-08-2018,0.65,9.7,7.3,36.9,44.2,9,15.9,54,188,6.4,11.9,4.4,29.6,74,2.7,0,266,12,733,0,27.99,Vishakapatnam
02-08-2018,0.44,16.8,10,34.8,44.8,7.9,7.4,42,114,3.5,11.2,2.7,30.1,64,3.1,0,283,169,736,0,28.11,Vishakapatnam
03-08-2018,0.51,16.2,12.5,40.2,52.7,8.6,7.2,52,163,4.4,16.1,3.7,30.1,66,2.5,0,269,138,738,0,27.8,Vishakapatnam
04-08-2018,0.67,18.3,17.8,46.6,64.4,10.1,6,53,164,6.1,23.2,5,30.3,67,2.3,0,292,183,738,12.5,28.43,Vishakapatnam
05-08-2018,0.44,17.5,8.3,35.3,43.6,11.3,4.1,,118,4.7,20.3,2.7,31.5,62,2.4,0,340,173,738,0,28.46,Vishakapatnam
06-08-2018,0.49,16.2,12.5,40.7,53.1,11.9,10.4,48,128,5.9,15,3.6,29.8,67,2.1,0,303,104,735,0.5,27.54,Vishakapatnam
07-08-2018,0.52,7.5,14.4,35.2,49.6,11,2.6,44,81,5,15.6,4,26.9,79,2,0,278,79,733,10,27.17,Vishakapatnam
08-08-2018,0.61,6.5,16.9,42.1,59,8.8,4.9,40,89,5.3,13.3,4.9,27.3,78,2.4,0,234,105,735,4.5,27.66,Vishakapatnam
09-08-2018,0.6,13.6,11.6,37.1,48.8,10.9,9,45,106,4.6,12.7,3.7,29.7,70,2.6,0,243,169,739,0,28.3,Vishakapatnam
10-08-2018,0.65,11.8,18.2,45.4,63.7,12,7.8,52,106,5.7,17.4,4,29,75,2.1,0,283,123,738,27,28.59,Vishakapatnam
11-08-2018,0.59,9.2,19.7,37.7,57.4,8.8,8.3,32,68,4.7,17.2,4.2,28.2,78,1.8,0,338,73,733,6,28.55,Vishakapatnam
12-08-2018,0.47,4,18.7,46.5,65.2,11,6.4,20,51,3.5,15.9,2.7,27.1,75,0.9,0,313,6,730,0,27.12,Vishakapatnam
13-08-2018,0.67,12.2,26.9,43.3,70.3,10.8,12.8,32,51,5.8,15.2,5.9,26.1,86,2.5,0,266,35,730,19,27.42,Vishakapatnam
14-08-2018,0.79,4.6,22.4,45.9,68.4,13.3,11.9,40,66,5.1,14.2,5.3,27.3,84,2.3,0,275,107,728,7,27.4,Vishakapatnam
15-08-2018,0.88,3.5,15.6,37.7,53.3,5.7,4.8,44,117,5.8,14,5.8,27.2,82,1.3,0,260,52,724,0,27.45,Vishakapatnam
16-08-2018,0.72,7.2,12.1,31.1,43.3,8.5,6,46,116,5,10.4,4,27.6,81,3.2,0,256,109,733,4,27.56,Vishakapatnam
17-08-2018,0.54,7.4,13.7,42.2,55.9,17.4,8.1,28,69,4.5,11.5,3.8,29.3,70,3.2,0,275,170,734,0,27.81,Vishakapatnam
18-08-2018,0.55,5.5,13.7,41,54.7,17.5,11.5,32,64,4.7,14.4,3.9,27.5,77,3,0,278,107,734,0,27.8,Vishakapatnam
19-08-2018,0.56,4.4,10.4,42.6,53,42.4,18.1,15,50,7.1,35.9,1.5,27,79,2.5,0,279,7,734,0,27.75,Vishakapatnam
20-08-2018,1.03,10.2,15,38.4,53.5,18.4,17.8,24,51,5.1,14.3,5.8,29.2,73,2.7,0,282,163,733,0,27.3,Vishakapatnam
21-08-2018,0.85,8.9,14.3,32.2,46.5,11.2,29.5,23,51,3.7,11.3,3.2,28.9,70,3.3,0,281,200,737,0,28.13,Vishakapatnam
22-08-2018,0.87,11.6,12.3,32.6,44.9,10.5,21.3,30,66,3.9,13.4,3.3,30.5,64,2.5,0,283,191,740,0,28.45,Vishakapatnam
23-08-2018,0.94,10.4,11.2,33.1,44.3,10.8,17.8,31,69,4.1,13.6,3.6,31,65,2.3,0,283,147,740,0,28.58,Vishakapatnam
24-08-2018,0.81,8.9,11.6,35.9,47.5,8.3,7.7,26,55,3.9,19,2.8,28.8,73,2.2,0,262,102,740,0,28.55,Vishakapatnam
25-08-2018,1.14,10.6,17.5,40.2,57.7,8.9,5.4,21,69,4.9,16.6,3.3,27.8,78,1.5,0,263,68,740,0,27.96,Vishakapatnam
26-08-2018,,,,,,,,,,,,,,,,,,,,,27.31,Vishakapatnam
27-08-2018,,,,,,,,,,,,,,,,,,,,,27.29,Vishakapatnam
28-08-2018,1.15,20.8,9.2,47.8,57,9.5,11.8,51,150,7.1,12.6,5.4,29.5,75,2.7,0,210,79,709,0,27.3,Vishakapatnam
29-08-2018,1.1,16.9,9.6,38.3,47.9,8.9,5.4,49,130,5.8,11,4.7,28.8,77,2,0,222,103,694,0,28.11,Vishakapatnam
30-08-2018,0.85,25.3,6.3,28.7,35,8.6,4,44,109,4.3,10.7,3.8,29.5,75,2.5,0,231,169,722,0,28.16,Vishakapatnam
31-08-2018,1.4,14.4,36.7,48.4,85.2,7.9,4.4,53,134,8.1,22.5,7,28.6,78,1.6,0,240,97,739,0,28.2,Vishakapatnam
01-09-2018,1.08,9.5,25.1,42.3,67.4,5.9,4.1,33,78,5,17.3,5.6,29.2,71,1.8,255,124,740,,0,27.85,Vishakapatnam
02-09-2018,0.99,18.2,11.3,38.2,49.5,8.4,10.6,40,98,4.5,15.4,2.8,29.7,68,2.4,243,161,741,,0,28,Vishakapatnam
03-09-2018,0.93,17.2,11.3,42,53.4,9.7,6.9,45,107,5.1,14.7,3.6,29.8,68,2.2,238,145,741,,0,28.17,Vishakapatnam
04-09-2018,0.98,18.2,12.2,41.1,53.3,8.4,3.6,42,101,4.6,14.6,3.9,29,71,2.6,252,138,742,,0,28.16,Vishakapatnam
05-09-2018,0.88,15.8,14.9,39.7,54.6,8.1,5.6,40,94,5.1,16.7,4.4,29.5,68,2.8,258,130,740,,0,27.63,Vishakapatnam
06-09-2018,0.93,11.4,18.3,45.6,63.9,7.7,11.5,48,134,5.1,15,4.9,29,67,2.6,253,76,734,,0,27.11,Vishakapatnam
07-09-2018,0.96,13.7,15.6,42.3,58,7.3,8.4,40,104,5.4,16,4.8,28.1,69,2.8,249,81,740,,0,27.67,Vishakapatnam
08-09-2018,0.87,28.4,10.4,36.5,46.9,8.3,8,46,133,4.5,10.3,2.9,29,69,2,200,185,743,,0,28.29,Vishakapatnam
09-09-2018,1.04,36.2,13.4,33.9,47.4,9.1,3.3,67,169,5.4,11.4,3.6,29.2,76,1.3,170,122,746,,0,28.07,Vishakapatnam
10-09-2018,0.93,20.7,9.9,36.3,46.2,7.9,2.9,47,120,4.8,17.1,3.2,29.6,72,2,216,177,750,,0,28.68,Vishakapatnam
11-09-2018,0.99,16.2,15.8,42.4,58.2,8.4,3.9,49,106,4.9,16.6,4.1,29,74,2.3,234,171,750,,0,28.94,Vishakapatnam
12-09-2018,1,15,9.8,37.6,47.4,9,4.9,58,112,5.2,16.4,4.1,28.6,76,2.5,236,157,730,,0,28.52,Vishakapatnam
13-09-2018,0.86,21.5,5.4,26.5,31.9,7.9,2.8,63,108,4.5,16.1,2.5,28.7,77,2.3,245,112,744,,0,28.46,Vishakapatnam
14-09-2018,1.15,17.8,13.7,44.1,57.7,9.8,6.9,60,120,6.4,19.6,4.9,29.2,75,2,236,126,746,,0,29.24,Vishakapatnam
15-09-2018,1.02,28.9,17.3,44,61.4,10.3,3.1,61,138,5.7,14.8,5.8,29.3,73,1.7,183,177,745,,0,28.62,Vishakapatnam
16-09-2018,0.94,26.7,10.5,50.2,60.8,11.2,2.9,67,177,5.6,13.9,5.5,28.1,77,1.4,232,96,742,,0,27.5,Vishakapatnam
17-09-2018,0.92,22.4,10.3,33.3,43.6,8.2,2.6,33,85,4.5,10.3,4.1,27.8,77,1.5,194,106,740,,4,27.29,Vishakapatnam
18-09-2018,1.01,25.6,11,41,52,8.4,2.5,44,108,5.4,13.1,5.1,28.8,74,1.4,152,153,739,,0.5,28.36,Vishakapatnam
19-09-2018,0.97,24.6,13.2,43.7,56.9,10.2,3.1,47,123,4.9,13,4.5,29.7,71,2,303,168,738,,3,28.03,Vishakapatnam
20-09-2018,1.03,16.3,15.5,51.5,67,11.4,3.3,72,105,5.3,19.9,4.4,26.3,85,2,265,25,731,,32.5,27.31,Vishakapatnam
21-09-2018,0.82,39.2,7.1,35.7,42.8,9.2,5.2,39,75,3.5,9.3,2.9,26.9,79,4,220,155,736,,30.5,27.59,Vishakapatnam
22-09-2018,0.7,38.8,8,31.1,39.2,8.6,2.1,39,77,3.5,10,2.8,28,78,1.5,168,170,750,,0.5,27.66,Vishakapatnam
23-09-2018,0.43,60.7,18.4,27.8,46.3,6.5,1.4,35,98,4.2,11,3.9,28.9,76,1.5,140,186,753,,0,27.48,Vishakapatnam
24-09-2018,0.49,15.2,15.1,28.1,43.2,6,2.4,29,80,4.1,10.7,2.7,29,74,2,201,181,751,,0,27.62,Vishakapatnam
25-09-2018,0.45,28.4,10.8,32.4,43.2,6.9,3.1,29,80,4.3,17,2.9,28.6,75,2.2,220,153,747,,0,28.56,Vishakapatnam
26-09-2018,0.66,21.7,17.2,38.9,56.1,8.1,3.8,35,102,5.7,11.6,4.4,29,72,1.7,199,182,745,,0,28.54,Vishakapatnam
27-09-2018,0.52,16.7,15.9,33.5,49.5,9.4,4.1,36,93,4.4,10.3,4.5,29.2,73,1.8,194,186,747,,0,27.84,Vishakapatnam
28-09-2018,0.26,13,17.3,29,46.3,10.7,4.4,21,57,4.6,14.4,3,29.6,72,1.7,188,181,748,,0,28.23,Vishakapatnam
29-09-2018,0.57,21.1,21.1,26.9,48,8,2.8,30,90,4.7,13.2,3.5,29.6,71,1.5,180,172,747,,0,28.62,Vishakapatnam
30-09-2018,0.46,37.6,17.6,27.8,45.4,7.3,3,55,119,4,10.7,2.3,30,71,1,152,175,746,,0,29.1,Vishakapatnam
01-10-2018,0.52,50,8.9,28.6,37.5,21.5,3.9,72,125,4.2,9.5,2.7,29.9,73,1.6,0,143,170,747,0,29.07,Vishakapatnam
02-10-2018,0.46,39.7,13.3,31.2,44.5,15.2,4.8,66,132,4.8,10.5,4.5,29.6,72,1.7,0,160,174,748,0,28.82,Vishakapatnam
03-10-2018,0.4,,11.1,29.1,40.2,32.1,4.2,43,102,3.2,8.9,2,30,71,1.7,0.1,131,169,746,0,28.68,Vishakapatnam
04-10-2018,0.67,17.5,17.3,41,58.4,29.2,3.5,57,142,4.7,11.2,3.7,29.8,68,1.4,0.1,94,140,749,0,28.31,Vishakapatnam
05-10-2018,0.57,21.7,22.8,43.4,66.2,24.6,3.3,61,170,4.9,11.6,4.1,29.7,67,1.5,0,111,174,749,0,28.12,Vishakapatnam
06-10-2018,0.64,26.6,18.8,45,63.8,24.2,3.8,81,188,5.3,12.8,5.3,29.8,68,1.5,0.1,92,167,749,0,28.36,Vishakapatnam
07-10-2018,0.55,38.6,5.6,34.3,39.9,17.4,3.7,68,,3.4,7.5,2.7,30,68,2.1,0.1,49,165,748,0,28.29,Vishakapatnam
08-10-2018,0.59,39.3,4.2,25.6,29.8,22.5,4,52,121,3.4,8.1,2.2,30.4,64,2.1,0.1,32,170,746,0,27.91,Vishakapatnam
09-10-2018,0.54,35.7,5.2,30.8,36,14.4,3.6,42,124,3.8,8.9,2.5,30.5,58,3.8,0,353,166,743,0,27.87,Vishakapatnam
10-10-2018,0.65,33.7,11.4,43.1,54.5,12.4,11.4,30,92,4.6,13,3.6,29,60,5.1,0.1,331,57,734,0,26.52,Vishakapatnam
11-10-2018,0.94,22.6,14.4,62.7,77.1,14,27.7,48,132,7.7,23.9,5.1,28.4,68,3,0,259,26,733,0,27.02,Vishakapatnam
12-10-2018,0.69,30,9.8,48.3,58.1,12.5,12.1,45,115,6,17.8,3.6,29.2,69,2.4,0,226,122,743,0,28.01,Vishakapatnam
13-10-2018,0.53,49.7,7,38.2,45.2,15.2,5.9,69,114,3.8,9.8,2.4,28.6,78,1.8,0,129,148,750,31,28.41,Vishakapatnam
14-10-2018,0.58,38,13.5,46.8,60.2,12.3,9.3,56,97,4.6,10.5,3.7,27.9,79,1.3,0,194,121,752,0,28.49,Vishakapatnam
15-10-2018,0.7,33,18,51.4,69.4,12.5,9,50,99,5.2,12.9,4.9,28.4,77,1.1,0,55,91,753,0,27.9,Vishakapatnam
16-10-2018,0.51,36.5,12.9,28.2,41.1,10.3,2.9,41,84,3.4,10.4,3.2,28.4,76,1.7,0,62,125,753,0,27.26,Vishakapatnam
17-10-2018,0.58,48.3,10.7,37,47.7,11.4,5.4,56,98,3.3,8.5,2.9,28.7,70,1.6,0,98,161,752,0,27.62,Vishakapatnam
18-10-2018,0.79,66.7,21.5,61.1,82.6,12.5,20.5,91,164,6.2,12.8,5.8,28.2,70,1.4,0,177,161,752,0,27.7,Vishakapatnam
19-10-2018,0.78,66.8,9.8,50.7,60.5,13.8,13.1,,214,6.5,15,4.8,28.6,70,1.3,0,160,164,752,0,27.48,Vishakapatnam
20-10-2018,0.71,66.4,9.8,46.2,56.1,13.6,9.9,71,186,5.6,14.2,4.3,28.8,70,1.4,0,102,159,754,0,27.41,Vishakapatnam
21-10-2018,0.74,63.9,18.5,56.8,75.3,14.8,12.6,101,225,5.8,13.1,5.3,29.2,69,1.2,0,116,155,754,0,27.43,Vishakapatnam
22-10-2018,0.78,85.8,11.8,58.5,70.3,16.4,14.4,109,247,5.9,12.3,4.2,28.8,70,1.1,0,135,149,753,0,27.52,Vishakapatnam
23-10-2018,0.98,59.1,19.9,78.1,98,16.2,15.7,109,248,7.1,15,5.8,28.9,71,1.2,0,165,153,753,0,27.76,Vishakapatnam
24-10-2018,1.07,52,19.8,63.3,83.2,13.4,21.9,88,217,7,15.2,5.3,28.7,68,1.2,0,155,148,754,0,28.11,Vishakapatnam
25-10-2018,0.89,59.6,28.1,60,88.1,12.4,13.1,79,198,6.6,13.9,5.8,28.9,64,1.5,0,75,142,756,0,27.55,Vishakapatnam
26-10-2018,0.77,87.6,4.2,43.5,47.6,10.7,6.4,50,120,4.3,10,3.4,28.8,61,1.8,0.1,48,161,757,0,26.67,Vishakapatnam
27-10-2018,0.75,82.5,12.4,57,69.4,11.1,11.2,64,206,5.3,11.4,4.6,27.8,63,2.2,0.1,51,149,756,0,26.02,Vishakapatnam
28-10-2018,0.61,128.3,3.4,22.1,25.5,10.3,7.3,43,104,3,5.2,1.2,27.9,60,3.5,0.1,13,135,753,0,25.92,Vishakapatnam
29-10-2018,0.63,93.1,3.5,19.8,23.3,10.2,5.3,36,72,2.9,5.8,1.4,28.4,65,3.5,0.1,37,145,750,0,25.54,Vishakapatnam
30-10-2018,0.62,72.1,3.7,19.6,23.3,9.9,5.4,35,70,3.3,6.4,1.4,28.1,68,3.3,0.1,48,145,751,0,26.51,Vishakapatnam
31-10-2018,0.56,43,3.7,16.9,20.5,7.8,4.1,22,48,2.7,6.1,1.4,27.9,70,2.9,0.1,54,148,752,0,26.17,Vishakapatnam
01-11-2018,0.54,38.1,3.8,15.4,19.2,6.7,3.2,11,33,2.2,5.9,1.4,28.2,70,2.8,,147,753,,0,26.17,Vishakapatnam
02-11-2018,0.57,29.6,4.4,14.5,18.9,7,2.7,12,36,2.3,7.7,1.5,28.3,73,2.4,,142,753,,0,26.58,Vishakapatnam
03-11-2018,0.53,26.9,4.4,12.9,17.3,6.3,1.9,8,30,1.9,5.6,1.3,28.4,73,2.2,,148,755,,0,26.66,Vishakapatnam
04-11-2018,0.55,29.1,3.7,10,13.6,5.8,2.1,9,29,1.7,5,0.9,28.5,73,1.8,,152,755,,0,26.57,Vishakapatnam
05-11-2018,0.62,22.6,11.6,19.8,31.4,6,2.9,12,43,2.2,5.3,1.8,28.6,73,1.3,,128,754,,0,27.03,Vishakapatnam
06-11-2018,0.75,26.5,28.3,43.1,71.5,7,6.5,33,92,4.6,10.3,4.6,28.2,74,1.4,,131,755,,0,26.94,Vishakapatnam
07-11-2018,0.76,42,29.5,45.7,75.3,7.8,24.5,171,263,4.9,10.2,3.6,28.2,70,1.3,,149,755,,0,26.72,Vishakapatnam
08-11-2018,0.68,42.3,22.2,37.5,59.8,10,15.8,158,229,4.9,10.7,4,27.7,70,1.6,,135,754,,0,26.45,Vishakapatnam
09-11-2018,0.67,40.7,13.2,30.6,43.8,12.5,5.5,50,111,3.5,7.8,3,28,72,1.6,,131,752,,0,26.38,Vishakapatnam
10-11-2018,0.75,52.8,14.2,35,49.2,14,13.9,68,162,4.7,8.8,3.5,28,69,1.9,,132,753,,0,26.3,Vishakapatnam
11-11-2018,0.7,121.4,3.1,17.6,20.7,14.6,15.2,89,143,3.1,5.3,1.1,27.9,63,2.6,,135,754,,0,25.88,Vishakapatnam
12-11-2018,0.92,112.3,4.1,32.9,37,13.1,12.2,91,156,4.9,9.1,2.5,27.4,63,2.5,,120,752,,0,25.27,Vishakapatnam
13-11-2018,0.74,118.3,3.6,24.8,28.3,9.8,10.2,58,120,3.8,6.7,1.6,28,58,3,,140,749,,0,25.98,Vishakapatnam
14-11-2018,0.76,134.3,3.4,20.5,23.9,10.5,8.4,72,130,3.9,5.1,1.3,28.1,60,3.3,,120,750,,0,25.79,Vishakapatnam
15-11-2018,0.73,100.2,3.3,18.5,21.8,9.2,5,56,107,3.7,6.1,1.6,27.8,65,2.9,,75,753,,0,26.26,Vishakapatnam
16-11-2018,0.85,78.3,3.3,17.5,20.8,8.5,3.3,56,113,3.4,6,1.9,28.8,69,2.6,,145,754,,0,26.75,Vishakapatnam
17-11-2018,0.69,62,8.1,21,29.1,9,3,55,135,3.5,5.4,1.9,28.1,75,1.7,,127,753,,0,26.94,Vishakapatnam
18-11-2018,0.63,38,10.6,26.4,37,7.4,8.7,41,97,3.3,6.8,2,28.1,74,1.9,,134,755,,0,27.14,Vishakapatnam
19-11-2018,0.63,60.5,3.4,15.6,19,9.2,4,44,91,2.7,6.4,1.5,27.9,72,2.2,,132,757,,0,26.83,Vishakapatnam
20-11-2018,0.63,63.1,4.1,16.4,20.5,9.8,4.9,47,94,2.6,6.3,1.4,27.9,69,2.2,,187,758,,0,26.29,Vishakapatnam
30-11-2018,0.7,81.3,3.7,29,32.8,19.1,5.5,50,95,3.8,7.3,1.6,27,63,2.2,,111,752,,0,24.99,Vishakapatnam
01-12-2018,0.7,90.9,5.2,36.4,41.6,14.2,7.8,59,113,4.3,8.5,2.3,26.6,62,2.1,0,34,96,751,0,24.88,Vishakapatnam
02-12-2018,0.68,112.1,3.3,23.6,26.9,13.7,7.8,62,108,3.9,6.4,1.3,26.3,62,2.5,0.1,43,116,749,0,24.56,Vishakapatnam
03-12-2018,0.69,108.2,4.1,26.1,30.3,17.2,15.7,68,120,4.7,7.4,1.6,26,65,2.4,0,17,82,752,0,24.5,Vishakapatnam
04-12-2018,0.85,123.8,4.3,26.2,30.5,16.1,7,80,138,4.3,7.3,1.8,26.4,65,2.7,0.1,35,106,753,0,24.92,Vishakapatnam
05-12-2018,0.85,129.4,4.4,28.9,33.2,13.1,5.2,90,149,5,9.2,2.3,26.5,70,1.8,0,53,90,752,0,25.23,Vishakapatnam
06-12-2018,0.89,131.7,3.8,21.5,25.4,13.1,4.4,96,156,4.8,8.3,2.2,27,72,1.6,0,73,91,751,0,25.59,Vishakapatnam
07-12-2018,0.92,127.1,3.9,18.8,22.7,13.7,4.9,104,170,4.9,9.5,1.7,26.8,72,1.9,0.1,76,105,753,0,25.43,Vishakapatnam
08-12-2018,0.96,114.9,14.6,43.6,58.3,14.3,10.2,120,215,5.5,9.5,3.7,26.6,72,1.5,0,75,98,756,0,25.1,Vishakapatnam
09-12-2018,0.84,157.4,4.1,23.6,27.8,14.6,9,115,180,4.3,8.4,2.8,26.4,71,2.2,0.1,63,136,755,0,24.9,Vishakapatnam
10-12-2018,0.61,160.2,4.1,34.3,38.3,12.7,8.2,86,156,4.6,8.6,2.6,26.4,69,2.3,0.1,68,86,753,0,24.76,Vishakapatnam
11-12-2018,0.86,157.9,4.1,35,39,11,5.8,70,130,4.6,8.9,3.2,26.9,65,2,0.1,67,128,755,0,24.95,Vishakapatnam
12-12-2018,0.84,87.3,4.2,29,33.3,10.8,5.5,69,123,4.3,8,2.7,26.8,71,2.4,0.1,69,113,756,0,24.98,Vishakapatnam
13-12-2018,0.83,87.8,4.3,26,30.3,12.3,5.8,82,136,4.3,9.1,2.3,26.6,72,2.2,0.1,47,102,759,0,25.19,Vishakapatnam
14-12-2018,0.79,99.6,4.3,21.2,25.4,12,7.7,80,146,4.2,6.9,1.4,26.5,66,3.2,0.1,40,107,759,0,25.16,Vishakapatnam
15-12-2018,0.75,87.4,4.1,19.1,23.2,11.9,10.3,76,167,3.7,4.9,1,26.2,57,4.2,0,22,78,760,0,24.37,Vishakapatnam
16-12-2018,0.61,48.3,4.8,22.8,27.6,10.1,6.9,50,102,2.8,5.5,1,23.8,58,4.5,0.1,5,50,757,0,22.24,Vishakapatnam
17-12-2018,0.58,51.9,4.3,15.2,19.5,8.5,2.9,24,40,2.5,3.7,0.5,22.3,82,4.8,0.1,30,21,751,96,23.38,Vishakapatnam
18-12-2018,0.53,19.1,11.1,34.8,46,7.8,3.7,6,23,3.9,9.4,3.7,22.3,81,1.9,0,0,45,756,0,23.45,Vishakapatnam
19-12-2018,0.54,37.8,5.1,21,26.1,7.5,2.8,10,29,2.4,6.3,1.8,23.4,74,2.9,0.1,25,126,759,0,22.13,Vishakapatnam
20-12-2018,,44.8,5.7,27.9,33.7,9.5,3.5,26,50,2.8,8.6,1.9,23.8,71,2.5,0.1,42,130,760,0,22.56,Vishakapatnam
21-12-2018,,66.1,4.9,26.6,31.6,10.6,5.4,44,77,3,6.9,1.9,24.5,71,2.3,0.1,52,123,759,0,22.92,Vishakapatnam
22-12-2018,0.62,81.5,4.4,28.5,32.8,13.1,11.6,66,99,2.7,7.7,1.2,24.5,69,2.5,0.1,50,124,760,0,22.86,Vishakapatnam
23-12-2018,0.7,104.3,4.3,34.1,38.3,14.2,,88,135,0,0,0,24.2,66,2.2,0,38,119,760,0,22.61,Vishakapatnam
24-12-2018,0.61,104.5,9.4,44.3,53.8,12.5,,85,140,1.8,3.8,1.4,24.3,66,1.8,0,53,117,759,0,22.57,Vishakapatnam
25-12-2018,0.97,112.8,20.9,80.4,101.3,12.9,,110,202,5.5,12.2,4.2,24.4,72,1.2,0,130,122,759,0,22.81,Vishakapatnam
26-12-2018,1.05,116.5,30.6,91,121.8,12.4,7.4,118,197,5.8,10.9,5.1,24.2,75,1.3,0,104,116,758,0,23.14,Vishakapatnam
27-12-2018,0.86,121.5,29.6,77.9,107.5,13.8,19.2,111,192,5,9,3.9,24.6,76,1.2,0,130,111,756,0,23.57,Vishakapatnam
28-12-2018,0.72,116.8,9.5,55.9,65.4,14.6,12.1,99,180,4,8.3,2.3,24.8,75,2.2,0.1,91,124,756,0,23.44,Vishakapatnam
29-12-2018,0.64,104,3.5,39.2,42.6,13.9,17.5,77,136,3.4,6,1.7,24.5,58,3.1,0.1,46,172,763,0,22.32,Vishakapatnam
30-12-2018,0.44,100.4,2.2,19.2,21.4,13.1,17.6,68,113,2.4,6.5,0.6,21.5,59,1.8,0,7,7,762,0,21.04,Vishakapatnam
31-12-2018,1.17,81.3,25.5,89.9,115.4,9.7,26.9,77,194,4.9,9.2,4.5,23.8,50,1.9,0,58,201,766,0,20.9,Vishakapatnam
01-01-2019,1.26,61.2,24.4,102.8,127.3,12.1,29.7,129,252,6,9.7,4.9,22.4,61,1.4,0,59,128,765,0,21.06,Vishakapatnam
02-01-2019,1.26,94.1,14.9,91.8,106.8,14.2,28,134,265,5.3,8.9,3.9,22.9,68,1.4,0,63,119,765,0,21.85,Vishakapatnam
03-01-2019,1.36,103.7,26.4,103.8,130.2,16.4,28.4,148,287,5.8,9.7,4.9,23.4,69,1.3,0,100,124,766,0,22.4,Vishakapatnam
04-01-2019,1.18,138.1,27,86.2,113.2,15.6,22.3,138,235,5,7.7,3.7,23.6,73,1.6,0,57,118,765,0,22.1,Vishakapatnam
05-01-2019,0.95,153.4,3.1,41.8,44.9,15,13.5,116,170,3.1,4.4,1.3,23.9,72,1.8,0,35,116,763,0,21.52,Vishakapatnam
06-01-2019,1.11,99.1,12.2,72.5,84.7,13.9,11.7,132,193,4.1,6.2,2,23.6,70,1.6,0,51,116,761,0,21.98,Vishakapatnam
07-01-2019,1.24,57,20.8,93.4,114.2,13.7,15.2,120,257,5,7.8,2.7,23.6,68,1.5,0,67,117,759,0,22.61,Vishakapatnam
08-01-2019,1.52,75.5,42.2,130,172.2,15.5,42.3,142,315,7.5,10.8,4.9,24,67,1.2,0,172,116,758,0,23.18,Vishakapatnam
09-01-2019,1.31,110.7,25.5,79.2,104.8,15.7,19.5,131,254,4.8,7.4,3.1,23.9,74,1.6,0,57,107,760,0,22.95,Vishakapatnam
10-01-2019,1.09,122.1,18.6,67.3,86,18.6,16.4,135,226,4.1,7,2.4,24.1,75,1.8,0.1,57,108,760,0,22.36,Vishakapatnam
11-01-2019,0.85,113.5,3.3,32.8,36.1,14.7,11.9,106,161,2.6,4,1.1,24.4,73,2,0,40,112,762,0,22.27,Vishakapatnam
12-01-2019,1.01,89,17.6,57.5,75.1,13,17.2,115,202,3.8,6.6,2.3,24.1,75,1.8,0,61,112,762,0,22.4,Vishakapatnam
13-01-2019,1.02,95.6,15,58,73,11.5,15.6,122,208,4.7,7.2,2.6,24.2,73,1.5,0,72,125,762,0,22.64,Vishakapatnam
14-01-2019,1.75,80.7,21.4,81.8,103.2,15.9,36.5,200,364,6.1,8.5,3.4,24.1,70,1.2,0,136,115,760,0,23.16,Vishakapatnam
15-01-2019,1.18,70.1,16.6,59,75.6,10.7,30.8,,258,5.5,8.8,3.7,24.2,67,1.5,0,73,109,760,0,23.28,Vishakapatnam
16-01-2019,0.87,154.5,2.4,16.9,19.3,10.8,11.8,,188,2.5,2.8,0.6,24.4,75,2.2,0,37,108,761,0,22.73,Vishakapatnam
17-01-2019,0.97,126.4,5.7,31.4,37.1,11.9,14.9,102,209,3.1,5,1,24.3,76,1.6,0,50,108,759,0,22.74,Vishakapatnam
18-01-2019,1.1,109.8,16.2,56.7,72.9,11.2,20.7,126,244,4.1,6.3,1.9,24.7,76,1.3,0,129,117,759,0,23.37,Vishakapatnam
19-01-2019,1.31,95.6,29.5,80,109.6,10.4,30.6,132,256,5,8.6,3.8,24.8,73,1.3,0,123,120,761,0,23.12,Vishakapatnam
20-01-2019,1.24,81.7,32.2,76.5,108.8,10.1,20.6,123,255,6,9.3,4,24.5,72,1.4,0,154,125,762,0,23.22,Vishakapatnam
21-01-2019,1.31,39.6,20.7,60.7,81.4,12.2,26,147,297,6.4,12.4,4.2,24.3,73,1.3,0,108,132,761,0,23.39,Vishakapatnam
22-01-2019,1.21,17.7,21.7,61,82.7,11.5,16.7,127,235,5.8,9.1,4.2,24.3,72,1.3,0,104,132,761,0,23.43,Vishakapatnam
23-01-2019,1.11,29.8,34,70.8,104.9,16.3,18.3,118,139,5.6,9.2,3.8,24.3,72,1.5,0,104,132,760,0,23.12,Vishakapatnam
24-01-2019,1.13,28.5,29.6,46.1,75.8,15.7,29.5,108,209,6.3,10.7,4.6,24.6,74,1.4,0,110,117,761,0,23.13,Vishakapatnam
25-01-2019,1.04,8.7,46.9,39.5,86.6,12,17.5,99,217,6.9,12.3,6,24.6,79,1.2,0,39,78,760,0,23.77,Vishakapatnam
26-01-2019,0.65,27,14.6,22.3,36.9,14.6,7.2,47,58,3,6,1.8,25.4,75,2,0.1,64,122,759,0,24.5,Vishakapatnam
27-01-2019,0.78,70.4,2.3,17.8,20.1,17.4,6.8,85,135,3.3,4.8,0.6,25.3,69,2.4,0.1,33,86,760,0,24.08,Vishakapatnam
28-01-2019,0.88,51.6,6.1,43.6,49.6,14.6,8.3,84,136,3.5,5.5,1.4,24.3,59,2.2,0,9,40,762,0,23.81,Vishakapatnam
29-01-2019,0.83,63,5.3,43.6,48.8,14.5,8.6,81,128,3.2,4.7,1.4,25,63,2.1,0,46,119,761,0,23.91,Vishakapatnam
30-01-2019,0.7,78.1,3,33.7,36.7,13.3,10.5,70,117,2.1,3.9,0.8,24.3,61,2.6,0.1,37,111,763,0,22.96,Vishakapatnam
31-01-2019,0.7,89.6,2.8,36,38.8,11.2,7,56,105,2.1,3.8,0.8,24.3,63,1.9,0.1,39,127,752,0,22.45,Vishakapatnam
01-02-2019,0.9,80,14.3,55.6,69.9,11,8.4,66,124,2.9,5.5,1.7,24.4,65,1.8,,132,761,,0,22.78,Vishakapatnam
02-02-2019,1.18,52.3,37.4,72.2,109.7,15.6,10.5,97,204,5.6,7.8,3.4,24.6,69,1.4,,133,759,,0,23.38,Vishakapatnam
03-02-2019,1.03,63.8,25.6,61.4,87.1,13.9,9.3,85,220,4.7,6.5,2.7,25.2,66,1.5,,126,762,,0,23.84,Vishakapatnam
04-02-2019,0.89,76.1,7.1,49.5,56.6,14.8,6,75,152,3,4.1,1.3,25.7,67,1.7,,129,764,,0,24.15,Vishakapatnam
05-02-2019,1.31,49.8,42.2,75.1,117.4,16.5,10,109,246,5.4,6.4,2.5,25.3,68,1.4,,134,763,,0,24.52,Vishakapatnam
06-02-2019,1.46,41.6,53,90.4,143.6,19.2,28.5,114,282,5.5,8.7,3.1,25.2,62,1.3,,144,758,,0,24.57,Vishakapatnam
07-02-2019,1.55,53.7,58.4,85.5,144,22.1,27,118,273,5.4,8.5,2.6,25.9,61,1.1,,140,758,,0,24.6,Vishakapatnam
08-02-2019,1.12,27.8,40.3,61.3,101.6,21.2,15.6,94,201,3.4,5.7,1.6,25.5,71,1.7,,127,700,,0,25.12,Vishakapatnam
09-02-2019,0.83,21.3,11.9,42.3,54.2,18.7,12.3,75,137,1.7,4.7,0.5,26.1,77,1.7,,120,656,,0,25.81,Vishakapatnam
10-02-2019,0.79,45.1,3.6,28.6,32.2,13.9,5.4,75,,1.3,1.8,0.5,25.9,75,2.6,,126,664,,0,24.93,Vishakapatnam
11-02-2019,0.68,66.4,3,28.1,31.2,12,4.4,58,122,1.2,2.1,0.2,25.4,74,2.5,,124,665,,0,23.95,Vishakapatnam
12-02-2019,0.73,69.8,3.3,33.6,36.9,11.1,5.3,55,127,1.4,3.5,0.3,25.6,72,2.2,,137,677,,0,23.94,Vishakapatnam
13-02-2019,0.82,87.9,5.8,37.3,43.2,10.7,7.2,64,132,1.4,2.5,0.3,25.3,70,2.2,,142,654,,0,23.84,Vishakapatnam
14-02-2019,1.02,53,30,57.5,87.6,11.3,7.1,92,170,3.1,3.7,1,25.3,73,1.3,,147,610,,0,24.19,Vishakapatnam
15-02-2019,0.6,56.7,7,32.4,39.4,10.3,7.3,51,99,1.6,2.1,0.4,26.5,72,1.8,,198,756,,0,24.38,Vishakapatnam
16-02-2019,0.82,40.5,21.8,41.3,63.2,10.1,6.8,65,131,2,3.5,0.6,25.5,76,2.1,,130,703,,0,25.07,Vishakapatnam
17-02-2019,0.82,26,7.5,36.7,44.2,9.4,11.8,51,111,1.9,3.7,0.4,26.7,74,2.1,,136,624,,0,25.72,Vishakapatnam
18-02-2019,0.77,18.3,12.1,35.8,47.9,8.8,19,50,97,1.9,3.4,0.6,27.2,78,2.1,,138,756,,0,26.13,Vishakapatnam
19-02-2019,0.69,14.6,6.4,20.8,27.2,8.1,4.5,33,72,1.4,1.7,0.4,27.3,77,2,,134,755,,0,26.11,Vishakapatnam
20-02-2019,0.73,12.9,18.3,25.1,43.4,8.6,6.1,41,91,2,4.4,0.6,27.1,75,1.8,,149,755,,0,26.13,Vishakapatnam
21-02-2019,0.82,17.2,23.3,35.1,58.4,9.7,15.9,52,115,2,3.8,0.9,26.7,77,1.8,,144,755,,0,26.28,Vishakapatnam
22-02-2019,0.69,28.2,11,42.1,53.2,10.3,8.5,57,124,2.1,7,0.5,27.2,74,2.2,,126,753,,0,27.3,Vishakapatnam
23-02-2019,0.83,16.1,11.5,46.1,57.6,9.8,12.4,61,136,2.6,4.4,0.7,27.7,66,2.1,,32,748,,0,27.79,Vishakapatnam
24-02-2019,0.72,20.6,15.4,49.4,64.8,10.8,33.1,45,149,1.8,4.2,0.5,29,58,2.5,,148,748,,0,27.81,Vishakapatnam
25-02-2019,1.11,13.1,15,33.6,48.7,14.4,24.1,46,162,2.5,3.9,0.7,27.7,68,3.3,,147,748,,0,27.09,Vishakapatnam
26-02-2019,1.16,1.9,8.4,28.9,37.4,13.8,7.5,56,215,3.2,2.8,0.5,25.9,82,1.8,,6,748,,0,26.34,Vishakapatnam
01-03-2019,0.46,18.3,3.6,16.4,20,12.9,3.7,10,47,4.6,3.3,1.1,26.7,78,3.1,0.1,75,38,748,0,26.21,Vishakapatnam
02-03-2019,0.46,24.8,5.1,15.1,20.2,17.9,4.6,17,53,1.2,1.9,0.5,26.9,76,2.6,0.1,82,146,753,12,25.83,Vishakapatnam
03-03-2019,0.55,25.1,8.8,21,29.8,19,6.3,28,71,1.4,2.4,0.4,27,77,1.9,0,167,129,753,0,26.44,Vishakapatnam
04-03-2019,0.74,15.1,8.9,24.4,33.3,16.7,10.6,28,90,1.9,2.6,0.5,27.8,75,3.2,0,200,142,750,0,27.14,Vishakapatnam
05-03-2019,0.67,12.3,12.5,27.8,40.4,14.7,11.5,23,92,1.6,2.9,0.6,28.1,75,3.9,0,210,159,748,0,27.67,Vishakapatnam
06-03-2019,0.75,13.6,11.1,31.8,42.9,15,14.6,42,113,1.9,3.2,0.6,28.7,76,3.4,0,202,156,749,0,28.05,Vishakapatnam
07-03-2019,0.63,20.7,6.4,22.6,29,13.2,7.5,31,88,1.5,3.9,0.3,28.6,77,2.3,0,182,152,751,3.5,28.05,Vishakapatnam
08-03-2019,0.79,26.9,17.2,32.1,49.3,14.5,4.6,35,86,1.8,5.7,0.9,27.3,80,1.9,0.1,88,133,755,7,27.51,Vishakapatnam
09-03-2019,0.86,16.1,24.6,35.8,60.4,9.4,5.3,27,99,2.2,4.3,1.2,28.1,77,1.9,0,184,157,756,0,27.33,Vishakapatnam
10-03-2019,0.57,9.2,17.6,36.4,54.1,8.8,12.3,19,72,1,4,0.3,28.1,75,2.7,0,204,173,756,0,27.56,Vishakapatnam
11-03-2019,0.86,8.8,16.7,42.9,59.6,7.1,16.7,22,97,1.6,2.3,0.5,28.4,73,3,0,209,178,756,0,28.21,Vishakapatnam
12-03-2019,0.67,14.2,15.1,54.4,69.6,6.8,25.4,32,120,1.9,3.1,0.7,28.8,70,2.6,0,221,168,755,0,28.87,Vishakapatnam
13-03-2019,0.71,15.7,11.7,51.6,63.3,9.4,22.2,42,135,1.9,2.7,0.6,28.9,70,2.6,0,229,177,756,0,29.41,Vishakapatnam
14-03-2019,0.84,15.9,20.2,61,81.2,9.8,25.1,51,160,2.5,5.1,0.7,29.5,65,2,0,219,176,755,0,29.51,Vishakapatnam
15-03-2019,0.75,22.3,10.8,38.2,49.1,10,13,44,120,0.9,1.3,0.2,28.7,70,2,0,184,174,756,0,28.87,Vishakapatnam
16-03-2019,0.56,19.3,5.8,25.3,31.1,8.5,7.8,27,89,0.9,1.5,0.2,28.5,72,2.3,0.1,134,208,757,0,28.25,Vishakapatnam
17-03-2019,0.63,14.9,12.6,37.8,50.5,10.9,12.6,34,106,1.4,2.8,0.2,28,72,2.2,0,197,177,756,0,28.29,Vishakapatnam
18-03-2019,0.58,38.4,8,27.9,35.9,9.8,5.9,31,81,2,4.5,0.9,28.4,70,2.3,0.1,88,188,757,0,28.1,Vishakapatnam
19-03-2019,0.68,19.8,13.5,43.8,57.3,9.4,4.1,33,100,3.7,8.3,2.4,27.8,72,2.5,0,192,179,753,0,27.94,Vishakapatnam
20-03-2019,0.65,20.4,7,29.3,36.3,9,9.9,27,73,2.4,9.3,0.9,28.8,71,2.8,0,193,213,752,0,28.14,Vishakapatnam
21-03-2019,0.83,21.5,9.5,29.6,39.1,7.5,9.8,25,78,4.5,7,1.6,29,69,3,0,189,183,755,0,28.28,Vishakapatnam
22-03-2019,0.95,9.8,16.5,43.4,59.9,8.5,25.1,37,116,3.8,7.5,1.5,28.5,72,2.8,0,210,174,755,0,28.62,Vishakapatnam
23-03-2019,0.72,12.9,12.7,35.4,48.1,8.5,11.1,29,94,3,6.3,1.5,29.2,74,2.8,0,198,193,753,0,29.16,Vishakapatnam
24-03-2019,0.85,10.7,15.4,35.8,51.2,7.8,9.8,31,108,3.8,5.7,1.1,28.7,77,2,0,201,136,754,0,29.12,Vishakapatnam
25-03-2019,0.83,14.8,15.6,35.4,51.1,7.6,4.8,35,86,2.9,7,0.9,28.5,75,1.9,0,189,186,754,0,29.07,Vishakapatnam
26-03-2019,0.7,8.6,13,30.6,43.6,6.1,8.9,25,68,2.2,6.9,0.5,28.5,74,2.4,0,188,187,755,0,29,Vishakapatnam
27-03-2019,0.68,11.3,12.2,33.4,45.7,6.1,9.7,25,77,1.6,3.5,0.5,28.6,74,2.7,0,200,169,756,0,28.91,Vishakapatnam
28-03-2019,0.74,15.2,9.3,32.7,42.1,6.6,14.5,33,91,1.7,3,0.4,28.7,74,2.5,0,190,168,755,0,29.11,Vishakapatnam
29-03-2019,0.85,14.2,10,29.4,39.4,7.2,12.6,34,110,2.6,4.1,0.7,28.9,73,2.8,0,190,178,752,0,28.85,Vishakapatnam
30-03-2019,0.82,8.1,15.3,35.5,50.8,6.9,10.8,36,100,2.4,5.5,0.7,29.1,75,3.1,0,212,186,751,0,29.34,Vishakapatnam
31-03-2019,0.88,8.7,17.6,44.9,62.6,7.6,23.3,45,133,3.2,4.8,0.9,29.5,73,3.5,0,218,180,750,0,29.76,Vishakapatnam
01-04-2019,0.92,17.5,8.3,35.5,43.8,5.9,10.1,43,134,3.2,5.7,0.9,29.7,73,3.3,200,148,752,0,,29.22,Vishakapatnam
02-04-2019,0.93,9.9,11.9,36.4,48.3,5.3,17.9,28,102,2.3,5,0.7,29.1,73,3.5,208,180,752,0,,29.14,Vishakapatnam
03-04-2019,0.88,8.9,14.1,35.5,49.7,5.1,14.9,28,90,1.9,3.9,0.7,28.9,73,3.1,210,176,753,0,,29.02,Vishakapatnam
04-04-2019,0.84,4.1,21.2,32.4,53.7,4.9,21.7,27,102,3.2,4.9,1,28.9,73,3.4,207,172,754,0,,29.02,Vishakapatnam
05-04-2019,0.71,4.2,21.3,25.5,46.8,5.4,18.3,26,79,2.4,4.3,0.9,28.8,74,3.5,211,119,753,0,,29.58,Vishakapatnam
06-04-2019,0.62,11.3,14,45.7,59.6,6.1,8.2,32,110,2.8,5.9,0.9,29.4,65,3.4,238,132,751,0,,29.96,Vishakapatnam
07-04-2019,0.67,16.8,8.2,39.9,48.2,5.2,11.3,26,86,2.5,5.4,0.8,29.3,65,3.2,205,177,751,0,,29.35,Vishakapatnam
08-04-2019,0.8,5.5,14.4,23,37.4,4.3,4.5,22,78,2.5,4.1,0.9,28.9,74,3.8,206,160,750,0,,29.13,Vishakapatnam
09-04-2019,0.87,5.1,22,24.1,46.2,5.4,7.6,28,91,2.8,5.1,0.7,29.3,74,3.4,207,165,751,0,,29.45,Vishakapatnam
10-04-2019,0.64,9.6,12,22.1,34.1,5,3.9,29,90,2,3.5,0.6,29.8,73,3.3,202,207,751,0,,29.74,Vishakapatnam
12-04-2019,0.93,7.7,19.8,31.4,51.3,4.7,8.4,19,96,3.1,4.3,1.2,30.3,70,3.3,211,193,749,0,,30.3,Vishakapatnam
13-04-2019,0.79,30.6,14.2,42.4,56.6,6.2,7.5,27,109,3.5,7.2,1.4,30.7,59,2.2,183,194,750,0,,30.7,Vishakapatnam
14-04-2019,0.71,7.9,16.9,31.4,48.3,6,10,22,84,2.5,6.2,0.7,29.9,69,3,213,196,750,0,,30.81,Vishakapatnam
15-04-2019,0.84,8.1,19.6,36.5,56.1,6.9,14.5,30,110,3.6,5.7,1.5,30.1,69,2.9,217,189,750,0,,30.7,Vishakapatnam
16-04-2019,0.86,9.2,21,43.3,64.3,7.3,19.6,32,121,4.5,7,1.7,30.3,65,2.6,215,202,751,0,,30.74,Vishakapatnam
17-04-2019,0.8,11,15.5,33.1,48.6,6.9,6.6,36,117,3,5.2,1.2,29.6,70,2.6,214,209,751,0,,29.8,Vishakapatnam
18-04-2019,0.75,7.7,15.6,24.2,39.8,5.8,4.9,31,101,1.8,4.4,0.7,29.2,74,2.7,196,197,752,0,,29.48,Vishakapatnam
19-04-2019,0.63,7.9,9.8,18.5,28.3,5.2,3.9,22,65,1.3,3.6,0.5,29.4,73,2.5,190,193,751,0,,29.4,Vishakapatnam
20-04-2019,0.71,8.4,15.1,30.8,45.9,5.2,4,24,79,1.8,4.9,0.9,28.8,73,2.1,173,177,749,2.5,,29.47,Vishakapatnam
21-04-2019,0.77,7.1,19.9,44,63.9,6.1,2.5,25,87,3.4,9.6,1.7,29.2,70,2.2,209,170,747,0,,30.14,Vishakapatnam
22-04-2019,0.72,24,8.3,31.3,39.7,6.3,3.6,28,74,2.2,5.1,0.9,29.7,69,2.4,174,198,747,0,,30.7,Vishakapatnam
23-04-2019,0.63,17.5,10.4,27.9,38.3,5.3,3.4,27,66,1.7,3.7,0.6,30,72,2.4,181,210,750,0,,30.35,Vishakapatnam
24-04-2019,0.66,8.7,13.5,22,35.5,5.3,2.8,23,62,2.1,4.8,0.6,29.7,75,2.7,192,205,751,0,,30.6,Vishakapatnam
25-04-2019,0.95,8.4,14.7,24.5,39.3,4.9,3.4,40,122,2,4.4,0.9,29.9,73,3.1,199,192,750,0,,30.79,Vishakapatnam
26-04-2019,0.82,10.7,12.4,27.1,39.5,24.1,3.1,39,121,2.4,4,0.9,30.2,73,3.2,199,187,748,0,,30.95,Vishakapatnam
27-04-2019,0.71,8.3,12.9,24,37,28.7,2.2,29,92,2,4.8,0.7,30.4,74,3.5,203,182,747,0,,31.12,Vishakapatnam
28-04-2019,0.83,8.2,16.3,18.8,35.1,38.3,3.8,27,110,2.8,3,0.6,30.5,71,3.6,203,184,747,0,,30.9,Vishakapatnam
29-04-2019,0.61,6.9,13.8,15.4,29.2,33.7,5.7,18,58,1.9,3.2,0.6,30.4,73,3.3,199,195,748,0,,30.76,Vishakapatnam
30-04-2019,0.61,9.9,8.5,16.2,24.7,27.7,5.2,13,52,1.1,2.8,0.3,30.2,73,2.1,128,167,746,0,,30.47,Vishakapatnam
01-05-2019,0.57,10.5,4.5,18.5,23.1,22,5.4,13,50,1.1,3.5,0.4,29.6,71,3.4,27,73,742,,0,29.57,Vishakapatnam
02-05-2019,0.59,5.8,9.4,37,46.4,12.7,6.2,16,51,2,4.9,1,28.9,70,5.6,339,41,735,,9,29.01,Vishakapatnam
03-05-2019,1.07,26.1,10.6,49.5,60.1,12,4,60,209,5,9.9,2.3,30.2,74,2.1,199,119,740,,0,30.54,Vishakapatnam
04-05-2019,0.61,37,4.8,30.8,35.6,22.2,2.5,51,173,2.4,4.3,0.9,30.6,74,3.3,195,181,745,,0,31.04,Vishakapatnam
05-05-2019,0.98,31.8,7.1,44.2,51.3,26.1,3.6,69,236,3.2,3.9,0.7,30.9,74,2.8,209,196,745,,0,30.84,Vishakapatnam
06-05-2019,0.85,26.1,7.7,30.3,38,23.4,3.1,63,199,2.2,4.2,0.7,30.6,74,2.4,188,153,745,,0,31.26,Vishakapatnam
07-05-2019,0.85,15.6,11.4,35.5,46.9,22.8,3.4,57,202,2.1,3.2,0.5,30.8,74,3.2,203,171,743,,0,30.72,Vishakapatnam
08-05-2019,0.75,24,6.6,23.6,30.2,27.4,2.9,56,184,2.6,3.6,0.7,31.3,75,3.3,193,197,743,,0,30.66,Vishakapatnam
09-05-2019,1.12,32.9,7.8,27.7,35.5,16.3,4.4,67,200,3.3,4.9,0.9,32,72,3.2,189,234,742,,0,31.2,Vishakapatnam
10-05-2019,0.86,36.5,4.6,17.1,21.7,8.5,3.7,54,161,2.8,4.2,0.7,31.1,74,3.6,199,183,745,,0,31,Vishakapatnam
11-05-2019,0.91,24.4,5.6,11.3,16.9,4.6,3.3,50,167,2.8,4.1,0.8,31,73,3.8,201,177,748,,0,30.75,Vishakapatnam
12-05-2019,0.76,23.6,4.9,9.9,14.8,5.2,3.3,44,149,2.7,3.6,0.6,30.8,71,3.4,199,177,747,,0,30.78,Vishakapatnam
13-05-2019,0.96,17.3,7.6,11.7,19.4,7.8,3.1,41,163,2.6,3.9,0.7,30.5,72,3.5,205,135,746,,0,30.4,Vishakapatnam
14-05-2019,0.67,19.2,5.8,10.6,16.4,6.5,2.8,39,124,2,4.1,0.7,30.5,72,3.2,209,187,746,,0,30.57,Vishakapatnam
15-05-2019,0.84,20.7,3.6,4.8,8.4,8.8,5.6,38,116,1.8,3.2,0.5,30.6,71,3.4,198,188,748,,0,30.47,Vishakapatnam
16-05-2019,0.84,15.4,10.4,20.3,30.7,10.5,9.4,33,136,2.9,5.5,0.7,30.4,73,3.2,204,170,749,,0,30.24,Vishakapatnam
17-05-2019,0.97,15.5,10.5,41.6,52.1,4.6,7.6,35,123,2.5,5.7,1.2,30.4,71,3.4,219,149,747,,0,30.54,Vishakapatnam
18-05-2019,0.97,14.3,12.2,41.4,53.6,5.6,6.8,40,139,2.5,4.4,0.9,31.1,71,3.4,211,182,747,,0,31.33,Vishakapatnam
19-05-2019,0.85,11.6,12.5,37.6,50.1,4.6,25.2,37,132,2.9,4.2,1,31.2,71,3.4,204,180,747,,0,31.61,Vishakapatnam
20-05-2019,0.76,12.3,11.2,30.4,41.7,3.6,13.3,32,113,2.4,3.6,0.9,30.7,73,3.5,200,179,749,,0,30.75,Vishakapatnam
21-05-2019,0.77,11.9,11.4,31.9,43.3,6.1,9.5,31,118,2.1,3.5,0.8,30.7,72,3.6,207,185,749,,0,30.18,Vishakapatnam
22-05-2019,0.65,11.6,13.8,31.5,45.3,12.7,13,32,110,1.4,2.1,0.4,30.5,72,3.9,207,185,748,,0,30.06,Vishakapatnam
23-05-2019,0.74,9.8,10.8,28.9,39.8,6.4,10.9,28,104,1.7,2,0.4,30.5,73,4.1,207,183,748,,0,29.62,Vishakapatnam
24-05-2019,0.89,13.5,9.8,28.9,38.7,5.2,11,30,108,1.9,2.5,0.5,31.2,71,4.4,201,200,747,,0,30.33,Vishakapatnam
25-05-2019,0.82,17.7,9.7,31.7,41.4,7.4,7.8,41,128,1.6,2,0.4,31.4,73,4.4,206,185,744,,0,31.16,Vishakapatnam
26-05-2019,0.77,27,5.4,34.7,40.1,4.4,6.5,56,131,2,1.9,0.4,31.9,73,3.7,196,152,743,,0,31.43,Vishakapatnam
27-05-2019,0.78,34,7.5,34.6,42.1,3,6.6,34,119,2.1,2.8,0.7,30.9,75,3.4,195,144,736,,34.5,30.5,Vishakapatnam
28-05-2019,1.07,28.3,12.2,49.6,61.8,1.8,18.1,43,134,4,6.7,1.6,30.7,71,3.2,207,178,743,,0,30.71,Vishakapatnam
29-05-2019,0.88,21.2,10.3,43.6,53.9,1.9,27.9,31,102,2.7,5.4,1.4,30.3,69,3.1,205,177,712,,0,30.46,Vishakapatnam
30-05-2019,0.82,24,6.6,41.3,47.9,2.6,13.1,37,103,4.4,6.9,2.6,31,69,2.8,196,176,700,,0,30.71,Vishakapatnam
31-05-2019,0.75,24.7,6,30.9,36.9,4.9,4.7,37,106,3.1,6,1.7,31.4,74,3.4,198,224,633,,0,30.33,Vishakapatnam
01-06-2019,0.77,28.5,5,26.1,31.1,6.6,6.7,54,,4.6,6,1.7,,,,,,,,,30.45,Vishakapatnam
02-06-2019,0.65,25.5,5,23.6,28.6,8.4,7,34,117,2.7,4.8,1.3,,,,,,,,,30.42,Vishakapatnam
03-06-2019,1.09,12.7,29.9,74.4,104.4,3,8.9,40,115,7.8,23.2,7.3,,,,,,,,,30.03,Vishakapatnam
04-06-2019,0.81,26.7,5.3,28.4,33.8,5.1,7.4,45,104,3.6,6.3,2,31,75,2.9,0,181,144,733,0,30.19,Vishakapatnam
05-06-2019,0.83,24.5,6.2,30.9,37.1,6.9,7.9,41,129,5.6,7.5,2.5,31.2,74,3.7,0,202,172,737,0,30.39,Vishakapatnam
06-06-2019,0.93,18.9,10.2,42.8,53,6.5,18.8,48,133,6.3,10.4,4,30.3,76,3.8,0.1,207,101,741,0,30.03,Vishakapatnam
07-06-2019,0.75,16,7.6,30,37.6,3.2,8.5,33,107,5.2,7.8,2.3,30.6,73,3.7,0,204,146,741,0,30.04,Vishakapatnam
08-06-2019,0.81,29,5.5,34.6,40.1,4.5,11.8,54,134,5.4,7,2.2,31.4,75,3,0,193,161,741,0,31,Vishakapatnam
09-06-2019,0.84,27.7,7.4,59.6,67,5.5,18.8,52,132,6.6,15.6,3.3,32,71,2.9,0,213,145,738,0,31.14,Vishakapatnam
10-06-2019,0.7,39.3,6.4,47.3,53.7,4,13.7,33,93,5.4,13.2,3,29.7,71,3.7,0,214,66,737,0,29.69,Vishakapatnam
11-06-2019,0.82,22.5,7.9,49.2,57.1,4.1,17.2,49,130,6,11,3.7,31,71,3.8,0,217,153,737,0,30.69,Vishakapatnam
12-06-2019,0.84,23.3,8.1,44.6,52.7,3.6,19.2,,121,7.3,12.3,3.5,33.5,66,3.1,0,212,182,736,0,31.58,Vishakapatnam
13-06-2019,0.75,32.9,8.6,49,57.7,2.4,15.1,34,97,5.1,13.3,2.9,30.8,68,2.5,0,219,112,738,0,31.16,Vishakapatnam
14-06-2019,1.03,19.8,10.2,47.2,57.4,2.6,18,38,135,7.1,12.7,4.1,34.5,62,2.9,0,220,166,737,0,31.19,Vishakapatnam
15-06-2019,0.74,20.4,12.7,49.1,61.8,3.4,27.3,43,161,5.3,10.8,2.6,34.3,63,2.9,0,210,166,736,0,31.99,Vishakapatnam
16-06-2019,0.78,22.5,10.9,46.3,57.2,5,7.8,34,111,5.3,19.4,3.1,30.4,68,2,0,234,34,738,1.5,31.67,Vishakapatnam
17-06-2019,0.65,18.1,6.9,41.7,48.6,4.5,8.1,34,88,4.4,13.8,2.6,31.9,64,2.6,0,256,142,737,0,29.25,Vishakapatnam
18-06-2019,1.12,23,10.9,55.6,66.5,7.4,16.7,58,197,10.1,16.9,4.2,32.5,64,3.1,0,245,171,738,0,28.65,Vishakapatnam
19-06-2019,0.87,16.3,9.5,45.5,55.1,5.9,9.9,45,128,6.9,14.4,4.3,32.2,69,2.3,0,219,118,737,0,30.26,Vishakapatnam
20-06-2019,0.84,20.8,9.6,36.7,46.3,4,7.9,32,82,5.1,12.2,3.4,27.3,78,3.3,0,221,92,740,10.5,29.33,Vishakapatnam
21-06-2019,0.97,14.6,16.4,56.6,73,5.3,9,47,110,7.9,20.2,6.5,27.3,75,1.8,0,182,139,740,0,28.65,Vishakapatnam
22-06-2019,0.92,17.1,16.1,55.2,71.4,5.4,4.9,50,93,9,25.1,5.8,25,82,1.5,0,241,27,740,9.5,28.61,Vishakapatnam
23-06-2019,0.76,28.8,5.6,34.5,40.1,5,8.9,38,81,5,15.6,2.4,27.9,76,2.5,0,216,176,740,8.5,28.79,Vishakapatnam
24-06-2019,0.62,16.1,6,23.2,29.3,5.9,8.7,24,54,3.5,7.6,1.6,28.7,77,2,0,169,178,743,0,28.76,Vishakapatnam
25-06-2019,0.6,15.9,6.3,20.8,27.1,6.7,8.6,26,67,2.9,7.8,1.6,29.7,76,1.9,0,166,186,744,0,28.93,Vishakapatnam
26-06-2019,0.86,13.5,8,41,48.9,6.5,9.1,52,99,4.7,10.3,2.7,29.7,75,2.6,0,185,190,742,1,29.31,Vishakapatnam
27-06-2019,0.73,22.9,6.7,45.8,52.5,5.9,14.7,31,95,5.8,16.6,3.1,30.4,72,3,0,214,192,738,0,30.33,Vishakapatnam
28-06-2019,0.94,12.8,10.9,45.3,56.3,8.3,16.3,31,115,6.8,16,4.6,32.6,67,2.6,0,225,142,736,0,30.29,Vishakapatnam
29-06-2019,0.76,9.5,12.2,44.1,56.4,8.1,14.3,20,76,6.2,20.1,4.2,32.6,64,3.2,0,244,122,735,0,29.07,Vishakapatnam
30-06-2019,0.79,20.7,10.2,43.5,53.8,7.7,18.5,20,72,6,18.8,4.4,30.3,64,3.2,0,231,122,729,0,28.68,Vishakapatnam
01-07-2019,1.14,9.6,17.7,55.9,73.7,9.2,14,40,108,9.7,24,6.7,27,76,2.6,229,102,732,,0.5,28.28,Vishakapatnam
02-07-2019,0.65,6.7,14.7,50.4,65.1,7.8,10.5,29,92,5.6,15,4.4,27.6,73,3.1,224,65,732,,0,29.31,Vishakapatnam
03-07-2019,1.04,10.2,10.2,43.6,53.8,7.4,14.3,34,147,6.9,12.5,4.2,29.4,69,3.6,209,100,735,,0,29.62,Vishakapatnam
04-07-2019,0.66,11.4,11.6,40.4,52,6.9,15,33,134,6.8,11.1,3.6,29.3,72,3.6,208,92,692,,0,29.7,Vishakapatnam
05-07-2019,0.62,6.2,13.9,41.7,55.6,6.4,14,30,84,5.6,11.2,3.9,26.1,78,3.8,218,42,679,,1,29.14,Vishakapatnam
06-07-2019,0.68,5.6,17.3,38.9,56.2,5.6,9.9,26,94,5.8,15.1,4.1,25.8,79,3.7,224,76,628,,1.5,29.13,Vishakapatnam
07-07-2019,0.68,6.9,17.1,47.9,65,5.2,31.2,31,142,5.9,10.7,3,29.5,70,3.7,221,111,562,,0,29.91,Vishakapatnam
08-07-2019,0.77,7.8,14,43.5,57.6,7.1,22.5,33,135,3.4,6.2,1.5,29.4,70,3.5,213,130,573,,0,29.21,Vishakapatnam
09-07-2019,0.86,7,13,38.8,51.8,4.8,7.1,41,138,9.3,11.1,5.7,29,70,3.4,214,105,613,,0,28.88,Vishakapatnam
10-07-2019,0.84,8.6,11.3,40.4,51.7,5.1,8.8,31,121,4.9,9,3.3,30,71,3,219,113,614,,0,28.63,Vishakapatnam
11-07-2019,0.63,9.9,10.7,33.8,44.4,7.9,7.6,26,109,4.2,7.9,2.8,29.6,71,3.5,209,162,602,,0,28.59,Vishakapatnam
12-07-2019,0.49,10.6,9,36.1,45.1,6.3,6.7,20,95,4.3,7.7,2.8,29.5,69,3.5,213,191,587,,0,28.88,Vishakapatnam
13-07-2019,0.52,10.4,11.4,40.6,52,6.8,6.7,36,120,5.1,11.3,4.1,28.8,73,3.4,204,144,636,,0,28.78,Vishakapatnam
14-07-2019,0.4,3.4,12.4,43.1,55.5,6.2,7.9,24,73,4.1,9.4,1.6,25.4,78,2.6,247,39,669,,0,28.47,Vishakapatnam
15-07-2019,0.74,19.1,11.2,40.1,51.3,5.3,12,23,100,5.7,13.2,4.1,29.2,68,2.2,168,157,632,,0,28.82,Vishakapatnam
16-07-2019,1,13.5,14.2,49,63.3,8.2,4.8,45,139,8.3,20.2,3.7,29.6,72,2.3,220,178,651,,0,28.55,Vishakapatnam
17-07-2019,1.01,15.4,20.4,57.2,77.7,8.9,6.1,54,151,7.8,18.7,6.3,29.9,71,1.8,181,149,723,,0,28.36,Vishakapatnam
18-07-2019,0.64,24.7,8.5,35.8,44.3,9.3,12.8,42,111,5.4,13.4,3.1,29.3,70,1.8,145,154,660,,0,28.4,Vishakapatnam
19-07-2019,0.92,13.4,15.2,45.9,61.1,11.2,9.4,59,107,7.4,19.8,5.1,26,80,1.5,222,58,613,,3.5,27.99,Vishakapatnam
20-07-2019,0.57,20.8,5.2,23.2,28.4,9.6,11.4,33,70,4.3,7.4,1.4,28.3,76,1.8,159,184,742,,0,28.17,Vishakapatnam
21-07-2019,0.44,24,2.8,13,15.8,7.1,14.9,20,48,1.9,6.8,0.7,28.8,76,1.9,154,190,742,,0,28.33,Vishakapatnam
22-07-2019,0.37,17.6,3.4,12.6,16.1,7.2,14.1,19,44,2,4.1,1,29.7,73,2.2,126,220,743,,0,28.58,Vishakapatnam
23-07-2019,0.5,9,9.6,18.7,28.3,6.5,14.8,17,52,3.1,7.6,1.7,29.2,73,2.1,167,182,743,,0,28.1,Vishakapatnam
24-07-2019,0.92,12.1,11.4,35.8,47.1,6.6,15.1,30,105,5.1,15.8,2.9,29.8,72,3.2,212,181,743,,0,28.83,Vishakapatnam
25-07-2019,0.98,15.5,9.1,36.4,45.5,5.4,5.6,31,81,4.1,9.9,3.4,27.8,77,3.5,216,64,743,,0,28.45,Vishakapatnam
26-07-2019,0.66,6.7,22.9,39.8,62.8,4.5,12.8,18,45,5.5,18.1,4.2,23.6,83,3.1,244,32,743,,6.5,27.86,Vishakapatnam
27-07-2019,0.7,4.8,20.3,41.2,61.5,4.7,11.8,17,56,5.2,15.7,4.5,26.1,73,3.8,231,134,695,,0,27.69,Vishakapatnam
28-07-2019,0.77,3.5,23.7,40,63.7,5.4,15.6,28,49,4.8,11.6,3.6,22.9,84,2.6,226,40,683,,15.5,27.46,Vishakapatnam
29-07-2019,0.88,4.1,17.9,37.9,55.8,6.3,9.6,24,72,4.6,10.8,4.4,25.1,77,4.4,216,85,678,,1,27.68,Vishakapatnam
30-07-2019,0.78,8.3,13.3,37.5,50.8,6.6,13.8,27,98,5.2,11.1,3.1,26.9,73,4.2,210,171,743,,0,27.97,Vishakapatnam
31-07-2019,1.3,8,13.4,41.4,54.8,7.5,8.9,30,127,5.7,11.2,3.4,27.9,73,3.6,212,145,728,,0,28.21,Vishakapatnam
01-08-2019,0.86,,,,,,,26,85,4.4,,,25.2,78,3.8,,,,,1,27.85,Vishakapatnam
02-08-2019,0.79,,,,,,,18,61,4.6,,,23.9,80,4,,,,,2.5,27.31,Vishakapatnam
03-08-2019,0.85,,,,,,,25,48,7,,,23.6,80,3.1,,,,,16.5,27.45,Vishakapatnam
04-08-2019,1,,,,,,,29,94,6,,,26.1,77,2.5,,,,,0.5,27.18,Vishakapatnam
05-08-2019,0.85,,,,,,,22,59,6.3,,,27.4,72,3,,,,,1,27.16,Vishakapatnam
06-08-2019,0.69,,,,,,,21,40,6.6,,,22.9,84,3.1,,,,,9,27.16,Vishakapatnam
07-08-2019,0.58,,,,,,,16,28,8.2,,,22.4,85,3.8,,,,,11.5,26.64,Vishakapatnam
08-08-2019,0.84,,,,,,,25,87,4.8,,,24.2,79,5.2,,,,,17,27.47,Vishakapatnam
09-08-2019,0.74,,,,,,,31,106,6.8,,,29.4,71,3.5,,,,,0,28.02,Vishakapatnam
10-08-2019,0.83,,,,,,,38,106,6.5,,,29.9,71,2.6,,,,,0,28.32,Vishakapatnam
11-08-2019,0.68,,,,,,,28,80,4.5,,,29.1,72,2.3,,,,,3.5,28.82,Vishakapatnam
12-08-2019,1.09,,,,,,,42,109,8.2,,,29.2,72,1.2,,,,,0,28.4,Vishakapatnam
13-08-2019,1.03,,,,,,,41,106,6.9,,,28.7,71,2.5,,,,,0,27.7,Vishakapatnam
14-08-2019,0.78,,,,,,,39,105,5.6,,,27.8,75,3.2,,,,,0,27.86,Vishakapatnam
15-08-2019,1.16,,,,,,,41,151,4.9,,,26.3,80,2.5,,,,,0,27.92,Vishakapatnam
16-08-2019,0.87,,,,,,,31,81,6.1,,,29.3,74,2.3,,,,,0,28.11,Vishakapatnam
17-08-2019,1.06,,,,,,,49,112,7.6,,,28.6,76,1.5,,,,,0,28.26,Vishakapatnam
18-08-2019,0.85,,,,,,,39,89,5.3,,,27.6,78,1.2,,,,,3.5,27.52,Vishakapatnam
19-08-2019,1.15,,,,,,,49,110,7.5,,,28.4,75,1.7,,,,,0,28.59,Vishakapatnam
20-08-2019,1.04,,,,,,,52,128,6.6,,,29.2,76,2.6,,,,,0,28.41,Vishakapatnam
21-08-2019,0.7,,,,,,,34,88,7.8,,,29.2,74,2.1,,,,,0,28.91,Vishakapatnam
22-08-2019,0.78,,,,,,,33,95,6.4,,,28.9,73,0.7,,,,,0,28.73,Vishakapatnam
23-08-2019,1.21,,,,,,,42,115,9.9,,,27.8,76,0.8,,,,,0,28.19,Vishakapatnam
24-08-2019,0.88,,,,,,,31,81,7.4,,,27.7,75,1.2,,,,,0,27.75,Vishakapatnam
25-08-2019,0.58,,,,,,,27,61,4.2,,,25.3,77,0.5,,,,,0,28.16,Vishakapatnam
26-08-2019,1.17,,,,,,,37,138,8.1,,,29.4,71,3.1,,,,,0,28.14,Vishakapatnam
27-08-2019,0.8,,,,,,,36,109,5.3,,,29.8,71,2.6,,,,,0,28.61,Vishakapatnam
28-08-2019,0.64,,,,,,,32,104,5,,,28.9,74,2.7,,,,,0,28.25,Vishakapatnam
03-09-2019,0.69,2.8,6,8.3,14.3,3.2,,,69,,,,24.2,75,2.4,,187,652,,0,28.03,Vishakapatnam
04-09-2019,0.68,10,10.1,31.4,41.5,14.8,10.3,29,82,,,,25.2,81,2.7,,21,693,,0,27.59,Vishakapatnam
05-09-2019,0.97,5.7,21.1,41.4,62.6,16.8,10.3,28,66,,,,24.7,83,2.7,,57,748,,3,27.86,Vishakapatnam
06-09-2019,0.72,19.3,19.5,36,55.5,9.3,5,20,52,,,,26.7,76,3,,121,748,,3,27.52,Vishakapatnam
07-09-2019,0.79,14.7,19.2,38.7,57.9,8.5,3.1,19,55,,,,26,77,3.3,,101,682,,0,27.76,Vishakapatnam
08-09-2019,0.84,21.6,10.9,32.1,43.1,7.3,6.2,23,80,,,,28,74,3.8,,158,668,,0,28.03,Vishakapatnam
09-09-2019,0.9,21.7,11.7,35.6,47.4,6.8,5.6,30,105,,,,28.8,73,3,,187,705,,0,28.07,Vishakapatnam
10-09-2019,0.94,17.9,17.7,42.8,60.5,6.8,7.9,34,110,,,,26.1,80,2.2,,36,697,,0,28.02,Vishakapatnam
11-09-2019,0.97,17.4,22.8,44,66.8,5.6,10,36,98,,,,25.1,82,2.3,,31,681,,0,27.74,Vishakapatnam
12-09-2019,1.01,20.6,16.1,40.8,56.9,4.8,11.5,31,88,,,,25.5,81,2.9,,61,686,,0.5,27.43,Vishakapatnam
13-09-2019,1.09,17.8,21.4,49.2,70.7,6.3,12.4,39,106,,,,25.4,80,2,,84,665,,1.5,27.56,Vishakapatnam
14-09-2019,0.73,28.7,7.5,37.9,45.4,6.8,11.3,37,88,,,,27.4,79,2.2,,145,699,,0,27.66,Vishakapatnam
15-09-2019,0.67,32.9,6.6,33.7,40.4,6.2,14.1,38,87,,,,28,78,2.3,,159,685,,0,28,Vishakapatnam
16-09-2019,0.82,40.2,5.9,31.3,37.2,7.1,10.6,43,96,,,,29.6,76,1.3,,184,707,,0,28.57,Vishakapatnam
17-09-2019,0.48,38.9,5,17.1,22.1,6.2,14.7,34,65,,,,28.3,77,2,,177,739,,0,27.79,Vishakapatnam
18-09-2019,0.49,20.1,13.2,19.7,32.9,4.1,14,12,29,,,,26.6,79,2,,160,741,,16,27.79,Vishakapatnam
19-09-2019,0.43,36.8,3.3,9.2,12.5,3.9,14.7,11,29,,,,27.4,78,1.9,,156,743,,8,27.81,Vishakapatnam
20-09-2019,0.56,35.2,9.1,21,30.1,4,14.4,14,37,,,,27.3,77,1.1,,175,744,,20.5,27.64,Vishakapatnam
21-09-2019,0.62,18.7,24.7,20.6,45.4,3.8,13.7,15,79,,,,28.5,75,1.4,,187,743,,0,27.82,Vishakapatnam
22-09-2019,0.5,19.5,8.4,13.9,22.4,3.1,13.5,7,22,,,,28.6,73,1.9,,179,744,,0,28.01,Vishakapatnam
23-09-2019,0.59,20.1,7.3,19.5,26.8,2.9,17.3,7,23,,,,28.1,75,2.4,,134,743,,1.5,27.77,Vishakapatnam
24-09-2019,0.89,16.7,25.2,30,55.3,3.3,9.1,12,30,,,,25,82,1.5,,94,651,,31,27.21,Vishakapatnam
25-09-2019,0.94,15.2,25.7,31.8,57.5,3.6,13.5,18,35,,,,24.6,83,1.3,,81,591,,22,27.27,Vishakapatnam
26-09-2019,1.65,14.3,69.9,41.2,111.2,4,12.8,23,57,,,,23.3,84,1.3,,32,601,,22,27.38,Vishakapatnam
27-09-2019,1.21,13.6,83.8,33.5,117.6,4.7,67.8,32,103,,,,24.4,83,0.9,,160,596,,0,27.57,Vishakapatnam
28-09-2019,0.82,14.6,18.5,26,44.6,3.6,11.8,12,44,,,,29.2,73,1.8,,173,580,,0,27.58,Vishakapatnam
29-09-2019,1.21,12.2,35.1,29.5,64.7,7.1,12.9,31,88,,,,26.4,78,1.3,,109,726,,49,26.98,Vishakapatnam
30-09-2019,1.31,13.4,31.9,32.5,64.6,10.7,10.1,30,91,,,,25.9,80,1.8,,98,749,,22.5,27.57,Vishakapatnam
01-11-2019,1.01,33.7,22.8,40.3,63.1,17.4,19.1,71,137,,,,27.5,75,1.2,,110,752,,0,27.43,Vishakapatnam
02-11-2019,0.95,42.4,22.6,43.3,66,16.3,15.7,91,158,,,,27.8,73,1.4,,125,754,,0,27.23,Vishakapatnam
03-11-2019,1.15,54.1,12.9,49.6,62.5,23.3,21.7,150,271,,,,27,76,1.2,,120,717,,0,27.1,Vishakapatnam
04-11-2019,1.28,42.7,24.9,61.9,86.9,16.5,18.7,105,202,,,,27.4,69,1.4,,125,683,,0,27.2,Vishakapatnam
05-11-2019,1.25,49.6,24,64.3,88.4,17.2,19.2,112,233,,,,27.6,68,1.4,,112,701,,0,27.02,Vishakapatnam
06-11-2019,1.17,62.1,11.4,54.5,66,15,23.4,122,190,,,,27.8,66,1.7,,118,749,,0,26.88,Vishakapatnam
07-11-2019,0.91,63,6.3,49.5,55.8,12.4,30.3,89,143,,,,26.9,58,1.9,,118,748,,0,26,Vishakapatnam
08-11-2019,1.08,35,48.4,78.9,127.4,13.2,21.6,79,187,,,,24.8,59,1.3,,83,748,,0,26.46,Vishakapatnam
09-11-2019,0.98,33.2,26.9,56.9,83.9,12.6,18.5,53,130,,,,25.6,66,1.5,,123,749,,0,26.94,Vishakapatnam
10-11-2019,0.81,43.3,14,38.5,52.5,8.5,8.7,37,86,,,,27.7,66,1.6,,132,752,,0,26.74,Vishakapatnam
11-11-2019,0.84,40.2,23.4,42.7,66.1,6.3,5,38,102,,,,26.9,72,1.5,,98,754,,0,26.41,Vishakapatnam
12-11-2019,0.73,51.9,13.3,36.4,49.7,14.3,3.2,37,104,,,,26.5,71,2.1,,117,756,,0,25.75,Vishakapatnam
13-11-2019,0.66,71.5,2.8,25.9,28.7,11.8,5.7,42,80,,,,26.1,68,2.8,,123,759,,0,25.21,Vishakapatnam
14-11-2019,0.78,78.3,2.9,31.4,34.4,15.1,7.5,56,106,,,,25.6,65,2.6,,119,759,,0,24.97,Vishakapatnam
15-11-2019,0.86,74.2,3.6,34.7,38.3,13.3,6.4,60,108,,,,25.1,68,1.8,,121,757,,0,24.54,Vishakapatnam
16-11-2019,0.84,79.8,3.6,38.4,42,9.9,8.1,56,110,,,,25.6,68,2,,119,756,,0,24.7,Vishakapatnam
17-11-2019,0.7,69.9,2.9,27,29.8,10.7,8.7,47,91,,,,24.7,76,1.9,,27,756,,0,25.53,Vishakapatnam
18-11-2019,0.72,66.4,2.9,24.3,27.2,11.3,7.1,48,88,,,,26.1,73,2.1,,116,757,,0,25.31,Vishakapatnam
19-11-2019,0.75,87.8,2.4,24.4,26.7,13.5,8.6,75,129,,,,25,73,1.8,,114,756,,0,24.53,Vishakapatnam
20-11-2019,0.76,94.4,2.7,25.5,28.2,12,8.3,68,120,,,,24.5,71,2.5,,119,758,,0,24.48,Vishakapatnam
21-11-2019,0.7,86.1,2.9,31.2,34.1,9.8,7.8,51,101,,,,24.3,69,2.5,,121,759,,0,24.67,Vishakapatnam
22-11-2019,0.76,84.4,3,33.8,36.8,10.8,8.2,53,102,,,,24.1,70,2,,117,760,,0,24.21,Vishakapatnam
23-11-2019,0.82,78.3,3.1,43.4,46.4,11.7,7.5,71,121,,,,24,68,1.6,,120,760,,0,24.22,Vishakapatnam
24-11-2019,0.85,42.6,3.2,84.7,87.9,13.4,9.4,56,125,,,,21.4,76,0.7,,7,759,,0,24.11,Vishakapatnam
25-11-2019,0.9,87.9,3,36.5,39.4,13.5,8,96,151,,,,25.1,67,2.2,,147,759,,0,24.27,Vishakapatnam
26-11-2019,0.92,90.4,2.7,30.3,33,11.4,8.2,92,145,,,,23.7,70,2.3,,119,758,,0,24.65,Vishakapatnam
27-11-2019,0.84,85.3,2.7,28,30.7,10.5,9.7,72,117,,,,24.2,70,2.6,,112,758,,0,24.96,Vishakapatnam
28-11-2019,0.64,61.9,3.1,31,34.1,8.3,8.4,42,78,,,,23.8,72,2.6,,120,759,,0,24.35,Vishakapatnam
29-11-2019,0.81,73.1,3.1,33.2,36.3,9.8,8.8,66,111,,,,24.3,73,2.1,,112,759,,0,24.14,Vishakapatnam
30-11-2019,0.8,77,2.9,29.2,32.1,10.2,8.2,63,101,,,,24.4,75,2.4,,113,759,,0,24.93,Vishakapatnam
01-12-2019,0.73,80.8,2.5,22.2,24.7,10.2,8.5,56,93,4.2,6.4,0.8,24.5,75,2.4,0.1,65,107,760,0,24.89,Vishakapatnam
02-12-2019,0.75,87.5,2.8,30.8,33.5,10.1,8.9,66,115,4.6,8.4,1.6,24,70,2.3,0.1,41,64,760,0,24.83,Vishakapatnam
03-12-2019,0.83,84.6,2.7,32.9,35.7,9.8,9.3,71,125,4.6,11.1,1.5,23.6,69,2.2,0.1,45,103,760,0,24.29,Vishakapatnam
04-12-2019,0.74,82.3,3.2,34.5,37.8,9.6,8.6,64,114,3.8,7.6,1.5,22.8,69,2.6,0.1,49,110,639,0,23.61,Vishakapatnam
05-12-2019,0.69,92.3,2.7,33,35.8,9.8,8.4,76,129,4.3,6.9,1.3,21.8,67,2.5,0.1,49,106,643,0,22.87,Vishakapatnam
06-12-2019,0.69,83.4,3.4,41.9,45.4,9.2,8.1,57,108,4.4,8.2,1.7,21.6,61,2.3,0.1,32,120,662,0,22.55,Vishakapatnam
07-12-2019,0.65,66.8,3.2,30.1,33.3,7.6,10,36,72,3.2,7.5,0.5,22.2,69,2.5,0.1,41,103,657,0,23.21,Vishakapatnam
08-12-2019,0.68,46.7,3.6,24.4,28.1,6.1,8.7,19,46,2.5,5.8,1.2,22.8,75,2.2,0.1,58,96,640,0,24.01,Vishakapatnam
09-12-2019,0.92,41.6,7.6,31.4,39,6.1,9.2,14,51,3.2,7.8,1.7,23,72,1.8,0.1,64,119,679,0,24.18,Vishakapatnam
10-12-2019,0.95,39.9,31.3,38.7,70.1,7.1,7.6,24,98,5.1,11.1,4.2,22.4,72,1.6,0.1,95,118,667,0,23.91,Vishakapatnam
11-12-2019,1.04,36.6,30.4,40.1,70.5,7.6,7.3,28,100,5.7,11.4,4.1,22.6,71,1.4,0.1,98,109,653,0,24.07,Vishakapatnam
12-12-2019,1.07,35.2,36.5,42.7,79.3,8.9,6,35,108,6.2,12.9,4.4,22.1,72,1.6,0.1,69,95,658,0,24.1,Vishakapatnam
13-12-2019,0.94,49.6,11.9,34.4,46.4,10.6,8.7,37,109,4.3,8.8,3.3,22.8,73,1.9,0.1,69,113,585,0,23.72,Vishakapatnam
14-12-2019,0.91,63.8,4.3,26.4,30.7,13.2,7.6,36,70,3.1,7.3,1.5,23.4,72,2.4,0.1,65,112,590,0,24.46,Vishakapatnam
15-12-2019,0.83,55.1,3.6,23.3,26.9,13.3,7.4,28,56,2.6,6.8,1.1,22.2,73,2.3,0.1,50,113,633,0,23.96,Vishakapatnam
16-12-2019,0.98,66.4,3.5,27.4,30.9,14.5,7.1,49,88,3.5,6.8,1.3,22.5,72,2,0,46,114,761,0,23.55,Vishakapatnam
17-12-2019,1.11,74.9,2.8,26.7,29.5,15.5,8.4,75,121,4.9,7.4,1.1,22.2,74,2.3,0.1,43,107,762,0,23.67,Vishakapatnam
18-12-2019,1.12,80.8,3.1,25.4,28.5,14.7,6.5,76,129,4.6,7.6,1,22.4,75,2.5,0.1,51,102,763,0,23.75,Vishakapatnam
19-12-2019,1.11,77,2.8,28.1,31,13.3,7.9,75,123,4.6,7.4,1.2,22,73,2.2,0.1,48,104,761,0,23.34,Vishakapatnam
20-12-2019,1,85.7,2.9,26.1,29,12.5,7.5,68,117,3.8,7.4,1,21.9,72,2,0,65,105,758,0,22.93,Vishakapatnam
21-12-2019,1.12,71.5,10.8,39.3,50.1,13.7,7.6,73,150,5.1,8.8,2.4,22.2,72,1.4,0,80,91,610,0,23.09,Vishakapatnam
22-12-2019,1.03,89.4,2.8,27.5,30.3,11.5,8.1,72,,3.6,7.4,0.9,21.8,70,1.9,0,58,115,585,0,22.8,Vishakapatnam
23-12-2019,1.17,89,3.1,33.7,36.8,12.6,9.5,80,,4.1,6.8,1.3,21.8,71,1.7,0,11,102,658,0,22.83,Vishakapatnam
24-12-2019,1.42,72.7,3,40,43,16.6,4.8,97,,6,9.3,1.7,21.2,70,2.2,0.1,,103,739,0,22.74,Vishakapatnam
25-12-2019,1.24,74.8,9.5,42.1,51.7,9.2,7.8,77,,6.7,11.5,2.9,21.7,70,1.5,0,,119,761,0,23.06,Vishakapatnam
26-12-2019,1.16,51,22.5,52.7,75.3,9.9,7.5,62,,6.6,12.7,4.5,21.3,75,1,0,,77,760,0,24.18,Vishakapatnam
27-12-2019,1.25,34.3,35.3,48.5,83.9,9.4,9.1,52,,6.9,12.9,4.5,22.3,77,1.1,0,,85,758,0,24.41,Vishakapatnam
28-12-2019,1.18,44.1,3.5,32.1,35.6,9.6,5.7,75,,5.4,9.1,1.9,19.1,71,2.8,0.2,,85,760,0,21.73,Vishakapatnam
29-12-2019,0.7,72.5,2.2,17.4,19.6,6.7,6,37,,3.5,11.1,0.5,15.4,62,2.5,0,,7,761,0,21.08,Vishakapatnam
30-12-2019,1.06,76.3,3.3,37,40.4,10.9,9.3,45,,4.5,8,2.2,20.6,63,2.8,0.1,,152,761,0,21.65,Vishakapatnam
31-12-2019,1.14,71.5,3.3,32.3,35.6,11.6,8.3,54,99,4.7,8.7,1.6,18.8,67,2.8,0.1,35,103,763,0,21.87,Vishakapatnam
01-01-2020,1.14,71.3,,26.8,29.7,,,63,97,,,,19.8,74,3,,77,764,,0,22.83,Vishakapatnam
02-01-2020,1.09,59.8,,30.6,33.8,,,52,95,,,,19.9,73,2.7,,69,765,,0,23.51,Vishakapatnam
03-01-2020,1.08,62.1,,23,26.2,,,51,89,,,,21.1,78,2.6,,93,760,,0,24.63,Vishakapatnam
04-01-2020,0.96,44.3,,21.8,25.7,,,21,48,,,,19.5,80,2.6,,86,759,,0,21.92,Vishakapatnam
05-01-2020,0.85,52.5,,18.2,21.2,,,16,43,,,,21.1,76,2.6,,110,752,,0,22.74,Vishakapatnam
06-01-2020,0.98,64.9,,22.2,25.1,,,51,92,,,,20.7,71,2.9,,118,689,,0,22.29,Vishakapatnam
07-01-2020,0.95,69.5,,27.2,30.2,,,55,102,,,,19.6,71,2.3,,115,689,,0,21.5,Vishakapatnam
08-01-2020,0.92,71.3,,27.2,30.2,,,50,93,,,,20.3,70,1.2,,124,761,,0,22.11,Vishakapatnam
09-01-2020,1.25,46.2,,56.1,93.1,,,74,210,,,,20.6,77,1.2,,116,760,,0,23.26,Vishakapatnam
10-01-2020,1.02,56.7,,23.1,25.9,,,49,87,,,,21.2,79,2.1,,100,756,,0,23.03,Vishakapatnam
11-01-2020,1.19,74.2,,27.8,30.8,,,88,143,,,,19.7,78,2.5,,108,751,,0,22.46,Vishakapatnam
12-01-2020,1.04,82.3,,32.8,35.7,,,73,127,,,,18.5,72,2.1,,123,760,,0,21.26,Vishakapatnam
13-01-2020,1.48,72.9,,72.3,96.3,,,104,242,,,,18.2,73,1.2,,127,757,,0,21.32,Vishakapatnam
14-01-2020,2.02,44.7,,77.1,112.5,,,206,376,,,,18.8,76,1.1,,120,758,,0,21.94,Vishakapatnam
15-01-2020,1.23,34.5,,48.9,68.1,,,87,175,,,,19.4,74,1.3,,128,760,,0,22.48,Vishakapatnam
16-01-2020,1.05,73.8,,31.1,34.1,,,67,106,,,,21.8,70,1.9,,161,759,,0,22.69,Vishakapatnam
17-01-2020,1.04,54.8,,29.1,32,,,45,101,,,,21.4,76,2,,100,759,,0,23.5,Vishakapatnam
18-01-2020,1.02,45.8,,24.4,28.8,,,43,83,,,,22,76,2,,123,760,,0,23.58,Vishakapatnam
19-01-2020,1.04,29.8,,29.7,45.8,,,39,98,,,,21.5,77,1.2,,123,760,,0,24.05,Vishakapatnam
20-01-2020,0.79,47.2,,26.2,30.7,,,29,70,,,,23.1,75,1.3,,156,761,,0,23.93,Vishakapatnam
21-01-2020,0.8,40.1,,19,22.1,,,28,58,,,,22.1,76,1.7,,120,764,,0,23.67,Vishakapatnam
22-01-2020,1.03,38.1,,22.4,25.4,,,61,110,,,,22.2,76,1.6,,105,764,,0,24.01,Vishakapatnam
23-01-2020,1.36,27,,47.2,71.6,,,76,175,,,,22.1,76,1.1,,132,713,,0,23.97,Vishakapatnam
24-01-2020,1.34,40.5,,47.3,63.3,,,71,165,,,,23.5,72,1.5,,156,674,,0,24.25,Vishakapatnam
25-01-2020,1.21,21.2,,41.3,69.6,,,61,141,,,,22.7,76,1.3,,114,647,,0,24.17,Vishakapatnam
26-01-2020,0.89,17.7,,56.1,62,,,58,120,,,,20.4,81,1.6,,7,667,,0,25.18,Vishakapatnam
27-01-2020,0.94,29.2,,18.7,21.7,,,58,113,,,,24.6,75,1.9,,168,639,,0,24.41,Vishakapatnam
28-01-2020,1.26,18.3,,50.4,70.9,,,52,150,,,,24,75,2.4,,114,647,,0,25.01,Vishakapatnam
29-01-2020,1.15,25.3,,37.9,50.5,,,44,110,,,,24.1,76,2.9,,151,722,,0,25.48,Vishakapatnam
30-01-2020,1.08,27.4,,43.5,59.5,,,47,106,,,,23.3,78,2.1,,120,756,,0,25.71,Vishakapatnam
31-01-2020,0.91,73.1,,28.6,35.4,,,56,107,,,,24,75,2.1,,110,756,,1,24.7,Vishakapatnam
01-02-2020,1.05,55.6,4.7,33.7,38.4,9.8,5.8,38,60,3.6,7.8,1.6,22,81,1.8,49,92,759,,30.5,25.05,Vishakapatnam
02-02-2020,0.89,60.9,3,22.1,25.2,9.6,8.9,34,51,2.5,5,0.6,22.3,77,2,44,106,762,,0,24.41,Vishakapatnam
03-02-2020,0.88,67,2.9,18.1,21,10,8.4,40,51,2.8,4.8,0.5,22.4,78,2.5,63,120,762,,0,24.37,Vishakapatnam
04-02-2020,1.35,40.3,18,58.5,76.6,10,7.6,45,73,5,10.2,3.1,19.7,84,1.1,359,30,760,,10,24.62,Vishakapatnam
05-02-2020,1.23,35.5,29.2,52.2,81.5,11,5.4,56,134,6.2,11.4,4.8,22.7,78,1,163,125,758,,0,25.42,Vishakapatnam
06-02-2020,0.89,29.8,6,28.5,34.5,10.5,5.3,30,59,3.1,11.5,0.9,23.1,78,1.2,97,125,759,,0,25.47,Vishakapatnam
07-02-2020,0.9,22,21.4,28.9,50.3,10.1,5.7,31,107,3.7,7.6,3.8,23.9,74,1.5,164,151,759,,0,25.5,Vishakapatnam
08-02-2020,0.82,30.3,3.2,16.4,19.6,10.3,7.7,31,57,2.7,4.7,0.7,22.8,75,1.7,82,111,761,,0,24.87,Vishakapatnam
09-02-2020,0.81,33.1,2.9,17.9,20.8,10.3,8.9,26,45,2.7,4.7,2.2,20.1,74,3.2,51,134,764,,0,24.03,Vishakapatnam
10-02-2020,0.86,35.7,3.3,21.3,24.6,11.2,8.1,36,63,3,5.3,0.9,21.4,71,2.8,59,137,763,,0,23.86,Vishakapatnam
11-02-2020,0.96,46.3,2.7,24.4,27.2,12.7,8.4,58,99,3.2,6,0.8,22.5,71,2.5,46,136,764,,0,24.32,Vishakapatnam
12-02-2020,1.04,46.4,2.8,28.4,31.2,12.5,8.1,63,108,3.5,6.9,1.2,22.5,70,2,59,131,764,,0,24.4,Vishakapatnam
13-02-2020,1.32,31.8,20.3,64.6,84.9,14.9,8.8,87,188,6.3,16.1,6.4,22.8,72,1.5,173,147,761,,0,24.95,Vishakapatnam
14-02-2020,1.13,28.8,3,48.8,51.8,13.9,6.6,69,125,4.3,11.8,2.3,22.6,75,1.7,230,72,758,,0,25.7,Vishakapatnam
15-02-2020,1.28,23.2,2,50.5,52.4,13.4,8.1,68,143,5.4,15.7,2.8,23.7,75,1.5,179,143,,,0,26.1,Vishakapatnam
16-02-2020,0.99,18.2,1.9,39.3,41.2,12.7,7.4,52,115,4.7,16.5,2.2,24.1,75,1.5,174,142,,,0,25.93,Vishakapatnam
17-02-2020,1.03,14,2.2,46.4,48.6,11.3,5.3,41,120,5.6,19.4,3,23.8,72,1.7,179,143,751,,0,25.77,Vishakapatnam
18-02-2020,1.04,14.5,1.9,41.7,43.6,11.1,4.6,42,106,4.1,11.9,3,24.1,74,1.7,181,125,751,,0,25.64,Vishakapatnam
19-02-2020,0.93,14.5,2,32.1,34.1,12.2,7.2,47,91,3.1,12.9,1.7,24.3,73,1.6,153,132,751,,0,25.46,Vishakapatnam
20-02-2020,0.95,17.6,2.2,18.6,20.8,11.8,3.6,38,68,1.6,4.1,1,24.8,66,1.6,99,159,752,,0,25.41,Vishakapatnam
21-02-2020,0.85,14.4,2.4,23.8,26.1,13.2,1.4,30,58,1.6,3.8,0.8,22,70,0.6,14,7,752,,0,25.29,Vishakapatnam
22-02-2020,0.69,25.6,2.2,25.4,27.6,12.1,6.9,32,71,2.6,5.8,1.2,25.2,60,2.7,71,183,753,,0,24.95,Vishakapatnam
23-02-2020,1.1,22.2,2.2,47.7,49.9,13.6,3.7,50,135,5.9,16.3,4.1,23.3,67,1.7,89,149,752,,0,24.89,Vishakapatnam
24-02-2020,1.25,20.7,1.9,41.8,43.7,13.2,3.8,53,141,6.3,14.7,4.7,24.1,72,1.9,154,156,750,,0,26.24,Vishakapatnam
25-02-2020,1.24,20.2,2.1,36.1,38.1,11.6,5.8,36,77,4.1,20.7,2.6,24.9,71,2.1,174,127,749,,0,26.26,Vishakapatnam
26-02-2020,1.28,21.2,2,39.6,41.5,12.7,4.9,44,108,5.2,24.5,3.3,24.9,74,1.8,98,126,750,,0,26.26,Vishakapatnam
27-02-2020,0.92,24.3,2,23.5,25.5,10.9,7.7,30,59,3.1,8.5,1.3,24.2,66,2.2,71,153,750,,0,25.64,Vishakapatnam
28-02-2020,1.03,21.4,2.3,39.2,41.5,11.6,5.6,47,116,4.9,10.8,3.8,23.8,67,1.5,97,152,750,,0,25.32,Vishakapatnam
29-02-2020,0.94,20.7,2.6,35.8,38.3,11.5,7.6,51,130,4.8,9.9,4.3,23.9,68,1.4,114,146,749,,0,25.35,Vishakapatnam
01-03-2020,0.91,19.7,2.2,41.7,43.9,10.9,6.8,50,132,4.5,8,3.1,23.8,67,1,0,160,139,750,0,25.79,Vishakapatnam
02-03-2020,1.09,17.2,2.2,47.3,49.5,18.5,7.4,56,112,4.6,11,2.8,25.3,68,2.2,0,170,112,749,0,26.22,Vishakapatnam
03-03-2020,1.2,13.9,2.2,52.1,54.3,19,9.3,68,166,5.8,15.5,3.4,24.3,72,1.5,0,178,123,748,0,26.48,Vishakapatnam
04-03-2020,1.12,15.1,1.9,34.7,36.6,15.9,6.8,48,104,4.2,9.1,2.2,24.7,73,2,-0.1,175,133,748,0,26.56,Vishakapatnam
05-03-2020,0.87,14.4,2,20.4,22.5,13.6,8.1,19,47,2.1,6.5,1.2,25.4,72,2.4,-0.1,164,170,748,0,26.55,Vishakapatnam
06-03-2020,0.65,12.4,1.9,15.2,17.2,13.4,8,15,40,1.6,4.4,0.9,25.7,73,1.4,0,153,134,749,0,26.64,Vishakapatnam
07-03-2020,0.74,12.4,2,17.1,19,12.7,8.3,14,39,2,5.3,1.4,25.9,74,2.6,-0.1,167,109,750,0,27.05,Vishakapatnam
08-03-2020,0.91,11.3,2.1,28.7,30.9,11.6,11.6,19,74,4.7,13.8,2,26,74,2.4,-0.1,186,165,749,0,26.89,Vishakapatnam
09-03-2020,0.72,12.4,1.8,22.8,24.6,11.6,9.1,19,51,2.7,9.4,1.8,26.6,75,1.8,0,157,141,748,0,27.24,Vishakapatnam
10-03-2020,0.77,11.9,1.7,22.8,24.5,11.1,8.4,16,48,2.6,12,1.3,26.2,74,2.5,-0.1,178,172,748,0,27.31,Vishakapatnam
11-03-2020,0.77,11.3,1.7,24.7,26.5,10.9,8.2,20,59,3.6,15.3,2,26.2,73,2.8,-0.1,185,177,749,0,27.28,Vishakapatnam
12-03-2020,1.65,12,2,23.9,25.9,11.9,9.9,23,55,2.9,10.8,1.6,26.7,74,2.5,-0.1,179,173,750,0,27.49,Vishakapatnam
13-03-2020,0.47,12.3,2.2,19,21.2,11.2,8.2,22,52,2.2,8.5,0.7,27.1,75,2.2,0,155,190,750,0,27.67,Vishakapatnam
14-03-2020,0.77,12.5,2,28.1,30.2,11.6,7.7,32,88,2.5,11.5,1.5,26.2,73,1.8,0,156,184,749,0,27.37,Vishakapatnam
15-03-2020,0.86,14.4,2,27.8,29.8,12.2,7.9,34,93,3.8,12.7,2.9,26.2,78,1.9,0.1,78,179,749,0,27.33,Vishakapatnam
16-03-2020,0.91,15.3,2,32.8,34.8,12.6,7.5,47,113,4.3,7.9,2.7,26.7,73,1.7,0,131,168,750,0,27.42,Vishakapatnam
17-03-2020,1.1,14.9,1.5,40.4,41.8,11.1,6.3,37,117,5.1,11.3,2.7,26.9,74,1.7,0,163,164,751,0,27.64,Vishakapatnam
18-03-2020,0.94,15.2,6.8,46.5,53.3,11,6.9,33,100,4.9,18.6,3.7,26.5,72,2.2,0,180,159,749,2,28.53,Vishakapatnam
19-03-2020,1.11,39.9,21.8,52.7,74.6,9.9,6.3,42,111,6.6,17.2,6.4,25.5,75,1.8,0,169,146,749,0,28.81,Vishakapatnam
20-03-2020,0.88,36.5,12.1,36.5,48.6,11.3,11.7,25,71,5,12.2,5.3,24.9,73,1.9,0.1,85,154,749,1,27.86,Vishakapatnam
21-03-2020,0.75,18.6,8.1,31.6,39.8,10,9.4,20,58,3.3,13.4,2.7,26,71,2.6,-0.1,183,181,749,0,28.09,Vishakapatnam
22-03-2020,0.66,20.5,12.5,24.4,36.9,10.9,9.7,25,70,3.2,18.1,1.6,26.5,73,2.6,-0.1,183,256,749,0,27.96,Vishakapatnam
23-03-2020,0.69,25.1,8.5,22.3,30.7,13.2,9.1,20,45,1.8,4.8,1.2,25.5,75,2.6,0,176,147,749,0.5,27.81,Vishakapatnam
24-03-2020,0.67,33.6,14.3,40.2,54.6,9.7,14.8,40,96,4.4,8.6,3.2,25.8,75,1.8,0,173,172,748,0,27.93,Vishakapatnam
25-03-2020,0.47,19.7,8.4,26.9,35.3,8.9,8.4,24,66,2.8,12.7,1.3,27,74,2.2,0,192,166,747,0,28.38,Vishakapatnam
26-03-2020,,13.1,6.1,24.4,30.5,10.1,8.2,20,49,4.3,22.5,0.4,23.6,81,2.1,0,255,6,747,0,29.01,Vishakapatnam
27-03-2020,,36.3,7.7,24.8,32.5,4.4,11.1,31,90,2.9,4.7,1.3,31.3,63,2.5,0,197,261,749,0,29.15,Vishakapatnam
28-03-2020,,41.7,7.2,25,32.1,5.3,10.2,31,62,4,8.2,1.5,29.8,69,2.1,0,191,178,747,0,29.84,Vishakapatnam
29-03-2020,,44.8,7.2,21.9,29.1,5.4,10.3,22,58,4.4,14,1.6,31.1,65,2,0,194,242,747,0,30.26,Vishakapatnam
30-03-2020,,58.7,6,22.8,28.8,5.1,9.1,20,58,4.3,7.5,1.8,30.9,66,2.3,0,158,235,748,0,30.05,Vishakapatnam
31-03-2020,,46.7,7.2,24.4,31.6,5.7,8.1,20,55,3.9,10.1,1.2,30.1,66,2,0,172,172,747,0,30.33,Vishakapatnam
01-04-2020,22.3,,9.8,32.8,42.6,5.1,6.7,31,76,4.6,11.3,1.9,30.1,69,2.2,198,174,747,,0,30.09,Vishakapatnam
02-04-2020,9,,13.2,31.1,44.3,6.2,5.8,24,66,2.3,5.4,1,30.1,67,2.9,205,176,746,,0,30.23,Vishakapatnam
03-04-2020,10.8,,14.4,31.5,45.9,6.9,6.2,30,69,3.2,7.7,1,29.1,71,2.5,203,178,747,,0,29.91,Vishakapatnam
04-04-2020,11.5,,11.8,27.7,39.5,7.5,6.7,26,57,2.2,4.5,0.8,28.1,74,2.7,197,175,748,,0,29.72,Vishakapatnam
05-04-2020,9.5,,13.3,29.9,43.3,7.7,5.8,22,51,2.2,6.5,1,28.5,71,2.5,200,182,748,,0,29.74,Vishakapatnam
06-04-2020,6.7,,14.8,26.8,41.7,7.9,5.8,17,41,2.3,8,1.1,29.3,73,2.6,202,179,748,,0,29.98,Vishakapatnam
07-04-2020,8.1,,15.1,27.8,42.9,7.7,7.7,14,49,2.3,6.6,1,29.4,71,2.5,196,159,747,,0,29.71,Vishakapatnam
08-04-2020,9,,14.5,22.7,37.2,7.2,5.9,9,27,1.6,4.4,1.1,28.7,73,3,201,163,747,,0.5,30.19,Vishakapatnam
09-04-2020,32,,9.4,33.6,43,8.4,7.2,22,54,2.8,5.4,1.3,27.5,68,1.6,159,96,748,,0,29.67,Vishakapatnam
10-04-2020,20.8,,11.4,32.9,44.4,7.3,5.5,22,65,3.3,7.9,1.1,28.4,70,2.4,198,193,748,,0,29.77,Vishakapatnam
11-04-2020,14.1,,12.1,26.7,38.8,7.8,5.2,16,38,1.8,9.5,0.9,28.4,75,2.4,198,174,749,,0,29.82,Vishakapatnam
12-04-2020,15.9,,13.4,29.3,42.7,7.5,6.8,16,46,2.8,14.7,1.1,29,74,2.4,202,192,748,,0,29.97,Vishakapatnam
13-04-2020,15.2,,13.8,31.2,45,6.8,5.9,21,58,3.3,7.5,1.1,29.4,73,2.6,214,189,747,,0,30.53,Vishakapatnam
14-04-2020,13.1,,14.4,29.1,43.5,7,6,19,57,2.9,6.6,1,28.7,76,2.7,207,174,747,,0,30.38,Vishakapatnam
15-04-2020,13.7,,13.6,32.3,45.9,5.3,7.1,21,56,2.6,6.7,1.4,29.1,72,2.9,209,180,748,,0,30.49,Vishakapatnam
16-04-2020,15.3,,13.5,36,49.5,6.8,6.4,21,69,3.4,7.4,2.5,29.5,71,2.7,212,177,747,,0,30.33,Vishakapatnam
17-04-2020,12,,12.3,30.8,43.1,7.5,5,16,52,3,4.8,1.3,29.4,73,3.3,202,174,747,,0,30.04,Vishakapatnam
18-04-2020,10.5,,11.7,30.7,42.4,7.6,6,10,53,2.8,5.5,2,29.3,72,3.3,208,146,747,,0,30.02,Vishakapatnam
19-04-2020,10.6,,15.8,33,48.9,8.4,7.8,13,55,2.9,5,1.1,29.7,72,2.7,206,142,747,,0,30.11,Vishakapatnam
20-04-2020,9.4,,15.7,29.5,45.2,8.2,6.2,9,33,2.1,8.5,0.9,29,74,3.1,205,163,747,,0,30.52,Vishakapatnam
21-04-2020,10.7,,13,23.9,36.9,8.4,4.4,10,38,2.7,4.2,1,29,72,2.9,190,168,747,,0,30.5,Vishakapatnam
22-04-2020,11.9,,8.8,24.6,33.4,8.3,5.8,9,35,1.6,4.9,0.7,29,73,3,185,166,747,,0,30.07,Vishakapatnam
23-04-2020,10.1,,11,24.5,35.5,8.2,5.9,8,36,1.8,9.3,0.7,29.9,72,3.1,205,196,747,,0,30.19,Vishakapatnam
24-04-2020,,,,,,,,,,,,,,,,,,,,,30.39,Vishakapatnam
25-04-2020,,,,,,,,,,,,,,,,,,,,,30.15,Vishakapatnam
26-04-2020,11.5,,4.6,18.9,23.5,7.9,5.9,9,30,1.5,5.1,1.5,30.5,73,2,176,250,747,,0,29.43,Vishakapatnam
27-04-2020,23.2,,2.7,21,23.8,5.9,5.7,11,40,1.8,4.6,1.1,26,72,1.9,188,160,749,,46,29.35,Vishakapatnam
28-04-2020,25.9,,1.4,18.9,20.3,6.8,6.5,13,50,2.3,4.6,0.8,28.4,72,1.4,170,205,748,,0.5,29.52,Vishakapatnam
29-04-2020,21.1,,1.5,18.5,20,7.9,7.9,8,43,2.2,9.9,1.3,28.4,73,1.7,205,171,747,,0,30.15,Vishakapatnam
30-04-2020,29.9,,1.2,16.3,17.6,8.1,6.7,16,64,2.8,6.6,1.7,28.9,73,1.6,172,181,747,,0,30.05,Vishakapatnam
01-05-2020,,28.7,1.4,17.9,19.4,8.2,7,11,47,2.1,7.9,0.7,28.5,73,0,2.1,200,185,746,18,30.72,Vishakapatnam
02-05-2020,,38.5,0.9,23.4,24.3,8.8,6.7,25,59,4.6,8.5,2.4,28.3,72,0,1.6,215,179,746,0,30.62,Vishakapatnam
03-05-2020,,22.4,1.7,23.9,25.6,8.4,5.4,18,57,2.7,6.8,2.3,28.5,74,-0.1,2.7,212,168,745,0.5,31.04,Vishakapatnam
04-05-2020,,16,1.3,15.8,17.1,8.1,7.4,16,61,2.8,4.1,1.2,29.3,77,-0.1,1.8,188,132,747,0,30.8,Vishakapatnam
05-05-2020,,13.5,2.1,12.8,15,7.8,7.2,10,42,2.3,3.4,0.7,30.1,74,-0.1,2.3,192,174,746,0,30.55,Vishakapatnam
06-05-2020,,14,2.7,19.7,22.4,8.1,8.8,9,45,2.6,9.9,2.3,29,74,0,1.8,214,167,746,0,30.53,Vishakapatnam
07-05-2020,,17.5,1.6,18,19.6,8,10.6,11,50,2.5,9.8,1.2,29.6,71,0,1.7,203,185,747,0,30.54,Vishakapatnam
08-05-2020,,10.7,2.8,18.1,20.9,7.7,10.6,12,51,2.5,7,1.6,30.1,73,0,2.3,210,184,746,0,31.11,Vishakapatnam
09-05-2020,,12.1,1.4,12.9,14.3,7.9,7.5,9,39,1.8,8.2,0.9,29.9,77,0,2,190,172,746,2.5,31.43,Vishakapatnam
10-05-2020,,22.9,1.1,24.4,25.5,9,5.5,17,61,3.8,9.5,3,28.4,72,0,1.7,211,164,746,1.5,31.15,Vishakapatnam
11-05-2020,,11,1.7,13.9,15.6,8.4,5.3,16,50,1.7,3.7,0.7,29.2,77,0,1.3,166,157,747,0,30.31,Vishakapatnam
12-05-2020,,20.2,1,12.6,13.6,10.4,6.1,6,43,1.4,2.4,0.4,29.6,72,0,1.3,163,182,746,0,30.55,Vishakapatnam
13-05-2020,,13.9,2.2,14.1,16.3,11,7,9,51,2.3,6.3,0.8,29.2,71,0,1.6,185,198,746,0,30.43,Vishakapatnam
14-05-2020,,14.5,3,11.9,15,11.9,7.9,10,47,1.8,7.8,0.6,29.9,73,0,1.4,177,199,746,0,30.34,Vishakapatnam
15-05-2020,,17.6,3.1,11.2,14.3,11.9,9.5,9,40,1.8,6.2,1,30.3,73,0.1,1.5,152,194,745,0,30.45,Vishakapatnam
16-05-2020,,19.9,1.3,10.5,11.8,9,8.4,7,18,0.7,1.8,0.4,31.4,71,0.1,1.8,127,206,744,0,30.64,Vishakapatnam
17-05-2020,,17.1,0.8,12.3,13.1,7.3,8.5,5,19,0.9,7,0.3,30.5,71,0.1,1.8,132,184,743,0,30.78,Vishakapatnam
18-05-2020,,18.2,1.4,18.8,20.2,6.6,7.8,12,38,1.5,8.6,0.9,30.9,65,0.1,2.2,191,82,741,0,29.98,Vishakapatnam
19-05-2020,,24.3,1.8,31.4,33.1,7.5,10.8,31,90,2.2,6.1,1.4,33,53,0.1,2.7,271,35,738,0,31.5,Vishakapatnam
20-05-2020,,38.7,2.8,58.7,61.5,11.7,7.6,66,203,5.6,17.3,3.1,34.2,56,0,1.3,228,129,738,0,33.22,Vishakapatnam
21-05-2020,,32.5,2.7,47.5,50.2,13.2,7.2,44,147,3,9.4,0.9,33,67,0,2.7,206,168,740,0,32.2,Vishakapatnam
22-05-2020,,31.1,2.5,36.2,38.6,13.7,6.2,23,85,1.5,3.4,0.7,31.7,77,-0.1,2.3,199,175,741,0,31.8,Vishakapatnam
23-05-2020,,36.7,2.4,21.9,24.3,13.6,8,17,83,2.6,2.9,0.7,31.5,75,-0.1,2.9,183,182,743,0,31.01,Vishakapatnam
24-05-2020,,26.9,1.7,21.1,22.7,10.1,9.2,12,74,2.5,3,0.7,31.3,74,-0.1,2.9,191,157,744,0,30.93,Vishakapatnam
25-05-2020,,25.2,1.4,19.5,20.9,10.3,7,18,70,1.8,3.2,0.6,31.1,75,-0.1,3.3,193,150,745,0,30.6,Vishakapatnam
26-05-2020,,23.7,1.7,20.4,22,9.5,9.5,13,71,1.3,4.8,0.9,30.9,74,-0.1,3.3,191,161,745,0,30.66,Vishakapatnam
27-05-2020,0.61,28.6,1.6,20.5,22,8.9,8.5,28,114,2.7,3.4,0.9,31.5,71,-0.1,3.3,195,180,744,0,30.92,Vishakapatnam
28-05-2020,0.66,23.5,1.5,20.2,21.7,8.4,6.9,25,100,2.2,3.6,0.9,31.2,76,-0.1,3.5,196,148,743,0,30.23,Vishakapatnam
29-05-2020,0.59,23.6,2.5,23.8,26.3,10.2,7.9,17,66,1.8,4.1,1.1,30.6,77,0,2.3,184,158,744,2,30.71,Vishakapatnam
30-05-2020,0.81,15,6.1,49.9,56,8.3,15.2,30,86,3.2,9.6,1.7,29.3,77,0,1.2,214,84,744,0,29.98,Vishakapatnam
31-05-2020,0.53,17.8,2.1,24.2,26.3,10.4,5.1,20,89,1.9,4.4,0.9,31,77,0,1.9,185,173,747,0,29.98,Vishakapatnam
01-06-2020,0.5,16.2,,20,21.8,,,,,,,,30.7,76,2.3,,,,,0,30.73,Vishakapatnam
02-06-2020,0.5,21.2,,21.3,24.8,,,,,,,,30.9,75,2.1,,,,,0.5,30.86,Vishakapatnam
03-06-2020,0.58,24.8,,28.9,34,,,,,,,,30.9,73,1.7,,,,,0,30.96,Vishakapatnam
04-06-2020,0.73,24.8,,36.6,41.1,,,,,,,,28.6,77,1.4,,,,,3.5,30.55,Vishakapatnam
05-06-2020,0.69,23.8,,44.9,47.9,,,,,,,,28.6,80,1.3,,,,,0,30.08,Vishakapatnam
06-06-2020,0.62,29.1,,38.7,41.4,,,,,,,,30,75,2.3,,,,,3,30.66,Vishakapatnam
07-06-2020,0.56,32.4,,34.6,37.1,,,,,,,,30.3,75,1.7,,,,,0,31.1,Vishakapatnam
08-06-2020,0.64,36.2,,41.9,48,,,,,,,,29.7,73,1.7,,,,,20,29.99,Vishakapatnam
09-06-2020,0.89,33.2,,51.3,56.1,,,,,,,,28.1,77,1.2,,,,,3.5,28.43,Vishakapatnam
10-06-2020,0.7,35,,43.9,48.4,,,,,,,,27.7,78,1.4,,,,,14.5,28.93,Vishakapatnam
11-06-2020,0.71,26.6,,51.5,61.3,,,,,,,,25.1,83,1.1,,,,,3.5,28.23,Vishakapatnam
12-06-2020,1,16.9,,52.8,65.1,,,,,,,,24.9,86,0.7,,,,,9.5,28.58,Vishakapatnam
13-06-2020,0.68,27.3,,37.9,41.3,,,,,,,,29.3,74,2.3,,,,,0,28.99,Vishakapatnam
14-06-2020,0.6,30,,33.2,35.7,,,,,,,,29.9,75,2.6,,,,,0,29.14,Vishakapatnam
15-06-2020,0.69,28.2,,37.8,41.2,,,,,,,,30.5,75,2.5,,,,,0,28.86,Vishakapatnam
16-06-2020,0.64,21,,40.6,47.3,,,,,,,,27.2,79,2.6,,,,,6.5,29.15,Vishakapatnam
17-06-2020,0.54,26.7,,35.9,41.8,,,,,,,,27.7,79,3,,,,,3,28.89,Vishakapatnam
18-06-2020,0.68,27.4,,42.7,47.7,,,,,,,,28.8,74,2.7,,,,,0,28.83,Vishakapatnam
19-06-2020,0.57,26.8,,39.8,45.8,,,,,,,,30.6,69,2.8,,,,,0,29.02,Vishakapatnam
20-06-2020,0.76,43.1,,36.5,39.9,,,,,,,,30.8,71,2,,,,,0,29.17,Vishakapatnam
21-06-2020,0.7,34.8,,41.2,47.3,,,,,,,,29.1,73,1.5,,,,,0,28.59,Vishakapatnam
22-06-2020,0.73,34.9,,42.4,47.3,,,,,,,,32,66,2.4,,,,,0,29.19,Vishakapatnam
23-06-2020,0.55,43.6,,33.6,36.2,,,,,,,,30.8,72,2.6,,,,,0,29.1,Vishakapatnam
24-06-2020,0.55,35.8,,21.9,23.2,,,,,,,,29.9,79,2.6,,,,,0,28.79,Vishakapatnam
25-06-2020,0.41,28.1,,21.6,24,,,,,,,,29.9,76,1.9,,,,,0,28.63,Vishakapatnam
26-06-2020,0.45,19.7,,22.9,28.8,,,,,,,,29.6,75,1.9,,,,,0,28.66,Vishakapatnam
27-06-2020,0.48,22.9,,25.1,32.5,,,,,,,,29.7,75,2.7,,,,,0,28.96,Vishakapatnam
28-06-2020,0.54,29.1,,25.7,29.2,,,,,,,,30,75,2.6,,,,,0,28.96,Vishakapatnam
29-06-2020,0.45,30.5,,28.9,32.2,,,,,,,,29.9,77,2.2,,,,,0.5,28.69,Vishakapatnam
30-06-2020,0.52,27,,28.7,32.7,,,,,,,,29.8,76,1.8,,,,,2.5,28.57,Vishakapatnam
01-07-2020,0.59,23.5,4.7,32.5,37.2,6.4,7.3,22,63,,,,27.7,77,2.3,219,126,742,,2,29,Vishakapatnam
02-07-2020,0.61,29.7,4.4,35,39.3,5.7,9.3,20,56,3.8,20.6,2.5,26.7,78,2.2,234,106,741,,8,29.01,Vishakapatnam
03-07-2020,0.61,30.6,4.8,36.9,41.7,5.3,7,25,71,1.2,6.1,0.3,27.3,79,1.9,229,97,740,,0,28.96,Vishakapatnam
04-07-2020,0.73,13.7,9.6,41.7,51.4,5.6,8.4,28,68,2.1,2,1.3,25.4,81,2.3,242,45,740,,1.5,28.05,Vishakapatnam
05-07-2020,0.57,15.3,8.7,36.8,45.6,4.5,7.6,21,55,1.4,1.3,0.9,25.2,81,3,235,78,740,,5,28.64,Vishakapatnam
06-07-2020,0.79,15.6,11.6,38.5,50.2,4.7,8.6,31,83,2,1.8,1.2,24.5,82,2.5,235,40,740,,4.5,28.91,Vishakapatnam
07-07-2020,0.66,23.1,6.2,37,43.3,4.7,7,35,128,1.6,1.5,1,28.7,77,2.7,204,140,743,,0,28.83,Vishakapatnam
08-07-2020,0.64,23.6,2.9,32.4,35.3,5.3,9,31,99,1.4,1.5,0.8,28.9,78,2.4,190,129,744,,0,28.77,Vishakapatnam
09-07-2020,0.64,26.1,4.7,35.5,40.2,5.7,6.8,23,78,1.1,1.5,0.4,29.6,75,2.5,203,158,743,,0.5,28.52,Vishakapatnam
10-07-2020,0.59,24.1,3.9,44.6,48.4,5.4,8.5,26,91,1.6,2.3,0.5,29.8,73,2.9,208,179,743,,0,28.41,Vishakapatnam
11-07-2020,0.71,27.9,4.8,45.9,50.8,6.8,10.7,32,106,1.2,1.6,0.4,30,73,2.5,223,158,743,,0,28.8,Vishakapatnam
12-07-2020,0.58,28.2,4.7,42.3,47,6.2,7.7,27,82,1,1.4,0.3,28.4,76,2.6,222,129,743,,3.5,28.98,Vishakapatnam
13-07-2020,0.67,23.9,13,46.6,59.6,5.2,7.1,27,79,1.1,1.6,0.4,27.6,74,2,223,136,742,,28,28.25,Vishakapatnam
14-07-2020,0.72,21.5,10,47.7,57.7,6.8,6.9,29,85,1.2,1.7,0.4,25.9,80,2,225,99,742,,28.5,27.61,Vishakapatnam
15-07-2020,0.74,15.6,11.5,42.7,54.3,6.5,6.9,29,71,1.2,1.7,0.4,25.3,82,2,220,57,741,,2,27.84,Vishakapatnam
16-07-2020,0.73,16.9,12.5,42.3,54.8,9.6,13.6,20,60,1.2,1.8,0.4,26.5,77,2.9,217,101,740,,0,28.01,Vishakapatnam
17-07-2020,0.91,20.4,12,42.1,54.1,8.4,5.9,25,72,1.5,2.1,0.5,26.8,79,2.2,218,72,742,,0,28.6,Vishakapatnam
18-07-2020,0.56,26.2,4.8,32.8,37.6,7.1,6,20,62,0.9,1.3,0.3,28.9,77,2.3,200,184,743,,0,28.46,Vishakapatnam
19-07-2020,0.67,27,3.6,33.9,37.6,7.1,10,26,88,1.1,1.6,0.4,29.6,74,2.5,204,194,744,,0,28.43,Vishakapatnam
20-07-2020,0.74,28.7,3.5,37.5,41,7.9,5.7,30,87,1.2,1.7,0.4,29,77,2.8,202,130,743,,2.5,28.7,Vishakapatnam
21-07-2020,0.6,21.9,5.2,31,36.2,6,6.7,18,57,1,1.4,0.4,28.8,77,3,206,159,744,,8.5,28.6,Vishakapatnam
22-07-2020,0.69,21.4,11,34.9,45.9,6.3,8.6,18,64,1.1,1.6,0.4,29,76,2.8,216,115,744,,0,28.52,Vishakapatnam
23-07-2020,0.75,18.9,14.4,41.7,56.2,6.9,7.2,27,66,1.3,1.8,0.4,28.7,78,2.1,238,63,744,,0,27.23,Vishakapatnam
24-07-2020,0.94,19.3,15.3,39.6,54.9,6.8,9.9,29,80,2.7,3.8,0.9,26.7,77,1.5,240,77,745,,19,27.65,Vishakapatnam
25-07-2020,0.67,29.6,16.2,21.5,37.7,4.9,5.5,32,93,1.1,1.6,0.4,28.5,78,1.5,183,184,746,,0,28,Vishakapatnam
26-07-2020,0.58,33.9,2.6,20.5,23,5.2,6.2,23,60,1,1.4,0.3,29.8,76,1.9,196,190,746,,0,28.88,Vishakapatnam
27-07-2020,0.69,39.7,5.1,26.5,31.6,5.4,7.5,33,97,1.1,1.6,0.4,30.2,73,1.5,213,157,744,,0,29.65,Vishakapatnam
28-07-2020,0.55,41.6,6.4,17.6,23.9,7.6,12.9,28,82,0.7,0.9,0.3,30,75,1.2,160,180,744,,6,29.04,Vishakapatnam
29-07-2020,0.29,32.7,4.4,17.9,22.3,5.7,7.4,24,56,0.6,0.9,0.5,28.6,76,1.5,161,175,743,,0.5,28.94,Vishakapatnam
30-07-2020,0.38,23,9.1,14.2,23.3,4.3,8,17,51,0.6,0.7,0.5,29.5,74,1.5,172,163,743,,0.5,29.33,Vishakapatnam
31-07-2020,0.33,24.2,8.6,18,26.6,4.6,8.9,21,62,0.5,0.6,0.5,29.7,74,2.1,201,174,743,,0,28.84,Vishakapatnam
01-10-2020,0.42,19.5,35.9,41.9,77.9,4.2,4.2,39,95,3,8.2,3.9,25.6,77,0,1.2,248,54,742,0,27.67,Vishakapatnam
02-10-2020,0.4,47.6,24.9,25,50,3.5,6.6,56,174,2.1,6.4,2.9,27.2,71,0,0.9,165,96,742,0,28.42,Vishakapatnam
03-10-2020,0.39,49.7,15.2,22.4,37.7,3.3,5.2,64,143,2,6.1,2.2,27.9,73,0,1.1,164,104,743,0,28.31,Vishakapatnam
04-10-2020,0.26,26.3,26.1,21.7,47.9,3.5,8.1,49,169,2.5,6.7,3.1,25.6,81,0,1.2,199,81,743,4,28.17,Vishakapatnam
05-10-2020,0.21,27.3,15,13.1,28.1,4.2,4.5,26,61,1.6,3.9,1.9,26.3,79,0,1.4,183,113,743,0.5,27.51,Vishakapatnam
06-10-2020,0.33,26.8,12.4,13.9,26.4,4.3,3.7,24,50,1.3,3.9,1.5,26.2,80,0,1.3,188,106,744,26.5,27.83,Vishakapatnam
07-10-2020,0.34,36.4,16.3,15.5,31.8,4.7,4.1,36,83,1.3,3.3,1.3,27.1,79,0,1.4,165,134,745,22,28,Vishakapatnam
08-10-2020,0.32,36.9,17.4,27.8,45.3,5.1,6.2,41,83,0.8,1.6,0.7,28.1,77,0,1.2,161,124,745,3.5,28.13,Vishakapatnam
09-10-2020,0.32,28.4,26.8,38.7,65.6,5.1,5.9,45,105,1.2,2.7,1.5,27.8,78,0,1.1,192,143,746,4.5,28.26,Vishakapatnam
10-10-2020,0.47,21.2,58.5,40.7,99.4,5.5,7.5,79,198,1.6,3.9,1.9,27.2,80,0,0.4,230,88,745,0,27.55,Vishakapatnam
11-10-2020,0.33,18.4,4.4,14.5,18.9,4.8,0.7,11,23,0.8,2.2,0.6,25.3,81,0,3,160,9,743,76,27.72,Vishakapatnam
12-10-2020,0.39,20,9.6,20.1,29.7,3.7,9.1,12,17,0.1,0.2,0.1,23,83,0,4.4,256,24,741,77,27.73,Vishakapatnam
13-10-2020,0.48,17.7,17.4,26.2,43.6,4.7,8.9,13,27,0.1,0,0.6,26.3,80,0,2,144,38,741,12.5,28.3,Vishakapatnam
14-10-2020,0.98,22.4,14.6,28.5,43.2,4.5,7,16,33,0.1,0.4,0.1,25.6,82,0,1.3,171,91,743,1.5,27.95,Vishakapatnam
15-10-2020,0.5,26.1,25.2,33.3,58.6,5.4,5.8,29,78,0.1,0.1,0.4,25.6,82,0,0.8,157,72,742,0,27.76,Vishakapatnam
16-10-2020,0.27,20.5,36.3,32.3,68.6,7.1,4.7,32,70,0.2,0.3,0.2,26.3,81,0,1,191,115,743,9,27.37,Vishakapatnam
17-10-2020,0.27,26.4,14,21.6,35.6,5.4,8,16,37,0,0.2,0.1,27.4,78,0,1.8,185,155,745,0,27.78,Vishakapatnam
18-10-2020,0.34,31.4,8,24.4,32.5,6.3,6.4,18,37,2.2,2.6,1,29.2,74,0,1.9,205,124,743,0.5,27.84,Vishakapatnam
19-10-2020,0.38,36.3,6.7,24.5,31.1,6.2,6.3,22,31,1.6,2.7,0.8,27.7,77,0,2.1,178,130,743,6,27.43,Vishakapatnam
20-10-2020,0.35,27.5,12.5,20,32.5,5.2,8.5,11,41,0.1,0.1,0,27.7,75,0,1.9,196,137,745,1,27.39,Vishakapatnam
21-10-2020,0.44,30.7,18.2,32.5,50.7,6.5,6.7,46,101,0,0,0,28,72,0,1.4,275,66,744,0,28.02,Vishakapatnam
22-10-2020,0.42,27.2,30.4,61,91.5,12.9,3.9,92,191,0,0,0,26.6,78,0,0.8,213,51,743,0.5,28.34,Vishakapatnam
23-10-2020,0.44,47.5,18.9,64,82.9,15,6.1,134,240,0,0,0,28.1,75,0,0.7,184,116,744,0,29.19,Vishakapatnam
24-10-2020,0.61,46,29,70.1,99.1,14.6,4.1,192,235,0,0,0,28.2,75,0,0.6,178,118,744,0,28.33,Vishakapatnam
25-10-2020,0.39,16,8.5,46.6,55.2,12.6,7.9,65,101,0,0,0,27.6,73,0,1.1,166,117,748,0,27.89,Vishakapatnam
26-10-2020,0.58,22.5,2,39.8,41.8,9.1,11.7,52,77,0,0.1,0.1,27.7,69,0,1.5,205,121,748,0,27.13,Vishakapatnam
27-10-2020,0.46,48.5,1.8,43.2,45,8,10.6,52,115,0.1,0.1,0,28.3,64,0,1.2,206,118,748,0,27.25,Vishakapatnam
28-10-2020,0.58,46.3,3,45.9,48.9,7.9,11.3,45,123,0.1,0.1,0,28.4,56,0,1.5,222,106,748,0,26.94,Vishakapatnam
29-10-2020,0.63,64.2,4.3,49.4,53.7,7.6,10.7,47,130,0.1,0.2,0.1,28,54,0,1.4,232,135,748,0,26.49,Vishakapatnam
30-10-2020,0.44,62,8.9,66,75,8.3,8.8,67,190,0.2,0.4,0.1,27.6,55,0,1.4,205,132,747,0,26.98,Vishakapatnam
31-10-2020,0.71,47.4,28,88.2,116.2,9.7,6.8,90,280,0.1,0.3,0.1,26.6,63,0,1,209,116,748,0,26.95,Vishakapatnam
01-11-2020,0.55,55.2,14.5,62.2,76.7,10.3,9.4,99,236,0.1,0.1,0.1,28,66,0,0.9,164,128,748,0,27.36,Vishakapatnam
02-11-2020,0.61,42.7,16.9,48.2,65.1,8.8,6.9,79,199,0.1,0.1,0.1,28.2,71,0,1.2,160,119,749,0,27.46,Vishakapatnam
03-11-2020,0.63,51.6,3.6,23.7,27.3,7.6,13,52,103,0.1,0.1,0.1,28.4,72,0,1.9,144,113,749,0,27.11,Vishakapatnam
04-11-2020,0.49,55.7,2.9,24,26.9,8.2,14.4,58,102,0.1,0,0.2,27.5,73,0,1.9,177,113,749,1,26.93,Vishakapatnam
05-11-2020,0.51,71.5,1.7,20.4,22.1,9.2,11.4,82,146,0,0.1,0.1,27,74,0,2.3,176,115,750,0,26.88,Vishakapatnam
06-11-2020,0.41,75.1,1.6,22,23.6,11.2,13.4,75,152,0.1,0.1,0,27.1,70,0,2.4,167,116,751,0,26.61,Vishakapatnam
07-11-2020,0.49,92.1,1.6,23.8,25.5,12,14.4,76,155,0.8,1.4,0.2,26.5,69,0,2.1,158,111,751,0,26.23,Vishakapatnam
08-11-2020,0.83,91.9,2.5,37.4,39.9,10.8,10.5,61,141,0.1,0.2,0,25.5,56,0,2.1,212,133,751,0,25.04,Vishakapatnam
09-11-2020,0.86,77.2,3,46.6,49.6,11,6.8,62,141,0.2,0.3,0,24.2,56,0,1.8,184,132,750,0,24.16,Vishakapatnam
10-11-2020,0.57,62.9,6.5,19.8,26.4,7,,42,90,1.1,2.4,0.7,24.9,60,0.1,2.5,121,138,749,0,24.58,Vishakapatnam
11-11-2020,0.69,22.4,11.4,19.3,30.7,3.9,10.4,12,26,6.5,21.1,4.8,21.3,82,0.1,2.7,102,29,750,16.5,26.67,Vishakapatnam
12-11-2020,0.78,25,14.9,26.9,41.8,3.4,8,17,38,5.6,17.1,6.1,23.1,76,0.1,2.2,102,37,751,1,26.83,Vishakapatnam
13-11-2020,0.6,49.2,10.9,21.7,32.5,3,8.7,21,65,3.2,7.7,2.7,26.4,60,0.1,2.1,94,137,750,0,26.12,Vishakapatnam
14-11-2020,0.58,64.7,10.2,16.6,26.8,2.3,4.7,65,124,3.2,7.5,1.8,26.7,62,0.1,3,110,158,750,0,25.91,Vishakapatnam
15-11-2020,0.58,73.9,10.2,13,23.2,1.7,8.2,53,94,3,5.9,1.1,26,67,0.1,3.1,108,116,750,0,26.33,Vishakapatnam
16-11-2020,0.71,60.8,14,18.9,33,1.8,8.8,51,88,3.7,10,2.8,25.9,70,0.1,2.1,99,122,750,0,26.2,Vishakapatnam
17-11-2020,0.83,67.8,18.3,18.8,37.2,1.1,5.3,71,111,4.1,11.7,3.1,25.5,72,0,1.5,92,133,750,0,25.81,Vishakapatnam
18-11-2020,1.03,45.1,39.8,22.5,62.4,1.3,6.7,85,164,6.9,18,5.8,25.1,74,0,0.8,161,131,750,0,26.14,Vishakapatnam
19-11-2020,0.92,28,43.6,21.7,65.5,4.6,,64,140,5.5,17.9,6.5,25,75,0,1.1,200,134,749,0,26.12,Vishakapatnam
20-11-2020,1.24,26.8,74.9,28.6,103.7,4.3,,74,172,8.7,27.5,9.4,24.1,78,0,1.2,231,105,749,0,26.4,Vishakapatnam
21-11-2020,0.97,35.5,38.2,24.4,62.7,4,,64,129,5.8,19.2,5.5,24.9,77,0,1.1,212,126,749,0,26.38,Vishakapatnam
22-11-2020,0.8,42.6,33,14.7,47.8,4.4,,63,111,5,11.3,23.9,25.7,74,0.1,1.8,142,112,750,0,25.68,Vishakapatnam
23-11-2020,0.75,72.1,19.7,9.3,29,3.4,9,69,114,3.5,7.4,4.1,24.1,70,0.1,2.6,98,79,751,0,25.45,Vishakapatnam
24-11-2020,0.73,83.6,20,9.4,29.4,4.1,10.1,60,109,4,9.4,3,22.8,63,0.1,2.8,102,96,750,0,24.81,Vishakapatnam
25-11-2020,0.76,62.7,23.6,10.5,34.2,4.1,15.2,63,123,5.4,10.7,3,22.4,60,0.1,3.6,112,94,749,0,24.31,Vishakapatnam
26-11-2020,0.57,20.6,17,10.2,27.2,5.2,18.4,33,56,2.6,8.7,3.5,15.8,81,0.1,3,187,29,750,1.5,23.92,Vishakapatnam
29-11-2020,0.83,87,20.6,11.7,32.3,4.2,19.3,69,125,4.7,8,2.1,23,66,0.1,2,82,14,751,0,24.29,Vishakapatnam
30-11-2020,1.05,63.7,40.3,22.1,62.5,4,18.4,86,134,6.4,15.3,6.2,22.3,65,0.1,1.6,147,129,751,0,23.69,Vishakapatnam
01-12-2020,0.78,90.5,27.9,13.7,41.6,4.3,18.7,59,106,,,,22.3,65,1.8,,113,751,,0,23.76,Vishakapatnam
02-12-2020,0.79,93.5,28.8,12.1,41.1,3.8,12.2,57,110,,,,22.2,66,1.9,,113,750,,0,23.58,Vishakapatnam
03-12-2020,0.82,92.5,27.7,12.5,40.3,2.8,9.4,67,117,,,,22.7,69,2,,101,749,,0,23.85,Vishakapatnam
04-12-2020,0.74,75.6,14,24.5,38.5,5.8,12.8,69,113,,,,23.2,71,2.1,,115,748,,0,23.82,Vishakapatnam
05-12-2020,0.68,75.3,1.6,33.8,35.4,7.2,8.4,76,123,,,,22.6,73,2.4,,122,749,,0,23.85,Vishakapatnam
06-12-2020,0.72,71.8,1.3,28.8,30.1,7.2,10.8,57,96,,,,23,67,2.5,,119,751,,0,23.64,Vishakapatnam
07-12-2020,0.81,67.6,1.6,39.3,41,7.1,10.8,53,95,,,,22.8,67,2.2,,125,752,,0,23.54,Vishakapatnam
08-12-2020,1.14,50.3,27.6,72.4,100.1,9.5,11.8,63,147,,,,21.8,68,1.3,,124,752,,0,23.61,Vishakapatnam
09-12-2020,1.41,46.4,84.7,82.8,167.7,12.5,9.8,81,211,,,,21.2,65,0.8,,128,751,,0,23.62,Vishakapatnam
10-12-2020,1.69,51.5,125.1,37.1,162.5,1.9,10.3,113,289,,,,21.1,68,0.9,,121,751,,0,23.51,Vishakapatnam
11-12-2020,1.93,44.9,127,35,162.3,3.2,9.1,120,290,,,,20.3,72,0.9,,112,751,,0,23.69,Vishakapatnam
12-12-2020,1.77,56.5,118.3,32.8,151.5,4.2,11.5,108,240,,,,20.9,68,0.8,,120,750,,0,23.98,Vishakapatnam
13-12-2020,1.83,63.8,113.6,31.9,145.8,4.4,12.3,115,247,,,,20.5,70,0.9,,110,749,,0,24.14,Vishakapatnam
14-12-2020,1.51,51.3,84,24.4,108.6,3.9,8.9,104,213,,,,21.6,70,1.1,,108,750,,0,23.91,Vishakapatnam
15-12-2020,1.08,53.5,33,10.1,43.2,4.3,9,90,143,,,,22.8,74,2.2,,101,751,,0,23.99,Vishakapatnam
16-12-2020,1.04,52.5,31.3,11.6,43,6.1,8.1,67,116,,,,22.8,74,2.2,,102,752,,0,24.05,Vishakapatnam
17-12-2020,1.06,70,30.8,9.5,40.4,5.6,8,77,127,,,,22.8,74,2.1,,103,751,,0,24.22,Vishakapatnam
18-12-2020,1.24,68.1,35.3,7.5,42.8,4.2,10.1,92,146,,,,22.9,75,2.1,,94,751,,0,24.03,Vishakapatnam
19-12-2020,1.4,64.9,37.9,7,44.9,4.4,11.2,84,145,,,,22.1,70,2.3,,100,752,,0,23.24,Vishakapatnam
20-12-2020,1.47,78.2,53.4,9.5,63,4.5,15,82,158,,,,20.2,64,1.9,,114,752,,0,21.94,Vishakapatnam
21-12-2020,1.79,52.4,110.8,17.6,128.8,4,13.7,101,253,,,,18.6,63,1.2,,119,751,,0,21.3,Vishakapatnam
22-12-2020,1.61,56.8,129.3,19.7,149.4,3.3,8.1,105,288,,,,18.3,62,1.1,,115,751,,0,21.4,Vishakapatnam
23-12-2020,1.59,62.9,117.4,19,136.7,2.9,16.3,108,255,,,,18.1,63,1.2,,117,750,,0,21.68,Vishakapatnam
24-12-2020,1.76,74.4,118.1,16.5,134.9,2.3,7.3,120,279,,,,18.5,67,1.3,,108,750,,0,22.02,Vishakapatnam
25-12-2020,1.56,69.1,92,14.7,106.9,2.8,9.5,154,298,,,,19,69,1.2,,96,750,,0,22.22,Vishakapatnam
26-12-2020,1.18,64.7,79.8,14.7,94.7,6.8,10.4,153,287,,,,19.4,70,1.2,,95,751,,0,22.02,Vishakapatnam
27-12-2020,1.13,74.1,67.1,12.1,79.4,8.3,,144,271,,,,19.1,73,1.3,,99,750,,0,21.94,Vishakapatnam
28-12-2020,1.25,52.7,63.9,20.5,84.6,7.8,9.4,136,264,,,,19.5,71,1.1,,101,751,,0,22.06,Vishakapatnam
29-12-2020,1.23,61.8,16.7,47.1,63.8,3.9,7.2,119,245,,,,21.3,69,1.4,,105,750,,0,22.2,Vishakapatnam
30-12-2020,0.65,67.8,11.1,47.6,58.7,9.9,6.7,92,184,,,,24.5,69,1.7,,99,752,,0,22.64,Vishakapatnam
31-12-2020,0.74,86.9,2.1,52.6,54.7,17.4,12.8,102,178,,,,24.1,66,2.1,,100,752,,0,22.69,Vishakapatnam
01-02-2021,1.08,26.5,3.4,33.1,36.5,68.6,16.3,111,182,1.9,3.2,0.8,23.7,73,2.2,581,92,753,,0,24.01,Vishakapatnam
02-02-2021,0.84,40,6.1,45.5,51.6,71,17.3,82,161,1.6,4.2,0.8,24,65,1.6,411,123,753,,0,23.65,Vishakapatnam
03-02-2021,0.34,26,35.4,78,113.5,57.5,11.6,80,232,4.3,6,2.6,23,60,1.1,121,133,753,,0,23.88,Vishakapatnam
04-02-2021,0.34,25.8,51.7,71.4,123.3,77,9.9,71,243,3.8,5.4,4,22.4,59,1.1,118,138,753,,0,24.01,Vishakapatnam
05-02-2021,0.35,29.9,49.1,67.3,116.5,98.1,6.9,76,243,3.9,8.9,4.3,22.6,60,1.2,114,136,752,,0,24.19,Vishakapatnam
06-02-2021,0.36,30.8,58.4,65.3,123.8,122.7,8.7,75,210,3.6,9.4,4.5,23.3,61,1.2,123,148,751,,0,24.4,Vishakapatnam
07-02-2021,0.37,26.8,45.4,41.3,86.8,84.7,10.1,78,200,3.5,15.3,6.4,22,69,1.6,135,124,751,,0,24.58,Vishakapatnam
08-02-2021,0.38,28.2,17.9,45.2,63.1,7.2,13.3,60,137,2.7,6.5,2,23.2,69,2,148,121,752,,0,24.15,Vishakapatnam
09-02-2021,0.38,38.1,44,68,112.1,12.2,10.6,86,226,5.4,13.8,6.4,22.4,69,1.2,128,125,752,,0,23.93,Vishakapatnam
10-02-2021,0.38,35.7,30.4,66.4,96.9,12.2,10.9,81,182,4.3,8.7,4.1,24.7,68,1.4,151,180,750,,0,23.89,Vishakapatnam
11-02-2021,0.38,32.2,19.6,49.8,69.5,9.4,10.4,75,150,4,10.8,2.7,24.7,71,1.4,161,178,750,,0,24.4,Vishakapatnam
12-02-2021,0.38,35.2,18.1,40.2,58.4,14.5,10.6,54,129,2.9,6.8,2.8,23.9,70,1.3,163,160,751,,0,24.51,Vishakapatnam
13-02-2021,0.42,15.6,27.9,38.1,66.1,4.7,13.2,27,75,3.4,6.1,3.1,25.2,67,1.9,176,207,752,,0,24.8,Vishakapatnam
14-02-2021,,13.2,32.9,48.2,81.1,6.8,11.4,41,115,4.3,8.5,2.5,23.2,71,1.6,202,134,752,,0,24.81,Vishakapatnam
15-02-2021,,10.5,32.8,55.2,88,6.6,11.1,43,122,4,9.7,6.9,23.2,73,1.6,210,89,751,,0,25.48,Vishakapatnam
16-02-2021,,12.5,27.5,52.2,79.8,5.9,10.4,52,134,3.9,7.5,2.5,26.6,67,2.6,204,174,751,,0,25.71,Vishakapatnam
17-02-2021,0.5,30,14.1,32.7,46.8,10.2,13.2,68,139,3,8.8,1.6,24.9,73,2,158,125,751,,0,25.2,Vishakapatnam
18-02-2021,0.62,21.7,7.8,26.1,33.9,8.2,13.6,58,112,1.8,4,0.8,25.3,74,1.9,170,123,753,,0,25.05,Vishakapatnam
19-02-2021,1.01,29.2,24.7,29.8,54.5,8.2,14.4,51,102,1.9,3.6,0.9,24.5,69,2.1,159,91,753,,0,24.97,Vishakapatnam
20-02-2021,0.52,24.8,4.7,28.3,33,9.8,13.7,45,88,1.7,3,1,24,69,1.9,143,45,753,,0,24.19,Vishakapatnam
21-02-2021,0.67,25.8,5.7,32.4,38.1,9.4,14.2,50,102,1.7,3.8,1,24.4,68,1.8,289,85,753,,0,24.98,Vishakapatnam
22-02-2021,0.82,30.1,36.8,60.9,97.7,12.4,12.5,54,170,3.6,7.6,3.5,25.3,61,1.3,251,137,752,,0,25.67,Vishakapatnam
23-02-2021,0.98,21.9,48.9,57.9,106.9,12,11.4,77,220,5,11.3,5,24.6,66,1.2,165,125,751,,0,26.01,Vishakapatnam
24-02-2021,0.79,14.9,19.3,50,69.4,10.8,10.1,60,139,3.8,14.9,3.2,25.2,73,2,406,127,750,,0,26.19,Vishakapatnam
25-02-2021,0.73,15.5,13.7,48,61.8,11.7,11.7,52,130,3.7,9.1,2.5,27.2,72,2.2,691,148,750,,0,27.03,Vishakapatnam
26-02-2021,0.71,14.6,17,47,64,10.5,10.9,63,150,4.1,12.5,5,27.2,75,1.9,701,130,748,,0,27.61,Vishakapatnam
27-02-2021,0.99,12.8,19.7,41.9,61.7,10.1,10.5,69,157,4.3,8.8,2.5,26.3,81,2.3,697,126,748,,0,27.91,Vishakapatnam
28-02-2021,0.7,11.4,15,38.5,53.6,11.6,11.6,52,133,3.2,9,1.9,26.8,79,2.1,697,127,749,,0,27.66,Vishakapatnam
01-04-2021,0.87,11.5,7,48,55,41.6,14.5,81,170,5.1,8.9,2.4,30.3,80,2.5,235,138,743,,0,30.58,Vishakapatnam
02-04-2021,0.61,14.3,2,27.7,29.7,38.3,11.5,47,105,2.9,5.9,1.5,30.3,80,2.4,188,108,744,,0,30.27,Vishakapatnam
03-04-2021,0.42,12.8,1.9,15.3,17.2,32.8,12.3,33,74,1.2,3.6,0.9,29,82,2.5,132,108,746,,41,29.23,Vishakapatnam
04-04-2021,0.8,16.2,2.6,41.9,44.5,11,12.2,53,106,3.4,8.8,2.8,28.7,71,1.6,179,137,747,,0,29.1,Vishakapatnam
05-04-2021,0.42,11.9,1.6,26.9,28.6,22,13.6,37,106,2.1,4.4,1.5,29.6,78,1.7,173,143,748,,0,28.83,Vishakapatnam
06-04-2021,0.45,10.9,1.8,35.1,36.9,29.6,13,46,138,3.1,12.4,1.4,29.2,77,2.1,222,161,749,,0,28.84,Vishakapatnam
07-04-2021,0.41,10.7,2,35.6,37.5,29.3,11.3,42,134,1.4,3.8,1.5,29,77,2.7,226,148,749,,0,28.91,Vishakapatnam
08-04-2021,0.72,10.4,5.7,35.4,41.1,23.9,14.1,40,131,1.6,3.6,1.4,29.4,76,2.8,232,145,748,,0,29.16,Vishakapatnam
09-04-2021,0.63,10.8,10.3,37.9,48.3,27.4,14.2,34,99,2.2,6.1,1.5,29,76,2.4,231,128,748,,0,28.69,Vishakapatnam
10-04-2021,0.57,11,10.7,34.6,45.3,26.8,13.4,27,79,2,3.5,1.2,28.9,74,1.8,213,136,749,,0,28.46,Vishakapatnam
11-04-2021,0.52,9.7,18.2,36.7,55,22.2,13.9,23,69,2,8.4,1.4,29.3,74,2.3,227,160,750,,0,28.71,Vishakapatnam
12-04-2021,0.55,9.5,22.8,32.7,55.6,23.4,13.6,36,91,1.7,3.7,1.4,29.8,76,2.2,223,152,750,,0,29.59,Vishakapatnam
13-04-2021,0.52,9.9,22.8,35.7,58.6,23.4,13.1,30,86,2.1,8.4,1.6,30.1,74,2.4,242,157,749,,0,29.92,Vishakapatnam
14-04-2021,0.39,10.8,16,36.9,52.9,23.1,12.7,30,90,1.8,6.6,1.5,29.8,71,2.6,226,170,749,,0,29.77,Vishakapatnam
15-04-2021,0.52,10.5,19.2,58.3,77.5,23.8,14.4,35,109,3.2,7.6,2.4,28.4,68,2,255,82,748,,0,29.14,Vishakapatnam
16-04-2021,0.4,11,11.9,43.3,55.2,25.3,13.8,13,53,2.1,11.6,1.7,29.1,69,2.6,231,171,748,,0,29.46,Vishakapatnam
17-04-2021,0.41,10.4,11.3,37.6,48.9,23.4,14.5,10,39,1.4,5.1,1.1,29.4,75,2.4,223,168,749,,0,29.56,Vishakapatnam
18-04-2021,0.55,9.7,12.2,33,45.3,22.7,15.6,14,47,1.3,3.3,0.9,30.2,76,2.6,219,153,749,,0,29.7,Vishakapatnam
19-04-2021,0.63,10.4,13.8,37,50.8,28.1,15,26,84,3,4.6,2,29.9,76,2.7,214,141,747,,3,30.09,Vishakapatnam
20-04-2021,0.52,9.9,10.2,45.5,55.7,25.3,5.6,38,117,2.2,4.6,1.8,28.2,76,1.5,230,47,748,,0,29.82,Vishakapatnam
21-04-2021,0.38,10,8.8,30.7,39.5,23.3,11.7,29,83,2,4.5,1.4,31,76,2.5,223,145,748,,0,29.97,Vishakapatnam
22-04-2021,0.35,9.9,11.7,32.6,44.3,26.6,12.7,26,92,1.9,5.6,1.4,31.3,74,2.5,220,150,748,,0,29.92,Vishakapatnam
23-04-2021,0.45,10.4,17.1,48.4,65.5,26,13.6,32,104,3.8,8.6,2.1,29.4,71,2.2,234,125,748,,0,30.04,Vishakapatnam
24-04-2021,0.32,14.3,22.3,44.1,66.5,29.3,9.9,47,135,4.1,9.9,3.3,29.7,73,1.7,223,167,748,,0,30.13,Vishakapatnam
25-04-2021,0.34,11.3,11.3,30.4,41.7,26.3,13.8,33,77,2.2,10.1,1.2,30.7,77,2.7,224,173,748,,0,30.3,Vishakapatnam
26-04-2021,0.28,10.9,14,33.5,47.5,26.1,14,34,94,2.3,5.1,1.3,30.1,76,2.9,231,164,747,,0,29.94,Vishakapatnam
27-04-2021,0.31,11.2,11,35.5,46.5,26.5,13.4,34,103,2.1,4.1,1.3,30.6,73,2.7,217,156,748,,0,30.37,Vishakapatnam
28-04-2021,0.31,10.8,10.2,37.7,48,25.8,14,34,97,1.7,4.4,1.3,30.8,74,2.6,234,166,748,,0,30.22,Vishakapatnam
29-04-2021,0.42,9.9,9.1,29.2,38.4,25.3,14,32,83,1.6,3.7,1,30.2,76,2.5,220,142,748,,4.5,29.43,Vishakapatnam
30-04-2021,0.37,10.2,12.8,34.8,47.6,23.6,13.8,40,92,2.7,6.5,1.4,29.8,75,1.9,208,148,747,,0,29.54,Vishakapatnam
01-05-2021,0.61,9.9,17.7,32.8,50.6,21.2,10.7,30,95,2.7,4.5,1.2,30,75,0,1.8,212,103,748,0,29.65,Vishakapatnam
02-05-2021,0.4,10,19.2,29.3,48.5,21.8,9.3,20,64,2.1,5.1,0.9,30.2,76,-0.1,2.3,229,145,748,0,29.72,Vishakapatnam
03-05-2021,0.38,10.6,17.6,28.4,46,23.5,11.9,21,68,2,9.3,1.2,30.9,74,-0.1,2.1,219,158,747,0,29.76,Vishakapatnam
04-05-2021,0.27,16.2,12,27.2,39.3,20.2,10.7,15,55,1.5,5.7,1.5,30,73,-0.1,2.2,206,142,748,0.5,29.86,Vishakapatnam
05-05-2021,0.39,8.9,16.7,28.6,45.3,20.8,12.2,14,67,1.8,4.9,1.4,29.2,77,-0.1,2.1,217,162,748,5.5,30.09,Vishakapatnam
06-05-2021,0.37,18.9,12.5,29.2,41.7,19.7,13,17,57,2.1,4.4,1.6,30.1,73,0,1.7,185,175,749,3,29.89,Vishakapatnam
07-05-2021,0.14,23.9,15.5,17.6,33.1,25.4,12.6,8,29,1.8,6.9,1.5,31.5,75,-0.1,2.1,194,182,749,0.5,29.73,Vishakapatnam
08-05-2021,0.22,22.6,9.1,15.5,24.6,17.4,13.8,9,27,1.3,4.2,0.7,31.4,75,-0.1,2.1,186,174,748,0,30.15,Vishakapatnam
09-05-2021,0.17,22.6,11.5,22.3,33.9,17.7,13.3,12,41,1.9,6.5,1.3,30.9,75,-0.1,2.3,206,166,747,0,30.14,Vishakapatnam
10-05-2021,0.21,22.8,14.7,24.8,39.6,17.4,13.7,12,47,2.5,8.8,1.3,31.8,74,-0.1,2.5,210,162,747,0,30.4,Vishakapatnam
11-05-2021,0.28,22.8,13.2,29.2,42.4,17.7,11.8,11,36,2.3,5,1.4,29,76,0,3,213,142,746,14,30.5,Vishakapatnam
12-05-2021,0.35,21.1,16.8,37.3,54.1,19.3,12.9,16,50,3.5,17.5,1.8,30,73,-0.1,2.6,215,236,745,0.5,30.79,Vishakapatnam
13-05-2021,0.16,6.7,14.6,29.7,44.3,20.4,11.4,13,49,2.4,5.3,1.5,32.2,77,-0.1,3,212,154,745,0,31.49,Vishakapatnam
14-05-2021,0.24,4.9,16.9,34.2,51.1,29.9,10.2,21,59,2.7,6.3,1.7,32.4,74,-0.1,2.2,218,152,745,0,29.96,Vishakapatnam
15-05-2021,0.39,4.7,11.6,21.1,32.7,23.6,13.3,11,33,1.5,8.9,1.4,32.4,75,0,1.9,183,191,746,0,30.15,Vishakapatnam
16-05-2021,0.34,5.6,3.2,5.3,8.5,19.3,14.1,5,14,0.5,1.9,0.5,32.9,75,0,1.8,130,188,746,0,29.96,Vishakapatnam
17-05-2021,0.57,4.4,8.6,18.5,27.1,19.8,12.5,8,24,1,2.3,0.7,33,75,0,2.1,178,202,747,0,30.3,Vishakapatnam
18-05-2021,0.55,4.2,11.9,28.5,40.4,18.4,12.4,10,37,1.3,7.7,1,33,74,-0.1,2.6,207,192,746,0,30.78,Vishakapatnam
19-05-2021,0.66,5,17.4,32.5,49.9,16.4,12.1,15,60,2.2,12,1.3,33,74,-0.1,2.9,217,187,745,0,30.92,Vishakapatnam
20-05-2021,0.52,5.1,12.1,31.5,43.7,19,11.8,14,47,1.9,7.3,1.2,33.1,74,-0.1,3.1,211,187,745,0,30.93,Vishakapatnam
21-05-2021,0.55,5.7,9.2,35,44.2,22.3,12.3,30,53,2.7,9.9,1.8,33.4,73,-0.1,2.9,215,232,744,0,30.54,Vishakapatnam
22-05-2021,0.6,8,7.6,33.2,40.9,21.9,10.9,25,63,2.5,9,1.5,28.4,76,0,2.3,196,152,743,29,29.01,Vishakapatnam
23-05-2021,0.72,10,12.4,44,56.5,24.5,11.3,46,109,3.7,9.6,2.2,30.9,74,0,1.3,200,123,743,0,30.64,Vishakapatnam
24-05-2021,0.72,5.7,14.7,51.6,66.3,21.1,8.1,63,161,5.8,22.8,4.8,31.8,73,0,1.2,234,38,742,0,31.81,Vishakapatnam
25-05-2021,0.69,5.6,10.6,55.9,66.5,16.8,10.4,50,185,3.8,15.1,4.1,33.6,56,0,1.9,266,61,740,0,31.27,Vishakapatnam
26-05-2021,0.7,6.8,7.2,56.4,63.6,17.9,12.5,36,155,4.1,22.5,2.4,38.1,44,0,3,257,175,738,0,32.58,Vishakapatnam
27-05-2021,0.63,7.4,9.3,49.6,58.9,,11.6,69,170,3.4,14.2,1.9,38.4,55,0,2.8,252,231,738,0,33.47,Vishakapatnam
28-05-2021,1.68,23.7,2.7,20.8,23.4,39.5,28.1,39,120,2.4,5,1,36.2,67,-0.1,0.6,159,231,743,0,32.42,Vishakapatnam
29-05-2021,0.95,17.7,6.1,37.7,43.8,25.5,11.3,32,137,2.5,16.5,1.8,32.9,72,-0.1,2.4,208,167,745,0,31,Vishakapatnam
30-05-2021,0.56,22.2,4.9,31.4,36.3,21.9,10.1,44,121,3.2,10.4,1.3,33.2,76,-0.1,2.3,204,163,744,0,32.06,Vishakapatnam
31-05-2021,0.71,20.7,4.3,36.6,40.9,17.8,11,37,121,3.8,6,1.3,32.4,76,-0.1,2.5,214,84,743,0,31.28,Vishakapatnam
01-08-2021,0.65,7,14,35.7,49.7,26.1,10.5,23,86,3.6,12,2.7,32.7,66,0,2.7,232,144,743,0,28.6,Vishakapatnam
02-08-2021,0.71,6.8,17.8,40.3,58.2,30,8.1,30,105,4.6,12.6,3,33.7,66,0,2.3,236,150,743,0,28.62,Vishakapatnam
03-08-2021,0.7,7.9,13.8,34.3,48.2,32.8,7.5,27,89,3.7,11.6,2.6,33,68,0,2.2,224,149,744,0,28.12,Vishakapatnam
04-08-2021,0.84,6.6,17.1,43.5,60.6,28.4,8.4,27,110,7.8,25,3.2,33.3,68,0,2.3,214,153,744,5,28,Vishakapatnam
05-08-2021,0.8,7.3,15,42.6,57.6,24.8,13.6,28,103,6.5,19,4.4,31.2,73,0,1.7,218,101,742,4.5,28.04,Vishakapatnam
06-08-2021,0.72,7.9,18.7,36.8,55.5,18.1,10.7,24,91,8.6,16.7,4.7,33.1,68,0,2,342,131,742,0,28.92,Vishakapatnam
07-08-2021,0.71,6.4,13.5,35.9,49.4,27,14.6,28,93,5.9,12.5,2.8,31.3,73,-0.1,2.4,342,128,744,0,28.84,Vishakapatnam
08-08-2021,0.65,6.4,8.7,30.7,39.5,18.3,13.3,25,54,2.7,6.2,1.8,31.3,77,-0.1,2.7,342,146,746,0,29.01,Vishakapatnam
09-08-2021,0.72,6,8.5,30.7,39.2,20.9,16.6,27,79,4.6,5.8,1.9,31.8,77,-0.1,2.8,342,152,746,0,28.92,Vishakapatnam
10-08-2021,0.79,6,10.4,39.8,50.2,18.4,15.7,41,109,4.6,8.1,2.7,33.5,73,0,2.4,342,152,745,0,29.54,Vishakapatnam
11-08-2021,0.7,6.6,11.9,38.8,50.7,26,12.7,40,104,4.3,15.5,4.1,34.3,67,0,1.9,328,160,745,0,29.95,Vishakapatnam
12-08-2021,0.66,9,9.6,34.2,43.8,22.1,15.3,28,100,8.2,11.9,3.6,32.7,71,0,1.6,345,177,745,0,29.8,Vishakapatnam
13-08-2021,0.69,16.8,12.1,32.9,45.1,16.4,14.3,28,67,3.8,11.7,2.8,31.4,73,0,2.7,344,191,744,0,29.34,Vishakapatnam
14-08-2021,0.66,16.6,15.4,34.1,49.5,16.8,16.8,25,71,5.4,13.5,2.5,29.6,76,0,2,315,153,743,0,29.47,Vishakapatnam
15-08-2021,0.73,7.7,19.7,42.2,62,19,16,29,83,10.5,14,2.8,30.3,74,0,1.3,329,102,743,0,28.5,Vishakapatnam
16-08-2021,0.74,9.4,32.6,45.5,78.2,21.9,13.1,33,79,12.2,16.5,5.3,29,79,0,1.4,328,95,743,3,28.02,Vishakapatnam
17-08-2021,0.73,7,25.4,35.8,61.2,17.3,13.4,35,99,6.3,21.4,3.4,27.7,82,0,2,342,68,744,1.5,28.07,Vishakapatnam
18-08-2021,0.9,6.8,13.9,38.5,52.5,12.1,17.4,31,93,6.3,8.9,3.1,29.1,78,-0.1,2.7,342,99,744,0,28.57,Vishakapatnam
19-08-2021,0.92,6.8,16,45.1,61.1,16.1,13.6,29,82,5,10.3,3.7,28.7,79,-0.1,1.9,342,79,744,0,28.36,Vishakapatnam
20-08-2021,1.04,6.3,20.6,43.8,64.5,14.9,12.8,31,90,4.1,7.3,2.9,25.9,87,0,1.5,342,36,745,22.5,28.1,Vishakapatnam
21-08-2021,0.71,6.7,15.1,33,48.1,16.9,15.3,24,56,2,6.7,2,28.5,81,0,1.4,328,166,747,1.5,27.89,Vishakapatnam
22-08-2021,0.61,7.1,13.3,29.4,42.7,14.3,16,18,53,1.8,9.3,1.7,28.9,77,-0.1,2,342,165,747,0,27.73,Vishakapatnam
23-08-2021,0.7,6.8,14.3,32.8,47.1,15.6,16.8,21,72,2.6,10.7,1.8,30.2,76,-0.1,2.4,342,152,747,0,28.05,Vishakapatnam
24-08-2021,0.77,6.8,10.7,35.5,46.2,15.3,15.3,35,94,2.4,5.6,1.6,30.9,75,-0.1,2.6,342,163,746,0,28.3,Vishakapatnam
25-08-2021,0.75,7.1,14.3,42.2,56.5,16.9,16.1,50,91,5.1,8.4,2.4,29.3,78,0,2.3,343,128,745,5.5,28.57,Vishakapatnam
26-08-2021,0.84,8.6,14,44.8,58.8,17.3,12.1,43,88,8,16.9,2.9,30.3,75,0,1.7,343,141,743,0,28.43,Vishakapatnam
27-08-2021,0.86,7.7,29.5,60.5,90.1,23.3,12.4,44,121,20.9,26.7,7.7,28.2,81,0,0.9,329,50,743,2,28.05,Vishakapatnam
28-08-2021,0.87,8.1,21.1,45,66.2,18.9,14.5,40,102,9.7,36.2,5.6,27.3,81,0,0.8,304,75,743,0,28.72,Vishakapatnam
29-08-2021,0.7,10.8,13.2,34.5,47.7,17.5,14.6,39,94,5.6,45.1,3.3,28.1,80,0,0.7,329,74,743,0,27.84,Vishakapatnam
30-08-2021,0.62,13.4,7,25.3,32.2,14.9,13.3,21,49,1.8,7,1.4,27.3,82,0,0.8,335,75,744,6.5,27.75,Vishakapatnam
31-08-2021,0.82,9.3,9.9,30.8,40.7,11.9,14.9,17,44,0.1,0.2,0.3,26.9,83,0,0.8,304,94,746,2.5,27.38,Vishakapatnam
01-09-2021,0.67,10.5,24.7,28.7,53.5,11.5,13.9,20,69,0.8,8.8,4,28.8,79,0,1.1,261,171,747,0,27.33,Vishakapatnam
02-09-2021,0.62,13.9,12.6,20.7,33.3,12.2,16.4,18,59,2.5,10,1.8,29.9,76,0,1,302,183,746,0,27.72,Vishakapatnam
03-09-2021,0.66,13,15.3,25.1,40.5,12.4,16,18,71,3.2,14.3,3.2,30.7,76,0,1.1,304,178,745,0,27.78,Vishakapatnam
04-09-2021,0.7,15.3,15.4,28.8,44.3,13.2,16.4,26,90,3.8,17.3,2.6,30.8,75,0,1.5,238,173,744,0,28.41,Vishakapatnam
05-09-2021,0.68,12.3,10.4,29.8,40.2,12.3,17.9,22,54,3.5,15.6,2,28.9,79,0,1.9,239,124,743,31,28.2,Vishakapatnam
06-09-2021,0.72,8.6,22.9,39.2,62.1,9.1,15.8,14,31,5.6,33.4,3.4,25,88,0,1.8,293,41,742,32,27.56,Vishakapatnam
07-09-2021,0.83,8.6,15,37.8,52.8,11,15.6,18,61,5.2,27.3,3.3,27.5,82,-0.1,2.5,262,110,743,13.5,27.83,Vishakapatnam
08-09-2021,0.93,8.2,16.8,46.9,63.7,15.1,13.8,21,77,7.1,32.6,5.5,28,82,0,2,272,93,745,61.5,28.65,Vishakapatnam
09-09-2021,0.93,16.3,22.3,46.1,68.4,19.7,14.4,21,81,5.5,57,6.5,31.4,74,0,1.9,280,137,745,0,28.65,Vishakapatnam
10-09-2021,0.84,8,33.1,33.9,67.2,13.8,15.3,21,51,5.3,32.1,5.5,28.1,82,0,1.1,231,51,744,3,27.92,Vishakapatnam
11-09-2021,0.72,9,32.2,32.4,64.7,10.7,15.6,19,51,0.2,1.4,0.3,27.4,82,0,2.2,298,77,743,0,28.63,Vishakapatnam
12-09-2021,0.83,8.8,31.9,32.9,64.9,13.2,16.6,18,50,0.1,0.1,0.1,26.8,83,0,1.8,301,39,742,0,27.84,Vishakapatnam
13-09-2021,0.72,8.8,26.9,33,60,17.7,16.2,18,67,0.1,0.1,0.1,28.4,81,0,2.4,278,64,741,0,28.36,Vishakapatnam
14-09-2021,0.82,8.8,14.1,32,46.2,20.2,17.4,22,117,0.1,0.1,0.1,30.4,77,-0.1,2.2,249,115,743,0,28.77,Vishakapatnam
15-09-2021,0.92,10.3,15.9,37.9,53.9,29.7,12.9,26,112,0.2,0.3,0.1,30.9,79,-0.1,2.3,253,141,744,1,28.72,Vishakapatnam
16-09-2021,0.73,17.2,8.4,38.6,47,28.8,13.1,30,112,0.1,0.2,0.1,30.7,78,0,1.7,271,137,745,0,28.26,Vishakapatnam
17-09-2021,0.69,23,7.5,38.7,46.3,26.3,14.9,37,125,0.1,0.1,0.1,31.1,76,0,1.9,270,137,744,0,28.03,Vishakapatnam
18-09-2021,0.81,19.9,13,52.2,65.3,21,11.5,34,129,0.1,0.2,0.1,30.1,74,0,1.5,274,133,746,0,27.94,Vishakapatnam
19-09-2021,0.76,21.9,9.6,45,54.7,19.1,17.2,35,97,0.1,0.2,0.1,28.9,78,0,1.5,279,79,747,2,28.51,Vishakapatnam
20-09-2021,0.88,20.9,20.6,52,72.7,18.6,10.3,49,152,0.1,0.2,0.2,29.3,80,0,1.4,269,93,746,0,28.31,Vishakapatnam
21-09-2021,1,14.9,23.3,38.9,62.3,15.9,14.7,41,125,0.2,0.2,0.2,30.9,76,0,1.9,273,116,744,0,28.66,Vishakapatnam
22-09-2021,0.79,9.2,23.5,30.1,53.7,11.8,15.6,31,90,0.1,0.2,0.2,30,77,0,2,242,113,743,0,28.29,Vishakapatnam
23-09-2021,0.82,9.1,18.8,26.9,45.7,17.2,16.3,25,72,0.1,0.2,0.2,29.5,80,0,1.9,245,113,745,1,28.27,Vishakapatnam
24-09-2021,0.7,13,16.7,27.7,44.5,30.1,15.9,26,62,1.2,6.3,1.1,29.9,80,0,1.8,240,146,746,0,27.65,Vishakapatnam
25-09-2021,0.76,20.2,18.1,49.3,67.5,22.6,14.6,27,82,1.9,41,6.1,29.6,79,0,1.7,260,133,745,5.5,28.27,Vishakapatnam
26-09-2021,0.71,11.9,29.2,51.8,81.1,30.1,8.3,31,91,3.1,57.6,8.7,25.7,87,0,2.1,273,18,741,129.5,28.4,Vishakapatnam
27-09-2021,0.4,19,17.8,24.5,42.4,20.7,12.2,8,39,3.1,12.1,2.7,25.2,90,-0.1,3,188,21,740,104,28.04,Vishakapatnam
28-09-2021,1.38,12.1,41.7,62.4,104.2,18.3,9.9,28,67,5.5,60.4,10.6,25.1,88,0,0.8,236,26,745,19.5,28.07,Vishakapatnam
29-09-2021,1.22,20.1,42.6,50.4,93.1,19.1,7.8,38,108,4.5,59.6,9.6,28.8,82,0,0.6,239,150,746,0,27.59,Vishakapatnam
30-09-2021,0.64,16,21.5,28.3,50,15,9.2,23,86,2.2,28.6,4.5,30.1,70,0,0.8,188,164,747,0,28.2,Vishakapatnam
01-10-2021,0.41,12.9,20.6,16.9,37.5,16,11.6,10,54,1.7,13.8,1.8,30.8,77,1.1,171,167,747,,0,27.93,Vishakapatnam
02-10-2021,0.37,16.6,20.6,18.3,38.9,13,13.7,12,56,1.1,13,2.3,30.7,78,1.3,211,156,747,,0,28.12,Vishakapatnam
03-10-2021,0.54,15,19.1,22.3,41.5,12.8,13.7,10,46,1,15.6,2.6,31.1,75,1.3,240,170,747,,0,28.36,Vishakapatnam
04-10-2021,0.52,13.6,21.7,24.9,46.6,11.4,7.7,16,43,1.7,27.6,3.4,31,76,1.2,227,156,747,,0,28.4,Vishakapatnam
05-10-2021,0.33,12.3,22.7,21.5,44.3,15.2,9.7,15,70,1.2,20.3,3.6,31,75,1.8,158,172,746,,0,28.46,Vishakapatnam
06-10-2021,0.25,13.1,4.3,10.3,14.6,18.8,15.1,4,12,0.6,11.3,2.5,31.1,76,1.8,94,165,746,,0,28.05,Vishakapatnam
07-10-2021,0.37,17.8,21.8,21.4,43.3,20.3,11.5,10,54,1.2,16.4,3.4,31.6,75,1.5,214,162,745,,0,28.3,Vishakapatnam
08-10-2021,0.57,14.3,17.2,37.3,54.5,57.7,9.4,21,87,1.7,23.9,5.3,32.2,74,1.9,263,154,745,,0,28.93,Vishakapatnam
09-10-2021,0.65,24.3,12.5,45.9,58.5,87.6,8,44,118,2.7,45.1,3.6,31.3,76,1.7,244,141,745,,0,29.49,Vishakapatnam
10-10-2021,0.58,25.6,13.6,44.8,58.5,56.6,8.6,64,155,2.7,38,6.5,32.2,74,1.4,196,138,745,,0,27.85,Vishakapatnam
11-10-2021,0.58,38.5,6.5,40.8,47.4,42.9,11.3,70,162,3.1,29.7,4.3,32.3,71,1.3,189,135,744,,0,28.41,Vishakapatnam
12-10-2021,0.87,28.9,8.1,57.6,65.7,36.2,9.5,95,210,4.5,59.9,5.7,31.6,73,1.1,190,78,744,,0,28.39,Vishakapatnam
13-10-2021,0.77,36.5,10.1,52.8,62.9,30,10.4,105,234,5.2,49.1,5.3,31.4,75,1.3,225,100,744,,0,28.33,Vishakapatnam
14-10-2021,0.97,31.6,12.2,67.4,79.6,23.5,9.7,87,205,6.4,45.9,7.5,31.6,72,0.9,224,76,743,,0,28.65,Vishakapatnam
15-10-2021,0.7,14.7,11.6,34.7,46.3,24.3,11.2,57,93,5.9,55.4,3.2,28.1,81,1.8,155,43,742,,2.5,27.96,Vishakapatnam
16-10-2021,0.53,20.9,5.6,13.9,19.5,53.5,14.5,13,31,2.4,11.2,1.4,28.4,82,1.7,135,104,742,,47.5,28.14,Vishakapatnam
17-10-2021,0.73,23.5,10.2,36.7,46.9,14.1,9.7,46,97,4.7,25.4,2.4,28,83,1,202,90,745,,0,27.47,Vishakapatnam
18-10-2021,0.66,16.5,8.2,31.7,39.8,21.4,12.2,27,69,4.5,25.2,2.1,30.2,81,1.5,240,112,745,,0,28.44,Vishakapatnam
19-10-2021,1.03,20.3,15.4,48.2,63.6,21,9.4,51,124,6.7,52.6,6.1,30.4,80,1.4,247,92,747,,0.5,28.37,Vishakapatnam
20-10-2021,2,16.1,45.4,80.8,126.4,15.1,7.9,86,206,3.5,30.2,7.7,29.5,82,0.7,231,76,749,,18.5,28.52,Vishakapatnam
21-10-2021,0.88,26.7,6.7,42.1,48.8,16.2,8.8,66,134,1.2,20.4,2.2,30.6,80,1.3,234,117,749,,0,28.13,Vishakapatnam
22-10-2021,0.86,24.5,12.3,39.3,51.6,14,9.7,62,126,1,16.5,28.1,29.7,81,1.4,209,102,749,,11.5,28.26,Vishakapatnam
23-10-2021,0.72,24.3,9.5,31.8,41.3,11.2,12.9,35,100,0.7,9.3,4.8,29.5,77,1.5,123,104,750,,0,27.2,Vishakapatnam
24-10-2021,0.63,39.9,2.4,22.6,25,19.2,13.4,44,101,0.5,9.1,47.9,29.9,72,1.4,56,121,750,,0,25.97,Vishakapatnam
25-10-2021,0.89,47.2,5.6,43.3,49,14.6,15.4,52,176,1.9,16.3,54.1,29.3,68,1.5,170,124,749,,0,26.5,Vishakapatnam
26-10-2021,0.75,35.2,8.8,38,46.8,101.9,8.2,53,165,3.1,12.9,34.4,29.9,67,1.7,125,141,748,,0,26.41,Vishakapatnam
27-10-2021,0.71,34.8,4,19.2,23.2,124.7,13.4,57,110,1.8,6.9,22.5,30.4,68,2.3,84,138,748,,0,26.62,Vishakapatnam
28-10-2021,0.73,30.5,5.3,13.9,19.2,38.2,13.9,66,120,2.2,5.6,5.4,29.6,71,2.6,62,73,749,,0,26.97,Vishakapatnam
29-10-2021,0.66,23.6,5.4,14.4,19.8,12.2,13.7,33,63,1.8,8.4,3.6,28.6,77,2.4,62,117,750,,2,26.8,Vishakapatnam
30-10-2021,0.49,19.5,3.4,12.6,16,13.2,14.8,12,30,0.8,7.2,59.1,28.8,78,2.3,66,136,751,,0,27.28,Vishakapatnam
31-10-2021,0.7,35,2.5,18.6,21.1,12.6,21.3,38,73,1.6,7.6,46.5,28.7,76,2.1,51,101,750,,0,27.34,Vishakapatnam
01-11-2021,0.59,38.7,2.9,13.9,16.8,11.5,17,39,73,1.5,6.8,74.7,29,77,0.1,2.4,67,115,750,0,27.02,Vishakapatnam
02-11-2021,0.42,25.5,4.3,13.7,18,10.6,22.1,17,32,1.2,6.4,22.8,26.3,82,0.1,2.3,62,62,750,5,26.67,Vishakapatnam
03-11-2021,0.56,26.3,6.3,22.1,28.4,10.5,24.3,27,48,1.7,8.1,7.4,25.6,82,0.1,2.3,49,67,750,21,25.98,Vishakapatnam
04-11-2021,0.53,32.8,7.4,22,29.4,8.8,100.3,104,141,1.3,6.8,4.7,25.2,83,0,2,55,78,750,5.5,25.96,Vishakapatnam
05-11-2021,0.62,49.6,4.4,17.3,21.7,2.5,16,56,96,1.7,5.6,4.6,26.8,77,0.1,2.1,67,74,749,0,26.17,Vishakapatnam
06-11-2021,0.68,65.1,5,20.3,25.3,2.2,18.7,82,133,1.9,6.1,3.5,27.4,74,0.1,2.4,68,113,748,0,25.84,Vishakapatnam
07-11-2021,0.82,69,5.9,31.8,37.7,3.7,17.3,74,133,2.4,8,3,26.4,67,0,1.8,45,98,749,0,25.25,Vishakapatnam
08-11-2021,0.79,66.4,4.2,28.1,32.3,29.7,16.6,69,132,2.3,7.4,2.5,26.5,63,0.1,2.2,56,133,749,0,24.38,Vishakapatnam
09-11-2021,0.82,75.6,2.6,27.3,29.9,21.9,16.9,82,135,2.4,7.3,2.1,26.6,66,0.1,2.2,70,117,749,0,24.19,Vishakapatnam
10-11-2021,0.83,57.1,2.9,18.8,21.7,34.3,17.4,85,142,2.5,6.7,1.8,27,67,0.1,2.8,40,101,748,0,24.89,Vishakapatnam
11-11-2021,0.66,19.5,7.1,21.5,28.6,13.6,16.9,51,80,2.9,7.5,1.8,24.7,78,0.1,3.1,21,46,747,9.5,25.15,Vishakapatnam
12-11-2021,0.5,15.4,11.9,19.2,31.1,2.8,17.3,15,22,1.7,8.1,1.7,24.6,87,0.1,2.5,24,48,747,6,26.73,Vishakapatnam
13-11-2021,0.49,15,11.2,21.7,32.9,5.2,17.3,10,20,0.8,9.4,2.2,26.1,86,0,1,70,91,748,35.5,26.74,Vishakapatnam
14-11-2021,0.44,14.8,5.3,18.2,23.5,7,17,8,22,0.4,7.5,1.6,26.8,84,0,0.7,62,102,748,12.5,26.74,Vishakapatnam
15-11-2021,0.42,16,4.3,14.6,18.9,16.9,17,10,24,0.5,6.6,1.5,28.3,81,0,1,71,129,747,0,26.66,Vishakapatnam
16-11-2021,0.53,17.8,8.3,17.4,25.8,46.9,16.9,22,27,0.8,9.6,2,27.4,83,0.1,1.3,109,124,747,6,26.63,Vishakapatnam
17-11-2021,0.6,25.7,3.8,11.4,15.3,39.2,17.5,51,95,1.4,5.4,0.8,27.7,79,0.1,2.6,69,116,748,0,26.75,Vishakapatnam
18-11-2021,0.77,41.1,2.6,21.5,24.1,45.9,17.3,81,128,2.3,9.4,0.9,25.2,74,0.1,2.7,53,32,747,0,26.26,Vishakapatnam
19-11-2021,0.7,32.9,3.1,22.1,25.2,55.4,16.1,58,85,2.3,10.9,0.9,24.2,80,0.1,2.5,47,33,746,6,26.33,Vishakapatnam
20-11-2021,0.56,27.4,5.4,21.3,26.7,50.5,17.1,34,54,1.8,9.4,1,25.7,85,0,1.8,75,72,746,21,26.78,Vishakapatnam
21-11-2021,0.52,22.9,4,17.6,21.6,40,17.4,24,47,1.3,8.4,0.8,27.5,82,0.1,1.5,79,118,748,0,26.93,Vishakapatnam
22-11-2021,0.61,19.7,29.8,30.2,60,30.9,14.9,28,83,4.2,11.7,2.4,28,81,0,1.2,196,139,748,0,26.78,Vishakapatnam
23-11-2021,0.59,22.1,17.2,28.3,45.6,28.1,15.3,27,86,2.7,14.3,1.7,28.4,79,0,0.9,181,118,748,0,26.7,Vishakapatnam
24-11-2021,0.54,24.9,3.8,19.7,23.6,27.7,15.8,33,59,1.6,8.4,1,28.5,78,0.1,1.4,63,129,748,0,26.6,Vishakapatnam
25-11-2021,0.66,51.9,2.2,16.8,19,32,16.4,76,121,2.1,6.9,0.8,27.7,79,0.1,1.5,75,110,749,0,26.21,Vishakapatnam
26-11-2021,0.61,50.9,2.8,20.1,22.9,30.3,17,72,115,1.7,5.4,8,28,76,0.1,1.5,66,119,749,0,25.71,Vishakapatnam
27-11-2021,0.53,45,2.7,18.1,20.8,31.3,17.8,82,127,1.4,4.6,0.5,27.7,70,0.1,2.1,64,103,749,0,25.04,Vishakapatnam
28-11-2021,0.57,71.4,2.8,17.3,20.1,29,16.5,102,149,2,4.1,0.4,26.6,68,0.1,2.6,72,71,750,0,24.84,Vishakapatnam
29-11-2021,0.66,58,3.8,32.8,36.6,32.9,16.3,66,134,2.7,7.8,0.9,26.8,62,0.1,1.9,56,101,750,0,24.23,Vishakapatnam
30-11-2021,0.6,85.9,2.6,29.1,31.7,41.9,17.5,70,127,2.3,11.7,0.8,25.7,62,0.1,1.9,62,117,751,0,23.5,Vishakapatnam
01-12-2021,0.66,77.9,3,33.7,36.8,38.4,17.9,82,140,2.8,8.4,0.7,24.7,64,0.1,1.9,50,116,751,0,22.92,Vishakapatnam
02-12-2021,0.55,81,3,29.4,32.4,35.2,18.3,66,118,2.6,6.8,0.6,25.2,66,0.1,1.7,54,116,750,0,23.51,Vishakapatnam
03-12-2021,0.48,39,7.2,26.3,33.5,24.3,16.4,49,89,2.4,7.3,0.7,23.7,71,0.1,3.2,22,27,750,0,23.6,Vishakapatnam
04-12-2021,0.33,18.1,8.4,17.6,26,11.5,16.7,26,41,1.5,5.3,0.7,23.6,74,0.2,3.9,43,50,748,0.5,24.82,Vishakapatnam
05-12-2021,0.38,28.2,8.2,21.9,30.1,12.1,15.9,28,43,1.8,7.2,0.8,26.5,75,0,1.2,112,86,748,0,24.99,Vishakapatnam
06-12-2021,0.37,32.5,5.7,18.3,24,12.7,18.2,20,37,1.8,7.2,0.7,25.7,77,0.1,1.1,77,83,749,0,25.1,Vishakapatnam
07-12-2021,0.37,37.4,5.3,17.8,23.1,12.6,17.3,28,53,1.7,11.2,0.6,26.6,78,0.1,1.1,66,124,750,0,24.93,Vishakapatnam
08-12-2021,0.38,42.6,4.8,16.8,21.6,12.8,16,35,83,1.9,6.7,0.5,25.9,73,0.1,2.1,67,79,751,0,25.16,Vishakapatnam
09-12-2021,0.46,23.4,8.2,27.7,35.9,11.7,16.6,29,63,2.4,8.8,1.1,25,75,0.1,1.8,37,63,752,0,24.76,Vishakapatnam
10-12-2021,0.36,39.7,6.9,25.5,32.4,11.7,16.7,24,60,1.8,7.4,0.7,24.9,75,0.1,2,77,121,753,0,24.84,Vishakapatnam
11-12-2021,0.35,39.7,4.5,19.1,23.6,12.4,17.6,22,55,1.5,6.4,31,26.3,76,0.1,1.7,68,122,752,0,25,Vishakapatnam
12-12-2021,0.4,54.3,3,16.4,19.5,12.1,8.5,41,83,1.6,5,66.9,26,72,0.1,2.6,58,112,752,0,24.45,Vishakapatnam
13-12-2021,0.56,27.8,3.9,20.7,24.6,12,11.6,86,146,2.6,5.9,17.9,25.2,73,0.1,2.4,59,106,752,0,23.8,Vishakapatnam
14-12-2021,0.56,41.9,4.4,25.7,30.1,10.8,13.3,81,139,2.4,7.8,80.4,24.5,69,0.1,2.2,65,113,751,0,23.32,Vishakapatnam
15-12-2021,0.65,37.9,6.5,41.3,47.8,9.2,12.5,87,154,3.1,9.5,47.3,23.3,65,0,1.9,45,97,751,0,22.73,Vishakapatnam
16-12-2021,0.57,37.9,5.8,40.7,46.5,9.6,15.4,77,141,2.6,10.1,24.9,23.3,64,0.1,1.7,74,120,752,0,22.5,Vishakapatnam
17-12-2021,0.52,35.4,6.5,45.4,51.8,9,14.4,53,112,2.3,8.5,15.3,22.3,59,0,1.7,77,118,752,0,21.78,Vishakapatnam
18-12-2021,0.58,31.3,11.5,57.6,69,8.4,11.1,64,163,3.3,13.1,11.7,22.4,61,0.1,1.5,138,126,751,0,21.98,Vishakapatnam
19-12-2021,1.13,36.9,12.4,54.6,67,9.2,15.4,85,167,3.5,11.9,10,22.9,66,0,0.8,169,114,752,0,22.4,Vishakapatnam
20-12-2021,0.76,30.6,10.1,61.4,71.6,7.7,16.5,106,201,4.3,12.1,9.2,22.7,68,0,0.8,139,110,752,0,21.78,Vishakapatnam
21-12-2021,0.67,39,14.7,51.9,66.7,11.4,17.8,54,125,3,10.1,6.5,22,62,0,1.2,99,113,751,0,21.78,Vishakapatnam
22-12-2021,0.98,30,38.2,87.9,126.2,7.7,16.3,102,232,6.7,22.9,10.7,21.2,73,0,0.6,225,114,750,0,22.52,Vishakapatnam
23-12-2021,1.04,24.1,33.3,77.9,111.4,9.2,17,114,227,6.2,21.9,8.5,21.4,79,0,0.5,235,107,750,0,22.84,Vishakapatnam
24-12-2021,0.88,33.8,36,62,98.1,10,8.8,106,202,6.4,19.8,6.6,21.8,80,0,0.6,230,107,750,0,22.52,Vishakapatnam
25-12-2021,0.66,18.2,22.9,55.6,78.5,11.7,13.7,75,147,3.6,13.8,4.9,22.5,80,0,0.6,242,97,750,0,23.65,Vishakapatnam
26-12-2021,0.65,20.1,17,52.1,69.1,11,16.8,67,129,3.3,20.8,4.2,23.8,78,0,0.6,238,100,752,0,23.97,Vishakapatnam
27-12-2021,0.65,20.7,17.3,50.8,68.1,10.4,11,62,134,3.6,13.8,5.2,24.3,76,0,0.5,195,107,752,0,23.86,Vishakapatnam
28-12-2021,0.7,22.3,35.1,53,88.1,10.9,11.7,65,145,3.8,13.9,5.1,24.2,75,0,0.6,149,108,752,0,23.47,Vishakapatnam
29-12-2021,0.47,29.2,5,24.7,29.7,11.9,15,56,102,2.4,8.8,2.4,24.2,78,0.1,0.7,57,85,751,0,23.71,Vishakapatnam
30-12-2021,0.44,27.9,5.1,19.8,24.9,11.5,16.4,54,108,2.3,6.7,2,23.2,74,0.1,1.7,64,108,753,0,23.84,Vishakapatnam
31-12-2021,0.38,31.6,4.2,21.1,25.3,11.9,16.8,30,68,1.8,5.5,1.6,23.3,71,0.1,1.6,63,119,754,0,23.16,Vishakapatnam
01-01-2022,0.46,37.6,4.5,20.1,24.6,12.7,18,59,99,2.2,5.8,1.2,22.8,74,0.1,1.3,74,116,754,0,23.13,Vishakapatnam
02-01-2022,0.47,34.4,4.7,22.7,27.4,11.4,20.3,69,113,2.2,4.6,1.2,23,74,0.1,0.7,79,114,752,0,22.71,Vishakapatnam
03-01-2022,0.58,37.7,6.9,35.2,42.1,10.6,25.8,75,129,3.8,9.5,1.7,21.9,71,0.1,0.8,69,117,752,0,22.09,Vishakapatnam
04-01-2022,0.49,34.7,6.8,37.8,44.6,11.2,19.6,61,112,3,7.9,2.1,22,69,0,0.6,73,123,752,0,21.75,Vishakapatnam
05-01-2022,0.65,42.2,11.3,44.1,55.4,10.4,16.1,70,134,3.7,10.5,2.5,22.3,74,0,0.6,116,119,752,0,22.37,Vishakapatnam
06-01-2022,0.74,10.4,17,60.3,77.3,8.9,15.5,86,187,5.5,16.6,4,22.6,76,0,0.5,162,115,751,0,22.55,Vishakapatnam
07-01-2022,0.62,40.5,6.4,33.1,39.5,11.5,16.6,76,128,2.9,9.7,1.7,23.1,78,0.1,0.7,87,113,752,0,22.84,Vishakapatnam
08-01-2022,0.78,33.9,11.6,50,61.6,9.5,17.1,113,191,5.1,17.2,3.6,23,77,0,0.7,136,112,752,0,22.62,Vishakapatnam
09-01-2022,1.18,,14.8,52.8,67.7,9.4,15.4,102,181,9.1,16.2,3.7,23.2,77,0,0.5,193,109,750,0,22.57,Vishakapatnam
10-01-2022,0.63,22.3,35.2,55.9,91.1,9.9,12.7,60,129,6,18,4.3,23.5,78,0,0.6,162,113,751,0,23.29,Vishakapatnam
11-01-2022,0.47,14.9,16.4,38.1,54.5,11.9,15.2,37,83,3.4,11.2,2.8,23.9,77,0,0.6,126,119,750,0,23.38,Vishakapatnam
12-01-2022,0.34,21.3,4.6,21.8,26.4,12.6,14.5,26,56,1.9,5.9,1.3,24.2,77,0.1,0.6,82,104,750,0,23.69,Vishakapatnam
13-01-2022,0.42,20.7,5.3,25.9,31.2,12,16.4,30,63,2.1,6.8,1.5,22.9,82,0.1,0.9,73,80,750,17.5,24.56,Vishakapatnam
14-01-2022,0.51,19.4,5.1,20.3,25.4,12.2,16.1,39,61,2.2,6.1,0.9,22.3,83,0.1,2.2,58,115,750,6.5,24.91,Vishakapatnam
15-01-2022,0.37,23.2,3.6,12.7,16.3,12.7,16,36,61,1.9,3.8,0.6,22.6,80,0.1,1.1,68,115,750,0,23.53,Vishakapatnam
16-01-2022,0.37,30.8,3.4,12.6,16,12.4,17.2,45,71,1.5,2.7,0.4,22.7,76,0.1,1.1,64,127,752,0,22.73,Vishakapatnam
17-01-2022,0.44,36.3,4.3,21.2,25.5,11.9,18.5,69,108,1.9,5.1,0.8,22.5,75,0.1,0.8,57,128,753,0,22.71,Vishakapatnam
18-01-2022,0.49,36.7,5,27.3,32.3,10.8,19.8,70,113,2.3,6.6,1.1,22,71,0,0.8,72,127,751,0,22.63,Vishakapatnam
19-01-2022,0.72,25.7,32.2,69,101.3,8.9,26.9,98,206,5.1,16,5.1,22,74,0,0.4,218,126,750,0,22.68,Vishakapatnam
20-01-2022,0.62,23.1,24.1,61.3,85.4,10.4,18.3,96,164,4.9,14.2,3.6,22.7,79,0,0.5,233,121,748,0,23.55,Vishakapatnam
21-01-2022,0.6,13.6,10.3,52.3,62.6,10.7,25.7,81,161,2.9,23.6,1.8,23.6,79,-0.1,0.8,269,108,748,0,24.04,Vishakapatnam
22-01-2022,0.59,18.1,14.9,50.4,65.4,11,29.2,76,144,4.2,24,1.9,24.2,77,0,0.5,255,138,747,0,24.07,Vishakapatnam
23-01-2022,0.56,13.6,27.1,49.1,76.3,11.3,18.2,68,164,3.3,10.7,2.5,24.8,78,-0.1,0.8,251,108,747,0,24.74,Vishakapatnam
24-01-2022,0.39,17.5,9.6,34.7,44.3,12.2,20.2,49,96,2,19.7,1.2,24.8,81,0,0.6,227,88,747,4,24.53,Vishakapatnam
25-01-2022,0.35,24.6,8.6,28.3,36.9,12.5,14.7,46,93,2.1,5.7,1.1,24.4,79,0.1,1.1,140,127,748,0,24.64,Vishakapatnam
26-01-2022,0.34,25.5,5.1,22.4,27.6,12.5,15.6,33,83,1.8,6.1,1,23.9,77,0.1,1,101,125,749,0,23.93,Vishakapatnam
27-01-2022,0.41,27.6,12.4,37.5,49.9,11.5,17.5,67,212,3.4,9.1,2,23.8,75,0.1,0.8,137,118,749,0,23.12,Vishakapatnam
28-01-2022,0.41,41.5,4,24.2,28.2,11.6,18.9,74,187,2.2,5.5,0.9,22.3,70,0.1,1.2,65,129,751,0,22.17,Vishakapatnam
29-01-2022,0.49,37.8,8.9,40.1,49,10.3,18.3,55,138,3.2,10,2.7,21.4,65,0.1,1.5,79,141,751,0,21.54,Vishakapatnam
30-01-2022,0.61,30.9,20.4,68.8,89.3,9.7,14.2,83,212,4.7,19.2,4.9,20.9,73,0,0.6,232,141,750,0,22.61,Vishakapatnam
31-01-2022,0.67,26.2,25.5,70.5,96,10.2,12.4,92,233,5.7,18,4.6,22.4,76,0,0.7,240,136,749,0,23.23,Vishakapatnam
01-02-2022,0.63,16.3,12.5,60.1,72.6,10.6,15.9,61,154,3.5,24.3,1.8,22.9,77,-0.1,0.9,250,143,749,0,24.21,Vishakapatnam
02-02-2022,0.4,18.9,13.4,46.3,59.7,10,14.7,39,103,2.6,20,1.9,23.6,77,-0.1,1.1,231,137,749,0,24.22,Vishakapatnam
03-02-2022,0.35,16.8,7,37.7,44.7,10.6,14.5,28,64,1.8,7.7,1.9,25.3,71,-0.1,1.8,226,161,748,0,23.95,Vishakapatnam
04-02-2022,0.4,11.3,10.6,46.3,57,10.2,13,37,101,3,24.1,1.9,24.4,76,-0.1,1.5,248,103,747,0,24.63,Vishakapatnam
05-02-2022,0.33,23,7.3,36.2,43.6,11.5,14.8,33,107,1.9,11.8,1.4,25.1,68,0.1,0.7,167,146,749,0,23.98,Vishakapatnam
06-02-2022,0.39,,10.9,42.9,53.8,11,15.6,43,,2.4,8.9,2.1,23.7,67,0.1,0.9,151,142,751,0,23.57,Vishakapatnam
07-02-2022,0.5,32.6,20.1,60.5,80.6,10.8,13,53,116,4.1,15,4.2,23.6,72,0,0.6,224,146,751,0,24.54,Vishakapatnam
08-02-2022,0.46,25.8,22.6,59,81.7,11,11.7,51,158,3.8,20.8,3.3,24.4,73,0,0.7,213,147,750,0,24.22,Vishakapatnam
09-02-2022,0.47,29,35.6,53.9,89.6,12.7,9.2,51,163,3.6,11.4,3.1,24.6,71,0,0.3,182,147,751,0,24.12,Vishakapatnam
10-02-2022,0.42,25.8,23,60.8,83.8,10.4,11.9,59,171,0.8,1.4,0.3,23.9,72,0,0.5,215,146,750,0,24.67,Vishakapatnam
11-02-2022,0.39,20.4,29.4,44,73.4,13.3,10.7,38,130,0.1,0.1,0.1,24.9,75,0.1,0.7,182,139,750,0,24.87,Vishakapatnam
12-02-2022,0.4,44.4,3.5,18.3,21.8,12.2,15.7,80,134,0.1,0.1,0,25.9,71,0.1,1.4,109,147,749,0,24.3,Vishakapatnam
13-02-2022,0.35,48.2,4.2,27.6,31.8,10.8,17.2,60,117,0.1,0.1,0,24,65,0.1,1,81,152,749,0,23.81,Vishakapatnam
14-02-2022,0.36,43.3,11.7,51.5,63.1,10.8,14.4,54,139,0.1,0.1,0,23.2,65,0.1,1.1,161,152,749,0,23.51,Vishakapatnam
15-02-2022,0.45,24.7,10,60,70.1,9.9,15.4,61,142,0,0.1,0,23.8,65,0,1,196,152,749,0,23.85,Vishakapatnam
16-02-2022,0.6,30,26.7,76,102.8,10.1,13.8,86,200,0.1,0.3,0.1,23.8,70,0,0.5,221,147,747,0,24.51,Vishakapatnam
17-02-2022,0.43,29.2,27,60.7,87.7,10,8.7,81,178,0,0,0,24.9,73,0,0.5,179,141,747,0,25.46,Vishakapatnam
18-02-2022,0.42,32.5,17,47.4,64.4,11.6,15.8,82,165,1.2,0.6,0.7,25.4,75,0.1,0.6,179,128,748,0,25.58,Vishakapatnam
19-02-2022,0.43,38,14,40.8,54.8,11.7,14.5,85,157,0.1,0.1,0,26.5,76,0,0.6,201,135,749,0,25.76,Vishakapatnam
20-02-2022,0.41,19.6,9.8,51.4,61.1,10.6,16.6,86,185,0.1,0.1,0,26.8,75,-0.1,1.5,264,134,747,0,26.67,Vishakapatnam
21-02-2022,0.34,18.9,9.2,44.7,53.9,11.4,14.6,53,109,0.1,0.2,0.1,27.2,69,-0.1,1,241,145,747,0,27.08,Vishakapatnam
22-02-2022,0.29,29.3,8.7,32.4,41.1,12.1,14.6,50,99,0.2,0.1,0.1,27.7,78,0,0.6,208,147,749,0,26.21,Vishakapatnam
23-02-2022,0.28,16.3,17.5,32.7,50.3,12.7,10.9,39,96,0,1.8,0.4,27.7,75,0.1,0.7,188,155,751,0,26.04,Vishakapatnam
24-02-2022,0.34,14.9,21.7,33.4,55.1,12.7,15.6,31,79,0,0.1,0.2,27.2,74,0,0.7,204,158,752,0,25.94,Vishakapatnam
25-02-2022,0.29,17,18.8,40.7,59.6,11.4,12,41,100,0.1,0.3,0.2,26.3,73,0,0.6,223,156,751,0,25.72,Vishakapatnam
26-02-2022,0.41,18.1,29.6,43.2,72.9,12.5,9.1,42,108,0,0.1,0,26.2,72,0.1,0.8,165,183,752,0,25.7,Vishakapatnam
27-02-2022,0.39,10.5,21.6,42.8,64.5,11.7,13.5,34,97,0,0,0,25.7,72,0.1,0.5,200,179,751,0,25.49,Vishakapatnam
28-02-2022,0.48,,30.1,66.3,96.5,8.9,10.1,51,141,0,0,0,25.8,70,0,0.4,219,173,751,0,26.14,Vishakapatnam
01-03-2022,0.51,31.3,31.1,66.1,97.3,9.9,9,64,149,0,0,0,26.6,73,0,0.5,216,167,751,0,26.79,Vishakapatnam
02-03-2022,0.26,15.2,30.5,44.4,75,12.7,10.7,28,87,0,0,0,27.4,67,0.1,0.6,168,162,750,0,26.85,Vishakapatnam
03-03-2022,0.3,20.3,15.5,33,48.5,12.3,10.5,37,102,0,0,0,27.6,72,0,0.8,110,158,750,0,26.62,Vishakapatnam
04-03-2022,0.37,25.4,18.2,51.5,69.8,12.3,13.7,60,146,0,0,0,27.8,67,0,0.6,154,167,750,0,26.78,Vishakapatnam
05-03-2022,0.49,26.2,35.4,67.8,103.3,11.2,11.4,57,159,0,0,0,29.1,58,0,0.4,202,137,749,0,27.14,Vishakapatnam
06-03-2022,0.46,,31.6,68.2,99.9,10.9,13.5,55,179,0,0,0,28.6,62,0,0.7,246,149,749,0,27.44,Vishakapatnam
07-03-2022,0.47,,16.6,63.1,79.8,11.6,15.9,62,144,0,0,0,28.4,68,0,0.7,231,158,749,0,27.49,Vishakapatnam
08-03-2022,0.39,21.9,15.5,47.1,62.7,11.9,7.6,51,134,0,0,0,27.9,73,0,0.8,224,157,749,0,27.76,Vishakapatnam
09-03-2022,0.46,13.4,16.9,55.4,72.4,11.3,11.4,62,155,0,0,0,28.4,73,0,0.6,225,155,748,0,27.72,Vishakapatnam
10-03-2022,0.5,22.6,19.7,66.4,86.1,10.6,13,80,180,0,0,0,28.6,71,0,0.6,232,154,748,0,27.81,Vishakapatnam
11-03-2022,0.5,28.2,17.6,64.3,81.9,10.8,9.5,71,179,0,0,0,28.9,68,0,0.6,225,159,748,0,28.03,Vishakapatnam
12-03-2022,0.77,23.3,23.1,74.9,98.1,10.3,13.2,75,193,0,0,0,29.3,64,0,0.7,226,150,748,0,27.94,Vishakapatnam
13-03-2022,0.54,25.9,30,72.5,102.6,11.2,9.1,80,205,0,0,0,28.7,67,0,0.6,226,127,748,0,28.4,Vishakapatnam
14-03-2022,0.71,25.8,20.9,80,100.9,9.6,13.1,76,179,0,0,0,29.8,61,0,0.5,240,160,748,0,28.71,Vishakapatnam
15-03-2022,0.64,21.9,28,90.1,118.2,7.5,11.7,91,227,0,0,0,28.1,66,0,0.3,242,109,747,0,28.35,Vishakapatnam
16-03-2022,0.58,22.2,8.6,63.5,72.1,7.9,14.8,63,172,0,0,0,31.1,64,-0.1,0.9,248,162,745,0,28.91,Vishakapatnam
17-03-2022,0.42,14.3,6.8,41.6,48.4,11.7,13.2,48,124,0,0,0,29.4,75,-0.1,1.2,242,158,745,0,28.54,Vishakapatnam
18-03-2022,0.32,15.6,6.1,32.9,39,12.9,13.6,41,95,0,0,0,28.2,77,-0.1,0.7,224,149,745,0,27.96,Vishakapatnam
19-03-2022,0.37,11.5,13.2,43.3,56.5,12.3,14.2,40,113,0,0,0,28.4,75,-0.1,0.9,233,144,746,0,27.83,Vishakapatnam
20-03-2022,0.66,8,11.1,36.1,47.2,12.5,11.8,39,118,2.2,2.8,0.6,29.5,76,-0.1,1,238,128,744,0,28.25,Vishakapatnam
21-03-2022,0.59,13.9,5.4,24.5,30,14.3,12.4,48,108,1.3,6.4,0.9,30.2,78,-0.1,1,225,138,744,0,28.8,Vishakapatnam
22-03-2022,0.77,22.9,5.6,25.5,31.1,13.8,13.7,52,118,0.9,5.2,1.1,30.7,79,-0.1,1,229,130,745,0,28.81,Vishakapatnam
23-03-2022,0.69,24.4,4.8,19.6,24.4,14.1,12.9,52,113,0.4,3.2,0.8,30.1,80,-0.1,1.2,217,131,745,0,28.79,Vishakapatnam
24-03-2022,0.73,16.2,6.5,24.4,30.9,12.5,12.8,51,118,0.8,9.1,1,29.8,79,-0.1,1.2,242,113,745,0,28.54,Vishakapatnam
25-03-2022,0.77,13.2,11.3,28.8,40.1,10.9,15,43,121,1.2,7.6,1.3,30.1,77,-0.1,1.3,251,149,746,0,28.72,Vishakapatnam
26-03-2022,0.77,10,16.3,30.2,46.4,11.1,19.9,43,133,1.7,6.4,1.2,30.7,73,-0.1,1.4,251,147,747,0,29.01,Vishakapatnam
27-03-2022,0.74,10.9,23.7,27.8,51.6,6.7,28.3,44,135,1.8,8.1,1.2,31.1,74,-0.1,1.2,249,140,747,0,29.74,Vishakapatnam
28-03-2022,0.65,10.1,14.3,20,34.4,5.5,17.4,32,102,1.6,5.7,1.1,31.1,74,-0.1,1.4,255,135,747,0,29.72,Vishakapatnam
29-03-2022,0.68,9.5,16.6,19.4,36.1,7.7,22.2,30,111,1.6,6.6,1.3,30.9,76,-0.1,1.4,254,133,746,0,29.54,Vishakapatnam
30-03-2022,0.65,10.2,8.9,16.9,25.8,4,12.5,27,107,1.2,5.1,1.2,30.9,76,-0.1,1.7,246,133,746,0,29.52,Vishakapatnam
31-03-2022,0.86,13,6.3,14.5,20.8,2.6,13.6,30,111,0.8,3.6,1,31.2,78,-0.1,1.6,237,119,746,0,29.19,Vishakapatnam
01-04-2022,0.59,11,7.5,13.6,21.2,3,13.5,22,90,1.3,4.9,1.1,30.9,76,-0.1,1.7,244,135,746,0,29.04,Vishakapatnam
02-04-2022,0.6,11.9,7.9,12,19.9,4.2,14.1,21,91,1,4.1,0.9,30.6,75,-0.1,1.8,248,134,747,0,29.07,Vishakapatnam
03-04-2022,0.64,12.2,14.2,16.3,30.5,4.3,21.2,23,94,2.1,4.6,0.9,30.7,75,-0.1,1.5,244,146,747,0,29.12,Vishakapatnam
04-04-2022,0.48,12,8,8.9,17,3.7,17.2,13,51,0.6,4.2,0.9,30.6,75,-0.1,2,233,159,748,0,28.93,Vishakapatnam
05-04-2022,0.54,15.1,8.3,17,25.4,11.2,17.8,12,41,0.9,4.1,1,31.6,73,-0.1,2.1,220,206,749,0,28.86,Vishakapatnam
06-04-2022,0.51,13.9,10.5,25.3,35.8,13.9,17.6,18,75,1.1,6.2,1,29.9,77,-0.1,1.3,232,146,749,0,28.64,Vishakapatnam
07-04-2022,0.62,25.3,9.4,28.2,37.6,14.4,15.2,27,84,2.1,5.9,1.1,29.8,77,-0.1,1.2,231,146,748,0,28.79,Vishakapatnam
08-04-2022,0.7,19.4,12.2,28.4,40.6,13.4,14.6,18,58,1.6,6.4,1.1,30.1,77,-0.1,1.4,240,148,748,0,28.91,Vishakapatnam
09-04-2022,0.72,10.9,12.2,28.1,40.3,13.6,14,20,54,1.9,12.3,1.1,30.8,77,-0.1,1.5,241,146,747,0,28.71,Vishakapatnam
10-04-2022,0.61,,7.3,24.9,32.2,13.2,13.7,12,28,1.3,4.4,0.8,31.1,75,-0.1,1.6,230,138,746,0,28.94,Vishakapatnam
11-04-2022,0.6,6.7,10.8,25.3,36.2,13.4,14.1,15,36,1.5,5.4,1.1,31,75,-0.1,1.6,224,145,746,0,29.29,Vishakapatnam
12-04-2022,0.49,12.3,10.4,24.5,35,13.4,8.1,11,38,0.8,4.8,1,31.4,75,-0.1,1.8,227,148,745,0,29.16,Vishakapatnam
13-04-2022,0.53,11.2,11.9,25.1,37.1,13.4,14.6,14,57,0.9,5.5,1,31.7,75,-0.1,2,233,151,745,0,29.43,Vishakapatnam
14-04-2022,0.51,12.9,15,30.2,45.2,13.3,14.4,15,78,1.4,5.8,1.2,32.4,73,-0.1,2.1,233,146,745,0,29.32,Vishakapatnam
15-04-2022,0.52,18.4,15.1,29.6,44.7,13.4,15,16,80,1.4,6.9,1.4,31.9,75,-0.1,2.2,234,139,744,0,29.97,Vishakapatnam
16-04-2022,0.64,11.4,15.2,31.8,47,13.4,12,23,99,2.8,7.8,1.6,32.5,73,-0.1,1.8,233,144,744,0,29.94,Vishakapatnam
17-04-2022,0.5,11.5,8.3,29.3,37.6,13.9,15.7,18,75,2.2,5,1.1,32.7,74,-0.1,1.5,233,116,745,0,29.27,Vishakapatnam
18-04-2022,0.59,10.1,11.8,35.3,47.1,13.4,12.9,24,89,3.9,7.5,1.4,32.8,74,-0.1,1.8,238,141,745,0,30.15,Vishakapatnam
19-04-2022,0.6,15.2,8,40.8,48.8,12.5,14,28,94,2.2,8.2,1.3,32.2,73,-0.1,1.8,240,139,746,0,29.99,Vishakapatnam
20-04-2022,0.52,10.8,8.6,28.1,36.8,14.1,12.4,23,74,1.4,5.3,1.1,32,77,-0.1,2.1,234,140,745,0,30.11,Vishakapatnam
21-04-2022,0.58,9.1,9.3,22.6,31.9,13.7,14.9,18,75,2.2,4.4,1.2,31.8,75,-0.1,2,221,108,745,0,29.21,Vishakapatnam
22-04-2022,0.61,12.5,12.7,27.8,40.6,14,14.3,15,67,1.6,11.3,1.3,32.7,71,0,1.7,251,140,746,0,29.74,Vishakapatnam
23-04-2022,0.59,11,17.3,33,50.4,13.1,16.6,16,73,1.4,6.1,1.4,32.9,72,-0.1,1.9,241,140,746,0,30.64,Vishakapatnam
24-04-2022,0.59,17.8,16.2,42.2,58.5,12.5,22.1,25,102,1.5,8,1.3,34.1,68,0,1.5,246,134,744,0,31.25,Vishakapatnam
25-04-2022,0.86,7.6,16.5,40.6,57.2,12.9,12,30,117,2.1,7.1,1.6,32.9,76,-0.1,1.6,238,136,744,0,30.96,Vishakapatnam
26-04-2022,0.69,9.6,14,38,52,12.9,21.9,23,106,1.8,8,1.4,32.6,74,-0.1,1.9,231,141,745,0,30.77,Vishakapatnam
27-04-2022,0.73,4,17.3,34.5,51.9,13.3,16.2,25,105,1.6,7.1,1.4,32.9,75,-0.1,1.9,237,138,745,0,30.8,Vishakapatnam
28-04-2022,0.72,5.9,19.6,36.3,55.9,11.6,15.6,27,113,2.7,7,1.1,33.1,74,-0.1,1.9,238,120,745,0,31.15,Vishakapatnam
29-04-2022,0.58,7.6,18,34.1,52.1,13,13.5,27,113,0.7,8.2,1.4,32.5,74,-0.1,1.7,240,137,745,0,31.89,Vishakapatnam
30-04-2022,0.49,9.1,7.7,32.9,40.6,13.1,17.5,31,123,1.2,5.2,1.2,33.3,75,-0.1,2.2,236,136,743,0,31.28,Vishakapatnam
01-05-2022,0.22,12.1,9.8,30.7,40.6,12,13.2,24,93,2.3,5.8,0.9,32.7,77,2,224,125,742,,0,30.97,Vishakapatnam
02-05-2022,0.53,17.9,5.9,21.3,27.2,14.8,13.1,25,83,1,4.1,0.8,32.8,77,1.9,209,124,742,,0,30.85,Vishakapatnam
03-05-2022,0.51,17.9,10.6,26,36.7,12.6,11.7,26,75,1.4,5.1,0.9,31.1,75,2.6,216,136,743,,11,29.58,Vishakapatnam
04-05-2022,0.31,20.2,12.6,40.5,53.1,12.6,13.6,37,109,3.6,10,1.8,31.9,75,1.3,229,115,745,,9.5,29.74,Vishakapatnam
05-05-2022,0.39,16.7,12.1,41.1,53.2,11.7,10.7,32,96,1.4,7.5,1.7,31.6,74,1.9,251,136,744,,0,30.51,Vishakapatnam
06-05-2022,0.26,20.6,17.7,48.7,66.5,12.3,11.7,41,127,2.8,15.6,2.3,31.5,73,1.2,207,137,745,,0,30.38,Vishakapatnam
07-05-2022,0.39,22.5,11.2,41.8,53,12.7,11.3,36,119,2.2,11.1,1.6,33.1,70,1.2,195,130,745,,0,30.94,Vishakapatnam
08-05-2022,0.32,27.6,12.5,25.7,38.3,13.5,13.4,32,100,0.9,6.3,1.4,32.4,74,1.6,127,142,743,,0,30.35,Vishakapatnam
09-05-2022,0.22,22.3,4.8,11.7,16.5,13,15,16,59,0.7,3.2,0.6,32.4,71,3.3,43,128,741,,0,29.34,Vishakapatnam
10-05-2022,0.19,29.2,4.1,13.3,17.4,13.7,15.9,22,47,0.7,5,0.7,28.6,82,3.4,55,51,740,,50.5,29.03,Vishakapatnam
11-05-2022,0.28,53.1,3,10.2,13.2,14.6,15.2,33,89,0.6,3.3,0.5,29.8,81,2.5,110,57,741,,5,28.97,Vishakapatnam
12-05-2022,0.2,42.8,3.7,12.2,15.9,14,14.8,33,84,0.4,2.6,0.6,31.7,77,1.1,175,141,743,,2,29.04,Vishakapatnam
13-05-2022,0.2,30.8,5,23.4,28.4,13.8,14.5,38,90,0.8,4.3,0.7,32.1,76,1.2,205,162,742,,0,29.2,Vishakapatnam
14-05-2022,0.35,25.7,5.7,24.5,30.1,13.2,14.7,30,76,0.3,7.2,0.8,32.4,78,1.3,213,152,742,,0,30.28,Vishakapatnam
15-05-2022,,,,,,,,,,,,,,,,,,,,,29.87,Vishakapatnam
16-05-2022,0.42,14.5,5.8,15.1,20.8,14.6,13.7,15,59,0.2,4.2,1,33.6,77,2.1,208,202,743,,0,29.92,Vishakapatnam
17-05-2022,0.3,11.7,12.2,20.5,32.7,16.8,15.1,18,59,0.6,10.6,0.9,32.6,77,1.3,218,152,743,,0,29.7,Vishakapatnam
18-05-2022,0.27,13,10.9,19,29.9,19.6,13.7,19,51,1.1,5,1,32.7,77,1.6,221,155,743,,0,30.03,Vishakapatnam
19-05-2022,0.27,9.8,15.3,19.2,34.5,19.9,13.4,18,52,1.4,8.4,1.5,32.3,77,1.5,235,142,744,,0,29.5,Vishakapatnam
20-05-2022,0.27,5.4,13.9,19.9,33.8,18.5,13.5,24,74,1.8,7.5,1.7,32.5,75,1.5,243,127,743,,0,29.7,Vishakapatnam
21-05-2022,0.27,6.3,14.6,21.8,36.5,19.4,12.9,35,101,2.2,8.1,1.7,33.4,73,1.7,242,164,743,,0,30.97,Vishakapatnam
22-05-2022,0.28,15.5,12.7,29.5,42.3,17.4,12.2,42,122,3.1,8.6,1.5,32.6,70,1.3,170,124,739,,0,32.26,Vishakapatnam
23-05-2022,,21.8,12,40.8,52.8,17.4,13.2,58,175,3.6,13.6,2.1,34,70,0.6,210,149,743,,0,33.54,Vishakapatnam
24-05-2022,,15.4,7.6,15.7,23.3,18.7,13.6,29,84,1.4,3.9,1.1,32.1,77,1.4,151,125,743,,11,31.69,Vishakapatnam
25-05-2022,0.33,11.2,11.3,28.3,39.6,17,13.7,31,71,2.4,8.4,2.1,29.4,78,1.8,243,124,745,,35,30.26,Vishakapatnam
26-05-2022,0.22,5.3,16.3,27.8,44.1,17,11.3,43,115,2.1,9.1,2.5,32.5,75,1.7,228,151,744,,0,30.43,Vishakapatnam
27-05-2022,0.29,9.5,17.4,41.8,59.2,17.8,11.8,54,131,3.2,16.5,3.1,29.7,73,1.4,265,86,743,,0,30.85,Vishakapatnam
28-05-2022,0.24,8.7,19.3,37.7,57,16.8,12.3,67,184,3.4,21.4,2.9,34,72,1.4,250,165,741,,0,31.56,Vishakapatnam
29-05-2022,0.21,8.4,15.9,67.2,83.1,7.9,11.4,69,215,2.2,10.7,2.3,35,71,1.8,257,157,742,,0,32.06,Vishakapatnam
30-05-2022,0.25,11.9,,,,,10.6,,,4.1,33,1.9,34.1,70,1.2,274,141,742,,0,31.16,Vishakapatnam
31-05-2022,0.52,6.1,13.8,25.1,39,15.3,6.6,38,98,3,8.9,2.9,31.9,76,1.6,282,8,743,,0,29.95,Vishakapatnam
01-07-2022,0.52,6.2,22.5,34.8,57.4,17.9,10.5,33,91,2.5,12.1,2.2,32.4,76,1.9,233,134,742,,0,29.33,Vishakapatnam
02-07-2022,0.52,10.8,19.1,38.3,57.4,19.9,12,44,105,3,22.4,2.7,30.8,80,1.4,196,55,741,,0,29.11,Vishakapatnam
03-07-2022,0.59,9.1,23.1,39.5,62.7,20.8,9,45,117,5.4,52.9,3,31.8,78,1.4,235,94,740,,0,28.96,Vishakapatnam
04-07-2022,0.42,5.6,29.2,32.5,61.8,15.1,11.2,28,78,3.1,45.3,3.1,30.5,73,2.2,274,80,740,,0.5,28.48,Vishakapatnam
05-07-2022,0.38,4.1,29.1,30.7,59.8,13.7,12.9,32,83,3,23.5,2.8,29.9,77,2.1,265,67,740,,0,28.19,Vishakapatnam
06-07-2022,0.39,4.2,27.3,30.9,58.2,13.2,11.9,25,65,2.7,15.5,2.8,29.8,79,2.3,254,99,741,,28.5,28.32,Vishakapatnam
07-07-2022,0.52,4.2,33.4,32.7,66.2,13.4,12.1,37,93,2.8,20.2,3.7,30,79,1.8,263,58,742,,0.5,28.07,Vishakapatnam
08-07-2022,0.44,5,33.5,33.3,66.9,13.1,12.6,25,56,2.6,15.6,3.1,28.4,82,1.9,268,75,741,,26,27.64,Vishakapatnam
09-07-2022,0.3,4.2,30.8,30.3,61.2,13,12.5,20,53,2.3,17.9,2.5,28,82,2.5,264,99,738,,0,28.19,Vishakapatnam
10-07-2022,0.24,4.2,27,30.5,57.5,13.5,12.3,17,51,1.8,13.7,2.1,29.2,77,2.4,256,110,738,,0,28.27,Vishakapatnam
11-07-2022,0.3,4.1,32.6,31,63.7,13.8,12.6,20,44,2.1,14.7,2.4,25.7,85,2.6,269,31,739,,3,27.79,Vishakapatnam
12-07-2022,0.3,4.1,33.9,31.4,65.4,15,12.7,18,53,2,11.5,2.5,26.5,81,2.6,244,74,738,,0,27.71,Vishakapatnam
13-07-2022,0.24,4.1,29.6,31.2,60.9,16.2,12,21,70,1.8,11.7,2.4,27.5,77,2.8,250,86,738,,0,26.71,Vishakapatnam
14-07-2022,0.28,4.2,30,30.8,60.9,19.3,11.3,23,103,2.1,10.3,2.3,28.2,75,2.7,260,85,737,,0,26.78,Vishakapatnam
15-07-2022,0.59,5.4,36,40.2,76.3,18.8,11.8,32,102,2.7,17.4,4,30,74,1.8,262,81,740,,0,27.59,Vishakapatnam
16-07-2022,0.39,4.3,38.8,33.4,72.3,7.7,10.5,37,106,2.8,19,4,28.6,82,1.4,275,52,741,,1,27.7,Vishakapatnam
17-07-2022,0.44,4.1,27.1,30.4,57.6,3.9,11.5,31,93,2.8,14.5,2.5,27.9,84,1.8,253,52,742,,1,27.25,Vishakapatnam
18-07-2022,0.33,4.2,26.4,30.7,57.2,5,11.1,25,85,2,8.6,2.4,28.6,82,2.2,245,84,743,,12,28,Vishakapatnam
19-07-2022,0.38,4.2,20.8,30.9,51.7,5.5,11.6,27,103,2.2,8.3,2.1,31,78,2.3,248,161,744,,0,28.42,Vishakapatnam
20-07-2022,0.36,4,17.2,34.8,52.1,5.9,11.5,38,132,2.8,8.1,2.2,31.7,73,2.5,253,148,744,,0,28.62,Vishakapatnam
21-07-2022,0.55,5.3,19,39.1,58.2,6.1,12.1,44,140,2.9,11.8,2.6,31.4,78,1.9,261,92,743,,0.5,28.08,Vishakapatnam
22-07-2022,0.47,4.1,26.9,33.4,60.4,6.9,12.3,32,94,2.9,22.1,2.5,29.9,77,2,270,75,743,,0,27.94,Vishakapatnam
23-07-2022,0.39,4,27.6,32.2,59.9,7.3,10.6,29,105,2.7,13.8,2.5,30.3,76,2.2,266,130,742,,0,28.14,Vishakapatnam
24-07-2022,0.43,4.1,23.9,31.5,55.5,7.7,10.6,25,80,2,10.7,1.7,29,77,2.2,274,87,743,,0.5,27.88,Vishakapatnam
25-07-2022,0.37,5.7,21.2,33.3,54.5,8.5,11.7,28,92,2.2,17.1,1.7,30.5,77,1.7,260,170,745,,0,27.59,Vishakapatnam
26-07-2022,0.63,5.6,33.9,44,78,7.2,11.7,35,128,3.2,13.4,2.7,29.7,79,1.2,252,120,746,,0.5,27.42,Vishakapatnam
27-07-2022,0.28,6,31.9,29.4,61.4,10.2,10.6,27,115,2.3,10.7,2.9,30.8,77,1.5,237,182,746,,0,27.59,Vishakapatnam
28-07-2022,0.49,5,25.4,29.6,55,9.4,12.3,27,97,2.6,51.5,1.4,31.3,76,1.8,272,167,747,,0,28.25,Vishakapatnam
29-07-2022,0.47,3.8,27.1,29.2,56.4,24.2,11.2,27,101,2.8,56.8,2.2,32,75,2,274,163,746,,0,28.51,Vishakapatnam
30-07-2022,0.4,6,29.3,28.3,57.7,49.2,10.1,32,102,2.7,78.4,1.9,32.2,75,2,269,169,745,,0,28.67,Vishakapatnam
31-07-2022,0.31,4.3,25.5,24.6,50.2,38.8,8.5,20,62,1.8,14,1.3,31.6,79,2.4,281,139,743,,24.5,28.95,Vishakapatnam
01-08-2022,0.37,6.9,22,32.3,54.4,29.2,12.3,25,88,2,19.3,1.5,31.6,74,1.5,283,161,743,,0,29.14,Vishakapatnam
02-08-2022,0.24,12,24.9,29.6,54.6,18.5,13.2,33,115,1.9,12.8,1.6,32.1,76,1.2,277,158,743,,0,29.22,Vishakapatnam
03-08-2022,0.24,14.4,18.1,24.9,43.1,21,12.9,26,95,1.6,6.6,1.4,31.8,75,0.5,209,167,743,,0,28.89,Vishakapatnam
04-08-2022,0.29,8.3,21.3,24.4,45.7,19.4,12.5,17,78,1.4,6.6,1.2,30.6,75,0.9,184,105,743,,0,28.19,Vishakapatnam
05-08-2022,0.26,5.4,24.3,27.2,51.5,15.7,11.1,23,79,1.8,7.8,1.7,29.5,77,1.3,270,93,742,,0,27.91,Vishakapatnam
06-08-2022,0.39,5.1,25.6,32.5,58.2,14.5,12.8,25,67,2.2,20.1,1.4,29.1,78,1.2,281,85,740,,18.5,28.02,Vishakapatnam
07-08-2022,0.35,4.2,29.3,30,59.3,13.4,12.1,22,58,2.2,29.1,1.4,27.8,83,1.6,282,66,738,,1.5,27.91,Vishakapatnam
08-08-2022,0.39,4.1,39.2,32,71.3,12.6,10,28,64,2.2,14.4,1.6,25.7,86,1.8,267,31,738,,10,27.66,Vishakapatnam
09-08-2022,0.29,4.2,24,27.3,51.4,11.6,10.7,21,74,1.5,8.3,1.1,27.4,81,3,269,76,738,,0,27.9,Vishakapatnam
10-08-2022,0.43,4.2,23.9,30.1,54,12.2,11,28,117,2.1,7.7,1.2,29.3,75,2.9,294,81,740,,0,28.35,Vishakapatnam
11-08-2022,0.43,5.1,23.4,29.7,53.2,12.7,8.7,27,104,1.7,7,1.2,31.2,73,1.5,289,126,742,,0,28.75,Vishakapatnam
12-08-2022,0.43,4.3,25.4,30.9,56.4,13.3,11.1,27,85,2.2,9.7,1.8,32.4,71,0.3,275,122,742,,0,28.56,Vishakapatnam
13-08-2022,0.45,4,33.7,34.1,67.8,15.7,11.8,29,90,2.2,17.1,2.1,30.1,73,0.3,279,37,742,,0,27.8,Vishakapatnam
14-08-2022,0.47,4.4,29.2,30.4,59.8,13.1,10.4,22,71,1.9,11.5,1.6,26.8,81,0.3,269,38,742,,3,27.31,Vishakapatnam
15-08-2022,0.54,4.4,22.7,30.1,52.8,12.6,11.3,25,106,2.1,5.8,1.1,29.3,76,0.3,289,100,745,,0,27.88,Vishakapatnam
16-08-2022,0.4,4.3,21.5,30.7,52.2,13.9,11,26,91,2,7.8,1.5,31.1,75,0.7,281,136,746,,0,27.99,Vishakapatnam
17-08-2022,0.46,4.2,21.1,32.7,53.8,14.6,7.9,41,117,2.7,9.2,1.7,31.6,75,1.6,279,117,745,,0,27.89,Vishakapatnam
18-08-2022,0.45,7.8,18.9,33.4,52.3,15.4,6.7,41,113,2.8,25.8,2.1,32.4,75,1.3,260,94,743,,0,27.82,Vishakapatnam
19-08-2022,0.52,4,36.3,36,72.4,14,9.7,33,100,2.8,24.4,2.5,28.3,79,0.7,277,51,743,,3.5,28.48,Vishakapatnam
20-08-2022,0.41,4.3,28.1,30.2,58.4,13.9,8.9,33,96,2.2,18,2,31.3,73,1.5,279,96,742,,0,28.12,Vishakapatnam
21-08-2022,0.46,4.4,20.4,33,53.5,15,8.8,34,122,2.6,9.7,1.6,33.4,73,1.4,250,154,742,,0,28.38,Vishakapatnam
22-08-2022,0.41,4.3,18.9,32.1,51.1,15.2,8.6,34,116,2.6,8.3,1.7,32.2,76,1.2,247,114,742,,0,28,Vishakapatnam
23-08-2022,0.47,4.4,26.1,37.5,63.7,15.1,9.6,32,102,2.4,17.2,2,32.1,74,0.9,264,138,744,,1.5,28.05,Vishakapatnam
24-08-2022,0.43,5.1,27.2,34.4,61.7,17.7,7.3,27,88,2.2,11.9,2.5,28.3,79,0.7,232,94,744,,0,28.2,Vishakapatnam
25-08-2022,0.41,6.9,30.1,34,64.1,18.4,7.3,40,114,3,18.5,2.9,30.2,76,0.6,223,162,745,,0,28.78,Vishakapatnam
26-08-2022,0.47,8.2,13.4,34,47.5,17.9,7.2,37,108,2.3,15.4,1.7,31.2,74,0.7,217,149,744,,0,28.75,Vishakapatnam
27-08-2022,0.55,5.6,17.3,40.7,58.1,17,8.1,48,124,2.9,19.8,1.5,31.4,78,0.5,236,127,743,,7.5,28.84,Vishakapatnam
28-08-2022,0.49,10.3,32.9,41.5,74.5,17.9,6.2,40,156,2.7,14.6,1.6,30.4,78,0.5,220,111,744,,0,28.75,Vishakapatnam
29-08-2022,0.35,14.2,7,18,25.1,22.2,9,28,66,1.2,6.3,0.9,31.7,76,0.5,154,139,746,,0,28.17,Vishakapatnam
30-08-2022,0.32,11.9,19.7,21.6,41.4,22.5,5.7,22,64,1.4,8.8,0.3,31.2,76,0.6,202,125,746,,1,28.03,Vishakapatnam
31-08-2022,0.52,5.5,30.9,29.3,60.2,20.3,4.7,26,103,2.1,10.2,0.7,31.2,77,0.6,242,157,747,,0,28.06,Vishakapatnam
01-09-2022,0.36,10.6,16.3,17.9,34.2,21.9,6.1,13,42,1.3,8.1,0.6,31.5,75,0.7,221,169,746,0,,28.16,Vishakapatnam
02-09-2022,0.34,11.9,13.1,14.1,27.2,21.5,6.6,8,33,0.8,3.9,4.6,32.8,73,0.8,222,172,747,0,,28.38,Vishakapatnam
03-09-2022,0.49,4.2,32.3,33,65.3,13.6,5.9,17,61,2.4,17.3,2,32,73,1,275,160,746,0,,28.57,Vishakapatnam
04-09-2022,0.49,4.4,30.3,33.7,64.1,14.5,5.7,32,,3.3,19.7,1,31.6,74,0.9,276,145,745,0,,28.62,Vishakapatnam
05-09-2022,0.4,6.6,22.1,27.4,49.5,14.6,4.8,27,66,2.6,20.7,3.2,32.4,76,1,264,157,745,0,,28.97,Vishakapatnam
06-09-2022,0.31,15.1,21,28.9,49.9,13.6,13.6,20,61,1.9,12.9,5.5,31.5,73,1.1,257,150,745,0,,28.76,Vishakapatnam
07-09-2022,0.48,18.8,35.1,39.5,74.7,17.7,14.5,37,116,4.7,18.2,15.7,29.5,78,0.5,223,73,745,0,,27.78,Vishakapatnam
08-09-2022,0.38,12.9,15.7,22.7,38.4,15.9,17.4,11,28,1.6,10,0.6,27.9,83,0.7,53,62,744,24,,27.93,Vishakapatnam
09-09-2022,0.45,14.4,15.6,22.3,37.9,12.4,19.3,7,26,1.3,7.2,0.5,28.7,82,1,53,112,743,1,,28.47,Vishakapatnam
10-09-2022,0.44,14.4,34.7,29.3,64,14,16.4,18,42,2.5,22.1,1.1,27,85,0.6,272,51,742,2,,28.02,Vishakapatnam
11-09-2022,0.36,13.8,23.5,29,52.5,14.1,16.1,26,67,2.5,13,0.7,28.4,81,1.2,259,106,741,0,,28.39,Vishakapatnam
12-09-2022,0.52,14.7,27.1,29,56.2,12.8,20,24,75,3,8.5,0.8,29.1,79,1.3,260,57,743,3.5,,28.56,Vishakapatnam
13-09-2022,0.53,14,24.7,31.6,56.4,15.5,15.2,30,87,3,9.3,1,28.8,80,1.2,255,58,745,5.5,,28.42,Vishakapatnam
14-09-2022,0.76,14.1,42.8,40.7,83.6,16.6,14.6,37,98,4.3,24.3,1.9,27.1,85,0.4,266,29,747,0.5,,28.1,Vishakapatnam
15-09-2022,0.5,13.9,25.3,31.7,57.1,14.6,12.2,38,101,3.2,13.5,1.3,30.1,78,1.1,265,124,747,0,,27.99,Vishakapatnam
16-09-2022,0.58,14.1,22.2,32.5,54.7,14.9,12,35,105,4,12.2,1.1,31.7,76,1.3,273,134,745,0,,27.9,Vishakapatnam
17-09-2022,0.64,13.6,21.4,33.1,54.6,15.3,9.9,36,115,3.5,13.5,0.9,32.5,74,1.2,266,143,744,0,,28.13,Vishakapatnam
18-09-2022,0.46,14.3,20.5,35.3,55.9,14.6,14.7,31,77,2.2,21.1,1.3,30,75,0.9,270,49,744,2.5,,28.46,Vishakapatnam
19-09-2022,0.46,14.4,41.2,40,81.3,18.7,10,35,76,3.2,16.2,1.7,25.9,86,0.5,271,40,744,7.5,,27.55,Vishakapatnam
20-09-2022,0.57,14.5,28.1,36.9,65.1,14.5,14.4,35,83,2.6,20.5,1.4,27.3,82,0.5,280,75,743,7.5,,27.4,Vishakapatnam
21-09-2022,0.52,14.1,18.4,33.6,52.1,15.2,10.2,43,111,2.6,18.7,1.2,30.7,77,0.9,272,132,744,0,,27.52,Vishakapatnam
22-09-2022,0.8,16.6,32.3,44.5,76.9,16.6,14.4,49,109,3.2,16.2,1.6,29,82,0.8,283,81,745,10,,28.33,Vishakapatnam
23-09-2022,0.64,19.2,37.1,43.7,80.9,21.6,11.9,48,117,3.4,19.3,2.5,29.4,79,0.5,227,112,745,0,,28.03,Vishakapatnam
24-09-2022,0.51,22.8,42.6,50.6,93.3,20.8,9.2,43,144,3.1,16.3,2.5,29.3,77,0.6,213,133,745,0,,28.25,Vishakapatnam
25-09-2022,0.55,23.8,33,43.8,76.9,19.4,11.7,42,143,2.7,14.1,1.7,30.1,75,0.6,246,132,745,0,,28.07,Vishakapatnam
26-09-2022,0.44,19.3,23.1,31,54.1,22.8,11.4,32,102,1.8,9.2,1.1,30.6,76,1,191,145,746,15,,27.64,Vishakapatnam
27-09-2022,0.46,18.9,27.4,34.3,61.8,21,13.8,35,104,1.9,9.6,1.1,30.9,76,0.6,214,154,745,0,,27.73,Vishakapatnam
28-09-2022,0.44,19.1,28.1,29.7,57.9,21.5,10,29,91,1.7,8.4,1.2,31.4,75,0.8,225,150,744,0,,27.97,Vishakapatnam
29-09-2022,0.5,19.1,27.4,29.3,56.8,21,12.9,30,110,2.1,8.6,1.1,30.5,78,0.6,176,119,744,0,,28.03,Vishakapatnam
30-09-2022,0.46,16.6,14.5,21.4,35.9,16.7,14.4,15,40,1.3,6.3,0.7,30.7,75,0.9,114,103,744,0,,27.85,Vishakapatnam
01-10-2022,0.81,17.5,32.6,41,73.7,12.6,20.8,29,72,1.9,9.3,1.1,28.6,78,0,0.8,223,22,743,4,27.93,Vishakapatnam
02-10-2022,0.42,21.9,31.2,36.1,67.4,19.9,10.9,39,97,1.6,7.2,0.9,28.5,79,0,0.4,231,91,743,16,28.54,Vishakapatnam
03-10-2022,0.9,23.3,27.5,50.1,77.7,18.2,19,58,131,1.1,6.4,0.9,29.3,78,0,0.4,189,67,743,1,28.28,Vishakapatnam
04-10-2022,0.51,17.6,28.1,37,65.2,17.6,23.8,37,84,3.7,8.9,1,27.4,83,0,0.5,163,28,743,4.5,28.07,Vishakapatnam
05-10-2022,0.4,20.2,8.9,16.4,25.3,18.2,26.1,16,34,1,4.8,0.4,28.9,82,0.1,1.1,107,111,745,9,27.8,Vishakapatnam
06-10-2022,0.61,23.5,8.1,18,26.1,22,27,15,40,1.1,4.8,0.4,28.3,82,0.1,1.2,178,114,745,84,27.25,Vishakapatnam
07-10-2022,0.68,21.9,18.5,20,38.6,22,26.9,15,34,1.5,7.8,0.8,28.6,81,0,0.6,166,102,746,11,27.06,Vishakapatnam
08-10-2022,0.46,17.2,26.3,28.4,54.8,18.2,26.2,13,37,1.8,10.1,0.9,27,84,0,0.4,124,68,747,25.5,26.95,Vishakapatnam
09-10-2022,0.55,16.4,15.5,24.6,40.2,15.3,27.9,12,25,1.2,6.1,0.5,26.7,85,0,0.5,39,52,748,8,27.27,Vishakapatnam
10-10-2022,0.82,20.8,45.5,42.5,88.2,19.2,27.5,22,51,2.6,12.7,1.5,26.9,86,0,0.3,241,50,749,1,27.44,Vishakapatnam
11-10-2022,0.69,22.1,56.4,39.7,96.3,22.6,17.7,29,79,2.4,11.8,1.4,28.3,82,0,0.4,230,106,748,0,27.19,Vishakapatnam
12-10-2022,1.02,19.9,56.3,41.3,97.7,20.9,23.7,22,76,3.8,16.6,2.3,26,86,0,0.3,231,7,748,0,27.36,Vishakapatnam
13-10-2022,0.44,24.3,26.9,29.9,56.8,22.7,26,28,58,2.5,16,1.5,31.2,74,0,0.6,215,166,748,0,27.39,Vishakapatnam
14-10-2022,0.41,17.9,16.2,21.6,37.8,17.5,26.9,14,42,1.8,9.4,0.8,28.1,82,0,0.6,126,61,747,20,27.31,Vishakapatnam
15-10-2022,0.45,17.1,24.1,26.7,50.9,15.5,27.3,14,33,2.2,12.7,1,26.2,86,0,0.7,90,42,747,66.5,27.47,Vishakapatnam
16-10-2022,0.43,17.5,13,17.6,30.6,19.2,22.8,11,29,1.2,7.3,0.6,29.9,77,0,1,89,146,749,0,27.67,Vishakapatnam
17-10-2022,0.39,25.8,13.4,27.3,40.8,18.7,22.3,32,65,2,10.1,1.4,30.5,75,0,0.6,207,109,749,0,27.28,Vishakapatnam
18-10-2022,0.38,30,22,35.9,58,19.4,20.9,57,139,2.6,14.8,1.9,30.7,74,0,0.9,149,137,748,0,27.25,Vishakapatnam
19-10-2022,0.49,32.8,6.1,17.6,23.7,20.1,20.9,54,98,1.7,6.8,0.9,30.9,73,0,1.2,178,133,748,0,27.03,Vishakapatnam
20-10-2022,0.36,34.4,5.6,19.8,25.4,17.3,15.7,55,101,2,6.8,0.6,32.4,70,0,1.8,95,173,749,0,27.13,Vishakapatnam
21-10-2022,0.35,20,6.9,26.9,33.9,14,20.4,57,109,2,6.6,0.7,31.2,68,0,1.9,56,135,749,0,27.24,Vishakapatnam
22-10-2022,0.57,16.2,9.1,35.8,44.9,14.7,23.3,52,115,2.7,9.7,0.9,31.4,58,0,1.6,141,145,750,0,26.48,Vishakapatnam
23-10-2022,0.53,15.9,6.3,32.7,39,13.7,21.6,40,97,2,5.7,0.5,31.2,56,0,2.5,141,124,747,0,26.36,Vishakapatnam
24-10-2022,0.44,18.6,13.1,43.5,56.6,16.9,18.9,150,260,2.6,8.1,0.9,29.9,64,0,0.6,242,126,746,0,26.98,Vishakapatnam
25-10-2022,0.56,32.7,15.4,37,52.4,18.8,20.4,87,181,2.6,14.1,0.8,30.4,67,0,0.5,195,139,748,0,26.87,Vishakapatnam
26-10-2022,0.32,34.5,18.1,43,61.1,18.8,14.1,67,185,3,15,2.1,29.5,70,0,0.7,180,138,750,0,27.16,Vishakapatnam
27-10-2022,0.37,30.9,9,28.2,37.2,20.3,20.4,50,109,1.8,8.5,1.1,29.1,70,0,0.9,158,136,750,0,26.38,Vishakapatnam
28-10-2022,0.48,29.8,10.8,33.7,44.4,21.1,19.1,58,126,2.4,9.1,1.1,28.9,67,0.1,0.8,173,129,749,0,25.97,Vishakapatnam
29-10-2022,0.48,23.1,6.1,31.5,37.6,17.3,21.4,64,123,1.8,5.7,0.5,30,56,0.1,1,125,181,749,0,25.24,Vishakapatnam
30-10-2022,0.5,25,6.8,31.1,38,17.7,22.3,63,128,2.1,6.9,0.5,28,61,0,0.7,140,119,749,0,25.18,Vishakapatnam
31-10-2022,0.43,21.4,6.2,31.2,37.3,16.8,21.7,59,123,2.2,7.2,0.6,28.1,65,0,0.7,102,98,749,0,25.67,Vishakapatnam
01-11-2022,0.46,26.7,6,26.8,32.8,18,21.2,47,96,2.2,8,0.6,28.9,71,0,0.8,86,106,750,0,26.25,Vishakapatnam
02-11-2022,0.37,31.7,6.2,24.9,31.2,18.2,22.2,51,102,2.2,6.6,0.5,29.8,70,0,0.7,78,124,749,0,26.15,Vishakapatnam
03-11-2022,0.71,28.2,5.9,21.8,27.7,18.5,25,49,85,2,6.8,0.6,28.9,76,0.1,0.6,82,81,749,1,26.05,Vishakapatnam
04-11-2022,0.62,34,5.2,20.5,25.8,20.5,25.3,66,116,2.2,6.6,0.6,28.6,77,0.1,0.8,79,102,750,0,26.14,Vishakapatnam
05-11-2022,0.77,37.9,6.2,27.1,33.3,19.2,27.2,63,140,2,7.1,1.4,29,67,0.1,0.7,129,128,751,0,26.37,Vishakapatnam
06-11-2022,0.63,36.6,20,53.5,73.5,15.2,28.5,85,213,3.5,31.4,3,27.8,68,0.1,0.6,196,128,751,0,25.54,Vishakapatnam
07-11-2022,0.59,35.3,14.5,42.9,57.4,18.7,28.4,92,202,3.1,12.6,1.8,27.1,72,0.1,0.5,211,125,751,0,25.21,Vishakapatnam
08-11-2022,0.57,28.1,13.9,41.2,55.1,17.7,28.8,75,181,2.5,11.8,2.3,27.3,71,0.1,0.6,160,119,751,0,25.38,Vishakapatnam
09-11-2022,0.39,24.2,7.6,27.5,35.1,17.1,28.7,57,120,1.8,7.2,0.8,27.3,69,0.1,0.7,101,86,751,0,25.4,Vishakapatnam
10-11-2022,0.49,27.1,5.7,27.3,33.1,16.2,27.4,63,130,1.9,5.9,0.5,28.4,65,0.1,0.8,69,114,751,0,25.3,Vishakapatnam
11-11-2022,0.41,30.4,5.5,25.2,30.7,15.9,26.7,51,110,1.8,4.4,0.3,28.8,63,0.1,1,79,110,751,0,25.31,Vishakapatnam
12-11-2022,0.43,36.7,5.4,24,29.4,22.8,21.1,61,126,1.9,4.4,0.3,28.3,65,0.1,0.9,87,88,751,0,25.41,Vishakapatnam
13-11-2022,0.42,33.1,5.9,28.1,34.1,17.9,19.6,72,134,2,4.2,0.3,28,64,0.1,0.7,70,113,751,0,24.91,Vishakapatnam
14-11-2022,0.52,30.8,8.3,37.3,45.7,16.3,17.7,77,147,2.1,6.6,0.7,27,63,0.1,0.6,163,117,751,0,23.96,Vishakapatnam
15-11-2022,0.64,30.7,34.3,71.6,106,19.7,19.4,102,256,4.1,14.9,2.4,25.6,66,0.1,0.5,208,123,751,0,23.67,Vishakapatnam
16-11-2022,0.68,27.5,29.3,59.2,88.5,21,17.4,95,230,4.4,17.7,2,25.4,64,0,0.7,171,126,750,0,23.53,Vishakapatnam
17-11-2022,0.5,28.3,16.9,56.4,73.4,20.5,14.1,82,188,3.6,12.8,1.9,26.1,64,0.1,0.6,167,123,749,0,23.74,Vishakapatnam
18-11-2022,0.61,21.5,6.9,35.6,42.5,16.8,20.5,55,140,2,5.7,0.6,27,59,0.1,0.8,123,110,750,0,23.66,Vishakapatnam
19-11-2022,0.51,29.8,5.4,35.5,40.9,15.8,22.1,54,131,1.9,7,1.2,26.2,58,0.1,0.8,70,122,750,0,23.26,Vishakapatnam
20-11-2022,0.38,18.1,6.9,35.9,42.8,15.6,19.1,50,111,1.7,5.4,0.4,25.3,57,0.1,0.8,41,57,749,0,23.41,Vishakapatnam
21-11-2022,0.62,16.5,7.9,38.4,46.3,13.9,22.9,50,103,2.3,7.7,0.5,26.4,61,0,1,45,53,748,0,24.54,Vishakapatnam
22-11-2022,0.6,18.5,6.7,33.4,40.1,14.4,25,62,115,2.3,7.8,0.6,26.9,75,0.1,0.7,66,64,749,0,25.2,Vishakapatnam
23-11-2022,0.51,28.1,5.9,23.2,29.1,20.3,24.2,43,83,1.9,5.4,0.5,27.7,78,0.1,0.6,88,116,750,0,25.33,Vishakapatnam
24-11-2022,0.46,31.9,8.4,21,29.3,25.9,25.6,31,71,1.6,5.6,0.5,27.5,80,0.1,0.3,163,67,750,0,25.54,Vishakapatnam
25-11-2022,1.18,18.6,23,58.6,81.6,15.7,26.1,89,169,3.6,14.1,1.4,24.4,83,0,0.3,160,21,750,25,25.04,Vishakapatnam
26-11-2022,0.92,35.2,33.6,72.8,106.5,13,17.6,102,225,4.2,18.5,2.3,25.1,73,0.1,0.4,198,99,749,0,24.07,Vishakapatnam
27-11-2022,0.75,28.1,37.7,86.8,124.6,14,15.2,98,236,4.1,16.7,2.2,24.2,70,0.1,0.4,232,114,748,0,24.07,Vishakapatnam
28-11-2022,1,31,53.6,71.6,125.2,18.6,20.5,98,245,4.3,18.6,2.5,23.6,67,0.1,0.5,234,114,749,0,23.76,Vishakapatnam
29-11-2022,0.92,24.5,34.7,55.2,90.1,21.6,23.8,102,225,4.2,16,2.7,24.5,67,0,0.4,160,111,750,0,23.43,Vishakapatnam
30-11-2022,1,20.9,22.3,55.8,78.1,16,22,104,239,4.4,13.2,1.6,26.4,71,0,0.6,142,107,750,0,24.57,Vishakapatnam
01-12-2022,0.79,25.6,6.4,33.9,40.4,16.1,26,65,120,2.7,7.4,0.7,27.4,73,0.1,0.6,67,111,750,0,25.13,Vishakapatnam
02-12-2022,0.52,25,5.4,31.1,36.5,17.3,29.4,65,122,2.5,6.8,0.7,26.9,79,0,0.5,62,72,749,0,25.26,Vishakapatnam
03-12-2022,0.68,25.6,4.9,28.2,33.1,19.8,28.5,87,147,2.7,7.1,0.7,27,79,0,0.5,64,93,750,0,25,Vishakapatnam
04-12-2022,0.54,42.7,3.7,22.8,26.5,25.5,28.4,107,177,2.8,7.9,0.5,26.9,76,0,0.5,96,95,749,0,25,Vishakapatnam
05-12-2022,0.91,28.5,5.2,31,36.2,26,27.2,130,209,2.7,7.3,0.5,26,74,0,0.6,70,97,751,0,24.5,Vishakapatnam
06-12-2022,0.92,20.7,6.8,39.6,46.4,25.1,26.7,130,222,3.1,10.5,0.8,24.1,71,0,0.4,122,89,750,0,23.54,Vishakapatnam
07-12-2022,0.68,17.9,4.7,35.8,40.5,20.2,27.2,92,168,2.5,7.7,0.6,24.3,63,0.1,0.6,128,91,749,0,22.87,Vishakapatnam
08-12-2022,0.78,24.8,3.5,33.2,36.7,20.2,28.4,82,163,2.1,4.7,0.3,24.4,59,0.1,0.9,91,103,749,0,22.78,Vishakapatnam
09-12-2022,0.77,19,3.8,37.8,41.6,19.5,24.1,82,150,2.7,10.3,0.5,21.4,64,0,0.9,65,32,748,9,23.12,Vishakapatnam
10-12-2022,0.77,18.3,4.7,33.4,38.1,8.2,24.8,73,112,2.3,5.7,0.4,22.2,80,0.1,1,54,53,748,4,24.38,Vishakapatnam
11-12-2022,0.57,17.2,5.4,31.7,37.1,4.7,27.4,75,98,2.3,6.5,0.3,23.3,82,0,1,56,44,750,3,25.23,Vishakapatnam
12-12-2022,1.34,18.8,12.1,27.9,40.1,15.9,24.5,54,104,2.9,10.1,1.2,26.4,82,0,0.4,56,89,750,0,24.97,Vishakapatnam
13-12-2022,0.5,31.1,6.1,34.5,40.6,23.5,20.9,46,95,2.4,10,1.5,28,75,0.1,0.6,133,168,750,0,25.04,Vishakapatnam
14-12-2022,0.67,22.3,39.9,47.7,87.7,23.6,14.2,81,175,3.7,13.4,1.4,27.7,73,0,0.4,230,151,751,0,24.66,Vishakapatnam
15-12-2022,0.72,19.5,53,56.7,109.8,21,22.4,71,194,4.1,16.8,2,25.9,70,0,0.4,238,108,750,0,24.66,Vishakapatnam
16-12-2022,0.76,27.3,37.2,41,78.3,23.8,25.9,79,242,4.2,15.3,1.7,25.8,80,0,0.5,172,102,749,0,24.77,Vishakapatnam
17-12-2022,0.53,37.3,4.9,21.8,26.7,24.1,25.3,77,142,2.2,8.2,0.5,25.9,78,0.1,0.6,104,96,750,0,24.69,Vishakapatnam
18-12-2022,0.69,35.8,6.9,30.2,37.2,23,27.1,79,170,2.2,6.8,0.4,24,72,0.1,0.6,87,104,750,0,23.55,Vishakapatnam
19-12-2022,0.73,26.8,12,40.5,52.5,23.1,25.7,83,200,3.1,9,1.2,23.1,68,0.1,0.6,150,110,750,0,22.64,Vishakapatnam
20-12-2022,0.83,27,20.3,36.9,57.3,24.1,25.3,96,211,3.7,12.6,1.1,23,74,0.1,0.6,145,110,749,0,22.74,Vishakapatnam
21-12-2022,0.87,19.4,23.5,38.2,61.7,26.7,25.4,110,227,3.7,11.2,1.1,23,78,0,0.5,164,92,750,0,23.03,Vishakapatnam
22-12-2022,0.8,26.2,5.5,33.6,39.1,30.6,27.4,110,195,2.6,7.2,0.5,24,71,0,0.7,87,85,750,0,23.29,Vishakapatnam
23-12-2022,0.7,23.8,6.3,34.6,40.9,28.6,28.8,119,208,2.9,7.3,0.6,24.1,64,0.1,1.1,55,96,749,0,23.22,Vishakapatnam
24-12-2022,0.63,20,5.6,33.6,39.2,27.3,23.8,83,151,2.7,6.7,0.4,25,66,0,0.6,46,117,750,0,23.83,Vishakapatnam
25-12-2022,0.49,14,17.1,39.5,56.6,24.7,11.3,38,79,1.6,6.5,0.7,25.5,72,0,0.5,46,110,749,0,24.53,Vishakapatnam
26-12-2022,0.47,15.8,15.7,29.9,45.7,21.9,9.3,41,117,2,8.2,0.7,25.7,78,0.1,0.5,199,100,752,0,25.01,Vishakapatnam
27-12-2022,0.59,15.2,46,36.3,82.5,26.9,9.3,43,148,3,12.9,1.6,26.6,81,0,0.4,257,115,752,0,25.69,Vishakapatnam
28-12-2022,0.59,14.1,25.9,32.6,58.6,26.4,9.2,32,93,3.3,23.6,0.8,26.8,79,0,0.5,281,110,752,0,25.9,Vishakapatnam
29-12-2022,0.53,16.1,15.2,28,43.3,27.9,9.2,35,79,1.9,14.7,0.5,26.4,82,0,0.4,224,109,753,0,25.26,Vishakapatnam
30-12-2022,0.59,16.2,5.9,24.5,30.4,32.7,8.8,102,157,2.7,7.7,0.4,25.9,80,0.1,0.5,95,95,754,0,24.86,Vishakapatnam
31-12-2022,0.59,14.8,28.2,36.5,64.8,29.7,9,67,152,3,10.8,1,25.7,81,0,0.4,241,98,753,0,25.09,Vishakapatnam
01-01-2023,0.52,15.1,18.3,29.8,48.1,30.1,9.2,66,123,2.5,9.8,0.8,26.3,79,0.1,0.5,210,94,753,0,25.19,Vishakapatnam
02-01-2023,0.46,15.1,8.8,29.9,38.7,29.1,9.3,46,84,1.7,6.1,0.5,25.4,76,0.1,0.3,144,52,753,0,24.84,Vishakapatnam
03-01-2023,0.52,15.8,21.4,35.4,56.8,29,9.4,54,122,2.5,10.6,1,24.9,76,0.1,0.4,169,103,753,0,24.41,Vishakapatnam
04-01-2023,0.59,17.2,5.4,28.3,33.7,31.4,9.3,82,132,2.2,6.9,0.4,24.5,78,0.1,0.8,77,72,753,0,24.3,Vishakapatnam
05-01-2023,1.12,18.8,4.3,25.2,29.5,35.5,9.4,116,190,3,3.9,0.3,24.3,74,0.1,1.4,98,85,754,0,24.09,Vishakapatnam
06-01-2023,0.91,20.3,5.8,30.5,36.2,34.3,8.9,126,216,3.7,5.5,0.3,23.2,70,0.1,0.6,72,107,754,0,23.73,Vishakapatnam
07-01-2023,1.39,24.5,24.7,41.2,66,32.3,7.3,101,232,4.3,13.3,1.1,23.2,63,0.1,0.7,159,127,753,0,22.99,Vishakapatnam
08-01-2023,1.3,18.3,47.9,44.4,92.4,25.1,3.4,76,220,5.1,31.7,2.1,21.2,61,0,0.5,178,125,753,0,22.21,Vishakapatnam
09-01-2023,1.17,20.3,44.1,44.3,88.5,27.8,3.7,76,199,4.6,21.1,1.9,21.1,64,0,0.4,188,122,753,0,22.42,Vishakapatnam
10-01-2023,1.02,18.6,57.9,49.7,107.8,26.9,4.5,88,243,5.6,27.5,2.2,21.8,67,0,0.5,182,120,752,0,23.26,Vishakapatnam
11-01-2023,0.92,15.6,59.4,54.1,113.7,31,4.4,104,260,5.8,26,2.5,22,74,0,0.4,216,122,752,0,23.38,Vishakapatnam
12-01-2023,0.78,16.9,51.4,50.2,101.7,30.8,2.9,104,227,6.1,42.1,2.6,22.3,80,-0.1,0.5,269,109,750,0,23.45,Vishakapatnam
13-01-2023,1,14.5,45.4,48.8,94.3,35.9,6.4,84,178,5,30.4,1.6,23.3,80,-0.1,0.6,268,106,750,0,23.68,Vishakapatnam
14-01-2023,0.82,13.3,24.5,39.5,64.1,33.4,5.3,105,181,4.5,33.7,0.9,23,81,-0.1,0.6,262,106,750,0,23.96,Vishakapatnam
15-01-2023,1.01,13.6,20.9,36.3,57.2,29,5.1,59,122,3,22,0.7,23.4,81,0,0.5,285,107,750,0,24.11,Vishakapatnam
16-01-2023,0.69,13,19.3,35.8,55.1,28.2,4.4,57,113,2.7,15.2,0.5,23.7,77,0,0.9,280,111,751,0,23.95,Vishakapatnam
17-01-2023,1.08,12.9,21.3,37,58.4,29.1,3.3,69,133,3.1,16.1,0.7,23.9,78,0,0.6,289,105,751,0,24.31,Vishakapatnam
18-01-2023,1.01,12.8,20.2,36.4,56.7,29.3,3.2,72,134,2.6,14.7,0.7,24,76,0,0.6,270,106,751,0,24.19,Vishakapatnam
19-01-2023,0.66,13.1,28.1,38.9,67,29.7,2.7,77,159,3.3,19.2,1,24.3,73,0,0.5,259,106,751,0,24.26,Vishakapatnam
20-01-2023,0.63,13.3,54,38.9,93.1,30.8,4.2,86,200,4.8,15.4,1.9,24.8,75,0,0.4,170,100,752,0,24.21,Vishakapatnam
21-01-2023,0.53,13.4,10.7,31.4,42.1,32.8,4.5,95,160,2.5,6,0.5,24.9,78,0,0.4,160,102,751,0,24.33,Vishakapatnam
22-01-2023,0.63,18.7,12.1,33.6,45.7,33.7,5,109,188,2.9,6.2,0.5,24.6,75,0,0.5,172,103,751,0,24.27,Vishakapatnam
23-01-2023,0.53,16.2,8.7,36.3,45,30.3,5.6,80,164,2.7,7.7,1,24.1,70,0,0.5,198,119,750,0,23.91,Vishakapatnam
24-01-2023,0.63,14.5,62.7,50.9,113.8,28.2,4.8,105,265,5.1,30.3,2.6,23.8,67,0,0.3,196,123,751,0,24.03,Vishakapatnam
25-01-2023,1.06,13.8,73.6,58.9,132.7,26.1,4.3,140,301,6.4,51.1,3.7,24.2,60,0,0.3,205,119,751,0,24.03,Vishakapatnam
26-01-2023,0.9,16.5,50,48.4,98.5,27.4,5.4,118,273,6.1,29.6,3.8,23.9,64,0,0.4,178,124,751,0,24.05,Vishakapatnam
27-01-2023,1.04,14.3,66.3,56.2,122.7,24.8,3.7,92,288,5.7,28.9,2.7,24.7,62,0,0.3,195,120,750,0,24.48,Vishakapatnam
28-01-2023,1,17.5,53.6,47.2,100.9,31.1,5,143,294,5.1,27.4,3.2,25,66,0,0.4,146,111,750,0,24.8,Vishakapatnam
29-01-2023,0.74,18.6,6.9,32.8,39.7,30.9,8,88,155,2.1,5.2,0.4,25.7,75,0.1,0.6,169,105,750,0,25.09,Vishakapatnam
30-01-2023,0.77,19.9,6.2,31.1,37.3,30.7,8.2,76,146,2.3,5.7,1.1,25.3,77,0,0.6,99,105,750,0,25.57,Vishakapatnam
31-01-2023,0.91,18.5,7.1,31.5,38.6,34.8,7.1,81,156,2.4,5.9,0.4,25.6,71,0,0.9,177,82,750,0.5,25.23,Vishakapatnam
01-02-2023,0.76,14.1,7.8,31.9,39.7,26.8,7.3,73,142,2.3,6.1,0.7,26.1,67,0,2.3,179,86,750,0,25.45,Vishakapatnam
02-02-2023,0.58,14.1,17.1,34.9,52,29.1,11.5,76,216,2.9,9.2,0.9,25.5,68,0,2.1,169,101,751,0,25.4,Vishakapatnam
03-02-2023,0.64,14.2,7,31.8,38.8,27.2,5.5,79,148,2.2,6.5,1,24.5,70,0.1,2.2,175,117,751,0,24.55,Vishakapatnam
04-02-2023,1.19,13.6,41.2,46.1,87.4,26.1,9.1,93,252,3.7,14,1.8,24,67,0,1.3,192,128,750,0,24.5,Vishakapatnam
05-02-2023,1.5,13.2,120.3,63.9,184.5,24.3,5,130,363,12.3,44.7,4.7,19,73,0,0.8,247,36,750,0,24.71,Vishakapatnam
06-02-2023,,,,,,,,,,,,,,,,,,,,,24.73,Vishakapatnam
07-02-2023,1.08,14,25.7,24.3,50.1,17.7,6.3,49,138,3.3,9.7,0.9,23.8,77,0,1.6,270,7,750,0,25.32,Vishakapatnam
08-02-2023,1.05,13.8,28.7,30.7,59.5,27.4,6,59,150,3.7,22.1,0.8,24.8,80,0,1.9,249,113,750,0,25.82,Vishakapatnam
09-02-2023,1.03,13.9,31.6,33,64.7,27.3,5.4,58,158,3.2,22.9,1,25.4,77,0,1.9,236,109,750,0,25.6,Vishakapatnam
10-02-2023,1.06,13.9,32.2,33.4,65.7,28.5,9.3,50,136,3.4,28.3,0.9,25.7,74,0,1.9,233,116,750,0,25.67,Vishakapatnam
11-02-2023,1.38,13.9,35.3,35.6,71,28.5,7.9,59,155,3.1,18.1,1.2,26,79,0,2,247,125,750,0,26.23,Vishakapatnam
12-02-2023,1.13,13.9,21.8,32.9,54.8,29.3,6.5,78,163,2.7,9.3,0.5,26.4,82,0,2.2,228,113,750,0,27.02,Vishakapatnam
13-02-2023,1.13,13.9,28.4,32.4,60.9,25.3,6.4,63,200,2.7,12.5,0.7,26.5,68,0.1,1.8,192,117,750,0,26.12,Vishakapatnam
14-02-2023,1.16,14,44,43.5,87.6,16.8,7.3,89,295,5.1,16.8,1.9,25.3,70,0,1.6,236,120,750,0,25.92,Vishakapatnam
15-02-2023,1.65,14.1,35.8,39.8,75.7,16.5,6,95,279,4.6,19,1.5,25.5,75,0,1.8,245,119,749,0,25.73,Vishakapatnam
16-02-2023,0.72,14,22,32.7,54.8,14.3,7.4,64,163,2.9,16,0.8,25.5,77,0,2.3,257,119,749,0,25.84,Vishakapatnam
17-02-2023,1.04,13.9,24.7,33.3,58.1,14.7,6.6,62,164,2.5,14.4,0.7,25.9,75,0,2.2,275,108,750,0,25.35,Vishakapatnam
18-02-2023,0.85,13.9,17.3,27.5,44.9,13.5,4.3,39,112,1.4,4.7,0.4,26.1,74,0,2.3,248,91,750,0,25.49,Vishakapatnam
19-02-2023,1.23,14,28.5,30.3,58.9,13.6,6.4,38,121,2.1,9.9,0.7,26.2,75,0,1.8,246,95,750,0,26,Vishakapatnam
20-02-2023,0.95,14,31.1,31.4,62.6,12.2,5.1,35,107,2.4,13.2,0.6,26.6,77,0,2.1,238,108,750,0,26.46,Vishakapatnam
21-02-2023,0.87,14,26.6,31.5,58.2,13,5.4,42,106,2.4,17,0.5,26.7,79,0,2.3,227,117,750,0,26.68,Vishakapatnam
22-02-2023,1.49,14,27.7,34.7,62.4,13.8,6,56,137,3.6,27.4,1,27,77,0,2.3,244,118,750,0,26.55,Vishakapatnam
23-02-2023,0.91,13.9,26.5,35.3,61.9,13.2,4.7,71,159,2.5,9.3,0.7,26.9,76,0,2.4,284,120,750,0,26.59,Vishakapatnam
24-02-2023,0.78,14.1,21.3,32.4,53.7,12.7,5.7,60,135,2.1,8,0.5,26.5,77,0,2.5,281,115,750,0,26.85,Vishakapatnam
25-02-2023,0.48,13.9,24.9,31.6,56.6,15.1,6,55,125,2.2,13,0.5,27,79,0,1.9,282,121,752,0,26.73,Vishakapatnam
26-02-2023,0.45,14.2,44.1,36.8,81.1,14.4,6.8,60,166,3.3,8.5,1.1,26.7,79,0,1.5,259,122,753,0,26.58,Vishakapatnam
27-02-2023,0.7,13.9,36.8,35.4,72.3,15.6,6.4,59,142,2.9,13.1,0.8,26.2,76,0.1,1.6,218,127,753,0,26.65,Vishakapatnam
28-02-2023,0.84,13.9,53.9,45.1,99.2,14.9,7.2,65,190,3.5,18.2,1.2,27,67,0,1.5,221,126,753,0,26.87,Vishakapatnam
01-03-2023,0.96,13.9,73.1,51.5,124.8,18.2,7.6,88,281,6,23.7,2.7,26.8,,,,,,,,26.99,Vishakapatnam
02-03-2023,1.09,13.9,44.7,50.5,95.3,17.9,6.5,97,302,5.1,22.4,2.1,27.4,,,,,,,,27.17,Vishakapatnam
03-03-2023,1.59,14.1,56.6,52.9,109.6,15.6,18.3,88,258,5.1,27.2,2.1,28,,,,,,,,27.55,Vishakapatnam
04-03-2023,1.32,14.1,51.7,50.4,102.2,18.2,7.7,89,245,4.9,19.5,1.8,28.9,,,,,,,,27.62,Vishakapatnam
05-03-2023,1.29,14.1,52.4,49.5,102,16.8,5.4,80,278,6.3,28.1,1.7,28.6,,,,,,,,27.52,Vishakapatnam
06-03-2023,1.39,14,37.3,50.3,87.7,17.1,8.3,82,258,5.6,32.6,1.7,28.7,,,,,,,,27.58,Vishakapatnam
07-03-2023,1.35,14.2,29.9,43.7,73.7,16.7,5.4,69,213,5.5,23.4,1.4,27.3,,,,,,,,27.54,Vishakapatnam
08-03-2023,1.11,14.3,43.3,42.5,85.9,15,9.3,68,212,4.5,12.8,1.4,28,,,,,,,,27.47,Vishakapatnam
09-03-2023,0.75,15,37.1,43.3,80.5,17.8,12.9,65,186,3.6,12.6,1.9,27.8,,,,,,,,27.38,Vishakapatnam
10-03-2023,0.89,13.9,21.3,35.3,56.7,16.8,12.5,54,157,2.3,8,0.7,29.2,,,,,,,,27.32,Vishakapatnam
11-03-2023,0.71,13.3,15.8,33.7,49.5,17.1,13.2,63,154,2.3,7.5,0.5,28.2,,,,,,,,27.09,Vishakapatnam
12-03-2023,1.04,14.2,19.9,35.5,55.5,17.9,15.9,60,144,2.8,10.4,0.9,30.3,,,,,,,,27.29,Vishakapatnam
13-03-2023,0.98,14.1,50.3,58.7,109.1,17.6,15,87,238,5.7,20.7,2,28.5,,,,,,,,27.72,Vishakapatnam
14-03-2023,1.37,14.3,37.8,59.4,97.3,17,16.8,102,275,6,21.3,1.8,28.7,,,,,,,,27.53,Vishakapatnam
15-03-2023,1.02,14.3,31.3,44.1,75.5,15.6,13.4,73,191,4.5,20.3,1.3,27.6,,,,,,,,27.28,Vishakapatnam
16-03-2023,0.93,14.5,25,34.6,59.7,13.2,14,47,106,2.9,26,0.7,27.8,,,,,,,,27.23,Vishakapatnam
17-03-2023,0.95,14.7,35.4,41.1,76.7,14.8,15.9,46,134,3.2,13.4,1.1,25.8,,,,,,,,26.82,Vishakapatnam
18-03-2023,0.95,14.8,52.9,41.8,94.9,15,14.7,47,132,3.8,16.7,1.9,25.9,,,,,,,,26.7,Vishakapatnam
19-03-2023,0.49,14.5,20.1,36,56.2,14.6,14.8,14,62,1.4,6,0.5,23.2,,,,,,,,25.08,Vishakapatnam
20-03-2023,0.57,14.5,29.7,38.1,67.9,15.1,13.7,20,67,2.1,11.3,0.9,25,,,,,,,,26.02,Vishakapatnam
21-03-2023,0.76,14.5,31.1,34.8,66,14,15.2,21,67,1.9,14.8,0.8,26.3,,,,,,,,26.89,Vishakapatnam
22-03-2023,0.65,14.2,33.6,34.5,68.2,13.3,14.1,25,70,1.8,10.3,0.7,27.1,,,,,,,,27.62,Vishakapatnam
23-03-2023,0.71,23.7,48.4,37.9,86.5,12.7,14.7,29,124,2.7,11.2,1.1,26.8,,,,,,,,27.76,Vishakapatnam
24-03-2023,0.63,24.5,33.6,31.4,65.2,12,13.4,20,66,2,14.6,0.8,29.3,,,,,,,,28.13,Vishakapatnam
25-03-2023,0.58,21.7,30.6,30.1,60.7,12.4,14.9,25,74,1.9,8.3,0.7,28.7,,,,,,,,28.05,Vishakapatnam
26-03-2023,0.57,18.9,38,32.9,71,11.5,16.3,25,90,2.3,13.7,0.6,29.2,,,,,,,,28.45,Vishakapatnam
27-03-2023,0.55,18,27.8,30.7,58.5,11.7,11.8,28,78,1.7,6.9,0.5,29.3,,,,,,,,28.75,Vishakapatnam
28-03-2023,0.52,18.6,30.5,30.2,60.8,12.4,13.4,29,93,2.4,7.5,0.7,30,,,,,,,,28.75,Vishakapatnam
29-03-2023,0.7,18.6,26.9,30.1,57.1,12.5,14.4,27,78,1.5,5.1,0.4,29.7,,,,,,,,28.51,Vishakapatnam
30-03-2023,0.51,18.5,29.7,31.7,61.5,12.9,15,30,87,1.8,10.4,0.5,29.5,,,,,,,,28.3,Vishakapatnam
31-03-2023,0.49,19.1,26.2,31.5,57.8,11.4,11.6,21,73,1.3,4.2,0.3,29.6,,,,,,,,28.31,Vishakapatnam
01-04-2023,0.56,18.6,25.6,30.5,56.1,12.9,14.6,21,70,1.4,4,0.4,29.7,75,0,2.7,330,103,747,0,27.96,Vishakapatnam
02-04-2023,0.5,20.7,38.3,33.8,72.2,11.6,14.6,20,67,1.9,20.9,0.5,27.3,79,0,2,270,67,747,0,28.43,Vishakapatnam
03-04-2023,0.49,19.1,26.7,32.4,59.1,13.1,14.4,23,71,2.1,16.1,0.5,30.3,75,0,2.9,305,162,747,0,28.75,Vishakapatnam
04-04-2023,0.69,18.9,28.6,33,61.7,12.6,13,24,76,1.6,7.6,0.4,30.3,78,0,3,325,154,747,0,28.59,Vishakapatnam
05-04-2023,0.75,19,28.2,31.8,60.1,13.3,14.5,22,72,1.7,7.3,0.5,30.8,76,0,2.7,312,150,747,0,29.37,Vishakapatnam
06-04-2023,0.6,18.7,28.5,32,60.6,12.7,13.2,22,70,1.7,9,0.4,30.3,77,0,2.9,289,151,748,0,29.15,Vishakapatnam
07-04-2023,0.53,21.5,23.1,32.3,55.4,16.4,13.3,30,103,1.8,6.7,0.6,30.1,71,0.1,2.1,250,156,749,0,29.07,Vishakapatnam
08-04-2023,0.8,20,29.3,34.2,63.6,14.8,16.2,39,116,2.5,13.2,0.6,30.2,77,0,2.1,258,153,750,0,29.09,Vishakapatnam
09-04-2023,0.56,19.7,21.6,34.8,56.5,14.7,13,54,112,2.2,18.6,0.6,31.5,69,0,2.1,201,173,750,0,29.48,Vishakapatnam
10-04-2023,0.63,20,23.2,37.1,60.4,15.1,12.9,62,144,2.8,17.8,0.7,32.8,64,0,2.2,226,156,749,0,30.08,Vishakapatnam
11-04-2023,0.84,21.7,27.9,39.8,67.7,15.4,14.7,55,195,3.5,28.7,1.1,34,63,0,2.1,210,171,749,0,30.55,Vishakapatnam
12-04-2023,1.17,19.7,21.1,37.6,58.8,15.5,11.6,56,171,3.9,27.4,1.1,34.2,67,0,2,206,155,748,0,31,Vishakapatnam
13-04-2023,0.97,18,20.7,36.6,57.3,14.8,12.5,54,162,2.8,16.3,0.7,34.2,65,0,2.1,226,152,747,0,31.37,Vishakapatnam
14-04-2023,0.97,18.2,22.9,37.8,60.7,14.6,15.2,53,155,3.5,22.5,0.8,34.6,63,0,2.4,256,149,747,0,31.16,Vishakapatnam
15-04-2023,0.77,19.2,19.3,39.9,59.2,15,13.1,72,189,3.3,16.4,1,35.6,63,0,2.2,238,139,746,0,31.51,Vishakapatnam
16-04-2023,0.78,22.3,13.7,36.4,50.1,12.7,13.1,77,168,3,12.5,0.6,33.8,72,0,2.5,234,120,745,0,31.49,Vishakapatnam
17-04-2023,0.7,18.2,21.1,37.8,58.9,14.8,11.7,69,183,3.3,20.6,0.9,34.8,66,0,2.2,241,144,746,0,30.95,Vishakapatnam
18-04-2023,0.71,18.3,15.7,39.7,55.4,15.4,15.4,61,210,3.6,15.4,1,40.5,53,0.1,2.6,259,263,746,0,31.4,Vishakapatnam
19-04-2023,0.76,17.9,23.2,37.1,60.3,14.1,11.3,57,185,3.7,14.9,0.9,34.2,67,0,2.6,253,136,745,0,31.84,Vishakapatnam
20-04-2023,0.61,22.4,21.8,35.3,57.2,13.6,12.4,60,175,3.2,16.4,0.8,33.6,69,0,2.6,263,139,743,0,31.1,Vishakapatnam
21-04-2023,0.48,22.6,19.6,30.7,50.3,13.9,10.8,62,133,2,7.1,0.6,31,76,0,2.2,209,136,744,0,30.44,Vishakapatnam
22-04-2023,0.74,19.5,23.5,36.6,60.2,13.1,14.5,55,132,2.6,14.2,0.8,30.8,74,0,2.3,280,140,745,0,29.93,Vishakapatnam
23-04-2023,0.44,23.7,10.7,25.7,36.5,14.1,12.9,25,67,1.3,4.3,0.3,29.6,69,0.1,2.3,144,119,746,0,29.24,Vishakapatnam
24-04-2023,0.39,24.6,12.9,24.7,37.6,14.6,11.6,32,77,1.1,5.3,0.3,31.5,75,0.1,1.9,148,161,747,0,28.76,Vishakapatnam
25-04-2023,0.46,18.8,18.2,24.8,43,13.2,13.5,21,57,1.2,5.7,0.4,31.8,74,0.1,2.2,165,135,748,0,29.28,Vishakapatnam
26-04-2023,0.31,21.3,22,27.2,49.2,13.7,15.3,35,100,1.7,6.4,0.4,31.2,74,0.1,1.9,217,139,747,0,29.58,Vishakapatnam
27-04-2023,0.4,17.7,25.7,34.7,60.4,12.4,12.7,43,122,2,13.5,0.7,31.5,70,0,2.1,252,144,747,0,30.2,Vishakapatnam
28-04-2023,0.56,21.5,26.9,33.9,61,12.7,12.2,44,104,2.3,12.3,0.6,32.1,72,0,2.3,267,172,747,0,30.45,Vishakapatnam
29-04-2023,0.51,19.1,37.2,37.4,74.6,14,14.7,43,126,3.4,27.6,1.2,31.2,72,0,1.9,257,131,747,0,30.41,Vishakapatnam
30-04-2023,0.46,19.4,46.2,40.9,87.2,14.2,13.7,41,133,2.7,11.3,1.3,32.1,69,0,1.9,262,139,746,0,30.14,Vishakapatnam
01-05-2023,0.53,23.7,28.5,37.3,65.8,15.5,13.2,27,86,2.1,15.3,0.6,26.1,81,0,1.7,221,33,747,19,28.26,Vishakapatnam
02-05-2023,0.45,19.9,39.4,35.2,74.7,14.7,14,28,117,2.1,9.3,0.8,28.5,77,0.1,1.7,207,172,747,0,28.99,Vishakapatnam
03-05-2023,0.47,18.4,30.3,33.9,64.3,14.7,14.2,22,76,1.9,9.8,0.8,27.9,80,0,1.3,206,81,748,6,28.91,Vishakapatnam
04-05-2023,0.4,22.1,32.7,30.4,63.2,14.8,14,14,46,1.5,8.5,0.6,29.7,78,0.1,1.6,215,156,747,0,28.83,Vishakapatnam
05-05-2023,0.35,18.9,33.7,36.6,70.4,14.9,14.7,23,91,2.3,12.4,0.9,30.8,74,0,2,273,133,746,0,29.34,Vishakapatnam
06-05-2023,0.43,19.4,31,36.2,67.2,14.8,13.2,23,99,1.9,9.6,0.7,31.7,72,0,2.3,292,157,745,0,30.08,Vishakapatnam
07-05-2023,0.54,19.7,20.3,38.6,59,16.4,12.3,30,87,2.8,18.7,0.8,33.7,72,0,2,275,145,745,0,30.53,Vishakapatnam
08-05-2023,0.49,20.2,21.4,36.1,57.5,17.7,13.9,36,86,2.6,17,0.5,32.8,76,0,2.4,235,151,744,0,30.78,Vishakapatnam
09-05-2023,0.49,22.1,18.8,34.7,53.6,18.6,12.6,44,88,2.1,13.8,0.6,32.7,77,0,2.3,218,143,745,0,30.81,Vishakapatnam
10-05-2023,0.28,22.6,18.8,32.5,51.3,18.6,11.5,36,72,1.8,11,0.4,32.7,78,0,2.1,212,148,745,0,30.58,Vishakapatnam
11-05-2023,0.39,22.3,18.2,29.8,48,18.6,11.7,28,76,1.4,6.8,0.5,32.9,75,0.1,1.7,178,150,745,0,31.01,Vishakapatnam
12-05-2023,0.31,23.2,14.8,29,43.8,18,13,19,56,1.1,6.7,0.3,33.5,71,0.1,2,186,130,744,0,31.1,Vishakapatnam
13-05-2023,0.58,19.8,22.3,35.9,58.3,18.5,13.4,34,122,2.4,9.3,0.8,33.2,73,0,1.8,214,124,743,0,31.51,Vishakapatnam
14-05-2023,0.6,21.5,12.3,34.9,47.2,22.9,18.9,72,162,2.9,7.1,0.4,34.2,77,0,1.8,196,165,742,0,32.19,Vishakapatnam
15-05-2023,0.59,21.3,11.8,39.2,51.1,22.2,14.8,61,186,5.2,9.1,0.6,34.6,78,0.1,2.2,248,157,742,0,32.46,Vishakapatnam
16-05-2023,0.58,26.3,10.4,27.7,38.1,22,10.6,47,153,2.9,6.2,0.4,34.9,78,0.1,2.1,156,154,744,0,32.53,Vishakapatnam
17-05-2023,0.37,20.7,12.1,29.8,42,21.6,14.8,35,98,1.1,3.2,0.2,33.9,80,0.1,3.2,239,142,746,0,31.45,Vishakapatnam
18-05-2023,0.38,21.9,15.4,36.5,51.9,21.5,11.6,35,118,2.2,5.3,0.4,34.2,75,0,2.8,321,149,747,0,30.89,Vishakapatnam
19-05-2023,0.4,23.1,14.9,36.5,51.4,21.2,11.6,37,112,1.8,5.8,0.4,32.9,75,0,3,306,147,746,10,30.97,Vishakapatnam
20-05-2023,0.49,23.7,19.9,38.5,58.5,22.4,13.4,46,121,2.2,10,0.4,33.4,74,0,2.5,316,187,746,0,30.9,Vishakapatnam
21-05-2023,0.42,21.3,11.1,33,44.2,20.9,15.5,31,91,0.9,3,0.2,33.3,73,0.1,3.1,316,175,747,0,30.42,Vishakapatnam
22-05-2023,0.42,19.9,16.2,35.7,51.9,22.7,13.9,37,98,1,5.9,0.2,32.9,75,0,3,300,164,747,10,30.73,Vishakapatnam
23-05-2023,0.38,20.7,16.6,38.6,55.3,23.5,13.4,37,100,0.7,3.1,0.2,31.4,71,0,2.4,231,130,747,1,31.34,Vishakapatnam
24-05-2023,0.29,20,18.1,38.9,57,23.3,13.8,46,113,0.4,1.4,0.1,32.7,73,0,2.9,308,153,746,0,31.55,Vishakapatnam
25-05-2023,0.52,22.6,17.4,39.7,57.1,26.2,13.9,44,108,1,4.4,0.2,30.7,76,0,3,293,109,745,11,31.32,Vishakapatnam
26-05-2023,0.6,23.5,18,42.7,60.7,25.5,13.7,45,118,1.3,4.8,0.3,31.1,77,0,2,273,90,746,0.5,30.47,Vishakapatnam
27-05-2023,0.56,24.8,14.7,37.4,52.1,26.3,9.9,57,144,1.9,7.8,0.3,33.4,78,0,2.3,192,156,744,0,31.83,Vishakapatnam
28-05-2023,0.48,23.4,19.1,40.5,59.7,29.7,17.6,54,142,0.7,2.6,0.2,32.2,77,0,1.8,172,129,745,0,30.92,Vishakapatnam
29-05-2023,0.62,23.7,35.4,42.1,77.6,26.2,19,53,181,0.9,2.2,0.2,32.8,75,0.1,2,258,158,746,0,30.86,Vishakapatnam
30-05-2023,0.38,19.8,16.4,37,53.5,24.1,12.5,36,102,0.8,3.5,0.2,34,72,0,2.3,288,153,746,0,31.18,Vishakapatnam
31-05-2023,0.69,19.9,24,45.6,69.7,24.6,13.7,58,174,1.7,7.3,0.4,33.6,70,0,2.1,286,118,745,0,31.71,Vishakapatnam
01-06-2023,0.66,19.3,17.2,41.9,59.1,26.6,14.7,62,148,0.9,3.4,0.2,34.4,74,0,2.2,260,125,744,0,31.42,Vishakapatnam
02-06-2023,0.51,19.9,19,41.2,60.3,26.6,10.1,71,169,1.7,9.1,0.3,34.3,79,0,1.8,223,121,744,0,31.74,Vishakapatnam
03-06-2023,0.4,22.5,10.4,31.9,42.3,24.9,13.4,35,102,1,2.2,0.2,35,79,0.1,3,196,204,744,0,32.14,Vishakapatnam
04-06-2023,0.31,24.4,8.4,32.9,41.3,23.9,13.8,39,108,0.7,2.1,0.1,33.1,76,0,2.6,192,134,744,0,31.56,Vishakapatnam
05-06-2023,0.49,23.4,10.6,35.6,46.2,24.5,14.2,45,113,1.2,4,0.2,32.9,70,0,2.1,242,149,743,0,31.23,Vishakapatnam
06-06-2023,0.56,22.1,13.1,39.7,52.8,24.8,12.9,46,144,1.3,5.7,0.3,34.3,76,0,1.8,237,116,742,0,31.79,Vishakapatnam
07-06-2023,0.58,19.8,17.2,46.7,63.9,24.8,13.3,54,200,1.4,6.2,0.2,35.9,68,0,2.3,265,142,742,0,31.75,Vishakapatnam
08-06-2023,0.81,22.1,19.4,52.8,72.2,25.2,15.1,60,195,1.8,7,0.5,37.4,62,0,1.8,256,129,741,0,32.68,Vishakapatnam
09-06-2023,0.66,24.7,11.5,39.2,50.7,25,11.3,45,156,1.1,2.9,0.3,36.8,70,0,2.1,225,143,740,0,31.67,Vishakapatnam
10-06-2023,0.73,19.3,16.4,42,58.4,23.2,11.9,46,151,1.6,7,0.3,40.9,58,0,2.5,277,161,739,0,32.12,Vishakapatnam
11-06-2023,0.63,24.2,12.8,39,51.7,23.6,9.2,44,150,1.9,8,0.3,38.4,61,0,2.5,247,136,740,0,31.9,Vishakapatnam
12-06-2023,0.59,19.4,18.1,40.7,58.8,24.7,12.1,39,132,0.7,2.7,0.1,34.8,71,0,2.7,246,128,740,0,30.6,Vishakapatnam
13-06-2023,0.53,21.7,14.7,44.5,59.2,30.2,12.9,54,164,0.1,0.1,0,35.5,71,0,1.9,210,116,741,0,30.7,Vishakapatnam
14-06-2023,0.6,17.9,14.9,42.2,57.1,27.8,9.2,41,123,0,0,0,34.3,70,0,2.9,240,158,741,0,31.59,Vishakapatnam
15-06-2023,0.69,10,17.7,50.7,68.4,26.3,11.8,47,155,0.3,0.1,1,37,66,0,2.1,239,137,742,0,31.15,Vishakapatnam
16-06-2023,0.67,10.2,13.8,52.3,66.1,25.6,14.8,57,185,0.4,0.2,0.9,38.8,62,0,2,226,120,741,0,32.35,Vishakapatnam
17-06-2023,0.47,16.6,13.2,45.2,58.4,25.1,9.7,46,154,1.8,9.5,2.7,37.6,60,0,2.4,186,132,741,0.5,31.22,Vishakapatnam
18-06-2023,0.63,15.7,13,39.9,52.9,28.6,6,47,150,2.9,15.7,0.7,36.3,69,0,2.3,192,170,742,0,31.21,Vishakapatnam
19-06-2023,0.56,15.2,17.4,40.1,57.6,29.3,13.4,37,97,2.1,9.3,0.6,31.6,77,0,2.1,215,85,711,2,30.53,Vishakapatnam
20-06-2023,0.56,17.5,9.7,42.8,52.5,27.6,10,45,111,3.4,26.1,0.5,32.1,76,0,2.2,217,146,742,0,30.37,Vishakapatnam
21-06-2023,0.35,11.9,12.6,41.5,54.1,22.1,7.2,33,94,1.7,11,0.4,33.1,72,0,2.3,243,165,742,0,30.23,Vishakapatnam
22-06-2023,0.57,11.8,12.6,42,54.6,21.5,9.7,39,111,2.6,14.9,0.7,31.5,75,0,2.3,261,70,742,0,29.24,Vishakapatnam
23-06-2023,0.59,17,21.5,44.7,66.3,22.4,10.6,43,119,2.7,18,0.8,30.3,76,0,1.9,261,48,743,0,28.52,Vishakapatnam
24-06-2023,0.7,14,30.2,44,74.3,21.1,11.7,32,84,1.8,6.4,0.8,27.6,80,0,2.1,275,33,742,4.5,28.71,Vishakapatnam
25-06-2023,0.5,15.5,18.7,37.3,56,22.6,15.2,27,84,1.9,7.4,0.6,30.1,78,0,1.9,263,92,741,0,28.69,Vishakapatnam
26-06-2023,0.34,14.8,21.6,38.8,60.4,20.7,9.7,27,94,2.2,6.4,0.7,32.2,71,0,2.9,265,114,741,0,29.39,Vishakapatnam
27-06-2023,0.52,15.5,17.7,39.6,57.3,22.5,11.1,33,135,3.4,5.2,0.5,32.3,71,0,2.9,238,120,742,0,30.03,Vishakapatnam
28-06-2023,0.46,15.1,12.1,36.3,48.4,22.6,6.7,30,101,1.9,3.4,0.3,33.4,73,0,2.7,230,138,744,0,30.14,Vishakapatnam
29-06-2023,0.43,17.3,12.8,41,53.8,22.9,9.9,28,96,2.4,3,0.4,33.5,73,0,3,228,153,744,0,30.44,Vishakapatnam
30-06-2023,0.42,16.1,14.4,39.2,53.6,24.5,9.7,36,100,2.3,5,0.4,34.3,71,0,2.6,236,151,743,0,30.54,Vishakapatnam
01-07-2023,0.48,13,13.9,42.4,56.3,24,10.2,32,108,2.1,5.6,0.4,33.9,74,0,2.6,229,150,743,0,30.83,Vishakapatnam
02-07-2023,0.51,22.4,13.9,38.9,52.8,26.3,8.9,43,127,2.7,16.6,0.7,33.8,71,0,2.2,232,158,742,1.5,30.44,Vishakapatnam
03-07-2023,0.52,25.9,13.1,40.3,53.4,24.9,11.8,43,131,2.6,8.6,0.6,33.2,73,0,1.9,205,162,742,0,29.61,Vishakapatnam
04-07-2023,0.45,13.4,18.2,42.3,60.5,22.6,9.7,33,103,2.2,5.9,0.7,32.5,72,0,2.1,225,160,741,0,29.34,Vishakapatnam
05-07-2023,0.62,10.4,25.5,43.1,68.7,21.3,10.7,34,85,2.9,11.3,0.6,29.3,81,0,1.9,260,50,740,2.5,28.34,Vishakapatnam
06-07-2023,0.51,12.9,25.3,46,71.4,21.8,10.4,36,93,3.2,10.4,0.7,29.1,82,0,2.2,254,68,741,2.5,29.19,Vishakapatnam
07-07-2023,0.54,12,26.2,44.2,70.4,20.8,10.5,31,110,2.7,5.5,0.6,31.8,73,0,2.7,250,104,743,0,29.38,Vishakapatnam
08-07-2023,0.58,13.3,17.5,42.1,59.6,20.7,11.1,34,111,2.2,3.8,0.4,31.8,74,0,2.7,232,112,744,0,29.62,Vishakapatnam
09-07-2023,0.28,11.3,19.4,42.2,61.6,23.9,10.9,46,109,2,4.8,0.5,32.6,73,0,2.1,237,181,744,0,30.14,Vishakapatnam
10-07-2023,0.48,18.6,13,36,49.1,24.5,12.3,31,100,2.2,7.1,0.5,33.1,73,0.1,2.6,205,219,743,0.5,29.13,Vishakapatnam
11-07-2023,0.44,12.2,16.9,35.5,52.4,23.3,11.9,38,112,1.8,5.8,0.5,31.8,76,0,2.1,207,118,743,10.5,28.64,Vishakapatnam
12-07-2023,0.31,13.2,19.9,37.4,57.4,19.7,13.3,24,69,1.7,4.2,0.4,30.8,76,0,2.2,262,146,743,1,28.75,Vishakapatnam
13-07-2023,0.45,10.3,28.8,42.6,71.5,19.8,10.2,29,94,2.7,14.6,0.7,29.1,77,0,2.5,274,80,743,0,28.24,Vishakapatnam
14-07-2023,0.48,11.3,16.4,40.9,57.3,20.2,12.6,34,104,2,9.1,0.4,31.5,76,0,2.8,245,141,744,0,29.52,Vishakapatnam
15-07-2023,0.64,10.8,28.8,45.3,74.1,20.5,11.1,36,105,3,6.4,0.8,30.8,79,0,2.1,245,65,743,8,29.06,Vishakapatnam
16-07-2023,0.44,13.1,29.9,41.1,71,21.5,12,23,67,2,10.8,0.8,31.9,72,0,2.4,286,85,741,0,28.58,Vishakapatnam
17-07-2023,0.4,15.5,30.6,40.9,71.6,18.5,10.8,29,76,2,7.3,0.6,28.6,77,0,2.2,280,72,741,3.5,28.3,Vishakapatnam
18-07-2023,0.45,9.2,38.2,40.3,78.6,19.2,11.2,25,66,2.1,7.1,0.6,26.5,84,0,2.3,267,32,740,5,27.58,Vishakapatnam
19-07-2023,0.43,12,29.5,36.3,65.9,18.1,12,19,68,2.3,5.7,0.6,27.7,81,0,2.6,263,71,739,4,27.32,Vishakapatnam
20-07-2023,0.39,12.5,27.5,31.5,59.1,17.6,11.7,21,79,2.1,6.3,0.8,29.2,78,0,2.3,266,73,739,0,27.7,Vishakapatnam
21-07-2023,0.41,11,20.5,31.8,52.4,18,11.9,26,94,2.3,6.6,0.6,30.7,76,0,2.5,265,146,739,0,27.4,Vishakapatnam
22-07-2023,0.48,10.6,23.8,33.4,57.2,19.9,11.3,29,84,2.6,10.7,0.8,29.2,81,0,1.8,260,66,742,22,28.33,Vishakapatnam
23-07-2023,0.51,11.4,23.5,36.4,59.9,18.1,13.3,32,79,2.4,8.6,0.7,29,83,0,2.2,268,116,742,42.5,28.09,Vishakapatnam
24-07-2023,0.42,12.2,22.7,31.6,54.4,18.6,9.9,24,56,2.2,9.1,0.7,28.4,84,0,2.1,263,82,741,22.5,28,Vishakapatnam
25-07-2023,0.44,12.6,20.7,30.8,51.5,19.2,9.5,19,44,1.9,7.1,0.7,29.1,83,0,1.8,258,92,740,54,27.96,Vishakapatnam
26-07-2023,0.5,12.7,24.9,30,54.9,20.2,7.4,16,39,2,6.7,0.7,27.2,87,0,2.5,285,86,739,87.5,28.77,Vishakapatnam
27-07-2023,0.38,10,15.2,28.8,44.1,16.2,11.4,21,75,1.3,3.3,0.4,29,79,0,3.7,254,101,740,0,28.26,Vishakapatnam
28-07-2023,0.39,10.6,18.4,28.2,46.7,17,12.1,18,60,1.5,4.8,0.5,32.1,71,0,3.1,275,136,740,0,28.16,Vishakapatnam
29-07-2023,0.38,11,23.7,27.4,51.1,15.9,14.8,26,66,1.7,6.7,0.5,33.1,71,0,2.7,288,115,740,0,29.19,Vishakapatnam
30-07-2023,0.39,10.5,30,30.5,60.6,14.7,11.6,29,76,1.7,10.8,0.5,33.6,69,0,2.2,291,102,741,0,28.94,Vishakapatnam
31-07-2023,0.66,11.5,47.6,33.2,80.9,9.8,13.6,32,93,3,19.5,1.4,30.1,77,0,1.6,291,48,741,2,28.12,Vishakapatnam
01-08-2023,0.43,12.2,46.4,29,75.5,11.3,11,30,88,2.3,23.4,2.3,30.3,77,0,2.3,294,65,740,0,28.22,Vishakapatnam
02-08-2023,0.39,11,41.1,28.3,69.5,10.6,12.4,29,91,1.8,11.8,1.9,30.9,72,0,2.5,276,55,741,0,28.35,Vishakapatnam
03-08-2023,0.38,11.9,33.4,27.5,61,9.8,11.9,28,106,1.3,4,1.2,33.4,67,0,3,264,140,741,0,28.64,Vishakapatnam
04-08-2023,0.47,11.4,25.2,29.1,54.4,10.8,12.1,30,117,1.7,4.3,1.2,32.7,70,0,2.8,254,141,744,0,28.94,Vishakapatnam
05-08-2023,0.59,13.1,27.3,31.7,59.1,13.9,11.6,33,123,0.7,2.3,0.3,32.5,74,0,2.5,249,127,745,0,28.9,Vishakapatnam
06-08-2023,0.57,15.4,21.3,31.5,52.8,10.6,12.5,37,147,0,0,0,32.8,73,0,2.8,243,127,744,0,28.88,Vishakapatnam
07-08-2023,0.47,9.9,30.4,30.3,60.8,11.4,12.6,34,118,0,0,0,33.8,67,0,2.7,276,120,743,0,28,Vishakapatnam
08-08-2023,0.74,10.4,30.3,36.8,67.1,12,10.3,44,173,,,,34.2,66,0,2.1,259,120,743,0,28.58,Vishakapatnam
09-08-2023,0.64,13.1,19.8,35.5,55.3,12.6,10.6,41,156,,,,33.8,67,0,2.1,218,134,745,0,28.69,Vishakapatnam
10-08-2023,0.63,12.1,33.4,37.4,71,12.8,10.9,41,147,2.5,7,2.6,32.2,70,0,2.1,264,125,745,0,28.76,Vishakapatnam
11-08-2023,0.72,11.1,30,35.4,65.5,11.9,9.9,48,153,3.1,13.5,1.9,32.9,72,0,2,238,152,745,0,28.77,Vishakapatnam
12-08-2023,0.87,12,25,35.1,60.2,13.6,11.1,52,174,4.4,20.2,1.6,33.6,73,0,2.1,252,120,744,0,28.59,Vishakapatnam
13-08-2023,0.56,14.8,23.5,33.1,56.7,11,8.2,37,127,1.7,6.9,1,33.1,69,0,2.1,233,129,744,0,28.86,Vishakapatnam
14-08-2023,0.52,12.3,12.6,32.2,44.9,15.7,10.6,39,114,0.2,0.5,0.1,29.8,78,0,0.9,230,12,745,0,28.25,Vishakapatnam
15-08-2023,0.74,9.5,14.2,22.3,36.5,15,7.8,43,136,1.8,3.5,0.7,32.5,74,0,2.2,252,143,744,0,28.61,Vishakapatnam
16-08-2023,0.78,10.3,28.5,27.1,55.7,14.8,10.3,38,102,0.4,1.2,0.2,33.6,70,0,2.3,260,151,744,0,28.6,Vishakapatnam
17-08-2023,1.01,10.6,34.8,24.4,59.2,15.4,8,39,92,0.6,2.4,0.2,31.7,73,0,2,273,75,743,3.5,28.49,Vishakapatnam
18-08-2023,1.01,10.4,37.3,24,61.3,12.9,8.8,41,96,0.9,3.8,0.7,29.2,80,0,1.8,275,72,741,0.5,27.61,Vishakapatnam
19-08-2023,0.95,10.2,32.8,26.2,59,11.2,11,37,89,2.3,5.5,1.1,29.4,76,0,2.5,257,95,742,0,28.06,Vishakapatnam
20-08-2023,0.84,9.7,24.8,25.2,50.1,12.5,7.7,35,86,0.7,2.3,0.4,31.9,73,0,2.4,253,140,743,0,28.17,Vishakapatnam
21-08-2023,0.89,10.2,24.1,25,49.2,13.7,17.3,35,83,1,1.8,1.1,32,75,0,2.5,237,135,743,0,28.35,Vishakapatnam
22-08-2023,1.21,10.7,30.9,25.2,56.1,14,15.9,38,91,2.7,4.8,2.8,31,78,0,2,237,89,743,0,28.6,Vishakapatnam
23-08-2023,1.22,10.5,26,26.6,52.7,11.4,13.7,44,108,2.4,4.5,2.5,31.6,76,0,2.6,260,119,743,0,28.03,Vishakapatnam
24-08-2023,1.19,10.4,27.6,27.2,54.9,12.7,17.4,37,109,1.3,2.7,1.4,30.8,77,0,2.2,242,98,743,1.5,27.99,Vishakapatnam
25-08-2023,1.32,9.5,23.6,26,49.7,11,17.4,37,101,1.6,3.3,1.6,30.3,78,0,2.5,254,116,743,8,27.89,Vishakapatnam
26-08-2023,0.89,10.6,30,20.9,51,9.4,8.8,30,74,1,2.1,1,26.5,87,0,1.7,287,32,744,12,28.01,Vishakapatnam
27-08-2023,0.92,10.5,27.5,15.5,43.1,8.7,8,37,100,1,2.1,1,30.8,80,0,2,270,90,743,0,28.46,Vishakapatnam
28-08-2023,0.76,11,20.3,13.6,33.9,9.7,6.8,36,110,0.8,1.7,0.9,32.2,74,0,2,232,148,743,0,29.03,Vishakapatnam
29-08-2023,0.78,10.9,21,15.7,36.8,8.5,11,50,197,0.9,1.8,0.9,32.3,69,0,1.7,220,156,743,0,28.91,Vishakapatnam
30-08-2023,0.86,11.1,20.4,17.5,37.9,8.6,8.3,61,236,1,2,1,33.3,67,0,1.7,233,156,743,0,28.72,Vishakapatnam
31-08-2023,0.79,14.8,13.8,13.9,27.8,11.8,9.6,60,207,0.9,1.8,0.9,33,73,0,1.8,178,153,744,0,28.57,Vishakapatnam
01-09-2023,0.59,9.6,17,18.4,35.4,9.5,10.5,59,154,0.8,1.6,0.8,32.3,77,0,2.1,239,135,744,0,28.7,Vishakapatnam
02-09-2023,0.61,10.3,22.9,19.2,42.1,10.5,13.5,52,101,0.5,1.1,0.5,31.4,78,0,2.2,243,104,743,26,28.3,Vishakapatnam
03-09-2023,0.76,10.5,32.9,21.2,54.3,10.8,6.7,40,75,0.9,1.7,0.9,31.5,79,0,2.1,227,127,740,8,27.95,Vishakapatnam
04-09-2023,0.66,11.6,29.3,20,49.4,8.9,7.5,39,73,0.7,1.1,0.7,30.7,80,0,1.8,172,84,737,0,28.52,Vishakapatnam
05-09-2023,,11.3,30.9,18.6,49.5,9.1,4.5,36,69,0,0,0,31.2,78,0,1.6,197,137,737,0,27.41,Vishakapatnam
06-09-2023,,12.5,34.9,20.6,55.6,9.5,4.4,47,88,0,0,0,30,81,0,1.5,224,71,738,3.5,27.79,Vishakapatnam
07-09-2023,,15.3,33.3,18.3,51.7,3.8,4.7,28,68,0,0,0,28,86,0,2.1,265,41,740,34.3,28.53,Vishakapatnam
08-09-2023,,15,22.3,20.2,42.5,4.5,8.1,27,77,0,0,0,30.9,79,0,2.9,230,117,741,0.5,28.25,Vishakapatnam
09-09-2023,0.87,12.6,21.5,18,39.5,15,14.6,29,82,1,1.9,0.8,30,83,0,1.9,234,65,742,8.5,28.53,Vishakapatnam
10-09-2023,0.8,10.9,35,25.5,60.6,21.5,4.9,31,80,2.3,8.9,2.3,29.4,82,0,2,261,88,742,5,28.41,Vishakapatnam
11-09-2023,0.87,12,30.6,29.2,59.9,20.5,5,36,90,2.7,18.7,3.1,29.1,84,0,1.6,258,82,742,13,28.85,Vishakapatnam
12-09-2023,0.6,11.8,16,28.7,44.7,17.6,6.1,32,93,2.9,24,3.5,29.6,81,0,1.7,249,63,742,0,28.24,Vishakapatnam
13-09-2023,0.74,12.2,59.3,31.2,90.7,16.4,6.9,41,108,3.4,23.5,3.6,28.2,80,0,1.7,284,34,742,0.5,27.5,Vishakapatnam
14-09-2023,0.57,11.9,35,29.1,64.2,14.4,5.8,30,89,2.2,15.4,1.9,28.9,75,0,2.7,269,85,741,0,27.23,Vishakapatnam
15-09-2023,0.56,10,22.9,31.5,54.5,13.7,8.2,33,108,1.9,4.5,1.1,31,76,0,2.9,231,120,743,0,28.07,Vishakapatnam
16-09-2023,0.94,7.8,20.9,32.6,53.5,13.6,11.9,33,81,1.7,7.9,1.4,31.2,77,0,2.2,251,124,744,0,28.4,Vishakapatnam
17-09-2023,0.61,9.2,26.4,33.8,60.2,21.1,10,36,78,2.9,12,1.6,31.7,76,0,1.8,244,101,742,0,28.57,Vishakapatnam
18-09-2023,0.53,10.7,12.5,32,44.6,23.5,10.7,33,78,1.4,2.9,0.7,30.4,79,0,1.8,213,106,742,27.5,28.76,Vishakapatnam
19-09-2023,1.02,11.1,11,38.9,49.9,18.8,9.5,46,130,3.1,12,3.3,30.2,80,0,1.2,246,52,743,0,28.21,Vishakapatnam
20-09-2023,0.68,11.6,8.8,48.9,57.6,16.2,10.2,28,64,0.3,1.2,0.5,25.8,88,0,1.8,214,26,741,38,28.16,Vishakapatnam
21-09-2023,1.02,10.9,6.1,25,31.1,37.6,17.4,35,100,2.7,7.1,1.5,29.9,79,0,2.5,273,63,744,0,28.06,Vishakapatnam
22-09-2023,0.6,12.1,6.5,25.7,32.3,20,16.6,33,94,1.9,6.4,0.9,30.3,81,0,2.6,238,118,745,0,27.96,Vishakapatnam
23-09-2023,0.43,11,13.8,29.1,42.9,28.8,13.3,28,89,0.6,1.5,0.4,31.1,80,0,2.6,237,113,744,4.5,28.16,Vishakapatnam
24-09-2023,0.66,11.2,11.4,25.1,36.5,15.6,7.7,28,92,1.6,5.8,0.9,29.8,83,0,2.1,245,78,744,0,27.77,Vishakapatnam
25-09-2023,0.72,11.4,14.3,34.9,49.2,19,7.2,33,92,1.9,6.2,1.2,30.6,83,0,1.8,224,93,744,0,27.6,Vishakapatnam
26-09-2023,0.95,10.4,28.2,35.9,64.2,14,7,34,99,2.4,6,1.7,30.4,80,0,1.8,230,136,744,0,27.97,Vishakapatnam
27-09-2023,0.61,10.4,18.9,34.6,53.5,15.1,3.9,34,78,1.9,7.3,1.1,31.3,82,0,1.7,218,114,744,0.5,28.61,Vishakapatnam
28-09-2023,0.6,10.1,14.7,36.7,51.4,14.4,4.5,41,124,2.4,9.3,1.8,31.4,80,0,1.7,227,134,744,0,28.9,Vishakapatnam
29-09-2023,0.6,14.3,29.1,40,69.2,12.3,4.7,29,111,2.3,9.5,1.8,30.1,79,0,1.8,230,110,744,0,27.8,Vishakapatnam
30-09-2023,0.62,19.5,32.6,44,76.7,11.9,5.3,38,112,3,12.3,2.3,30.8,77,0,2.2,261,103,743,0,28.38,Vishakapatnam
01-10-2023,0.49,13.4,31.4,43.8,75.2,11.8,5.1,40,114,2.6,7.5,1.6,30.5,81,0,2.5,253,84,742,11.5,28.1,Vishakapatnam
02-10-2023,0.54,16.3,27,46.5,73.5,11,4.7,36,113,1.6,4.4,1.5,30.2,80,0,2.4,254,57,742,0,27.8,Vishakapatnam
03-10-2023,0.69,10.4,26.9,48,75,11.8,4.6,49,142,2.9,6.7,2.1,31.4,77,0,2.3,256,116,742,0,29.05,Vishakapatnam
04-10-2023,0.56,11.2,24.9,44.8,69.8,17.7,5.4,55,143,2.7,8.8,2.5,32.2,76,0,1.9,237,137,743,0,29.17,Vishakapatnam
05-10-2023,0.51,12.2,16.2,60.8,77,14.7,5,51,188,3.1,9,4.1,32.1,64,0,1.6,221,142,744,0,28.76,Vishakapatnam
06-10-2023,0.54,11,11.9,56,67.9,15.3,4.6,67,228,4.1,12.1,5.8,31.2,70,0,1.7,232,137,744,0,28.07,Vishakapatnam
07-10-2023,0.56,13,15.3,46.3,61.6,19.4,6.7,74,193,2.7,17.1,2.2,31.5,75,0,1.8,224,136,745,0,28.35,Vishakapatnam
08-10-2023,0.64,10,19,47.9,66.9,14.7,4.1,66,159,2.3,6.8,1.6,31.4,80,0,2.3,252,113,746,0,28.11,Vishakapatnam
09-10-2023,0.55,12.7,25.4,45.2,70.7,14.5,5.4,58,147,3.6,13.7,1.6,31.5,79,0,2.1,245,120,747,0,28.85,Vishakapatnam
10-10-2023,0.51,12.8,9.2,35.2,44.4,23.1,7.6,75,149,2,6.4,1.5,32,79,0,1.8,194,132,747,0,28.66,Vishakapatnam
11-10-2023,0.55,10.4,9.6,45.3,54.9,21.7,7,91,208,3.1,15.3,2,31.7,75,0,1.7,222,126,747,0,28.14,Vishakapatnam
12-10-2023,0.51,19.4,12.2,42.4,54.6,18.6,8.1,77,203,2.7,14.1,2,31.9,69,0,1.6,210,131,748,0,28.47,Vishakapatnam
13-10-2023,0.53,18.9,13.7,42.4,56.1,17.7,8.2,77,213,2.6,10.3,2.1,32.1,67,0,1.5,186,132,749,0,28.16,Vishakapatnam
14-10-2023,0.53,16.7,9.9,33.1,43.1,17.3,8.7,65,205,2.6,22.9,2.7,30.9,70,0,1.6,180,130,749,0,28.01,Vishakapatnam
15-10-2023,0.71,11.3,11.5,43.3,54.8,12.2,12.6,64,174,2.4,7.7,2.4,30.8,71,0,1.3,203,126,749,0,27.98,Vishakapatnam
16-10-2023,0.67,16.1,14.2,44.7,58.9,11.8,12.4,69,213,3.1,10.2,2.4,32.1,64,0,1.3,187,122,748,0,28.02,Vishakapatnam
17-10-2023,0.8,17.2,12.8,41.2,54,14.8,5,83,226,3.1,10.3,2.5,31.7,65,0.1,1.5,202,123,749,0,28.1,Vishakapatnam
18-10-2023,1.05,20.2,9.2,26.7,35.9,21,4.1,81,201,1.9,6.8,1.3,33.6,64,0.1,2,100,158,749,0,27.79,Vishakapatnam
19-10-2023,1.09,16,10.3,40.8,51.1,19.1,4,87,239,2.7,9.3,2.6,31.6,71,0.1,2,168,114,749,0,27.51,Vishakapatnam
20-10-2023,0.89,24.9,8.5,24.1,32.7,14.1,3.6,49,131,1.2,2.9,0.9,32.9,64,0.1,3.3,82,138,749,0,27.22,Vishakapatnam
21-10-2023,0.74,16.3,8.4,29.7,38.1,12.3,3.6,50,130,1.3,4.6,0.9,30.9,67,0.1,2.8,88,110,749,0,26.75,Vishakapatnam
22-10-2023,0.75,13,8.9,39.2,48.1,12.6,3.8,54,128,1.4,3.6,0.8,30.9,61,0,2.7,304,102,747,0,26.33,Vishakapatnam
23-10-2023,1.05,12.5,18,45.3,63.4,9.8,4.7,41,119,2.1,6.3,2,31,57,0,2.5,303,87,747,0,26.79,Vishakapatnam
24-10-2023,0.91,13.8,22.5,33.9,56.4,14.1,6.1,54,125,2.5,9.3,1.8,31.2,65,0.1,1.5,177,119,748,0,27.14,Vishakapatnam
25-10-2023,1,10.7,21.9,36.2,58.2,16.5,5.9,66,151,1.9,5,1,30,74,0,1.2,195,83,749,0,27.09,Vishakapatnam
26-10-2023,0.93,14.1,16.5,27.8,44.3,16.4,6.1,59,127,1.2,2.9,0.8,29.9,76,0.1,1.4,164,92,749,0,26.77,Vishakapatnam
27-10-2023,0.91,15.1,18.8,30.6,49.5,17.2,5.8,65,138,1.4,3.6,0.9,29.9,73,0.1,1.7,146,90,749,0,26.38,Vishakapatnam
28-10-2023,0.86,17.1,12.2,26.7,38.9,20.3,6.9,93,171,1.3,1.9,0.5,29.4,73,0.1,1.7,141,98,749,0,26.31,Vishakapatnam
29-10-2023,0.79,23.1,8.3,21.6,29.9,17,6.1,76,139,2.6,2,0.3,29.4,69,0.1,2,176,104,749,0,26.11,Vishakapatnam
30-10-2023,0.84,21.5,8.3,30,38.3,12.2,4.3,55,117,2.1,2.7,0.6,29.4,63,0.1,1.9,190,112,750,0,25.69,Vishakapatnam
31-10-2023,0.85,14.9,8.6,29,37.6,11.8,6.3,56,118,1.4,2.9,0.5,29,67,0.1,2.2,177,105,750,0,25.66,Vishakapatnam
01-11-2023,0.83,12.3,8.6,31.6,40.3,10,3.9,47,96,1,2.3,0.3,29.3,71,0,2.6,182,95,750,6.5,26.3,Vishakapatnam
02-11-2023,0.72,12.5,9.9,24.2,34.2,7.3,3.2,21,54,0.7,1.9,0.4,29.4,77,0.1,2.4,146,115,749,0,26.94,Vishakapatnam
03-11-2023,0.48,11.6,10,15.9,26,10.1,3.6,12,23,0.5,1.7,0.4,29,79,0.1,2.2,133,120,748,10.5,26.93,Vishakapatnam
04-11-2023,0.47,14.2,17,17,34.1,12.1,4.7,10,31,0.6,2.4,0.5,26.9,82,0,1.4,165,90,748,21,26.78,Vishakapatnam
05-11-2023,0.58,13.7,40.1,21.4,61.6,10.1,5,17,65,1.3,4.2,1.3,28.8,78,0.1,1.5,154,119,749,0,26.77,Vishakapatnam
06-11-2023,0.51,20.4,9.2,17.4,26.6,11.2,5.3,23,47,0.9,2.7,0.4,28.8,79,0,2.3,145,70,750,0,26.8,Vishakapatnam
07-11-2023,0.62,19.5,9.2,21.3,30.5,15.8,4.5,55,98,1.2,2.2,0.6,29.3,77,0.1,2.1,151,81,750,0,26.71,Vishakapatnam
08-11-2023,0.66,27.3,12.2,25.7,37.9,17,8.3,71,153,1.5,3,0.7,30,71,0.1,1.8,184,108,750,0,26.55,Vishakapatnam
09-11-2023,0.79,46,11,36.5,47.6,16.8,5.9,75,182,1.2,2.9,0.7,30.5,59,0.1,2,110,142,751,0,25.59,Vishakapatnam
10-11-2023,0.85,19.3,26.1,50.3,76.4,15.6,5,91,248,1.9,5.8,1.3,28.5,66,0,1.2,160,112,751,0,25.15,Vishakapatnam
11-11-2023,0.89,23,32.3,49.3,81.7,15.3,4.4,105,281,3.1,9,2.5,28.8,66,0,1.2,142,110,751,0,25.42,Vishakapatnam
12-11-2023,0.93,9.6,26.4,49.2,75.6,16.5,5.2,135,302,2.8,6.7,1.8,28.3,69,0,1.4,180,103,751,0,25.63,Vishakapatnam
13-11-2023,0.84,17.1,8.9,26.5,35.4,19,4.8,132,229,1.2,2,0.3,28.7,70,0,2.2,144,84,751,0,25.52,Vishakapatnam
14-11-2023,0.7,25.7,8.6,26.1,34.7,14.4,4.8,86,164,1.4,1.8,0.5,28.7,65,0.1,2.7,135,110,751,0,25.18,Vishakapatnam
15-11-2023,0.64,21.6,8.3,29,37.3,11.8,7.6,65,147,1,1.6,0.4,30.6,56,0.1,3.1,46,212,750,0,24.83,Vishakapatnam
16-11-2023,0.59,24.6,8.3,26.1,34.5,10,7.1,47,100,1,1.4,0.3,29.4,64,0.1,2.8,193,116,749,0,26.3,Vishakapatnam
17-11-2023,0.61,15.8,8.7,15.3,24,12.1,9.1,46,87,1,1.6,0.3,29.1,69,0.1,1.9,146,124,750,0,25.36,Vishakapatnam
18-11-2023,0.62,26.9,10.6,19.9,30.5,10.4,6.6,32,71,0.8,1.8,0.3,28.6,72,0.1,1.9,178,112,750,0,26.18,Vishakapatnam
19-11-2023,0.58,21,9,20.4,29.5,10.6,8.5,31,67,0.5,0.9,0.1,28.1,75,0.1,2.6,159,106,751,0,25.81,Vishakapatnam
20-11-2023,0.54,11.8,8.8,25.3,34.2,9.6,8.8,29,74,0.5,1.2,0.2,26.4,71,0.1,2.9,63,51,751,0.5,25.37,Vishakapatnam
21-11-2023,0.72,7.4,12.4,32.8,45.2,7.7,10.3,31,65,0.7,2.5,0.3,24.5,79,0,2.1,131,56,751,2.5,25.48,Vishakapatnam
22-11-2023,0.72,20.9,9.7,23.1,32.7,13.8,5,48,92,0.6,1.8,0.2,27.3,77,0.1,1.9,137,82,750,0,25.88,Vishakapatnam
23-11-2023,0.79,29.1,7.9,18.6,26.5,18,6,79,133,0.9,1.4,0.3,27.4,77,0.1,2.1,83,81,749,0,25.92,Vishakapatnam
24-11-2023,0.76,34.5,7.1,17.3,24.4,18.6,4.2,79,139,0.7,0.9,0.2,27.8,71,0.1,2.1,71,63,750,0,25.61,Vishakapatnam
25-11-2023,0.88,25.4,8.6,27.2,35.8,16.2,7.4,83,140,1.1,2.4,0.3,29.2,68,0.1,2.9,102,167,750,0,25.43,Vishakapatnam
26-11-2023,0.82,33.3,8.3,24,32.3,16.5,8.8,85,143,0.8,1,0.2,28.6,66,0.1,2.8,78,151,751,0,25.51,Vishakapatnam
27-11-2023,0.8,22,8.4,28,36.4,13.4,6.4,,,1,1.4,0.2,,,,,,,751,0,25.25,Vishakapatnam
28-11-2023,0.75,20.6,9.1,28.2,37.3,13.3,8.7,,,0.3,0.4,0.1,,,,,,,750,,25.3,Vishakapatnam
29-11-2023,0.79,28.5,9,27.7,36.7,14.8,6.1,59,129,0.4,1,0.2,26.5,78,0.1,2.2,78,15,750,0,25.37,Vishakapatnam
30-11-2023,0.85,18.8,9.2,26.1,35.4,14.8,8.1,60,131,1.1,2,0.4,28.7,69,0.1,2.4,58,157,750,0,25.4,Vishakapatnam
01-12-2023,0.98,27.3,7.4,31.8,39.2,13.7,6,70,155,1.3,1.3,0.2,28.4,70,0.1,2.8,46,143,750,0,25.56,Vishakapatnam
02-12-2023,0.77,19.8,7.1,29,36.1,9.8,10.1,49,108,0.7,0.7,0.1,27.1,71,0.1,3.6,38,90,750,0,25.77,Vishakapatnam
03-12-2023,0.75,20.2,6.4,25.2,31.7,10.3,9.3,49,112,1.3,1,0.3,27.5,67,0.1,3.9,43,65,749,0,25.95,Vishakapatnam
04-12-2023,0.83,16.3,8.9,34.6,43.5,10.4,10,51,91,2.1,3.6,0.6,21.5,87,0,3,24,24,749,32.5,25.53,Vishakapatnam
05-12-2023,0.66,17.8,8.6,25,33.6,13.6,10.5,35,56,1.5,2.7,0.3,23.5,91,0.1,3.2,88,22,750,41,25.7,Vishakapatnam
06-12-2023,0.61,14.9,9,30.3,39.4,8.7,10.5,19,37,1.5,4.7,0.5,23,91,0.3,2.9,,63,760,42.5,26.13,Vishakapatnam
07-12-2023,0.88,12,12.1,33.6,45.7,9.2,10.5,52,88,2.4,8,1.1,24.2,89,0.1,1.9,90,84,761,0,25.54,Vishakapatnam
08-12-2023,0.79,11.7,12.1,32.1,44.3,7.7,8.4,38,85,2,9.3,1.3,27.3,81,0.1,1.8,99,139,756,0,25.49,Vishakapatnam
09-12-2023,0.7,14.3,11,30,41,4.7,10.6,32,65,1.7,6.1,0.9,25.5,82,0.1,2.2,98,100,750,0,24.8,Vishakapatnam
10-12-2023,0.78,15.8,9.5,37.5,47,5.8,11.9,39,76,1.5,4,0.8,26.2,71,0,1.7,125,108,749,0,23.87,Vishakapatnam
11-12-2023,0.65,18.7,12.3,34.5,46.8,6.9,11.7,54,115,2.1,6.4,1.1,25.3,73,0,1.6,138,96,750,0,23.47,Vishakapatnam
12-12-2023,0.6,23.9,8.6,33.2,41.8,6.5,11.8,67,108,1.4,6.3,0.7,24.7,69,0,1.8,63,99,750,0,23.15,Vishakapatnam
13-12-2023,0.69,24,10.1,39.5,49.6,5.8,12.4,68,126,1.6,6.5,1,24.1,70,0.1,1.8,117,96,751,0,23.12,Vishakapatnam
14-12-2023,0.67,25.2,9.5,39,48.5,5.1,14,81,142,1.5,5.6,1,24.1,66,0,1.8,95,99,752,0,22.27,Vishakapatnam
15-12-2023,0.7,26.6,8.5,39.7,48.2,4.1,11.6,69,127,1.6,5.2,1,24,69,0,2.1,108,97,752,0,22.35,Vishakapatnam
16-12-2023,0.75,25.6,7.9,36.6,44.6,6.2,12.8,77,143,1.8,5.9,0.8,24.2,69,0,2,139,95,751,0,22.23,Vishakapatnam
17-12-2023,0.78,22.8,7.7,36.6,44.3,4.2,11.5,74,137,1.8,5.6,0.6,24.3,68,0,1.8,45,90,751,0,22.46,Vishakapatnam
18-12-2023,0.89,24.8,8.6,41.4,50,4.4,12.1,81,154,2.2,7.5,1,23.6,67,0,1.8,53,89,752,0,22.26,Vishakapatnam
19-12-2023,0.94,22.1,8.2,46.6,54.8,5.1,11.6,86,167,2.5,7.3,1.2,23.5,64,0,1.8,176,93,752,0,22.06,Vishakapatnam
20-12-2023,1.04,22.8,9.4,47,56.4,4.5,12.4,100,190,2.5,7.3,1.2,22.6,64,0,1.9,100,94,752,0,21.42,Vishakapatnam
21-12-2023,1.15,21.2,47.8,54.6,102.6,7.8,13.1,119,305,4.5,13.2,3.3,21.3,70,0,1.1,196,97,751,0,21.33,Vishakapatnam
22-12-2023,1.09,16.6,56.9,55.7,112.7,6.1,11.4,117,267,4.2,14.7,4.1,21.5,74,0,1.1,198,92,751,0,21.96,Vishakapatnam
23-12-2023,1.23,15.4,47.4,56.5,104.1,4.7,10.2,111,239,6.8,22.3,4,22.4,75,0,1.4,127,90,752,0,22.43,Vishakapatnam
24-12-2023,1.1,14,17.8,49.9,67.8,4.9,11.3,98,181,2.7,9.6,1.4,22.9,78,0,1.5,131,92,753,0,22.27,Vishakapatnam
25-12-2023,1.17,14.7,30.8,47.6,78.4,4.9,10.6,112,235,3.4,8.2,1.7,23.1,79,0,1.5,135,90,752,0,22.87,Vishakapatnam
26-12-2023,1.03,12.9,16.1,46.8,62.9,5.4,9.9,83,163,2.6,6.7,1.4,24.1,79,0,1.6,165,93,753,0,23.1,Vishakapatnam
27-12-2023,0.95,16.9,12.7,44.1,56.9,4.3,9.7,69,125,2.1,6.3,1.1,24,78,0,1.7,114,95,753,0,23.17,Vishakapatnam
28-12-2023,1.07,27,29.3,46.2,75.6,4,10.5,86,179,2.8,7.5,1.7,23.5,80,0,1.5,136,94,752,0,23.09,Vishakapatnam
29-12-2023,0.91,16.7,9.6,42.8,52.5,4.1,9,83,141,1.9,5.5,1,23.6,80,0,1.6,128,88,752,0,22.96,Vishakapatnam
30-12-2023,1.05,16.5,26.1,40.9,67.1,5,10.4,109,208,2.3,5.5,1.2,24,78,0.1,1.4,171,91,752,0,22.85,Vishakapatnam
31-12-2023,0.93,21.9,9.6,36.9,46.5,5.1,11.4,103,169,1.9,4.1,0.6,24.1,75,0.1,1.9,63,86,751,0,22.75,Vishakapatnam
01-01-2024,1.07,18.2,10.1,41.8,51.9,3.9,11.3,105,169,2.1,4.5,0.8,23.3,77,0.1,1.5,150,90,751,0,22.59,Vishakapatnam
02-01-2024,1.17,17.1,21.3,47.5,68.8,3.2,11.8,137,227,2.7,6.6,1.5,22.8,77,0,1.5,133,87,751,0,22.22,Vishakapatnam
03-01-2024,1.15,18.4,9.7,46,55.7,8.1,9.2,132,209,2.4,5.2,1.1,22.5,78,0,1.7,158,75,751,0,22.05,Vishakapatnam
04-01-2024,1.01,17.8,10.3,44.1,54.4,9.5,10.9,98,167,2.2,6.4,1,22.3,76,0,1.8,108,89,751,0,22.43,Vishakapatnam
05-01-2024,0.78,11,9.3,32.3,41.7,8.2,9.8,66,115,1.5,4.5,0.7,22.7,72,0,2.2,89,105,751,0,22.6,Vishakapatnam
06-01-2024,0.83,16.5,9.4,35.9,45.3,7,8.2,69,123,1.7,3.8,0.5,23,75,0,2.2,86,100,752,0,22.83,Vishakapatnam
07-01-2024,0.83,18.6,9.3,38.7,47.9,7.2,8.7,74,130,1.9,4.3,0.5,23.1,79,0,2.2,128,98,752,0,22.83,Vishakapatnam
08-01-2024,0.79,27.8,8.3,33.5,41.8,7.8,11.1,98,164,2.2,4.1,0.5,23.9,76,0.1,2.4,78,100,752,0,23.64,Vishakapatnam
09-01-2024,0.88,28.6,9.3,27.2,36.5,12.8,11.2,131,206,2.6,5.3,1.1,24.3,77,0.1,2.1,62,108,752,0,23.46,Vishakapatnam
10-01-2024,0.95,16.2,21.2,32.4,53.6,16.3,10.5,131,233,3.3,8.5,0.9,23.7,76,0.1,1.3,165,97,751,0,23.66,Vishakapatnam
11-01-2024,1.04,15.3,44.2,37.8,82.1,20.1,12.7,132,268,4.4,18.3,2.5,24.8,73,0,0.7,171,77,752,0,24.66,Vishakapatnam
12-01-2024,0.83,20.6,19.2,30.9,50.2,18.7,10.8,108,200,2.4,8.8,1.2,24.5,78,0,1,109,92,751,0,23.92,Vishakapatnam
13-01-2024,1,16.2,23.3,29.8,53.2,18.7,11.6,119,217,2.4,6.6,0.9,24.3,84,0,1,173,90,751,0,23.67,Vishakapatnam
14-01-2024,1.2,14.7,21.7,34.4,56.1,16.1,10.5,158,249,3.1,8.4,0.7,24.2,86,0,1,209,74,751,0,23.41,Vishakapatnam
15-01-2024,0.92,11.6,19.3,36.2,55.5,14.1,10.9,108,188,2.3,8,0.8,24.7,84,0,1.5,234,95,750,0,24.04,Vishakapatnam
16-01-2024,0.82,10.2,19.7,37.5,57.2,12.5,8.6,72,131,1.9,8.8,0.5,24.2,82,0,1.7,238,92,750,0,24.24,Vishakapatnam
17-01-2024,0.78,10.4,20.2,35.8,56.1,13,9.8,55,101,1.7,9.1,0.5,24.4,80,0,1.6,212,92,750,0,24.29,Vishakapatnam
18-01-2024,0.95,10.6,34.8,35.3,70.2,14.3,10.1,53,110,2.1,9.4,1.3,25.5,74,0,1.6,207,149,750,0,23.8,Vishakapatnam
19-01-2024,0.86,13.2,44.4,29.7,74.2,16.7,10.7,46,135,2.3,16.3,1.3,23.3,78,0,1.1,141,98,751,0,23.95,Vishakapatnam
20-01-2024,0.97,14.6,27.8,28,55.9,17.1,9.5,60,143,3.3,8.1,1,23.9,81,0,1.2,154,84,751,0,23.92,Vishakapatnam
21-01-2024,1.14,9.7,53,36,89.1,13.8,9.5,66,156,2.9,19.2,1.6,24,82,0,1.5,220,99,751,0,24.59,Vishakapatnam
22-01-2024,1.01,18.1,28.8,28.1,57,14.7,9.7,80,151,2.5,12.4,0.9,23.9,85,0.1,1.9,166,82,751,0,24.23,Vishakapatnam
23-01-2024,1.06,16.7,10,28.4,38.3,13,9.6,91,156,2.6,6.1,0.5,24.1,82,0,1.9,70,83,751,0,24.32,Vishakapatnam
24-01-2024,0.91,9.2,39.6,36.1,75.8,12.1,8,58,148,2.1,7.8,1.1,24.6,83,0,1.9,215,87,751,0,24.81,Vishakapatnam
25-01-2024,0.92,16.1,17.8,28.1,45.9,12.4,9.9,41,89,1.7,5.4,0.6,23.5,85,0.1,2.3,130,62,752,0,23,Vishakapatnam
26-01-2024,0.89,23.7,8.7,26.4,35.1,13,11.9,64,117,1.9,3.7,0.5,24.2,76,0.1,2.7,79,144,754,0,23.54,Vishakapatnam
27-01-2024,0.91,21.5,9.5,26.9,36.4,14.4,10.7,78,133,2,4,0.5,23.9,76,0.1,2.1,61,94,753,0,23.69,Vishakapatnam
28-01-2024,0.64,28.9,9,26.1,35.1,15.7,10.7,69,131,1.8,3.9,0.3,23.9,74,0.1,1.8,74,102,753,0,23.09,Vishakapatnam
29-01-2024,0.35,33.3,9.4,27.4,36.8,18.9,14.7,70,132,1.9,4.8,0.9,24.5,72,0.1,1.7,123,139,752,0,22.94,Vishakapatnam
30-01-2024,0.48,17.5,46.1,40.3,86.5,16.1,9.7,69,180,2.7,9.2,1.7,23,78,0,1.2,205,115,751,0,23.86,Vishakapatnam
31-01-2024,0.5,17.6,26.8,40.5,67.4,15.2,11.8,56,162,2.8,12.5,2.2,23.7,79,0,1.3,214,110,751,0,24.38,Vishakapatnam
01-02-2024,0.52,13.1,37.7,36.2,74,14.8,9.5,41,117,2.4,13.1,1.4,25.2,78,0,1.9,206,152,752,0,24.8,Vishakapatnam
02-02-2024,0.42,9.4,34.2,35.1,69.3,12.1,10,32,87,2.6,12.9,1.4,25.3,80,0,2,223,104,751,0,25.23,Vishakapatnam
03-02-2024,0.44,15.2,23.3,32.8,56.1,18.3,10.5,37,93,2.3,18.2,0.9,25.2,84,0,1.4,182,92,752,0,25.09,Vishakapatnam
04-02-2024,0.41,16,23.9,26.7,50.7,20.5,10.1,45,115,1.6,6.5,1,25,84,0,1.3,173,87,753,0,24.65,Vishakapatnam
05-02-2024,0.44,10.3,32.4,33.8,66.3,16.4,10.7,49,122,2.1,9,1.2,25,84,0,1.6,217,89,753,0,24.82,Vishakapatnam
06-02-2024,0.5,10.5,25.9,37.7,63.7,13.3,10.1,61,128,1.8,10,1,26.2,83,0,2,222,98,752,0,25.52,Vishakapatnam
07-02-2024,0.72,12.1,26.4,40.4,66.9,15.1,10.2,77,161,2.7,10.7,1.2,26.6,83,0,1.6,222,92,751,0,26.41,Vishakapatnam
08-02-2024,0.34,23.9,9.4,19.3,28.8,24.1,8.4,67,129,1.7,4,0.7,25.7,89,0,1.4,140,38,751,0,25.47,Vishakapatnam
09-02-2024,0.49,30.2,18.4,24.4,42.8,19.2,11,59,140,1.3,3.5,0.7,26.2,82,0.1,2,127,72,752,0,24.95,Vishakapatnam
10-02-2024,0.43,42.5,9.5,26,35.5,15.1,9.4,50,113,1.2,2.8,0.3,25.6,75,0.1,1.9,81,79,753,0,24.42,Vishakapatnam
11-02-2024,0.92,40.3,8.2,30,38.2,15.5,10.2,56,119,1.3,3.1,0.3,25.4,75,0.1,1.8,68,91,754,0,24.76,Vishakapatnam
12-02-2024,0.56,32.8,8.6,33.3,42,13.3,8.8,50,104,1.4,4.5,0.8,24.9,76,0.1,1.7,124,98,753,0,25.05,Vishakapatnam
13-02-2024,0.67,25.4,8.3,26.9,35.2,14,9.9,43,93,1.3,4.1,0.7,25,76,0,1.5,122,101,753,0,25.15,Vishakapatnam
14-02-2024,0.7,18.9,37.4,37.1,74.6,17.7,9.5,59,168,2,10.9,1.3,24.4,79,0,1.1,195,104,752,0,25.1,Vishakapatnam
15-02-2024,0.89,11.9,76.2,33.3,109.7,22.7,9.3,66,172,3.8,15.2,2.7,24.1,79,0,0.9,196,101,752,0,25.62,Vishakapatnam
16-02-2024,0.59,15.6,49.7,26.7,76.6,14.3,8.9,51,143,2.3,12.5,2.2,24.9,74,0.1,1.3,157,106,752,0,25.6,Vishakapatnam
17-02-2024,0.65,11.8,57,32.3,89.4,13.6,9.2,53,150,2.9,13.9,1.6,25.1,77,0,0.9,212,102,751,0,25.95,Vishakapatnam
18-02-2024,0.57,8.4,28.3,35.4,63.8,14.9,8.6,61,131,2.5,14.2,0.8,25.9,81,0,1.5,224,93,750,0,26.24,Vishakapatnam
19-02-2024,0.64,8,31.1,39.9,71,14.5,9.3,56,138,2.5,18.7,0.9,27,76,0,1.8,234,89,750,0,26.36,Vishakapatnam
20-02-2024,0.52,8,32.6,39.1,71.8,13.9,7.9,54,139,2.9,14.3,0.9,27.6,76,0,2.1,247,102,750,0,27.16,Vishakapatnam
21-02-2024,0.56,13.8,30.6,40.2,70.9,13.9,10.6,52,139,2.8,11.4,0.9,28.4,74,0,2.3,250,100,749,0,27.25,Vishakapatnam
22-02-2024,0.5,15,31.4,37.1,68.5,15,10.2,51,126,2,6.9,0.8,27.4,80,0,2.8,237,94,750,0,27.22,Vishakapatnam
23-02-2024,0.39,11,25.9,34,60,15,10,40,94,1.4,6.4,0.6,27.5,82,0,2.6,224,86,751,0,26.94,Vishakapatnam
24-02-2024,0.34,10.9,19.9,28.5,48.4,16.7,8.6,35,76,0.8,3.2,0.5,27.9,80,0,2.2,195,97,752,0,26.74,Vishakapatnam
25-02-2024,0.31,13.9,13.1,17.3,30.4,18.9,8.8,32,71,0.6,2.1,0.3,27.5,76,0.1,1.7,163,100,752,0,26.81,Vishakapatnam
26-02-2024,0.35,18.4,10,17.5,27.4,18.9,9.9,40,83,0.9,4.7,0.3,27.2,77,0.1,2,60,98,753,0,26.52,Vishakapatnam
27-02-2024,0.37,22.8,8.2,17.3,25.5,19.1,9.2,43,90,1,3,0.4,27.1,78,0.1,2,101,106,753,0,26.72,Vishakapatnam
28-02-2024,0.43,16.7,12.1,23.8,35.9,18.8,9.6,42,93,1.2,3.8,0.5,27.2,80,0.1,1.6,151,103,752,0,26.88,Vishakapatnam
29-02-2024,0.44,14.1,13,31.5,44.5,19,10.3,55,124,1.9,9.6,0.8,29.5,75,0,1.8,187,121,752,0,27.74,Vishakapatnam
01-03-2024,0.45,16.5,17.9,30.5,48.5,19.3,10.2,57,129,1.5,6.7,0.8,28.1,79,0,1.5,210,107,752,0,27.54,Vishakapatnam
02-03-2024,0.56,17.1,32.2,38,70.3,17.4,10.6,59,158,2.8,22.3,1.2,27.8,76,0,1.9,225,111,752,0,27.6,Vishakapatnam
03-03-2024,0.49,13.3,21.6,39.5,61.2,16.6,9.6,61,151,2.4,10.9,0.8,28.2,77,0,2.3,222,107,751,0,27.66,Vishakapatnam
04-03-2024,0.54,13,25.7,38.7,64.5,17.1,10.1,58,139,2.6,13.8,0.9,28.1,78,0,2.3,226,107,751,0,27.81,Vishakapatnam
05-03-2024,0.44,11.7,22.4,33.4,55.9,18.9,10.6,57,127,1.9,11.4,0.9,27.9,78,0,2,223,101,751,0,28.24,Vishakapatnam
06-03-2024,0.43,14.9,21.3,32.2,53.6,18.5,10.8,50,81,1.8,11.2,1.2,28.2,79,0,1.9,218,102,751,0,28.55,Vishakapatnam
07-03-2024,0.47,10.2,23.5,31.5,55.1,18.2,10.4,42,109,2.1,12.8,0.8,28.9,79,0,2.1,214,102,750,0,28.13,Vishakapatnam
08-03-2024,0.35,8.5,19,28.4,47.5,17.4,10.3,40,98,1.7,7.1,0.6,29.4,79,0,2.3,199,94,751,0,28.5,Vishakapatnam
09-03-2024,0.31,8.3,10,9.6,19.6,19.4,8.9,35,68,0.6,1.6,0.3,29.3,78,0.1,1.9,155,94,751,0,28.21,Vishakapatnam
10-03-2024,0.37,5.7,21.6,18.5,40.2,19.4,8.8,42,93,0.9,2.8,0.6,29.4,77,0.1,1.8,180,106,752,0,27.81,Vishakapatnam
11-03-2024,0.49,7.8,14.8,34.7,49.6,17.2,8.8,45,123,1.7,4.9,0.8,29.4,75,0,2,217,93,753,0,28.12,Vishakapatnam
12-03-2024,0.56,10.1,25.3,38.6,64,15,9.2,50,144,2.9,8.7,1.2,30.7,76,0,2.7,240,120,753,0,28.9,Vishakapatnam
13-03-2024,0.54,7,17.9,36,54,15.3,8.8,47,130,2.1,5.6,1,31.5,74,0,3.3,213,140,751,0,29.01,Vishakapatnam
14-03-2024,0.6,4.5,25.5,37.4,62.9,16.2,10.2,50,130,2.1,6.4,1,29.5,79,0,2.5,232,77,751,0,29.08,Vishakapatnam
15-03-2024,0.46,3.4,22,34.1,56.2,17,10.5,43,114,2.1,7.1,0.9,29.1,81,0,2.5,228,98,751,0,28.87,Vishakapatnam
16-03-2024,0.41,6.7,22.9,30.7,53.7,15.9,9.9,29,92,2.3,12,0.8,28.7,81,0,2.4,215,97,752,0,28.45,Vishakapatnam
17-03-2024,0.41,16.7,21.8,22.8,44.7,18.3,10.7,23,72,1.3,6.7,0.7,28.9,80,0,1.7,209,99,752,0,28.73,Vishakapatnam
18-03-2024,0.44,10.2,25.3,30.7,56,16.5,8.9,30,86,2.3,14,0.9,29.4,79,0,2.2,222,94,751,0,28.99,Vishakapatnam
19-03-2024,0.4,14.6,17.9,21.4,39.4,21.4,11.2,38,106,1.8,5.3,0.7,29.1,80,0.1,1.9,164,86,751,0,29,Vishakapatnam
20-03-2024,0.56,14.6,29.5,41.1,70.7,17.9,9.1,41,100,2.4,10.9,1.8,23.8,82,0,1.6,171,40,752,4,26.54,Vishakapatnam
21-03-2024,0.53,11.3,41.3,39,80.4,15.2,9.3,39,96,2.4,9.6,2.2,26,81,0,1.6,226,111,752,0,26.21,Vishakapatnam
22-03-2024,0.48,9.4,29.1,37.7,66.9,18,10.2,37,99,2.9,28.1,1.3,28.2,80,0,2.2,232,110,750,0,27.82,Vishakapatnam
23-03-2024,0.46,8.3,25.5,33.7,59.3,14.5,9.3,30,84,1.5,8.9,0.9,28.8,81,0,2.6,229,108,749,0,28.35,Vishakapatnam
24-03-2024,0.46,11.7,27.3,33.4,60.7,14.5,9.4,34,102,2.3,7.3,0.9,29.1,81,0,2.5,222,106,751,0,28.48,Vishakapatnam
25-03-2024,0.51,9.4,26.5,35.8,62.4,16,10.4,37,93,2.6,7.6,1.2,29.6,74,0,2.1,236,109,751,0,28.73,Vishakapatnam
26-03-2024,0.53,9.3,29.2,38.3,67.5,16.1,10.1,43,133,3.2,23.3,1.2,29.5,74,0,2.2,230,110,751,0,28.77,Vishakapatnam
27-03-2024,0.56,27.6,33.8,33.5,67.4,14,10.1,36,105,2.4,8.5,1.2,29,80,0,2.5,229,111,752,0,28.97,Vishakapatnam
28-03-2024,0.49,25.8,36.5,33.6,70.2,14.3,8.9,27,86,2.1,8.3,1.4,30.6,77,0,2.3,243,110,750,0,29.67,Vishakapatnam
29-03-2024,0.53,25.1,34.7,34.1,68.9,14.2,9.6,33,121,2.6,9.1,1.1,31.4,76,0,2.4,246,119,750,0,29.68,Vishakapatnam
30-03-2024,0.53,18.2,37.7,34.8,72.6,13.4,9.4,28,104,2.8,8.1,1.4,31.3,74,0,2.5,248,116,750,0,29.84,Vishakapatnam
31-03-2024,0.34,20,37.9,33.7,71.7,13.5,10,24,90,2.2,6.6,1,31.6,72,0,2.6,248,112,751,0,30.08,Vishakapatnam
01-04-2024,0.53,32.4,33.8,33.4,67.3,13.6,10.3,29,100,2.7,8.8,1.1,31.5,71,0,2.4,240,112,749,0,30.25,Vishakapatnam
02-04-2024,0.46,8.8,41.1,31.7,72.9,13.2,10.6,29,104,2.4,5.7,1.2,31.5,77,0,2.7,243,117,748,0,30.28,Vishakapatnam
03-04-2024,0.57,8.6,40.9,30.9,71.9,13.5,10.9,33,123,2.2,6.1,1.2,31.4,79,0,2.5,249,107,748,0,30.19,Vishakapatnam
04-04-2024,0.53,9,41.7,31,72.7,13.1,9.7,26,110,2.9,6.4,1.2,32,78,0,2.6,253,111,748,0,30.71,Vishakapatnam
05-04-2024,0.54,9.1,31.5,31.3,62.9,16.1,11.3,30,117,2.7,7.6,1,33.6,76,0,2.2,251,111,747,0,31.52,Vishakapatnam
06-04-2024,0.51,10.2,36.7,31.5,68.4,17,9.9,33,111,3,9.2,1.1,33.2,77,0,2.2,237,105,747,0,31.72,Vishakapatnam
07-04-2024,0.46,10.3,36.7,32.6,69.3,15.8,11.2,33,103,2.2,4.8,0.8,33,73,0,2.4,240,116,747,0,31.08,Vishakapatnam
08-04-2024,0.53,27.1,11.4,14.4,25.8,22.5,11.4,43,99,1.1,2.6,0.3,31.7,75,0.1,2.6,89,91,750,0,29.82,Vishakapatnam
09-04-2024,0.91,37.3,13.3,32.5,45.8,21.2,11.2,48,138,,,,32.2,68,0.1,1.3,184,125,750,0,29.83,Vishakapatnam
10-04-2024,0.66,25.3,23.7,42.3,66.1,20.3,13.8,50,145,1.5,5.6,0.7,32.9,62,0,1.2,201,127,750,0,30.1,Vishakapatnam
11-04-2024,0.61,52.1,12.9,20.8,33.8,23.3,31.8,47,111,1.9,8,1.2,33.6,65,0.1,2,132,125,751,0,30.4,Vishakapatnam
12-04-2024,0.45,33,12.8,11.5,24.3,20.1,9.8,37,80,1.1,3.2,0.5,32.6,69,0.1,1.4,135,123,751,0,30.06,Vishakapatnam
13-04-2024,0.64,23.8,13.7,32.2,46,20.5,10.1,47,116,1.8,8.8,0.9,32.5,72,0,1.3,176,126,750,0,30.4,Vishakapatnam
14-04-2024,0.64,20.5,26,42.8,68.9,20.3,11.4,51,128,2.6,12.5,1.3,32.7,70,0,1.5,224,120,750,0,30.67,Vishakapatnam
15-04-2024,0.56,18.2,25.4,32.9,58.3,16.6,9.8,45,114,2.8,8.3,1.4,33.9,72,0,2.3,221,139,750,0,31.37,Vishakapatnam
16-04-2024,0.61,22.7,25.3,34.6,59.9,13.8,10.6,41,118,2.9,20.1,1.1,35.3,66,0,2.2,244,122,748,0,31.71,Vishakapatnam
17-04-2024,0.59,10.5,17.6,39.6,57.3,14.5,10.2,42,130,2.5,6.5,1,35.1,66,0,2.2,239,122,748,0,32.28,Vishakapatnam
18-04-2024,0.53,10.6,6.7,42.4,49.1,13.9,10.6,39,115,2.6,6.4,1,33.6,75,0,2.2,240,123,747,0,32.14,Vishakapatnam
19-04-2024,0.57,10.7,1.4,42.1,43.5,13.7,10,34,97,2.1,5.5,0.9,33.2,79,0,2.6,241,122,746,0,31.64,Vishakapatnam
20-04-2024,0.54,10.3,1.8,39.9,41.7,13.3,9.8,26,94,2.3,5.8,0.9,33,80,0,2.8,238,110,746,0,31.85,Vishakapatnam
21-04-2024,0.49,12.6,1.5,42.2,43.7,14.8,10.5,30,99,2.1,5.9,0.7,32.4,81,0,2.6,239,111,747,0,31.95,Vishakapatnam
22-04-2024,0.57,20.2,1.5,41.4,42.9,15.9,10.9,36,101,2.8,14.9,1,33.8,77,0,2.2,237,119,747,0,31.73,Vishakapatnam
23-04-2024,0.6,11.4,1.8,39.7,41.5,19.2,10,46,110,1.9,9.6,0.9,33.9,72,0,1.8,230,125,747,0,31.67,Vishakapatnam
24-04-2024,0.72,11.6,1.6,44.5,46.1,17.5,11.2,46,134,1.4,3.1,1.1,33.1,72,0,2,234,121,746,0,31.82,Vishakapatnam
25-04-2024,0.5,12.8,1.4,38.4,39.8,15.9,10.7,31,106,1,2.2,0.8,32.9,77,0,2.2,233,118,747,0,31.55,Vishakapatnam
26-04-2024,0.52,14.2,1.6,43.5,45.1,14.5,11.4,27,97,1,2.2,0.8,33.2,79,0,2.5,240,119,746,0,31.83,Vishakapatnam
27-04-2024,0.5,15.9,1.3,41.4,42.7,17.2,9.8,39,124,0.9,2,0.7,33.4,79,0,2.4,242,118,746,0,32.35,Vishakapatnam
28-04-2024,0.54,29.7,1.4,42.1,43.4,15,10.3,36,112,1,2.3,0.8,33.5,78,0,2.5,239,110,747,0,32.24,Vishakapatnam
29-04-2024,0.48,21.8,2.1,43.3,45.4,13.7,10.4,27,110,0.9,1.9,0.7,34.2,75,0,2.4,244,128,748,0,32.04,Vishakapatnam
30-04-2024,0.55,14,1.6,42,43.6,13.4,10.1,27,113,1.1,2.4,0.8,35,72,0,2.5,251,121,746,0,32.64,Vishakapatnam
01-05-2024,0.38,14.1,1.4,37.3,38.7,13.1,9.9,26,123,0.7,1.6,0.6,34.9,73,0,3,249,126,744,0,32.42,Vishakapatnam
02-05-2024,0.5,14,1.2,24.7,25.9,12.2,9.9,23,108,1,2.1,0.8,34.3,79,0,3.3,243,124,745,0,31.84,Vishakapatnam
03-05-2024,0.59,16.8,0.9,23.8,24.8,13.1,10.1,29,112,1.1,2.5,0.9,34.4,79,0,2.9,249,116,746,0,32.04,Vishakapatnam
04-05-2024,0.39,15,0.8,21.2,22,12.8,10,23,83,0.8,1.7,0.6,33.7,80,0,3.2,234,120,746,0,31.82,Vishakapatnam
05-05-2024,0.6,34.6,1.5,27.9,29.4,11.4,10.2,23,87,1.2,2.6,0.9,33.9,80,0,3.5,231,112,745,0,31.58,Vishakapatnam
06-05-2024,0.39,22.4,1.5,28.9,30.4,11.4,8.7,22,95,0.8,1.6,0.6,33.6,80,0,3.2,235,107,746,0.5,31.43,Vishakapatnam
07-05-2024,0.63,10.8,1.6,35.5,37.1,13.3,9.8,24,85,1.2,2.7,1,29.5,73,0,1.8,245,47,749,15,30.31,Vishakapatnam
08-05-2024,0.68,11,1.6,40.1,41.7,13.7,10.7,33,113,1.3,2.9,1,31.9,74,0,1.8,222,126,748,0,29.99,Vishakapatnam
09-05-2024,0.45,15.6,3.1,23.8,26.9,13.1,10.3,18,63,0.9,1.9,0.7,30.6,82,0,2,225,117,748,2,29.96,Vishakapatnam
10-05-2024,0.55,11,11.3,33.6,44.9,12.9,10.1,22,79,1.1,2.3,0.8,30.7,80,0,1.7,233,118,748,0,29.54,Vishakapatnam
11-05-2024,0.43,11.6,15.9,37.9,53.8,12.6,10.3,24,68,0.8,1.9,0.7,32.4,78,0,2.2,230,133,749,0,30.29,Vishakapatnam
12-05-2024,0.47,23.5,10.9,22.9,33.8,13.8,10.5,23,69,0.9,2,0.7,32.2,81,0,1.8,213,108,749,0,30.47,Vishakapatnam
13-05-2024,0.38,12.7,5.6,24.1,29.7,14.7,10.2,27,67,0.9,1.8,0.5,31.4,80,0.1,2.1,195,134,748,25,30.94,Vishakapatnam
14-05-2024,0.31,30.6,9.7,31.8,41.4,15.8,12.8,40,111,2.4,4.3,1,31.9,78,0.1,1.5,175,138,749,0,30.55,Vishakapatnam
15-05-2024,0.23,24.9,5.7,12.5,18.1,13.7,8.3,21,55,0.6,1.7,0.2,33.4,77,0.1,1.8,161,137,749,0,30.33,Vishakapatnam
16-05-2024,0.42,19.8,15.5,28.1,43.7,11.3,10.3,23,52,1.6,3.8,0.7,30,84,0,1.2,216,52,749,5,28.74,Vishakapatnam
17-05-2024,0.27,57.6,13.4,28.6,42,11.2,9.1,15,53,1.5,6.6,0.5,32.1,79,0,1.7,228,110,748,1,29.52,Vishakapatnam
18-05-2024,0.35,13.8,11.6,25.1,36.7,11.7,9.4,11,49,1.6,7,0.4,33,80,0,2,218,146,747,0,30.24,Vishakapatnam
19-05-2024,0.3,20.9,15.5,27.3,42.8,10.7,10,13,55,1.4,5.7,0.4,33.1,79,0,2.3,230,134,745,0,30.52,Vishakapatnam
20-05-2024,0.33,13,10.8,25,35.8,11.3,9.7,14,54,1.6,4.9,0.4,33.3,79,0,2.2,218,111,745,0,30.82,Vishakapatnam
21-05-2024,0.14,19.2,5,14.3,19.3,11.6,9.3,10,39,0.7,2.7,0.2,33.7,79,0,1.8,196,129,745,0,30.68,Vishakapatnam
22-05-2024,0.21,18.6,2.7,6.8,9.6,13.3,7.4,6,28,0.4,1.4,0.2,34.2,77,0.1,1.8,147,148,745,0,31.08,Vishakapatnam
23-05-2024,0.22,15.8,4,10.3,14.4,14.2,9.4,7,29,0.5,1.6,0.3,35,75,0.1,2,157,150,743,0,31.08,Vishakapatnam
24-05-2024,0.33,9.9,7.1,22.5,29.7,14.4,10.5,21,76,1.1,3.4,0.5,34,76,0.1,1.7,234,110,742,0,30.93,Vishakapatnam
25-05-2024,0.63,11.2,18.9,45.7,64.7,15,12.8,48,146,3.9,16.6,1.5,32.1,78,0,1.4,277,32,741,0,30.69,Vishakapatnam
26-05-2024,0.67,17.4,12.3,42.8,55.1,15,10.1,62,162,4.7,17.9,1,34.9,76,0,2,271,67,740,0,31.79,Vishakapatnam
27-05-2024,0.65,13.9,7,41.6,48.5,13.7,11.6,50,178,4.1,4.7,0.9,35.6,76,0,2.3,239,93,740,0,32.59,Vishakapatnam
28-05-2024,0.63,18.4,6.5,36.4,43,13.6,10.8,46,173,4.3,3.6,0.8,36.3,76,0,2.5,235,115,741,0,33.39,Vishakapatnam
29-05-2024,0.65,13.3,9.8,42.6,52.3,13.2,13.3,46,160,4.5,4.6,0.8,36.2,75,0,2.6,231,133,741,0,32.25,Vishakapatnam
30-05-2024,0.53,11.9,5.8,35.6,41.4,13.6,11.5,36,136,2.4,2.7,0.6,35.3,78,0,2.7,219,123,743,0,31.15,Vishakapatnam
31-05-2024,0.44,32.3,6,30.1,36.1,14,11.7,31,94,1.4,1.9,0.4,34.8,82,0,2.8,198,130,744,3,30.87,Vishakapatnam
01-06-2024,0.47,58.8,6.9,33.6,40.5,13.1,8.8,34,90,2.2,3.2,0.6,31.8,80,0,2.7,227,111,745,16.5,30.6,Vishakapatnam
02-06-2024,0.35,105.8,4.5,24.4,28.9,13.4,8,30,81,1.1,2.1,0.4,31.3,83,0,2.2,239,57,746,14.5,30.47,Vishakapatnam
03-06-2024,0.49,10.8,3.4,22.9,26.3,11.6,8.5,24,82,0,0,0,32.8,71,0,2,210,127,746,0,30.65,Vishakapatnam
04-06-2024,0.54,11.2,3.9,24.2,28.1,13.1,11.9,32,120,0,0,0,33,69,0,2,245,113,746,0,31.32,Vishakapatnam
05-06-2024,0.47,11.1,6.2,22.4,28.6,11.5,9.5,31,114,0,0,0,30.6,72,0,2.2,259,81,746,2.5,30.83,Vishakapatnam
06-06-2024,0.46,10.9,2.7,4.3,6.9,7.3,11.4,26,94,0,0,0,31.9,75,0,2,241,136,746,0,30.87,Vishakapatnam
07-06-2024,0.39,10.8,2.5,3.4,6,7.4,11.9,23,81,0,0,0,32.2,74,0,2.6,236,151,746,0,30.3,Vishakapatnam
08-06-2024,0.53,10.1,4.9,15.1,20,8.9,10.8,25,93,0.4,0.8,0.3,32.3,75,0,2.6,243,103,745,0.5,29.44,Vishakapatnam
09-06-2024,0.45,12.2,18,52.2,70.2,14.8,7.9,26,96,0.9,1.9,0.7,33.3,76,0,2.6,237,148,744,0,29.32,Vishakapatnam
10-06-2024,0.69,9.7,9.2,23.3,32.5,3.4,6.9,27,99,1.4,3,1,33.5,77,0,2.6,233,146,742,0,30.1,Vishakapatnam
11-06-2024,0.61,11.1,10.7,50.4,61.2,13.6,8,32,120,1.2,2.6,0.9,32.9,76,0,2,243,116,744,0,30.42,Vishakapatnam
12-06-2024,0.69,12,13.7,55.3,69.1,18,6.9,38,142,1.3,2.9,1,31,76,0,1.6,248,41,744,0,30.52,Vishakapatnam
13-06-2024,0.72,13.5,13.4,50.9,64.4,16.4,7.3,36,133,1.4,3.1,1.1,30.5,72,0,1.6,243,47,744,0,29.15,Vishakapatnam
14-06-2024,0.5,16.3,8.3,41.2,49.5,15.3,7.3,31,114,1,2.1,0.8,32.5,71,0,2,233,126,744,0,30.19,Vishakapatnam
15-06-2024,0.71,20.6,12.1,51,63.1,16.4,8.7,36,134,1.4,3,1.1,32.4,74,0,2.1,238,130,743,7,30.64,Vishakapatnam
16-06-2024,0.53,27.1,6.2,35.5,41.7,17,7.8,30,109,1,2.3,0.8,33,75,0.1,1.6,194,161,744,0,30.53,Vishakapatnam
17-06-2024,0.46,18.2,7.1,36.1,43.3,15.6,7.7,32,121,0.9,1.9,0.7,33.9,76,0,2.2,180,189,745,0,30.56,Vishakapatnam
18-06-2024,0.4,11.7,11.2,44.4,55.6,12.8,8.4,32,119,0.8,1.7,0.6,33.5,75,0,2.3,237,130,744,0,30.49,Vishakapatnam
19-06-2024,0.5,12.1,10.1,44.9,55,12.8,8.9,31,117,1,2.2,0.8,33,75,0,2.5,250,129,743,0,30.51,Vishakapatnam
20-06-2024,0.36,10.7,9.9,44.1,54,14,8.3,32,119,0.7,1.5,0.5,34,75,0,2.1,238,129,743,0,30.08,Vishakapatnam
21-06-2024,0.43,14.7,10.2,41.8,52.1,14.7,8,29,109,0.8,1.8,0.6,31.7,78,0,1.8,216,78,743,1,29.41,Vishakapatnam
22-06-2024,0.48,11.4,10.6,39.9,50.5,12.9,7.5,24,88,0.9,2,0.7,30.7,73,0,2.2,226,137,742,0.5,29.64,Vishakapatnam
23-06-2024,0.39,12,10.1,43.1,53.3,13,9.1,26,95,0.8,1.7,0.6,29.6,74,0,2,249,76,743,0,28.79,Vishakapatnam
24-06-2024,0.36,12,8.6,46.5,55.1,12.5,7.2,24,90,0.7,1.6,0.5,31.3,71,0,2.5,231,137,743,0.5,29.37,Vishakapatnam
25-06-2024,0.39,11.2,10.9,50.5,61.5,13.1,9.2,23,83,0.8,1.7,0.6,31.3,75,0,2.1,246,135,742,0,29.48,Vishakapatnam
26-06-2024,0.48,12.7,12.7,39.5,52.2,15.4,7,25,93,0.9,2,0.7,29.1,71,0,1.6,249,58,742,0,29.11,Vishakapatnam
27-06-2024,0.43,10.9,18.9,41.8,60.7,13.1,7.1,18,65,0.8,1.8,0.7,27.2,63,0,1.6,268,42,743,0,27.69,Vishakapatnam
28-06-2024,0.43,11.7,21.1,46.3,67.4,11.8,6.5,27,100,0.8,1.8,0.7,29,72,0,2,267,68,743,0,27.95,Vishakapatnam
29-06-2024,0.47,12,20.1,47,67.1,12.2,7.7,33,116,0.9,2,0.7,30.4,77,0,1.8,266,52,744,0,29.29,Vishakapatnam
30-06-2024,0.33,11.6,16.3,40.1,56.5,11.6,7.2,23,89,0.7,1.4,0.5,30.2,77,0,2.2,268,73,745,0,28.97,Vishakapatnam
01-07-2024,0.59,11.6,20.1,42.6,62.8,11.9,7.3,34,96,1.2,2.5,0.9,28.1,68,0,2.3,272,39,745,0,28.64,Vishakapatnam
02-07-2024,0.44,13.2,15.3,43,58.4,12.3,9.1,34,125,0.9,1.9,0.7,31,75,0,2.3,250,77,743,0,29.5,Vishakapatnam
03-07-2024,0.53,12.3,16.4,46.3,62.7,12.3,7.5,29,103,1,2.2,0.8,30.7,74,0,2.2,268,101,744,0,29.55,Vishakapatnam
04-07-2024,0.52,12.4,14.3,44.5,58.9,13.4,8.1,41,139,1,2.2,0.8,31.7,76,0,2,248,86,744,0,28.75,Vishakapatnam
05-07-2024,0.44,12.4,13.8,43.7,57.6,13.6,8.4,36,123,0.9,1.9,0.7,32.1,75,0,2.3,250,142,744,0,28.04,Vishakapatnam
06-07-2024,0.38,12,17.8,43.6,61.4,13,8.3,34,111,0.7,1.6,0.6,30.7,77,0,1.9,266,77,743,0,28.51,Vishakapatnam
07-07-2024,0.44,12.3,14.6,43.9,58.5,13.7,7.2,37,103,0.9,1.9,0.7,30.3,74,0,1.5,272,55,743,0,28.35,Vishakapatnam
08-07-2024,0.31,12.4,12.6,36,48.6,16.8,7.5,37,107,0.6,1.3,0.5,28.6,69,0,1.3,190,49,743,0,28,Vishakapatnam
09-07-2024,0.48,15.5,26.3,42.3,68.6,9,8.6,30,85,0.9,2,0.7,28.8,73,0,1.9,247,65,744,0,28.29,Vishakapatnam
10-07-2024,0.47,13,20.6,45,65.7,12.9,6.5,31,101,0.9,2,0.7,29.2,71,0,2.1,241,72,746,0,28.37,Vishakapatnam
11-07-2024,0.36,14.3,9.8,41.9,51.7,13.2,6.8,40,124,0.7,1.6,0.5,31.7,73,0,2.1,257,96,745,0,28.71,Vishakapatnam
12-07-2024,0.35,13.5,15.1,46.8,61.8,14.1,7.1,31,122,0.7,1.5,0.5,31.5,74,0,2.5,256,125,743,0,28.65,Vishakapatnam
13-07-2024,0.29,13.1,16.5,39.9,56.4,11.6,6.6,24,70,0.6,1.2,0.4,30.4,76,0,2.9,274,87,741,0,28.69,Vishakapatnam
14-07-2024,0.26,13.8,16.4,38.8,55.3,11.9,8.2,17,66,0.5,1.1,0.4,28.7,77,0,2.4,274,53,740,0,28,Vishakapatnam
15-07-2024,0.31,14.1,22.3,42.9,65.3,12.7,7.3,28,81,0.6,1.3,0.5,27.9,66,0,2,266,66,740,0.5,27.05,Vishakapatnam
16-07-2024,0.46,13.1,21.4,44.5,66,14.6,7.3,36,109,0.9,2,0.7,28.9,68,0,1.8,265,63,741,0,28.72,Vishakapatnam
17-07-2024,0.35,14.2,18.4,43.8,62.2,13.8,6.6,26,64,0.7,1.5,0.5,30.1,72,0,1.8,275,64,741,0.5,28.92,Vishakapatnam
18-07-2024,0.48,13.3,19.1,38.3,57.5,13.9,6.4,28,64,0.9,2,0.7,27.1,65,0,1.6,261,21,740,0,27.61,Vishakapatnam
19-07-2024,0.19,13,20.3,32.4,52.7,10.5,5.7,16,37,0.3,0.7,0.2,23.9,38,0,2.8,283,24,738,0,27.46,Vishakapatnam
20-07-2024,0.32,13,20,32.7,52.8,10.1,6.2,17,51,0.6,1.4,0.5,25.4,44,0,2.5,256,45,739,0,27.2,Vishakapatnam
21-07-2024,0.22,16.2,12.5,29,41.6,10.4,5.2,20,56,0.4,0.8,0.3,25,56,0,3.3,216,45,741,0.5,27.56,Vishakapatnam
22-07-2024,0.34,13.5,16.1,30.9,47,10.5,6.7,18,58,0.6,1.3,0.5,25.4,56,0,2.7,244,25,743,0,28.57,Vishakapatnam
23-07-2024,0.47,13.9,22.1,34.7,56.9,12.3,7.2,29,95,0.9,2,0.7,27.9,60,0,2,252,65,743,0.5,28.4,Vishakapatnam
24-07-2024,0.34,13.6,23,33.7,56.8,10.9,7.1,23,75,0.7,1.5,0.5,27.1,63,0,2.5,238,64,741,0,28.2,Vishakapatnam
25-07-2024,0.27,13.9,18.8,32.4,51.2,10.9,7.8,22,79,0.5,1.2,0.4,29.6,70,0,2.8,280,81,740,0,28.11,Vishakapatnam
26-07-2024,0.42,14.4,19.3,33.8,53.1,11.7,9.1,23,75,0.8,1.8,0.6,28.7,72,0,2,308,69,740,0,27.56,Vishakapatnam
27-07-2024,0.39,14.2,24.6,43.4,68,12.7,8.1,30,94,0.8,1.7,0.6,27.9,68,0,1.8,311,63,740,0,28.18,Vishakapatnam
28-07-2024,0.33,13.7,22.1,46.1,68.3,14.1,8.6,37,129,0.6,1.4,0.5,30.3,72,0,1.8,279,91,740,0,28.28,Vishakapatnam
29-07-2024,0.37,13.6,17.7,45,62.7,13.8,8,34,120,0.7,1.5,0.6,30.9,72,0,2.1,243,125,741,0,28.46,Vishakapatnam
30-07-2024,0.43,13.7,19,48.3,67.3,13,7.3,31,111,1,2.1,1,30.1,71,0,2.1,237,86,743,0,28.43,Vishakapatnam
31-07-2024,0.37,13.7,15.5,39.5,55,14.2,7.3,32,113,0.8,1.8,0.8,32.4,69,0,2.3,255,128,743,0,28.46,Vishakapatnam
